imagePath,Ysub,Ybasic,A,V,OriginalID
clean/bird/bird_clean_00001.png,bird,animal,air,clean,bird_00001
blur/bird/bird_blur_00001.png,bird,animal,air,blur,bird_00001
pixelated/bird/bird_pixelated_00001.png,bird,animal,air,pixelated,bird_00001
noise/bird/bird_noise_00001.png,bird,animal,air,noise,bird_00001
clean/cat/cat_clean_00001.png,cat,animal,land,clean,cat_00002
blur/cat/cat_blur_00001.png,cat,animal,land,blur,cat_00002
pixelated/cat/cat_pixelated_00001.png,cat,animal,land,pixelated,cat_00002
noise/cat/cat_noise_00001.png,cat,animal,land,noise,cat_00002
clean/frog/frog_clean_00001.png,frog,animal,land,clean,frog_00003
blur/frog/frog_blur_00001.png,frog,animal,land,blur,frog_00003
pixelated/frog/frog_pixelated_00001.png,frog,animal,land,pixelated,frog_00003
noise/frog/frog_noise_00001.png,frog,animal,land,noise,frog_00003
clean/airplane/airplane_clean_00001.png,airplane,vehicle,air,clean,airplane_00004
blur/airplane/airplane_blur_00001.png,airplane,vehicle,air,blur,airplane_00004
pixelated/airplane/airplane_pixelated_00001.png,airplane,vehicle,air,pixelated,airplane_00004
noise/airplane/airplane_noise_00001.png,airplane,vehicle,air,noise,airplane_00004
clean/truck/truck_clean_00001.png,truck,vehicle,land,clean,truck_00005
blur/truck/truck_blur_00001.png,truck,vehicle,land,blur,truck_00005
pixelated/truck/truck_pixelated_00001.png,truck,vehicle,land,pixelated,truck_00005
noise/truck/truck_noise_00001.png,truck,vehicle,land,noise,truck_00005
clean/horse/horse_clean_00001.png,horse,animal,land,clean,horse_00006
blur/horse/horse_blur_00001.png,horse,animal,land,blur,horse_00006
pixelated/horse/horse_pixelated_00001.png,horse,animal,land,pixelated,horse_00006
noise/horse/horse_noise_00001.png,horse,animal,land,noise,horse_00006
clean/horse/horse_clean_00002.png,horse,animal,land,clean,horse_00007
blur/horse/horse_blur_00002.png,horse,animal,land,blur,horse_00007
pixelated/horse/horse_pixelated_00002.png,horse,animal,land,pixelated,horse_00007
noise/horse/horse_noise_00002.png,horse,animal,land,noise,horse_00007
clean/automobile/automobile_clean_00001.png,automobile,vehicle,land,clean,automobile_00008
blur/automobile/automobile_blur_00001.png,automobile,vehicle,land,blur,automobile_00008
pixelated/automobile/automobile_pixelated_00001.png,automobile,vehicle,land,pixelated,automobile_00008
noise/automobile/automobile_noise_00001.png,automobile,vehicle,land,noise,automobile_00008
clean/automobile/automobile_clean_00002.png,automobile,vehicle,land,clean,automobile_00009
blur/automobile/automobile_blur_00002.png,automobile,vehicle,land,blur,automobile_00009
pixelated/automobile/automobile_pixelated_00002.png,automobile,vehicle,land,pixelated,automobile_00009
noise/automobile/automobile_noise_00002.png,automobile,vehicle,land,noise,automobile_00009
clean/ship/ship_clean_00001.png,ship,vehicle,water,clean,ship_00010
blur/ship/ship_blur_00001.png,ship,vehicle,water,blur,ship_00010
pixelated/ship/ship_pixelated_00001.png,ship,vehicle,water,pixelated,ship_00010
noise/ship/ship_noise_00001.png,ship,vehicle,water,noise,ship_00010
clean/bird/bird_clean_00002.png,bird,animal,air,clean,bird_00011
blur/bird/bird_blur_00002.png,bird,animal,air,blur,bird_00011
pixelated/bird/bird_pixelated_00002.png,bird,animal,air,pixelated,bird_00011
noise/bird/bird_noise_00002.png,bird,animal,air,noise,bird_00011
clean/airplane/airplane_clean_00002.png,airplane,vehicle,air,clean,airplane_00012
blur/airplane/airplane_blur_00002.png,airplane,vehicle,air,blur,airplane_00012
pixelated/airplane/airplane_pixelated_00002.png,airplane,vehicle,air,pixelated,airplane_00012
noise/airplane/airplane_noise_00002.png,airplane,vehicle,air,noise,airplane_00012
clean/horse/horse_clean_00003.png,horse,animal,land,clean,horse_00013
blur/horse/horse_blur_00003.png,horse,animal,land,blur,horse_00013
pixelated/horse/horse_pixelated_00003.png,horse,animal,land,pixelated,horse_00013
noise/horse/horse_noise_00003.png,horse,animal,land,noise,horse_00013
clean/truck/truck_clean_00002.png,truck,vehicle,land,clean,truck_00014
blur/truck/truck_blur_00002.png,truck,vehicle,land,blur,truck_00014
pixelated/truck/truck_pixelated_00002.png,truck,vehicle,land,pixelated,truck_00014
noise/truck/truck_noise_00002.png,truck,vehicle,land,noise,truck_00014
clean/airplane/airplane_clean_00003.png,airplane,vehicle,air,clean,airplane_00015
blur/airplane/airplane_blur_00003.png,airplane,vehicle,air,blur,airplane_00015
pixelated/airplane/airplane_pixelated_00003.png,airplane,vehicle,air,pixelated,airplane_00015
noise/airplane/airplane_noise_00003.png,airplane,vehicle,air,noise,airplane_00015
clean/frog/frog_clean_00002.png,frog,animal,land,clean,frog_00016
blur/frog/frog_blur_00002.png,frog,animal,land,blur,frog_00016
pixelated/frog/frog_pixelated_00002.png,frog,animal,land,pixelated,frog_00016
noise/frog/frog_noise_00002.png,frog,animal,land,noise,frog_00016
clean/ship/ship_clean_00002.png,ship,vehicle,water,clean,ship_00017
blur/ship/ship_blur_00002.png,ship,vehicle,water,blur,ship_00017
pixelated/ship/ship_pixelated_00002.png,ship,vehicle,water,pixelated,ship_00017
noise/ship/ship_noise_00002.png,ship,vehicle,water,noise,ship_00017
clean/airplane/airplane_clean_00004.png,airplane,vehicle,air,clean,airplane_00018
blur/airplane/airplane_blur_00004.png,airplane,vehicle,air,blur,airplane_00018
pixelated/airplane/airplane_pixelated_00004.png,airplane,vehicle,air,pixelated,airplane_00018
noise/airplane/airplane_noise_00004.png,airplane,vehicle,air,noise,airplane_00018
clean/airplane/airplane_clean_00005.png,airplane,vehicle,air,clean,airplane_00019
blur/airplane/airplane_blur_00005.png,airplane,vehicle,air,blur,airplane_00019
pixelated/airplane/airplane_pixelated_00005.png,airplane,vehicle,air,pixelated,airplane_00019
noise/airplane/airplane_noise_00005.png,airplane,vehicle,air,noise,airplane_00019
clean/bird/bird_clean_00003.png,bird,animal,air,clean,bird_00020
blur/bird/bird_blur_00003.png,bird,animal,air,blur,bird_00020
pixelated/bird/bird_pixelated_00003.png,bird,animal,air,pixelated,bird_00020
noise/bird/bird_noise_00003.png,bird,animal,air,noise,bird_00020
clean/automobile/automobile_clean_00003.png,automobile,vehicle,land,clean,automobile_00021
blur/automobile/automobile_blur_00003.png,automobile,vehicle,land,blur,automobile_00021
pixelated/automobile/automobile_pixelated_00003.png,automobile,vehicle,land,pixelated,automobile_00021
noise/automobile/automobile_noise_00003.png,automobile,vehicle,land,noise,automobile_00021
clean/ship/ship_clean_00003.png,ship,vehicle,water,clean,ship_00022
blur/ship/ship_blur_00003.png,ship,vehicle,water,blur,ship_00022
pixelated/ship/ship_pixelated_00003.png,ship,vehicle,water,pixelated,ship_00022
noise/ship/ship_noise_00003.png,ship,vehicle,water,noise,ship_00022
clean/frog/frog_clean_00003.png,frog,animal,land,clean,frog_00023
blur/frog/frog_blur_00003.png,frog,animal,land,blur,frog_00023
pixelated/frog/frog_pixelated_00003.png,frog,animal,land,pixelated,frog_00023
noise/frog/frog_noise_00003.png,frog,animal,land,noise,frog_00023
clean/truck/truck_clean_00003.png,truck,vehicle,land,clean,truck_00024
blur/truck/truck_blur_00003.png,truck,vehicle,land,blur,truck_00024
pixelated/truck/truck_pixelated_00003.png,truck,vehicle,land,pixelated,truck_00024
noise/truck/truck_noise_00003.png,truck,vehicle,land,noise,truck_00024
clean/frog/frog_clean_00004.png,frog,animal,land,clean,frog_00025
blur/frog/frog_blur_00004.png,frog,animal,land,blur,frog_00025
pixelated/frog/frog_pixelated_00004.png,frog,animal,land,pixelated,frog_00025
noise/frog/frog_noise_00004.png,frog,animal,land,noise,frog_00025
clean/horse/horse_clean_00004.png,horse,animal,land,clean,horse_00026
blur/horse/horse_blur_00004.png,horse,animal,land,blur,horse_00026
pixelated/horse/horse_pixelated_00004.png,horse,animal,land,pixelated,horse_00026
noise/horse/horse_noise_00004.png,horse,animal,land,noise,horse_00026
clean/frog/frog_clean_00005.png,frog,animal,land,clean,frog_00027
blur/frog/frog_blur_00005.png,frog,animal,land,blur,frog_00027
pixelated/frog/frog_pixelated_00005.png,frog,animal,land,pixelated,frog_00027
noise/frog/frog_noise_00005.png,frog,animal,land,noise,frog_00027
clean/deer/deer_clean_00001.png,deer,animal,land,clean,deer_00028
blur/deer/deer_blur_00001.png,deer,animal,land,blur,deer_00028
pixelated/deer/deer_pixelated_00001.png,deer,animal,land,pixelated,deer_00028
noise/deer/deer_noise_00001.png,deer,animal,land,noise,deer_00028
clean/deer/deer_clean_00002.png,deer,animal,land,clean,deer_00029
blur/deer/deer_blur_00002.png,deer,animal,land,blur,deer_00029
pixelated/deer/deer_pixelated_00002.png,deer,animal,land,pixelated,deer_00029
noise/deer/deer_noise_00002.png,deer,animal,land,noise,deer_00029
clean/dog/dog_clean_00001.png,dog,animal,land,clean,dog_00030
blur/dog/dog_blur_00001.png,dog,animal,land,blur,dog_00030
pixelated/dog/dog_pixelated_00001.png,dog,animal,land,pixelated,dog_00030
noise/dog/dog_noise_00001.png,dog,animal,land,noise,dog_00030
clean/horse/horse_clean_00005.png,horse,animal,land,clean,horse_00031
blur/horse/horse_blur_00005.png,horse,animal,land,blur,horse_00031
pixelated/horse/horse_pixelated_00005.png,horse,animal,land,pixelated,horse_00031
noise/horse/horse_noise_00005.png,horse,animal,land,noise,horse_00031
clean/truck/truck_clean_00004.png,truck,vehicle,land,clean,truck_00032
blur/truck/truck_blur_00004.png,truck,vehicle,land,blur,truck_00032
pixelated/truck/truck_pixelated_00004.png,truck,vehicle,land,pixelated,truck_00032
noise/truck/truck_noise_00004.png,truck,vehicle,land,noise,truck_00032
clean/truck/truck_clean_00005.png,truck,vehicle,land,clean,truck_00033
blur/truck/truck_blur_00005.png,truck,vehicle,land,blur,truck_00033
pixelated/truck/truck_pixelated_00005.png,truck,vehicle,land,pixelated,truck_00033
noise/truck/truck_noise_00005.png,truck,vehicle,land,noise,truck_00033
clean/horse/horse_clean_00006.png,horse,animal,land,clean,horse_00034
blur/horse/horse_blur_00006.png,horse,animal,land,blur,horse_00034
pixelated/horse/horse_pixelated_00006.png,horse,animal,land,pixelated,horse_00034
noise/horse/horse_noise_00006.png,horse,animal,land,noise,horse_00034
clean/bird/bird_clean_00004.png,bird,animal,air,clean,bird_00035
blur/bird/bird_blur_00004.png,bird,animal,air,blur,bird_00035
pixelated/bird/bird_pixelated_00004.png,bird,animal,air,pixelated,bird_00035
noise/bird/bird_noise_00004.png,bird,animal,air,noise,bird_00035
clean/deer/deer_clean_00003.png,deer,animal,land,clean,deer_00036
blur/deer/deer_blur_00003.png,deer,animal,land,blur,deer_00036
pixelated/deer/deer_pixelated_00003.png,deer,animal,land,pixelated,deer_00036
noise/deer/deer_noise_00003.png,deer,animal,land,noise,deer_00036
clean/automobile/automobile_clean_00004.png,automobile,vehicle,land,clean,automobile_00037
blur/automobile/automobile_blur_00004.png,automobile,vehicle,land,blur,automobile_00037
pixelated/automobile/automobile_pixelated_00004.png,automobile,vehicle,land,pixelated,automobile_00037
noise/automobile/automobile_noise_00004.png,automobile,vehicle,land,noise,automobile_00037
clean/horse/horse_clean_00007.png,horse,animal,land,clean,horse_00038
blur/horse/horse_blur_00007.png,horse,animal,land,blur,horse_00038
pixelated/horse/horse_pixelated_00007.png,horse,animal,land,pixelated,horse_00038
noise/horse/horse_noise_00007.png,horse,animal,land,noise,horse_00038
clean/frog/frog_clean_00006.png,frog,animal,land,clean,frog_00039
blur/frog/frog_blur_00006.png,frog,animal,land,blur,frog_00039
pixelated/frog/frog_pixelated_00006.png,frog,animal,land,pixelated,frog_00039
noise/frog/frog_noise_00006.png,frog,animal,land,noise,frog_00039
clean/cat/cat_clean_00002.png,cat,animal,land,clean,cat_00040
blur/cat/cat_blur_00002.png,cat,animal,land,blur,cat_00040
pixelated/cat/cat_pixelated_00002.png,cat,animal,land,pixelated,cat_00040
noise/cat/cat_noise_00002.png,cat,animal,land,noise,cat_00040
clean/cat/cat_clean_00003.png,cat,animal,land,clean,cat_00041
blur/cat/cat_blur_00003.png,cat,animal,land,blur,cat_00041
pixelated/cat/cat_pixelated_00003.png,cat,animal,land,pixelated,cat_00041
noise/cat/cat_noise_00003.png,cat,animal,land,noise,cat_00041
clean/bird/bird_clean_00005.png,bird,animal,air,clean,bird_00042
blur/bird/bird_blur_00005.png,bird,animal,air,blur,bird_00042
pixelated/bird/bird_pixelated_00005.png,bird,animal,air,pixelated,bird_00042
noise/bird/bird_noise_00005.png,bird,animal,air,noise,bird_00042
clean/airplane/airplane_clean_00006.png,airplane,vehicle,air,clean,airplane_00043
blur/airplane/airplane_blur_00006.png,airplane,vehicle,air,blur,airplane_00043
pixelated/airplane/airplane_pixelated_00006.png,airplane,vehicle,air,pixelated,airplane_00043
noise/airplane/airplane_noise_00006.png,airplane,vehicle,air,noise,airplane_00043
clean/truck/truck_clean_00006.png,truck,vehicle,land,clean,truck_00044
blur/truck/truck_blur_00006.png,truck,vehicle,land,blur,truck_00044
pixelated/truck/truck_pixelated_00006.png,truck,vehicle,land,pixelated,truck_00044
noise/truck/truck_noise_00006.png,truck,vehicle,land,noise,truck_00044
clean/automobile/automobile_clean_00005.png,automobile,vehicle,land,clean,automobile_00045
blur/automobile/automobile_blur_00005.png,automobile,vehicle,land,blur,automobile_00045
pixelated/automobile/automobile_pixelated_00005.png,automobile,vehicle,land,pixelated,automobile_00045
noise/automobile/automobile_noise_00005.png,automobile,vehicle,land,noise,automobile_00045
clean/dog/dog_clean_00002.png,dog,animal,land,clean,dog_00046
blur/dog/dog_blur_00002.png,dog,animal,land,blur,dog_00046
pixelated/dog/dog_pixelated_00002.png,dog,animal,land,pixelated,dog_00046
noise/dog/dog_noise_00002.png,dog,animal,land,noise,dog_00046
clean/ship/ship_clean_00004.png,ship,vehicle,water,clean,ship_00047
blur/ship/ship_blur_00004.png,ship,vehicle,water,blur,ship_00047
pixelated/ship/ship_pixelated_00004.png,ship,vehicle,water,pixelated,ship_00047
noise/ship/ship_noise_00004.png,ship,vehicle,water,noise,ship_00047
clean/airplane/airplane_clean_00007.png,airplane,vehicle,air,clean,airplane_00048
blur/airplane/airplane_blur_00007.png,airplane,vehicle,air,blur,airplane_00048
pixelated/airplane/airplane_pixelated_00007.png,airplane,vehicle,air,pixelated,airplane_00048
noise/airplane/airplane_noise_00007.png,airplane,vehicle,air,noise,airplane_00048
clean/bird/bird_clean_00006.png,bird,animal,air,clean,bird_00049
blur/bird/bird_blur_00006.png,bird,animal,air,blur,bird_00049
pixelated/bird/bird_pixelated_00006.png,bird,animal,air,pixelated,bird_00049
noise/bird/bird_noise_00006.png,bird,animal,air,noise,bird_00049
clean/cat/cat_clean_00004.png,cat,animal,land,clean,cat_00050
blur/cat/cat_blur_00004.png,cat,animal,land,blur,cat_00050
pixelated/cat/cat_pixelated_00004.png,cat,animal,land,pixelated,cat_00050
noise/cat/cat_noise_00004.png,cat,animal,land,noise,cat_00050
clean/airplane/airplane_clean_00008.png,airplane,vehicle,air,clean,airplane_00051
blur/airplane/airplane_blur_00008.png,airplane,vehicle,air,blur,airplane_00051
pixelated/airplane/airplane_pixelated_00008.png,airplane,vehicle,air,pixelated,airplane_00051
noise/airplane/airplane_noise_00008.png,airplane,vehicle,air,noise,airplane_00051
clean/airplane/airplane_clean_00009.png,airplane,vehicle,air,clean,airplane_00052
blur/airplane/airplane_blur_00009.png,airplane,vehicle,air,blur,airplane_00052
pixelated/airplane/airplane_pixelated_00009.png,airplane,vehicle,air,pixelated,airplane_00052
noise/airplane/airplane_noise_00009.png,airplane,vehicle,air,noise,airplane_00052
clean/airplane/airplane_clean_00010.png,airplane,vehicle,air,clean,airplane_00053
blur/airplane/airplane_blur_00010.png,airplane,vehicle,air,blur,airplane_00053
pixelated/airplane/airplane_pixelated_00010.png,airplane,vehicle,air,pixelated,airplane_00053
noise/airplane/airplane_noise_00010.png,airplane,vehicle,air,noise,airplane_00053
clean/truck/truck_clean_00007.png,truck,vehicle,land,clean,truck_00054
blur/truck/truck_blur_00007.png,truck,vehicle,land,blur,truck_00054
pixelated/truck/truck_pixelated_00007.png,truck,vehicle,land,pixelated,truck_00054
noise/truck/truck_noise_00007.png,truck,vehicle,land,noise,truck_00054
clean/ship/ship_clean_00005.png,ship,vehicle,water,clean,ship_00055
blur/ship/ship_blur_00005.png,ship,vehicle,water,blur,ship_00055
pixelated/ship/ship_pixelated_00005.png,ship,vehicle,water,pixelated,ship_00055
noise/ship/ship_noise_00005.png,ship,vehicle,water,noise,ship_00055
clean/deer/deer_clean_00004.png,deer,animal,land,clean,deer_00056
blur/deer/deer_blur_00004.png,deer,animal,land,blur,deer_00056
pixelated/deer/deer_pixelated_00004.png,deer,animal,land,pixelated,deer_00056
noise/deer/deer_noise_00004.png,deer,animal,land,noise,deer_00056
clean/cat/cat_clean_00005.png,cat,animal,land,clean,cat_00057
blur/cat/cat_blur_00005.png,cat,animal,land,blur,cat_00057
pixelated/cat/cat_pixelated_00005.png,cat,animal,land,pixelated,cat_00057
noise/cat/cat_noise_00005.png,cat,animal,land,noise,cat_00057
clean/cat/cat_clean_00006.png,cat,animal,land,clean,cat_00058
blur/cat/cat_blur_00006.png,cat,animal,land,blur,cat_00058
pixelated/cat/cat_pixelated_00006.png,cat,animal,land,pixelated,cat_00058
noise/cat/cat_noise_00006.png,cat,animal,land,noise,cat_00058
clean/dog/dog_clean_00003.png,dog,animal,land,clean,dog_00059
blur/dog/dog_blur_00003.png,dog,animal,land,blur,dog_00059
pixelated/dog/dog_pixelated_00003.png,dog,animal,land,pixelated,dog_00059
noise/dog/dog_noise_00003.png,dog,animal,land,noise,dog_00059
clean/bird/bird_clean_00007.png,bird,animal,air,clean,bird_00060
blur/bird/bird_blur_00007.png,bird,animal,air,blur,bird_00060
pixelated/bird/bird_pixelated_00007.png,bird,animal,air,pixelated,bird_00060
noise/bird/bird_noise_00007.png,bird,animal,air,noise,bird_00060
clean/ship/ship_clean_00006.png,ship,vehicle,water,clean,ship_00061
blur/ship/ship_blur_00006.png,ship,vehicle,water,blur,ship_00061
pixelated/ship/ship_pixelated_00006.png,ship,vehicle,water,pixelated,ship_00061
noise/ship/ship_noise_00006.png,ship,vehicle,water,noise,ship_00061
clean/automobile/automobile_clean_00006.png,automobile,vehicle,land,clean,automobile_00062
blur/automobile/automobile_blur_00006.png,automobile,vehicle,land,blur,automobile_00062
pixelated/automobile/automobile_pixelated_00006.png,automobile,vehicle,land,pixelated,automobile_00062
noise/automobile/automobile_noise_00006.png,automobile,vehicle,land,noise,automobile_00062
clean/airplane/airplane_clean_00011.png,airplane,vehicle,air,clean,airplane_00063
blur/airplane/airplane_blur_00011.png,airplane,vehicle,air,blur,airplane_00063
pixelated/airplane/airplane_pixelated_00011.png,airplane,vehicle,air,pixelated,airplane_00063
noise/airplane/airplane_noise_00011.png,airplane,vehicle,air,noise,airplane_00063
clean/truck/truck_clean_00008.png,truck,vehicle,land,clean,truck_00064
blur/truck/truck_blur_00008.png,truck,vehicle,land,blur,truck_00064
pixelated/truck/truck_pixelated_00008.png,truck,vehicle,land,pixelated,truck_00064
noise/truck/truck_noise_00008.png,truck,vehicle,land,noise,truck_00064
clean/bird/bird_clean_00008.png,bird,animal,air,clean,bird_00065
blur/bird/bird_blur_00008.png,bird,animal,air,blur,bird_00065
pixelated/bird/bird_pixelated_00008.png,bird,animal,air,pixelated,bird_00065
noise/bird/bird_noise_00008.png,bird,animal,air,noise,bird_00065
clean/dog/dog_clean_00004.png,dog,animal,land,clean,dog_00066
blur/dog/dog_blur_00004.png,dog,animal,land,blur,dog_00066
pixelated/dog/dog_pixelated_00004.png,dog,animal,land,pixelated,dog_00066
noise/dog/dog_noise_00004.png,dog,animal,land,noise,dog_00066
clean/truck/truck_clean_00009.png,truck,vehicle,land,clean,truck_00067
blur/truck/truck_blur_00009.png,truck,vehicle,land,blur,truck_00067
pixelated/truck/truck_pixelated_00009.png,truck,vehicle,land,pixelated,truck_00067
noise/truck/truck_noise_00009.png,truck,vehicle,land,noise,truck_00067
clean/deer/deer_clean_00005.png,deer,animal,land,clean,deer_00068
blur/deer/deer_blur_00005.png,deer,animal,land,blur,deer_00068
pixelated/deer/deer_pixelated_00005.png,deer,animal,land,pixelated,deer_00068
noise/deer/deer_noise_00005.png,deer,animal,land,noise,deer_00068
clean/automobile/automobile_clean_00007.png,automobile,vehicle,land,clean,automobile_00069
blur/automobile/automobile_blur_00007.png,automobile,vehicle,land,blur,automobile_00069
pixelated/automobile/automobile_pixelated_00007.png,automobile,vehicle,land,pixelated,automobile_00069
noise/automobile/automobile_noise_00007.png,automobile,vehicle,land,noise,automobile_00069
clean/deer/deer_clean_00006.png,deer,animal,land,clean,deer_00070
blur/deer/deer_blur_00006.png,deer,animal,land,blur,deer_00070
pixelated/deer/deer_pixelated_00006.png,deer,animal,land,pixelated,deer_00070
noise/deer/deer_noise_00006.png,deer,animal,land,noise,deer_00070
clean/airplane/airplane_clean_00012.png,airplane,vehicle,air,clean,airplane_00071
blur/airplane/airplane_blur_00012.png,airplane,vehicle,air,blur,airplane_00071
pixelated/airplane/airplane_pixelated_00012.png,airplane,vehicle,air,pixelated,airplane_00071
noise/airplane/airplane_noise_00012.png,airplane,vehicle,air,noise,airplane_00071
clean/bird/bird_clean_00009.png,bird,animal,air,clean,bird_00072
blur/bird/bird_blur_00009.png,bird,animal,air,blur,bird_00072
pixelated/bird/bird_pixelated_00009.png,bird,animal,air,pixelated,bird_00072
noise/bird/bird_noise_00009.png,bird,animal,air,noise,bird_00072
clean/airplane/airplane_clean_00013.png,airplane,vehicle,air,clean,airplane_00073
blur/airplane/airplane_blur_00013.png,airplane,vehicle,air,blur,airplane_00073
pixelated/airplane/airplane_pixelated_00013.png,airplane,vehicle,air,pixelated,airplane_00073
noise/airplane/airplane_noise_00013.png,airplane,vehicle,air,noise,airplane_00073
clean/horse/horse_clean_00008.png,horse,animal,land,clean,horse_00074
blur/horse/horse_blur_00008.png,horse,animal,land,blur,horse_00074
pixelated/horse/horse_pixelated_00008.png,horse,animal,land,pixelated,horse_00074
noise/horse/horse_noise_00008.png,horse,animal,land,noise,horse_00074
clean/bird/bird_clean_00010.png,bird,animal,air,clean,bird_00075
blur/bird/bird_blur_00010.png,bird,animal,air,blur,bird_00075
pixelated/bird/bird_pixelated_00010.png,bird,animal,air,pixelated,bird_00075
noise/bird/bird_noise_00010.png,bird,animal,air,noise,bird_00075
clean/dog/dog_clean_00005.png,dog,animal,land,clean,dog_00076
blur/dog/dog_blur_00005.png,dog,animal,land,blur,dog_00076
pixelated/dog/dog_pixelated_00005.png,dog,animal,land,pixelated,dog_00076
noise/dog/dog_noise_00005.png,dog,animal,land,noise,dog_00076
clean/bird/bird_clean_00011.png,bird,animal,air,clean,bird_00077
blur/bird/bird_blur_00011.png,bird,animal,air,blur,bird_00077
pixelated/bird/bird_pixelated_00011.png,bird,animal,air,pixelated,bird_00077
noise/bird/bird_noise_00011.png,bird,animal,air,noise,bird_00077
clean/dog/dog_clean_00006.png,dog,animal,land,clean,dog_00078
blur/dog/dog_blur_00006.png,dog,animal,land,blur,dog_00078
pixelated/dog/dog_pixelated_00006.png,dog,animal,land,pixelated,dog_00078
noise/dog/dog_noise_00006.png,dog,animal,land,noise,dog_00078
clean/cat/cat_clean_00007.png,cat,animal,land,clean,cat_00079
blur/cat/cat_blur_00007.png,cat,animal,land,blur,cat_00079
pixelated/cat/cat_pixelated_00007.png,cat,animal,land,pixelated,cat_00079
noise/cat/cat_noise_00007.png,cat,animal,land,noise,cat_00079
clean/automobile/automobile_clean_00008.png,automobile,vehicle,land,clean,automobile_00080
blur/automobile/automobile_blur_00008.png,automobile,vehicle,land,blur,automobile_00080
pixelated/automobile/automobile_pixelated_00008.png,automobile,vehicle,land,pixelated,automobile_00080
noise/automobile/automobile_noise_00008.png,automobile,vehicle,land,noise,automobile_00080
clean/cat/cat_clean_00008.png,cat,animal,land,clean,cat_00081
blur/cat/cat_blur_00008.png,cat,animal,land,blur,cat_00081
pixelated/cat/cat_pixelated_00008.png,cat,animal,land,pixelated,cat_00081
noise/cat/cat_noise_00008.png,cat,animal,land,noise,cat_00081
clean/airplane/airplane_clean_00014.png,airplane,vehicle,air,clean,airplane_00082
blur/airplane/airplane_blur_00014.png,airplane,vehicle,air,blur,airplane_00082
pixelated/airplane/airplane_pixelated_00014.png,airplane,vehicle,air,pixelated,airplane_00082
noise/airplane/airplane_noise_00014.png,airplane,vehicle,air,noise,airplane_00082
clean/automobile/automobile_clean_00009.png,automobile,vehicle,land,clean,automobile_00083
blur/automobile/automobile_blur_00009.png,automobile,vehicle,land,blur,automobile_00083
pixelated/automobile/automobile_pixelated_00009.png,automobile,vehicle,land,pixelated,automobile_00083
noise/automobile/automobile_noise_00009.png,automobile,vehicle,land,noise,automobile_00083
clean/deer/deer_clean_00007.png,deer,animal,land,clean,deer_00084
blur/deer/deer_blur_00007.png,deer,animal,land,blur,deer_00084
pixelated/deer/deer_pixelated_00007.png,deer,animal,land,pixelated,deer_00084
noise/deer/deer_noise_00007.png,deer,animal,land,noise,deer_00084
clean/horse/horse_clean_00009.png,horse,animal,land,clean,horse_00085
blur/horse/horse_blur_00009.png,horse,animal,land,blur,horse_00085
pixelated/horse/horse_pixelated_00009.png,horse,animal,land,pixelated,horse_00085
noise/horse/horse_noise_00009.png,horse,animal,land,noise,horse_00085
clean/cat/cat_clean_00009.png,cat,animal,land,clean,cat_00086
blur/cat/cat_blur_00009.png,cat,animal,land,blur,cat_00086
pixelated/cat/cat_pixelated_00009.png,cat,animal,land,pixelated,cat_00086
noise/cat/cat_noise_00009.png,cat,animal,land,noise,cat_00086
clean/automobile/automobile_clean_00010.png,automobile,vehicle,land,clean,automobile_00087
blur/automobile/automobile_blur_00010.png,automobile,vehicle,land,blur,automobile_00087
pixelated/automobile/automobile_pixelated_00010.png,automobile,vehicle,land,pixelated,automobile_00087
noise/automobile/automobile_noise_00010.png,automobile,vehicle,land,noise,automobile_00087
clean/automobile/automobile_clean_00011.png,automobile,vehicle,land,clean,automobile_00088
blur/automobile/automobile_blur_00011.png,automobile,vehicle,land,blur,automobile_00088
pixelated/automobile/automobile_pixelated_00011.png,automobile,vehicle,land,pixelated,automobile_00088
noise/automobile/automobile_noise_00011.png,automobile,vehicle,land,noise,automobile_00088
clean/dog/dog_clean_00007.png,dog,animal,land,clean,dog_00089
blur/dog/dog_blur_00007.png,dog,animal,land,blur,dog_00089
pixelated/dog/dog_pixelated_00007.png,dog,animal,land,pixelated,dog_00089
noise/dog/dog_noise_00007.png,dog,animal,land,noise,dog_00089
clean/ship/ship_clean_00007.png,ship,vehicle,water,clean,ship_00090
blur/ship/ship_blur_00007.png,ship,vehicle,water,blur,ship_00090
pixelated/ship/ship_pixelated_00007.png,ship,vehicle,water,pixelated,ship_00090
noise/ship/ship_noise_00007.png,ship,vehicle,water,noise,ship_00090
clean/cat/cat_clean_00010.png,cat,animal,land,clean,cat_00091
blur/cat/cat_blur_00010.png,cat,animal,land,blur,cat_00091
pixelated/cat/cat_pixelated_00010.png,cat,animal,land,pixelated,cat_00091
noise/cat/cat_noise_00010.png,cat,animal,land,noise,cat_00091
clean/automobile/automobile_clean_00012.png,automobile,vehicle,land,clean,automobile_00092
blur/automobile/automobile_blur_00012.png,automobile,vehicle,land,blur,automobile_00092
pixelated/automobile/automobile_pixelated_00012.png,automobile,vehicle,land,pixelated,automobile_00092
noise/automobile/automobile_noise_00012.png,automobile,vehicle,land,noise,automobile_00092
clean/ship/ship_clean_00008.png,ship,vehicle,water,clean,ship_00093
blur/ship/ship_blur_00008.png,ship,vehicle,water,blur,ship_00093
pixelated/ship/ship_pixelated_00008.png,ship,vehicle,water,pixelated,ship_00093
noise/ship/ship_noise_00008.png,ship,vehicle,water,noise,ship_00093
clean/horse/horse_clean_00010.png,horse,animal,land,clean,horse_00094
blur/horse/horse_blur_00010.png,horse,animal,land,blur,horse_00094
pixelated/horse/horse_pixelated_00010.png,horse,animal,land,pixelated,horse_00094
noise/horse/horse_noise_00010.png,horse,animal,land,noise,horse_00094
clean/bird/bird_clean_00012.png,bird,animal,air,clean,bird_00095
blur/bird/bird_blur_00012.png,bird,animal,air,blur,bird_00095
pixelated/bird/bird_pixelated_00012.png,bird,animal,air,pixelated,bird_00095
noise/bird/bird_noise_00012.png,bird,animal,air,noise,bird_00095
clean/bird/bird_clean_00013.png,bird,animal,air,clean,bird_00096
blur/bird/bird_blur_00013.png,bird,animal,air,blur,bird_00096
pixelated/bird/bird_pixelated_00013.png,bird,animal,air,pixelated,bird_00096
noise/bird/bird_noise_00013.png,bird,animal,air,noise,bird_00096
clean/deer/deer_clean_00008.png,deer,animal,land,clean,deer_00097
blur/deer/deer_blur_00008.png,deer,animal,land,blur,deer_00097
pixelated/deer/deer_pixelated_00008.png,deer,animal,land,pixelated,deer_00097
noise/deer/deer_noise_00008.png,deer,animal,land,noise,deer_00097
clean/bird/bird_clean_00014.png,bird,animal,air,clean,bird_00098
blur/bird/bird_blur_00014.png,bird,animal,air,blur,bird_00098
pixelated/bird/bird_pixelated_00014.png,bird,animal,air,pixelated,bird_00098
noise/bird/bird_noise_00014.png,bird,animal,air,noise,bird_00098
clean/dog/dog_clean_00008.png,dog,animal,land,clean,dog_00099
blur/dog/dog_blur_00008.png,dog,animal,land,blur,dog_00099
pixelated/dog/dog_pixelated_00008.png,dog,animal,land,pixelated,dog_00099
noise/dog/dog_noise_00008.png,dog,animal,land,noise,dog_00099
clean/ship/ship_clean_00009.png,ship,vehicle,water,clean,ship_00100
blur/ship/ship_blur_00009.png,ship,vehicle,water,blur,ship_00100
pixelated/ship/ship_pixelated_00009.png,ship,vehicle,water,pixelated,ship_00100
noise/ship/ship_noise_00009.png,ship,vehicle,water,noise,ship_00100
clean/dog/dog_clean_00009.png,dog,animal,land,clean,dog_00101
blur/dog/dog_blur_00009.png,dog,animal,land,blur,dog_00101
pixelated/dog/dog_pixelated_00009.png,dog,animal,land,pixelated,dog_00101
noise/dog/dog_noise_00009.png,dog,animal,land,noise,dog_00101
clean/deer/deer_clean_00009.png,deer,animal,land,clean,deer_00102
blur/deer/deer_blur_00009.png,deer,animal,land,blur,deer_00102
pixelated/deer/deer_pixelated_00009.png,deer,animal,land,pixelated,deer_00102
noise/deer/deer_noise_00009.png,deer,animal,land,noise,deer_00102
clean/airplane/airplane_clean_00015.png,airplane,vehicle,air,clean,airplane_00103
blur/airplane/airplane_blur_00015.png,airplane,vehicle,air,blur,airplane_00103
pixelated/airplane/airplane_pixelated_00015.png,airplane,vehicle,air,pixelated,airplane_00103
noise/airplane/airplane_noise_00015.png,airplane,vehicle,air,noise,airplane_00103
clean/horse/horse_clean_00011.png,horse,animal,land,clean,horse_00104
blur/horse/horse_blur_00011.png,horse,animal,land,blur,horse_00104
pixelated/horse/horse_pixelated_00011.png,horse,animal,land,pixelated,horse_00104
noise/horse/horse_noise_00011.png,horse,animal,land,noise,horse_00104
clean/horse/horse_clean_00012.png,horse,animal,land,clean,horse_00105
blur/horse/horse_blur_00012.png,horse,animal,land,blur,horse_00105
pixelated/horse/horse_pixelated_00012.png,horse,animal,land,pixelated,horse_00105
noise/horse/horse_noise_00012.png,horse,animal,land,noise,horse_00105
clean/ship/ship_clean_00010.png,ship,vehicle,water,clean,ship_00106
blur/ship/ship_blur_00010.png,ship,vehicle,water,blur,ship_00106
pixelated/ship/ship_pixelated_00010.png,ship,vehicle,water,pixelated,ship_00106
noise/ship/ship_noise_00010.png,ship,vehicle,water,noise,ship_00106
clean/dog/dog_clean_00010.png,dog,animal,land,clean,dog_00107
blur/dog/dog_blur_00010.png,dog,animal,land,blur,dog_00107
pixelated/dog/dog_pixelated_00010.png,dog,animal,land,pixelated,dog_00107
noise/dog/dog_noise_00010.png,dog,animal,land,noise,dog_00107
clean/frog/frog_clean_00007.png,frog,animal,land,clean,frog_00108
blur/frog/frog_blur_00007.png,frog,animal,land,blur,frog_00108
pixelated/frog/frog_pixelated_00007.png,frog,animal,land,pixelated,frog_00108
noise/frog/frog_noise_00007.png,frog,animal,land,noise,frog_00108
clean/horse/horse_clean_00013.png,horse,animal,land,clean,horse_00109
blur/horse/horse_blur_00013.png,horse,animal,land,blur,horse_00109
pixelated/horse/horse_pixelated_00013.png,horse,animal,land,pixelated,horse_00109
noise/horse/horse_noise_00013.png,horse,animal,land,noise,horse_00109
clean/truck/truck_clean_00010.png,truck,vehicle,land,clean,truck_00110
blur/truck/truck_blur_00010.png,truck,vehicle,land,blur,truck_00110
pixelated/truck/truck_pixelated_00010.png,truck,vehicle,land,pixelated,truck_00110
noise/truck/truck_noise_00010.png,truck,vehicle,land,noise,truck_00110
clean/horse/horse_clean_00014.png,horse,animal,land,clean,horse_00111
blur/horse/horse_blur_00014.png,horse,animal,land,blur,horse_00111
pixelated/horse/horse_pixelated_00014.png,horse,animal,land,pixelated,horse_00111
noise/horse/horse_noise_00014.png,horse,animal,land,noise,horse_00111
clean/automobile/automobile_clean_00013.png,automobile,vehicle,land,clean,automobile_00112
blur/automobile/automobile_blur_00013.png,automobile,vehicle,land,blur,automobile_00112
pixelated/automobile/automobile_pixelated_00013.png,automobile,vehicle,land,pixelated,automobile_00112
noise/automobile/automobile_noise_00013.png,automobile,vehicle,land,noise,automobile_00112
clean/horse/horse_clean_00015.png,horse,animal,land,clean,horse_00113
blur/horse/horse_blur_00015.png,horse,animal,land,blur,horse_00113
pixelated/horse/horse_pixelated_00015.png,horse,animal,land,pixelated,horse_00113
noise/horse/horse_noise_00015.png,horse,animal,land,noise,horse_00113
clean/cat/cat_clean_00011.png,cat,animal,land,clean,cat_00114
blur/cat/cat_blur_00011.png,cat,animal,land,blur,cat_00114
pixelated/cat/cat_pixelated_00011.png,cat,animal,land,pixelated,cat_00114
noise/cat/cat_noise_00011.png,cat,animal,land,noise,cat_00114
clean/deer/deer_clean_00010.png,deer,animal,land,clean,deer_00115
blur/deer/deer_blur_00010.png,deer,animal,land,blur,deer_00115
pixelated/deer/deer_pixelated_00010.png,deer,animal,land,pixelated,deer_00115
noise/deer/deer_noise_00010.png,deer,animal,land,noise,deer_00115
clean/automobile/automobile_clean_00014.png,automobile,vehicle,land,clean,automobile_00116
blur/automobile/automobile_blur_00014.png,automobile,vehicle,land,blur,automobile_00116
pixelated/automobile/automobile_pixelated_00014.png,automobile,vehicle,land,pixelated,automobile_00116
noise/automobile/automobile_noise_00014.png,automobile,vehicle,land,noise,automobile_00116
clean/deer/deer_clean_00011.png,deer,animal,land,clean,deer_00117
blur/deer/deer_blur_00011.png,deer,animal,land,blur,deer_00117
pixelated/deer/deer_pixelated_00011.png,deer,animal,land,pixelated,deer_00117
noise/deer/deer_noise_00011.png,deer,animal,land,noise,deer_00117
clean/ship/ship_clean_00011.png,ship,vehicle,water,clean,ship_00118
blur/ship/ship_blur_00011.png,ship,vehicle,water,blur,ship_00118
pixelated/ship/ship_pixelated_00011.png,ship,vehicle,water,pixelated,ship_00118
noise/ship/ship_noise_00011.png,ship,vehicle,water,noise,ship_00118
clean/cat/cat_clean_00012.png,cat,animal,land,clean,cat_00119
blur/cat/cat_blur_00012.png,cat,animal,land,blur,cat_00119
pixelated/cat/cat_pixelated_00012.png,cat,animal,land,pixelated,cat_00119
noise/cat/cat_noise_00012.png,cat,animal,land,noise,cat_00119
clean/airplane/airplane_clean_00016.png,airplane,vehicle,air,clean,airplane_00120
blur/airplane/airplane_blur_00016.png,airplane,vehicle,air,blur,airplane_00120
pixelated/airplane/airplane_pixelated_00016.png,airplane,vehicle,air,pixelated,airplane_00120
noise/airplane/airplane_noise_00016.png,airplane,vehicle,air,noise,airplane_00120
clean/cat/cat_clean_00013.png,cat,animal,land,clean,cat_00121
blur/cat/cat_blur_00013.png,cat,animal,land,blur,cat_00121
pixelated/cat/cat_pixelated_00013.png,cat,animal,land,pixelated,cat_00121
noise/cat/cat_noise_00013.png,cat,animal,land,noise,cat_00121
clean/airplane/airplane_clean_00017.png,airplane,vehicle,air,clean,airplane_00122
blur/airplane/airplane_blur_00017.png,airplane,vehicle,air,blur,airplane_00122
pixelated/airplane/airplane_pixelated_00017.png,airplane,vehicle,air,pixelated,airplane_00122
noise/airplane/airplane_noise_00017.png,airplane,vehicle,air,noise,airplane_00122
clean/frog/frog_clean_00008.png,frog,animal,land,clean,frog_00123
blur/frog/frog_blur_00008.png,frog,animal,land,blur,frog_00123
pixelated/frog/frog_pixelated_00008.png,frog,animal,land,pixelated,frog_00123
noise/frog/frog_noise_00008.png,frog,animal,land,noise,frog_00123
clean/frog/frog_clean_00009.png,frog,animal,land,clean,frog_00124
blur/frog/frog_blur_00009.png,frog,animal,land,blur,frog_00124
pixelated/frog/frog_pixelated_00009.png,frog,animal,land,pixelated,frog_00124
noise/frog/frog_noise_00009.png,frog,animal,land,noise,frog_00124
clean/cat/cat_clean_00014.png,cat,animal,land,clean,cat_00125
blur/cat/cat_blur_00014.png,cat,animal,land,blur,cat_00125
pixelated/cat/cat_pixelated_00014.png,cat,animal,land,pixelated,cat_00125
noise/cat/cat_noise_00014.png,cat,animal,land,noise,cat_00125
clean/automobile/automobile_clean_00015.png,automobile,vehicle,land,clean,automobile_00126
blur/automobile/automobile_blur_00015.png,automobile,vehicle,land,blur,automobile_00126
pixelated/automobile/automobile_pixelated_00015.png,automobile,vehicle,land,pixelated,automobile_00126
noise/automobile/automobile_noise_00015.png,automobile,vehicle,land,noise,automobile_00126
clean/bird/bird_clean_00015.png,bird,animal,air,clean,bird_00127
blur/bird/bird_blur_00015.png,bird,animal,air,blur,bird_00127
pixelated/bird/bird_pixelated_00015.png,bird,animal,air,pixelated,bird_00127
noise/bird/bird_noise_00015.png,bird,animal,air,noise,bird_00127
clean/bird/bird_clean_00016.png,bird,animal,air,clean,bird_00128
blur/bird/bird_blur_00016.png,bird,animal,air,blur,bird_00128
pixelated/bird/bird_pixelated_00016.png,bird,animal,air,pixelated,bird_00128
noise/bird/bird_noise_00016.png,bird,animal,air,noise,bird_00128
clean/automobile/automobile_clean_00016.png,automobile,vehicle,land,clean,automobile_00129
blur/automobile/automobile_blur_00016.png,automobile,vehicle,land,blur,automobile_00129
pixelated/automobile/automobile_pixelated_00016.png,automobile,vehicle,land,pixelated,automobile_00129
noise/automobile/automobile_noise_00016.png,automobile,vehicle,land,noise,automobile_00129
clean/bird/bird_clean_00017.png,bird,animal,air,clean,bird_00130
blur/bird/bird_blur_00017.png,bird,animal,air,blur,bird_00130
pixelated/bird/bird_pixelated_00017.png,bird,animal,air,pixelated,bird_00130
noise/bird/bird_noise_00017.png,bird,animal,air,noise,bird_00130
clean/horse/horse_clean_00016.png,horse,animal,land,clean,horse_00131
blur/horse/horse_blur_00016.png,horse,animal,land,blur,horse_00131
pixelated/horse/horse_pixelated_00016.png,horse,animal,land,pixelated,horse_00131
noise/horse/horse_noise_00016.png,horse,animal,land,noise,horse_00131
clean/airplane/airplane_clean_00018.png,airplane,vehicle,air,clean,airplane_00132
blur/airplane/airplane_blur_00018.png,airplane,vehicle,air,blur,airplane_00132
pixelated/airplane/airplane_pixelated_00018.png,airplane,vehicle,air,pixelated,airplane_00132
noise/airplane/airplane_noise_00018.png,airplane,vehicle,air,noise,airplane_00132
clean/frog/frog_clean_00010.png,frog,animal,land,clean,frog_00133
blur/frog/frog_blur_00010.png,frog,animal,land,blur,frog_00133
pixelated/frog/frog_pixelated_00010.png,frog,animal,land,pixelated,frog_00133
noise/frog/frog_noise_00010.png,frog,animal,land,noise,frog_00133
clean/airplane/airplane_clean_00019.png,airplane,vehicle,air,clean,airplane_00134
blur/airplane/airplane_blur_00019.png,airplane,vehicle,air,blur,airplane_00134
pixelated/airplane/airplane_pixelated_00019.png,airplane,vehicle,air,pixelated,airplane_00134
noise/airplane/airplane_noise_00019.png,airplane,vehicle,air,noise,airplane_00134
clean/deer/deer_clean_00012.png,deer,animal,land,clean,deer_00135
blur/deer/deer_blur_00012.png,deer,animal,land,blur,deer_00135
pixelated/deer/deer_pixelated_00012.png,deer,animal,land,pixelated,deer_00135
noise/deer/deer_noise_00012.png,deer,animal,land,noise,deer_00135
clean/ship/ship_clean_00012.png,ship,vehicle,water,clean,ship_00136
blur/ship/ship_blur_00012.png,ship,vehicle,water,blur,ship_00136
pixelated/ship/ship_pixelated_00012.png,ship,vehicle,water,pixelated,ship_00136
noise/ship/ship_noise_00012.png,ship,vehicle,water,noise,ship_00136
clean/truck/truck_clean_00011.png,truck,vehicle,land,clean,truck_00137
blur/truck/truck_blur_00011.png,truck,vehicle,land,blur,truck_00137
pixelated/truck/truck_pixelated_00011.png,truck,vehicle,land,pixelated,truck_00137
noise/truck/truck_noise_00011.png,truck,vehicle,land,noise,truck_00137
clean/frog/frog_clean_00011.png,frog,animal,land,clean,frog_00138
blur/frog/frog_blur_00011.png,frog,animal,land,blur,frog_00138
pixelated/frog/frog_pixelated_00011.png,frog,animal,land,pixelated,frog_00138
noise/frog/frog_noise_00011.png,frog,animal,land,noise,frog_00138
clean/frog/frog_clean_00012.png,frog,animal,land,clean,frog_00139
blur/frog/frog_blur_00012.png,frog,animal,land,blur,frog_00139
pixelated/frog/frog_pixelated_00012.png,frog,animal,land,pixelated,frog_00139
noise/frog/frog_noise_00012.png,frog,animal,land,noise,frog_00139
clean/deer/deer_clean_00013.png,deer,animal,land,clean,deer_00140
blur/deer/deer_blur_00013.png,deer,animal,land,blur,deer_00140
pixelated/deer/deer_pixelated_00013.png,deer,animal,land,pixelated,deer_00140
noise/deer/deer_noise_00013.png,deer,animal,land,noise,deer_00140
clean/ship/ship_clean_00013.png,ship,vehicle,water,clean,ship_00141
blur/ship/ship_blur_00013.png,ship,vehicle,water,blur,ship_00141
pixelated/ship/ship_pixelated_00013.png,ship,vehicle,water,pixelated,ship_00141
noise/ship/ship_noise_00013.png,ship,vehicle,water,noise,ship_00141
clean/bird/bird_clean_00018.png,bird,animal,air,clean,bird_00142
blur/bird/bird_blur_00018.png,bird,animal,air,blur,bird_00142
pixelated/bird/bird_pixelated_00018.png,bird,animal,air,pixelated,bird_00142
noise/bird/bird_noise_00018.png,bird,animal,air,noise,bird_00142
clean/bird/bird_clean_00019.png,bird,animal,air,clean,bird_00143
blur/bird/bird_blur_00019.png,bird,animal,air,blur,bird_00143
pixelated/bird/bird_pixelated_00019.png,bird,animal,air,pixelated,bird_00143
noise/bird/bird_noise_00019.png,bird,animal,air,noise,bird_00143
clean/truck/truck_clean_00012.png,truck,vehicle,land,clean,truck_00144
blur/truck/truck_blur_00012.png,truck,vehicle,land,blur,truck_00144
pixelated/truck/truck_pixelated_00012.png,truck,vehicle,land,pixelated,truck_00144
noise/truck/truck_noise_00012.png,truck,vehicle,land,noise,truck_00144
clean/bird/bird_clean_00020.png,bird,animal,air,clean,bird_00145
blur/bird/bird_blur_00020.png,bird,animal,air,blur,bird_00145
pixelated/bird/bird_pixelated_00020.png,bird,animal,air,pixelated,bird_00145
noise/bird/bird_noise_00020.png,bird,animal,air,noise,bird_00145
clean/dog/dog_clean_00011.png,dog,animal,land,clean,dog_00146
blur/dog/dog_blur_00011.png,dog,animal,land,blur,dog_00146
pixelated/dog/dog_pixelated_00011.png,dog,animal,land,pixelated,dog_00146
noise/dog/dog_noise_00011.png,dog,animal,land,noise,dog_00146
clean/automobile/automobile_clean_00017.png,automobile,vehicle,land,clean,automobile_00147
blur/automobile/automobile_blur_00017.png,automobile,vehicle,land,blur,automobile_00147
pixelated/automobile/automobile_pixelated_00017.png,automobile,vehicle,land,pixelated,automobile_00147
noise/automobile/automobile_noise_00017.png,automobile,vehicle,land,noise,automobile_00147
clean/frog/frog_clean_00013.png,frog,animal,land,clean,frog_00148
blur/frog/frog_blur_00013.png,frog,animal,land,blur,frog_00148
pixelated/frog/frog_pixelated_00013.png,frog,animal,land,pixelated,frog_00148
noise/frog/frog_noise_00013.png,frog,animal,land,noise,frog_00148
clean/dog/dog_clean_00012.png,dog,animal,land,clean,dog_00149
blur/dog/dog_blur_00012.png,dog,animal,land,blur,dog_00149
pixelated/dog/dog_pixelated_00012.png,dog,animal,land,pixelated,dog_00149
noise/dog/dog_noise_00012.png,dog,animal,land,noise,dog_00149
clean/bird/bird_clean_00021.png,bird,animal,air,clean,bird_00150
blur/bird/bird_blur_00021.png,bird,animal,air,blur,bird_00150
pixelated/bird/bird_pixelated_00021.png,bird,animal,air,pixelated,bird_00150
noise/bird/bird_noise_00021.png,bird,animal,air,noise,bird_00150
clean/ship/ship_clean_00014.png,ship,vehicle,water,clean,ship_00151
blur/ship/ship_blur_00014.png,ship,vehicle,water,blur,ship_00151
pixelated/ship/ship_pixelated_00014.png,ship,vehicle,water,pixelated,ship_00151
noise/ship/ship_noise_00014.png,ship,vehicle,water,noise,ship_00151
clean/ship/ship_clean_00015.png,ship,vehicle,water,clean,ship_00152
blur/ship/ship_blur_00015.png,ship,vehicle,water,blur,ship_00152
pixelated/ship/ship_pixelated_00015.png,ship,vehicle,water,pixelated,ship_00152
noise/ship/ship_noise_00015.png,ship,vehicle,water,noise,ship_00152
clean/deer/deer_clean_00014.png,deer,animal,land,clean,deer_00153
blur/deer/deer_blur_00014.png,deer,animal,land,blur,deer_00153
pixelated/deer/deer_pixelated_00014.png,deer,animal,land,pixelated,deer_00153
noise/deer/deer_noise_00014.png,deer,animal,land,noise,deer_00153
clean/bird/bird_clean_00022.png,bird,animal,air,clean,bird_00154
blur/bird/bird_blur_00022.png,bird,animal,air,blur,bird_00154
pixelated/bird/bird_pixelated_00022.png,bird,animal,air,pixelated,bird_00154
noise/bird/bird_noise_00022.png,bird,animal,air,noise,bird_00154
clean/bird/bird_clean_00023.png,bird,animal,air,clean,bird_00155
blur/bird/bird_blur_00023.png,bird,animal,air,blur,bird_00155
pixelated/bird/bird_pixelated_00023.png,bird,animal,air,pixelated,bird_00155
noise/bird/bird_noise_00023.png,bird,animal,air,noise,bird_00155
clean/horse/horse_clean_00017.png,horse,animal,land,clean,horse_00156
blur/horse/horse_blur_00017.png,horse,animal,land,blur,horse_00156
pixelated/horse/horse_pixelated_00017.png,horse,animal,land,pixelated,horse_00156
noise/horse/horse_noise_00017.png,horse,animal,land,noise,horse_00156
clean/horse/horse_clean_00018.png,horse,animal,land,clean,horse_00157
blur/horse/horse_blur_00018.png,horse,animal,land,blur,horse_00157
pixelated/horse/horse_pixelated_00018.png,horse,animal,land,pixelated,horse_00157
noise/horse/horse_noise_00018.png,horse,animal,land,noise,horse_00157
clean/dog/dog_clean_00013.png,dog,animal,land,clean,dog_00158
blur/dog/dog_blur_00013.png,dog,animal,land,blur,dog_00158
pixelated/dog/dog_pixelated_00013.png,dog,animal,land,pixelated,dog_00158
noise/dog/dog_noise_00013.png,dog,animal,land,noise,dog_00158
clean/bird/bird_clean_00024.png,bird,animal,air,clean,bird_00159
blur/bird/bird_blur_00024.png,bird,animal,air,blur,bird_00159
pixelated/bird/bird_pixelated_00024.png,bird,animal,air,pixelated,bird_00159
noise/bird/bird_noise_00024.png,bird,animal,air,noise,bird_00159
clean/dog/dog_clean_00014.png,dog,animal,land,clean,dog_00160
blur/dog/dog_blur_00014.png,dog,animal,land,blur,dog_00160
pixelated/dog/dog_pixelated_00014.png,dog,animal,land,pixelated,dog_00160
noise/dog/dog_noise_00014.png,dog,animal,land,noise,dog_00160
clean/frog/frog_clean_00014.png,frog,animal,land,clean,frog_00161
blur/frog/frog_blur_00014.png,frog,animal,land,blur,frog_00161
pixelated/frog/frog_pixelated_00014.png,frog,animal,land,pixelated,frog_00161
noise/frog/frog_noise_00014.png,frog,animal,land,noise,frog_00161
clean/cat/cat_clean_00015.png,cat,animal,land,clean,cat_00162
blur/cat/cat_blur_00015.png,cat,animal,land,blur,cat_00162
pixelated/cat/cat_pixelated_00015.png,cat,animal,land,pixelated,cat_00162
noise/cat/cat_noise_00015.png,cat,animal,land,noise,cat_00162
clean/frog/frog_clean_00015.png,frog,animal,land,clean,frog_00163
blur/frog/frog_blur_00015.png,frog,animal,land,blur,frog_00163
pixelated/frog/frog_pixelated_00015.png,frog,animal,land,pixelated,frog_00163
noise/frog/frog_noise_00015.png,frog,animal,land,noise,frog_00163
clean/truck/truck_clean_00013.png,truck,vehicle,land,clean,truck_00164
blur/truck/truck_blur_00013.png,truck,vehicle,land,blur,truck_00164
pixelated/truck/truck_pixelated_00013.png,truck,vehicle,land,pixelated,truck_00164
noise/truck/truck_noise_00013.png,truck,vehicle,land,noise,truck_00164
clean/ship/ship_clean_00016.png,ship,vehicle,water,clean,ship_00165
blur/ship/ship_blur_00016.png,ship,vehicle,water,blur,ship_00165
pixelated/ship/ship_pixelated_00016.png,ship,vehicle,water,pixelated,ship_00165
noise/ship/ship_noise_00016.png,ship,vehicle,water,noise,ship_00165
clean/deer/deer_clean_00015.png,deer,animal,land,clean,deer_00166
blur/deer/deer_blur_00015.png,deer,animal,land,blur,deer_00166
pixelated/deer/deer_pixelated_00015.png,deer,animal,land,pixelated,deer_00166
noise/deer/deer_noise_00015.png,deer,animal,land,noise,deer_00166
clean/horse/horse_clean_00019.png,horse,animal,land,clean,horse_00167
blur/horse/horse_blur_00019.png,horse,animal,land,blur,horse_00167
pixelated/horse/horse_pixelated_00019.png,horse,animal,land,pixelated,horse_00167
noise/horse/horse_noise_00019.png,horse,animal,land,noise,horse_00167
clean/automobile/automobile_clean_00018.png,automobile,vehicle,land,clean,automobile_00168
blur/automobile/automobile_blur_00018.png,automobile,vehicle,land,blur,automobile_00168
pixelated/automobile/automobile_pixelated_00018.png,automobile,vehicle,land,pixelated,automobile_00168
noise/automobile/automobile_noise_00018.png,automobile,vehicle,land,noise,automobile_00168
clean/bird/bird_clean_00025.png,bird,animal,air,clean,bird_00169
blur/bird/bird_blur_00025.png,bird,animal,air,blur,bird_00169
pixelated/bird/bird_pixelated_00025.png,bird,animal,air,pixelated,bird_00169
noise/bird/bird_noise_00025.png,bird,animal,air,noise,bird_00169
clean/truck/truck_clean_00014.png,truck,vehicle,land,clean,truck_00170
blur/truck/truck_blur_00014.png,truck,vehicle,land,blur,truck_00170
pixelated/truck/truck_pixelated_00014.png,truck,vehicle,land,pixelated,truck_00170
noise/truck/truck_noise_00014.png,truck,vehicle,land,noise,truck_00170
clean/automobile/automobile_clean_00019.png,automobile,vehicle,land,clean,automobile_00171
blur/automobile/automobile_blur_00019.png,automobile,vehicle,land,blur,automobile_00171
pixelated/automobile/automobile_pixelated_00019.png,automobile,vehicle,land,pixelated,automobile_00171
noise/automobile/automobile_noise_00019.png,automobile,vehicle,land,noise,automobile_00171
clean/bird/bird_clean_00026.png,bird,animal,air,clean,bird_00172
blur/bird/bird_blur_00026.png,bird,animal,air,blur,bird_00172
pixelated/bird/bird_pixelated_00026.png,bird,animal,air,pixelated,bird_00172
noise/bird/bird_noise_00026.png,bird,animal,air,noise,bird_00172
clean/cat/cat_clean_00016.png,cat,animal,land,clean,cat_00173
blur/cat/cat_blur_00016.png,cat,animal,land,blur,cat_00173
pixelated/cat/cat_pixelated_00016.png,cat,animal,land,pixelated,cat_00173
noise/cat/cat_noise_00016.png,cat,animal,land,noise,cat_00173
clean/airplane/airplane_clean_00020.png,airplane,vehicle,air,clean,airplane_00174
blur/airplane/airplane_blur_00020.png,airplane,vehicle,air,blur,airplane_00174
pixelated/airplane/airplane_pixelated_00020.png,airplane,vehicle,air,pixelated,airplane_00174
noise/airplane/airplane_noise_00020.png,airplane,vehicle,air,noise,airplane_00174
clean/deer/deer_clean_00016.png,deer,animal,land,clean,deer_00175
blur/deer/deer_blur_00016.png,deer,animal,land,blur,deer_00175
pixelated/deer/deer_pixelated_00016.png,deer,animal,land,pixelated,deer_00175
noise/deer/deer_noise_00016.png,deer,animal,land,noise,deer_00175
clean/ship/ship_clean_00017.png,ship,vehicle,water,clean,ship_00176
blur/ship/ship_blur_00017.png,ship,vehicle,water,blur,ship_00176
pixelated/ship/ship_pixelated_00017.png,ship,vehicle,water,pixelated,ship_00176
noise/ship/ship_noise_00017.png,ship,vehicle,water,noise,ship_00176
clean/deer/deer_clean_00017.png,deer,animal,land,clean,deer_00177
blur/deer/deer_blur_00017.png,deer,animal,land,blur,deer_00177
pixelated/deer/deer_pixelated_00017.png,deer,animal,land,pixelated,deer_00177
noise/deer/deer_noise_00017.png,deer,animal,land,noise,deer_00177
clean/bird/bird_clean_00027.png,bird,animal,air,clean,bird_00178
blur/bird/bird_blur_00027.png,bird,animal,air,blur,bird_00178
pixelated/bird/bird_pixelated_00027.png,bird,animal,air,pixelated,bird_00178
noise/bird/bird_noise_00027.png,bird,animal,air,noise,bird_00178
clean/frog/frog_clean_00016.png,frog,animal,land,clean,frog_00179
blur/frog/frog_blur_00016.png,frog,animal,land,blur,frog_00179
pixelated/frog/frog_pixelated_00016.png,frog,animal,land,pixelated,frog_00179
noise/frog/frog_noise_00016.png,frog,animal,land,noise,frog_00179
clean/airplane/airplane_clean_00021.png,airplane,vehicle,air,clean,airplane_00180
blur/airplane/airplane_blur_00021.png,airplane,vehicle,air,blur,airplane_00180
pixelated/airplane/airplane_pixelated_00021.png,airplane,vehicle,air,pixelated,airplane_00180
noise/airplane/airplane_noise_00021.png,airplane,vehicle,air,noise,airplane_00180
clean/ship/ship_clean_00018.png,ship,vehicle,water,clean,ship_00181
blur/ship/ship_blur_00018.png,ship,vehicle,water,blur,ship_00181
pixelated/ship/ship_pixelated_00018.png,ship,vehicle,water,pixelated,ship_00181
noise/ship/ship_noise_00018.png,ship,vehicle,water,noise,ship_00181
clean/cat/cat_clean_00017.png,cat,animal,land,clean,cat_00182
blur/cat/cat_blur_00017.png,cat,animal,land,blur,cat_00182
pixelated/cat/cat_pixelated_00017.png,cat,animal,land,pixelated,cat_00182
noise/cat/cat_noise_00017.png,cat,animal,land,noise,cat_00182
clean/bird/bird_clean_00028.png,bird,animal,air,clean,bird_00183
blur/bird/bird_blur_00028.png,bird,animal,air,blur,bird_00183
pixelated/bird/bird_pixelated_00028.png,bird,animal,air,pixelated,bird_00183
noise/bird/bird_noise_00028.png,bird,animal,air,noise,bird_00183
clean/bird/bird_clean_00029.png,bird,animal,air,clean,bird_00184
blur/bird/bird_blur_00029.png,bird,animal,air,blur,bird_00184
pixelated/bird/bird_pixelated_00029.png,bird,animal,air,pixelated,bird_00184
noise/bird/bird_noise_00029.png,bird,animal,air,noise,bird_00184
clean/automobile/automobile_clean_00020.png,automobile,vehicle,land,clean,automobile_00185
blur/automobile/automobile_blur_00020.png,automobile,vehicle,land,blur,automobile_00185
pixelated/automobile/automobile_pixelated_00020.png,automobile,vehicle,land,pixelated,automobile_00185
noise/automobile/automobile_noise_00020.png,automobile,vehicle,land,noise,automobile_00185
clean/airplane/airplane_clean_00022.png,airplane,vehicle,air,clean,airplane_00186
blur/airplane/airplane_blur_00022.png,airplane,vehicle,air,blur,airplane_00186
pixelated/airplane/airplane_pixelated_00022.png,airplane,vehicle,air,pixelated,airplane_00186
noise/airplane/airplane_noise_00022.png,airplane,vehicle,air,noise,airplane_00186
clean/deer/deer_clean_00018.png,deer,animal,land,clean,deer_00187
blur/deer/deer_blur_00018.png,deer,animal,land,blur,deer_00187
pixelated/deer/deer_pixelated_00018.png,deer,animal,land,pixelated,deer_00187
noise/deer/deer_noise_00018.png,deer,animal,land,noise,deer_00187
clean/airplane/airplane_clean_00023.png,airplane,vehicle,air,clean,airplane_00188
blur/airplane/airplane_blur_00023.png,airplane,vehicle,air,blur,airplane_00188
pixelated/airplane/airplane_pixelated_00023.png,airplane,vehicle,air,pixelated,airplane_00188
noise/airplane/airplane_noise_00023.png,airplane,vehicle,air,noise,airplane_00188
clean/dog/dog_clean_00015.png,dog,animal,land,clean,dog_00189
blur/dog/dog_blur_00015.png,dog,animal,land,blur,dog_00189
pixelated/dog/dog_pixelated_00015.png,dog,animal,land,pixelated,dog_00189
noise/dog/dog_noise_00015.png,dog,animal,land,noise,dog_00189
clean/automobile/automobile_clean_00021.png,automobile,vehicle,land,clean,automobile_00190
blur/automobile/automobile_blur_00021.png,automobile,vehicle,land,blur,automobile_00190
pixelated/automobile/automobile_pixelated_00021.png,automobile,vehicle,land,pixelated,automobile_00190
noise/automobile/automobile_noise_00021.png,automobile,vehicle,land,noise,automobile_00190
clean/bird/bird_clean_00030.png,bird,animal,air,clean,bird_00191
blur/bird/bird_blur_00030.png,bird,animal,air,blur,bird_00191
pixelated/bird/bird_pixelated_00030.png,bird,animal,air,pixelated,bird_00191
noise/bird/bird_noise_00030.png,bird,animal,air,noise,bird_00191
clean/ship/ship_clean_00019.png,ship,vehicle,water,clean,ship_00192
blur/ship/ship_blur_00019.png,ship,vehicle,water,blur,ship_00192
pixelated/ship/ship_pixelated_00019.png,ship,vehicle,water,pixelated,ship_00192
noise/ship/ship_noise_00019.png,ship,vehicle,water,noise,ship_00192
clean/cat/cat_clean_00018.png,cat,animal,land,clean,cat_00193
blur/cat/cat_blur_00018.png,cat,animal,land,blur,cat_00193
pixelated/cat/cat_pixelated_00018.png,cat,animal,land,pixelated,cat_00193
noise/cat/cat_noise_00018.png,cat,animal,land,noise,cat_00193
clean/deer/deer_clean_00019.png,deer,animal,land,clean,deer_00194
blur/deer/deer_blur_00019.png,deer,animal,land,blur,deer_00194
pixelated/deer/deer_pixelated_00019.png,deer,animal,land,pixelated,deer_00194
noise/deer/deer_noise_00019.png,deer,animal,land,noise,deer_00194
clean/dog/dog_clean_00016.png,dog,animal,land,clean,dog_00195
blur/dog/dog_blur_00016.png,dog,animal,land,blur,dog_00195
pixelated/dog/dog_pixelated_00016.png,dog,animal,land,pixelated,dog_00195
noise/dog/dog_noise_00016.png,dog,animal,land,noise,dog_00195
clean/dog/dog_clean_00017.png,dog,animal,land,clean,dog_00196
blur/dog/dog_blur_00017.png,dog,animal,land,blur,dog_00196
pixelated/dog/dog_pixelated_00017.png,dog,animal,land,pixelated,dog_00196
noise/dog/dog_noise_00017.png,dog,animal,land,noise,dog_00196
clean/airplane/airplane_clean_00024.png,airplane,vehicle,air,clean,airplane_00197
blur/airplane/airplane_blur_00024.png,airplane,vehicle,air,blur,airplane_00197
pixelated/airplane/airplane_pixelated_00024.png,airplane,vehicle,air,pixelated,airplane_00197
noise/airplane/airplane_noise_00024.png,airplane,vehicle,air,noise,airplane_00197
clean/deer/deer_clean_00020.png,deer,animal,land,clean,deer_00198
blur/deer/deer_blur_00020.png,deer,animal,land,blur,deer_00198
pixelated/deer/deer_pixelated_00020.png,deer,animal,land,pixelated,deer_00198
noise/deer/deer_noise_00020.png,deer,animal,land,noise,deer_00198
clean/airplane/airplane_clean_00025.png,airplane,vehicle,air,clean,airplane_00199
blur/airplane/airplane_blur_00025.png,airplane,vehicle,air,blur,airplane_00199
pixelated/airplane/airplane_pixelated_00025.png,airplane,vehicle,air,pixelated,airplane_00199
noise/airplane/airplane_noise_00025.png,airplane,vehicle,air,noise,airplane_00199
clean/cat/cat_clean_00019.png,cat,animal,land,clean,cat_00200
blur/cat/cat_blur_00019.png,cat,animal,land,blur,cat_00200
pixelated/cat/cat_pixelated_00019.png,cat,animal,land,pixelated,cat_00200
noise/cat/cat_noise_00019.png,cat,animal,land,noise,cat_00200
clean/frog/frog_clean_00017.png,frog,animal,land,clean,frog_00201
blur/frog/frog_blur_00017.png,frog,animal,land,blur,frog_00201
pixelated/frog/frog_pixelated_00017.png,frog,animal,land,pixelated,frog_00201
noise/frog/frog_noise_00017.png,frog,animal,land,noise,frog_00201
clean/truck/truck_clean_00015.png,truck,vehicle,land,clean,truck_00202
blur/truck/truck_blur_00015.png,truck,vehicle,land,blur,truck_00202
pixelated/truck/truck_pixelated_00015.png,truck,vehicle,land,pixelated,truck_00202
noise/truck/truck_noise_00015.png,truck,vehicle,land,noise,truck_00202
clean/horse/horse_clean_00020.png,horse,animal,land,clean,horse_00203
blur/horse/horse_blur_00020.png,horse,animal,land,blur,horse_00203
pixelated/horse/horse_pixelated_00020.png,horse,animal,land,pixelated,horse_00203
noise/horse/horse_noise_00020.png,horse,animal,land,noise,horse_00203
clean/frog/frog_clean_00018.png,frog,animal,land,clean,frog_00204
blur/frog/frog_blur_00018.png,frog,animal,land,blur,frog_00204
pixelated/frog/frog_pixelated_00018.png,frog,animal,land,pixelated,frog_00204
noise/frog/frog_noise_00018.png,frog,animal,land,noise,frog_00204
clean/truck/truck_clean_00016.png,truck,vehicle,land,clean,truck_00205
blur/truck/truck_blur_00016.png,truck,vehicle,land,blur,truck_00205
pixelated/truck/truck_pixelated_00016.png,truck,vehicle,land,pixelated,truck_00205
noise/truck/truck_noise_00016.png,truck,vehicle,land,noise,truck_00205
clean/cat/cat_clean_00020.png,cat,animal,land,clean,cat_00206
blur/cat/cat_blur_00020.png,cat,animal,land,blur,cat_00206
pixelated/cat/cat_pixelated_00020.png,cat,animal,land,pixelated,cat_00206
noise/cat/cat_noise_00020.png,cat,animal,land,noise,cat_00206
clean/frog/frog_clean_00019.png,frog,animal,land,clean,frog_00207
blur/frog/frog_blur_00019.png,frog,animal,land,blur,frog_00207
pixelated/frog/frog_pixelated_00019.png,frog,animal,land,pixelated,frog_00207
noise/frog/frog_noise_00019.png,frog,animal,land,noise,frog_00207
clean/frog/frog_clean_00020.png,frog,animal,land,clean,frog_00208
blur/frog/frog_blur_00020.png,frog,animal,land,blur,frog_00208
pixelated/frog/frog_pixelated_00020.png,frog,animal,land,pixelated,frog_00208
noise/frog/frog_noise_00020.png,frog,animal,land,noise,frog_00208
clean/dog/dog_clean_00018.png,dog,animal,land,clean,dog_00209
blur/dog/dog_blur_00018.png,dog,animal,land,blur,dog_00209
pixelated/dog/dog_pixelated_00018.png,dog,animal,land,pixelated,dog_00209
noise/dog/dog_noise_00018.png,dog,animal,land,noise,dog_00209
clean/horse/horse_clean_00021.png,horse,animal,land,clean,horse_00210
blur/horse/horse_blur_00021.png,horse,animal,land,blur,horse_00210
pixelated/horse/horse_pixelated_00021.png,horse,animal,land,pixelated,horse_00210
noise/horse/horse_noise_00021.png,horse,animal,land,noise,horse_00210
clean/airplane/airplane_clean_00026.png,airplane,vehicle,air,clean,airplane_00211
blur/airplane/airplane_blur_00026.png,airplane,vehicle,air,blur,airplane_00211
pixelated/airplane/airplane_pixelated_00026.png,airplane,vehicle,air,pixelated,airplane_00211
noise/airplane/airplane_noise_00026.png,airplane,vehicle,air,noise,airplane_00211
clean/airplane/airplane_clean_00027.png,airplane,vehicle,air,clean,airplane_00212
blur/airplane/airplane_blur_00027.png,airplane,vehicle,air,blur,airplane_00212
pixelated/airplane/airplane_pixelated_00027.png,airplane,vehicle,air,pixelated,airplane_00212
noise/airplane/airplane_noise_00027.png,airplane,vehicle,air,noise,airplane_00212
clean/truck/truck_clean_00017.png,truck,vehicle,land,clean,truck_00213
blur/truck/truck_blur_00017.png,truck,vehicle,land,blur,truck_00213
pixelated/truck/truck_pixelated_00017.png,truck,vehicle,land,pixelated,truck_00213
noise/truck/truck_noise_00017.png,truck,vehicle,land,noise,truck_00213
clean/deer/deer_clean_00021.png,deer,animal,land,clean,deer_00214
blur/deer/deer_blur_00021.png,deer,animal,land,blur,deer_00214
pixelated/deer/deer_pixelated_00021.png,deer,animal,land,pixelated,deer_00214
noise/deer/deer_noise_00021.png,deer,animal,land,noise,deer_00214
clean/cat/cat_clean_00021.png,cat,animal,land,clean,cat_00215
blur/cat/cat_blur_00021.png,cat,animal,land,blur,cat_00215
pixelated/cat/cat_pixelated_00021.png,cat,animal,land,pixelated,cat_00215
noise/cat/cat_noise_00021.png,cat,animal,land,noise,cat_00215
clean/horse/horse_clean_00022.png,horse,animal,land,clean,horse_00216
blur/horse/horse_blur_00022.png,horse,animal,land,blur,horse_00216
pixelated/horse/horse_pixelated_00022.png,horse,animal,land,pixelated,horse_00216
noise/horse/horse_noise_00022.png,horse,animal,land,noise,horse_00216
clean/cat/cat_clean_00022.png,cat,animal,land,clean,cat_00217
blur/cat/cat_blur_00022.png,cat,animal,land,blur,cat_00217
pixelated/cat/cat_pixelated_00022.png,cat,animal,land,pixelated,cat_00217
noise/cat/cat_noise_00022.png,cat,animal,land,noise,cat_00217
clean/airplane/airplane_clean_00028.png,airplane,vehicle,air,clean,airplane_00218
blur/airplane/airplane_blur_00028.png,airplane,vehicle,air,blur,airplane_00218
pixelated/airplane/airplane_pixelated_00028.png,airplane,vehicle,air,pixelated,airplane_00218
noise/airplane/airplane_noise_00028.png,airplane,vehicle,air,noise,airplane_00218
clean/frog/frog_clean_00021.png,frog,animal,land,clean,frog_00219
blur/frog/frog_blur_00021.png,frog,animal,land,blur,frog_00219
pixelated/frog/frog_pixelated_00021.png,frog,animal,land,pixelated,frog_00219
noise/frog/frog_noise_00021.png,frog,animal,land,noise,frog_00219
clean/automobile/automobile_clean_00022.png,automobile,vehicle,land,clean,automobile_00220
blur/automobile/automobile_blur_00022.png,automobile,vehicle,land,blur,automobile_00220
pixelated/automobile/automobile_pixelated_00022.png,automobile,vehicle,land,pixelated,automobile_00220
noise/automobile/automobile_noise_00022.png,automobile,vehicle,land,noise,automobile_00220
clean/airplane/airplane_clean_00029.png,airplane,vehicle,air,clean,airplane_00221
blur/airplane/airplane_blur_00029.png,airplane,vehicle,air,blur,airplane_00221
pixelated/airplane/airplane_pixelated_00029.png,airplane,vehicle,air,pixelated,airplane_00221
noise/airplane/airplane_noise_00029.png,airplane,vehicle,air,noise,airplane_00221
clean/bird/bird_clean_00031.png,bird,animal,air,clean,bird_00222
blur/bird/bird_blur_00031.png,bird,animal,air,blur,bird_00222
pixelated/bird/bird_pixelated_00031.png,bird,animal,air,pixelated,bird_00222
noise/bird/bird_noise_00031.png,bird,animal,air,noise,bird_00222
clean/airplane/airplane_clean_00030.png,airplane,vehicle,air,clean,airplane_00223
blur/airplane/airplane_blur_00030.png,airplane,vehicle,air,blur,airplane_00223
pixelated/airplane/airplane_pixelated_00030.png,airplane,vehicle,air,pixelated,airplane_00223
noise/airplane/airplane_noise_00030.png,airplane,vehicle,air,noise,airplane_00223
clean/cat/cat_clean_00023.png,cat,animal,land,clean,cat_00224
blur/cat/cat_blur_00023.png,cat,animal,land,blur,cat_00224
pixelated/cat/cat_pixelated_00023.png,cat,animal,land,pixelated,cat_00224
noise/cat/cat_noise_00023.png,cat,animal,land,noise,cat_00224
clean/bird/bird_clean_00032.png,bird,animal,air,clean,bird_00225
blur/bird/bird_blur_00032.png,bird,animal,air,blur,bird_00225
pixelated/bird/bird_pixelated_00032.png,bird,animal,air,pixelated,bird_00225
noise/bird/bird_noise_00032.png,bird,animal,air,noise,bird_00225
clean/automobile/automobile_clean_00023.png,automobile,vehicle,land,clean,automobile_00226
blur/automobile/automobile_blur_00023.png,automobile,vehicle,land,blur,automobile_00226
pixelated/automobile/automobile_pixelated_00023.png,automobile,vehicle,land,pixelated,automobile_00226
noise/automobile/automobile_noise_00023.png,automobile,vehicle,land,noise,automobile_00226
clean/deer/deer_clean_00022.png,deer,animal,land,clean,deer_00227
blur/deer/deer_blur_00022.png,deer,animal,land,blur,deer_00227
pixelated/deer/deer_pixelated_00022.png,deer,animal,land,pixelated,deer_00227
noise/deer/deer_noise_00022.png,deer,animal,land,noise,deer_00227
clean/truck/truck_clean_00018.png,truck,vehicle,land,clean,truck_00228
blur/truck/truck_blur_00018.png,truck,vehicle,land,blur,truck_00228
pixelated/truck/truck_pixelated_00018.png,truck,vehicle,land,pixelated,truck_00228
noise/truck/truck_noise_00018.png,truck,vehicle,land,noise,truck_00228
clean/automobile/automobile_clean_00024.png,automobile,vehicle,land,clean,automobile_00229
blur/automobile/automobile_blur_00024.png,automobile,vehicle,land,blur,automobile_00229
pixelated/automobile/automobile_pixelated_00024.png,automobile,vehicle,land,pixelated,automobile_00229
noise/automobile/automobile_noise_00024.png,automobile,vehicle,land,noise,automobile_00229
clean/horse/horse_clean_00023.png,horse,animal,land,clean,horse_00230
blur/horse/horse_blur_00023.png,horse,animal,land,blur,horse_00230
pixelated/horse/horse_pixelated_00023.png,horse,animal,land,pixelated,horse_00230
noise/horse/horse_noise_00023.png,horse,animal,land,noise,horse_00230
clean/dog/dog_clean_00019.png,dog,animal,land,clean,dog_00231
blur/dog/dog_blur_00019.png,dog,animal,land,blur,dog_00231
pixelated/dog/dog_pixelated_00019.png,dog,animal,land,pixelated,dog_00231
noise/dog/dog_noise_00019.png,dog,animal,land,noise,dog_00231
clean/deer/deer_clean_00023.png,deer,animal,land,clean,deer_00232
blur/deer/deer_blur_00023.png,deer,animal,land,blur,deer_00232
pixelated/deer/deer_pixelated_00023.png,deer,animal,land,pixelated,deer_00232
noise/deer/deer_noise_00023.png,deer,animal,land,noise,deer_00232
clean/truck/truck_clean_00019.png,truck,vehicle,land,clean,truck_00233
blur/truck/truck_blur_00019.png,truck,vehicle,land,blur,truck_00233
pixelated/truck/truck_pixelated_00019.png,truck,vehicle,land,pixelated,truck_00233
noise/truck/truck_noise_00019.png,truck,vehicle,land,noise,truck_00233
clean/airplane/airplane_clean_00031.png,airplane,vehicle,air,clean,airplane_00234
blur/airplane/airplane_blur_00031.png,airplane,vehicle,air,blur,airplane_00234
pixelated/airplane/airplane_pixelated_00031.png,airplane,vehicle,air,pixelated,airplane_00234
noise/airplane/airplane_noise_00031.png,airplane,vehicle,air,noise,airplane_00234
clean/bird/bird_clean_00033.png,bird,animal,air,clean,bird_00235
blur/bird/bird_blur_00033.png,bird,animal,air,blur,bird_00235
pixelated/bird/bird_pixelated_00033.png,bird,animal,air,pixelated,bird_00235
noise/bird/bird_noise_00033.png,bird,animal,air,noise,bird_00235
clean/airplane/airplane_clean_00032.png,airplane,vehicle,air,clean,airplane_00236
blur/airplane/airplane_blur_00032.png,airplane,vehicle,air,blur,airplane_00236
pixelated/airplane/airplane_pixelated_00032.png,airplane,vehicle,air,pixelated,airplane_00236
noise/airplane/airplane_noise_00032.png,airplane,vehicle,air,noise,airplane_00236
clean/bird/bird_clean_00034.png,bird,animal,air,clean,bird_00237
blur/bird/bird_blur_00034.png,bird,animal,air,blur,bird_00237
pixelated/bird/bird_pixelated_00034.png,bird,animal,air,pixelated,bird_00237
noise/bird/bird_noise_00034.png,bird,animal,air,noise,bird_00237
clean/cat/cat_clean_00024.png,cat,animal,land,clean,cat_00238
blur/cat/cat_blur_00024.png,cat,animal,land,blur,cat_00238
pixelated/cat/cat_pixelated_00024.png,cat,animal,land,pixelated,cat_00238
noise/cat/cat_noise_00024.png,cat,animal,land,noise,cat_00238
clean/deer/deer_clean_00024.png,deer,animal,land,clean,deer_00239
blur/deer/deer_blur_00024.png,deer,animal,land,blur,deer_00239
pixelated/deer/deer_pixelated_00024.png,deer,animal,land,pixelated,deer_00239
noise/deer/deer_noise_00024.png,deer,animal,land,noise,deer_00239
clean/truck/truck_clean_00020.png,truck,vehicle,land,clean,truck_00240
blur/truck/truck_blur_00020.png,truck,vehicle,land,blur,truck_00240
pixelated/truck/truck_pixelated_00020.png,truck,vehicle,land,pixelated,truck_00240
noise/truck/truck_noise_00020.png,truck,vehicle,land,noise,truck_00240
clean/frog/frog_clean_00022.png,frog,animal,land,clean,frog_00241
blur/frog/frog_blur_00022.png,frog,animal,land,blur,frog_00241
pixelated/frog/frog_pixelated_00022.png,frog,animal,land,pixelated,frog_00241
noise/frog/frog_noise_00022.png,frog,animal,land,noise,frog_00241
clean/dog/dog_clean_00020.png,dog,animal,land,clean,dog_00242
blur/dog/dog_blur_00020.png,dog,animal,land,blur,dog_00242
pixelated/dog/dog_pixelated_00020.png,dog,animal,land,pixelated,dog_00242
noise/dog/dog_noise_00020.png,dog,animal,land,noise,dog_00242
clean/dog/dog_clean_00021.png,dog,animal,land,clean,dog_00243
blur/dog/dog_blur_00021.png,dog,animal,land,blur,dog_00243
pixelated/dog/dog_pixelated_00021.png,dog,animal,land,pixelated,dog_00243
noise/dog/dog_noise_00021.png,dog,animal,land,noise,dog_00243
clean/airplane/airplane_clean_00033.png,airplane,vehicle,air,clean,airplane_00244
blur/airplane/airplane_blur_00033.png,airplane,vehicle,air,blur,airplane_00244
pixelated/airplane/airplane_pixelated_00033.png,airplane,vehicle,air,pixelated,airplane_00244
noise/airplane/airplane_noise_00033.png,airplane,vehicle,air,noise,airplane_00244
clean/ship/ship_clean_00020.png,ship,vehicle,water,clean,ship_00245
blur/ship/ship_blur_00020.png,ship,vehicle,water,blur,ship_00245
pixelated/ship/ship_pixelated_00020.png,ship,vehicle,water,pixelated,ship_00245
noise/ship/ship_noise_00020.png,ship,vehicle,water,noise,ship_00245
clean/horse/horse_clean_00024.png,horse,animal,land,clean,horse_00246
blur/horse/horse_blur_00024.png,horse,animal,land,blur,horse_00246
pixelated/horse/horse_pixelated_00024.png,horse,animal,land,pixelated,horse_00246
noise/horse/horse_noise_00024.png,horse,animal,land,noise,horse_00246
clean/frog/frog_clean_00023.png,frog,animal,land,clean,frog_00247
blur/frog/frog_blur_00023.png,frog,animal,land,blur,frog_00247
pixelated/frog/frog_pixelated_00023.png,frog,animal,land,pixelated,frog_00247
noise/frog/frog_noise_00023.png,frog,animal,land,noise,frog_00247
clean/dog/dog_clean_00022.png,dog,animal,land,clean,dog_00248
blur/dog/dog_blur_00022.png,dog,animal,land,blur,dog_00248
pixelated/dog/dog_pixelated_00022.png,dog,animal,land,pixelated,dog_00248
noise/dog/dog_noise_00022.png,dog,animal,land,noise,dog_00248
clean/deer/deer_clean_00025.png,deer,animal,land,clean,deer_00249
blur/deer/deer_blur_00025.png,deer,animal,land,blur,deer_00249
pixelated/deer/deer_pixelated_00025.png,deer,animal,land,pixelated,deer_00249
noise/deer/deer_noise_00025.png,deer,animal,land,noise,deer_00249
clean/deer/deer_clean_00026.png,deer,animal,land,clean,deer_00250
blur/deer/deer_blur_00026.png,deer,animal,land,blur,deer_00250
pixelated/deer/deer_pixelated_00026.png,deer,animal,land,pixelated,deer_00250
noise/deer/deer_noise_00026.png,deer,animal,land,noise,deer_00250
clean/cat/cat_clean_00025.png,cat,animal,land,clean,cat_00251
blur/cat/cat_blur_00025.png,cat,animal,land,blur,cat_00251
pixelated/cat/cat_pixelated_00025.png,cat,animal,land,pixelated,cat_00251
noise/cat/cat_noise_00025.png,cat,animal,land,noise,cat_00251
clean/bird/bird_clean_00035.png,bird,animal,air,clean,bird_00252
blur/bird/bird_blur_00035.png,bird,animal,air,blur,bird_00252
pixelated/bird/bird_pixelated_00035.png,bird,animal,air,pixelated,bird_00252
noise/bird/bird_noise_00035.png,bird,animal,air,noise,bird_00252
clean/cat/cat_clean_00026.png,cat,animal,land,clean,cat_00253
blur/cat/cat_blur_00026.png,cat,animal,land,blur,cat_00253
pixelated/cat/cat_pixelated_00026.png,cat,animal,land,pixelated,cat_00253
noise/cat/cat_noise_00026.png,cat,animal,land,noise,cat_00253
clean/horse/horse_clean_00025.png,horse,animal,land,clean,horse_00254
blur/horse/horse_blur_00025.png,horse,animal,land,blur,horse_00254
pixelated/horse/horse_pixelated_00025.png,horse,animal,land,pixelated,horse_00254
noise/horse/horse_noise_00025.png,horse,animal,land,noise,horse_00254
clean/ship/ship_clean_00021.png,ship,vehicle,water,clean,ship_00255
blur/ship/ship_blur_00021.png,ship,vehicle,water,blur,ship_00255
pixelated/ship/ship_pixelated_00021.png,ship,vehicle,water,pixelated,ship_00255
noise/ship/ship_noise_00021.png,ship,vehicle,water,noise,ship_00255
clean/cat/cat_clean_00027.png,cat,animal,land,clean,cat_00256
blur/cat/cat_blur_00027.png,cat,animal,land,blur,cat_00256
pixelated/cat/cat_pixelated_00027.png,cat,animal,land,pixelated,cat_00256
noise/cat/cat_noise_00027.png,cat,animal,land,noise,cat_00256
clean/bird/bird_clean_00036.png,bird,animal,air,clean,bird_00257
blur/bird/bird_blur_00036.png,bird,animal,air,blur,bird_00257
pixelated/bird/bird_pixelated_00036.png,bird,animal,air,pixelated,bird_00257
noise/bird/bird_noise_00036.png,bird,animal,air,noise,bird_00257
clean/cat/cat_clean_00028.png,cat,animal,land,clean,cat_00258
blur/cat/cat_blur_00028.png,cat,animal,land,blur,cat_00258
pixelated/cat/cat_pixelated_00028.png,cat,animal,land,pixelated,cat_00258
noise/cat/cat_noise_00028.png,cat,animal,land,noise,cat_00258
clean/bird/bird_clean_00037.png,bird,animal,air,clean,bird_00259
blur/bird/bird_blur_00037.png,bird,animal,air,blur,bird_00259
pixelated/bird/bird_pixelated_00037.png,bird,animal,air,pixelated,bird_00259
noise/bird/bird_noise_00037.png,bird,animal,air,noise,bird_00259
clean/truck/truck_clean_00021.png,truck,vehicle,land,clean,truck_00260
blur/truck/truck_blur_00021.png,truck,vehicle,land,blur,truck_00260
pixelated/truck/truck_pixelated_00021.png,truck,vehicle,land,pixelated,truck_00260
noise/truck/truck_noise_00021.png,truck,vehicle,land,noise,truck_00260
clean/automobile/automobile_clean_00025.png,automobile,vehicle,land,clean,automobile_00261
blur/automobile/automobile_blur_00025.png,automobile,vehicle,land,blur,automobile_00261
pixelated/automobile/automobile_pixelated_00025.png,automobile,vehicle,land,pixelated,automobile_00261
noise/automobile/automobile_noise_00025.png,automobile,vehicle,land,noise,automobile_00261
clean/horse/horse_clean_00026.png,horse,animal,land,clean,horse_00262
blur/horse/horse_blur_00026.png,horse,animal,land,blur,horse_00262
pixelated/horse/horse_pixelated_00026.png,horse,animal,land,pixelated,horse_00262
noise/horse/horse_noise_00026.png,horse,animal,land,noise,horse_00262
clean/truck/truck_clean_00022.png,truck,vehicle,land,clean,truck_00263
blur/truck/truck_blur_00022.png,truck,vehicle,land,blur,truck_00263
pixelated/truck/truck_pixelated_00022.png,truck,vehicle,land,pixelated,truck_00263
noise/truck/truck_noise_00022.png,truck,vehicle,land,noise,truck_00263
clean/airplane/airplane_clean_00034.png,airplane,vehicle,air,clean,airplane_00264
blur/airplane/airplane_blur_00034.png,airplane,vehicle,air,blur,airplane_00264
pixelated/airplane/airplane_pixelated_00034.png,airplane,vehicle,air,pixelated,airplane_00264
noise/airplane/airplane_noise_00034.png,airplane,vehicle,air,noise,airplane_00264
clean/automobile/automobile_clean_00026.png,automobile,vehicle,land,clean,automobile_00265
blur/automobile/automobile_blur_00026.png,automobile,vehicle,land,blur,automobile_00265
pixelated/automobile/automobile_pixelated_00026.png,automobile,vehicle,land,pixelated,automobile_00265
noise/automobile/automobile_noise_00026.png,automobile,vehicle,land,noise,automobile_00265
clean/truck/truck_clean_00023.png,truck,vehicle,land,clean,truck_00266
blur/truck/truck_blur_00023.png,truck,vehicle,land,blur,truck_00266
pixelated/truck/truck_pixelated_00023.png,truck,vehicle,land,pixelated,truck_00266
noise/truck/truck_noise_00023.png,truck,vehicle,land,noise,truck_00266
clean/frog/frog_clean_00024.png,frog,animal,land,clean,frog_00267
blur/frog/frog_blur_00024.png,frog,animal,land,blur,frog_00267
pixelated/frog/frog_pixelated_00024.png,frog,animal,land,pixelated,frog_00267
noise/frog/frog_noise_00024.png,frog,animal,land,noise,frog_00267
clean/truck/truck_clean_00024.png,truck,vehicle,land,clean,truck_00268
blur/truck/truck_blur_00024.png,truck,vehicle,land,blur,truck_00268
pixelated/truck/truck_pixelated_00024.png,truck,vehicle,land,pixelated,truck_00268
noise/truck/truck_noise_00024.png,truck,vehicle,land,noise,truck_00268
clean/automobile/automobile_clean_00027.png,automobile,vehicle,land,clean,automobile_00269
blur/automobile/automobile_blur_00027.png,automobile,vehicle,land,blur,automobile_00269
pixelated/automobile/automobile_pixelated_00027.png,automobile,vehicle,land,pixelated,automobile_00269
noise/automobile/automobile_noise_00027.png,automobile,vehicle,land,noise,automobile_00269
clean/horse/horse_clean_00027.png,horse,animal,land,clean,horse_00270
blur/horse/horse_blur_00027.png,horse,animal,land,blur,horse_00270
pixelated/horse/horse_pixelated_00027.png,horse,animal,land,pixelated,horse_00270
noise/horse/horse_noise_00027.png,horse,animal,land,noise,horse_00270
clean/horse/horse_clean_00028.png,horse,animal,land,clean,horse_00271
blur/horse/horse_blur_00028.png,horse,animal,land,blur,horse_00271
pixelated/horse/horse_pixelated_00028.png,horse,animal,land,pixelated,horse_00271
noise/horse/horse_noise_00028.png,horse,animal,land,noise,horse_00271
clean/horse/horse_clean_00029.png,horse,animal,land,clean,horse_00272
blur/horse/horse_blur_00029.png,horse,animal,land,blur,horse_00272
pixelated/horse/horse_pixelated_00029.png,horse,animal,land,pixelated,horse_00272
noise/horse/horse_noise_00029.png,horse,animal,land,noise,horse_00272
clean/airplane/airplane_clean_00035.png,airplane,vehicle,air,clean,airplane_00273
blur/airplane/airplane_blur_00035.png,airplane,vehicle,air,blur,airplane_00273
pixelated/airplane/airplane_pixelated_00035.png,airplane,vehicle,air,pixelated,airplane_00273
noise/airplane/airplane_noise_00035.png,airplane,vehicle,air,noise,airplane_00273
clean/ship/ship_clean_00022.png,ship,vehicle,water,clean,ship_00274
blur/ship/ship_blur_00022.png,ship,vehicle,water,blur,ship_00274
pixelated/ship/ship_pixelated_00022.png,ship,vehicle,water,pixelated,ship_00274
noise/ship/ship_noise_00022.png,ship,vehicle,water,noise,ship_00274
clean/automobile/automobile_clean_00028.png,automobile,vehicle,land,clean,automobile_00275
blur/automobile/automobile_blur_00028.png,automobile,vehicle,land,blur,automobile_00275
pixelated/automobile/automobile_pixelated_00028.png,automobile,vehicle,land,pixelated,automobile_00275
noise/automobile/automobile_noise_00028.png,automobile,vehicle,land,noise,automobile_00275
clean/truck/truck_clean_00025.png,truck,vehicle,land,clean,truck_00276
blur/truck/truck_blur_00025.png,truck,vehicle,land,blur,truck_00276
pixelated/truck/truck_pixelated_00025.png,truck,vehicle,land,pixelated,truck_00276
noise/truck/truck_noise_00025.png,truck,vehicle,land,noise,truck_00276
clean/frog/frog_clean_00025.png,frog,animal,land,clean,frog_00277
blur/frog/frog_blur_00025.png,frog,animal,land,blur,frog_00277
pixelated/frog/frog_pixelated_00025.png,frog,animal,land,pixelated,frog_00277
noise/frog/frog_noise_00025.png,frog,animal,land,noise,frog_00277
clean/automobile/automobile_clean_00029.png,automobile,vehicle,land,clean,automobile_00278
blur/automobile/automobile_blur_00029.png,automobile,vehicle,land,blur,automobile_00278
pixelated/automobile/automobile_pixelated_00029.png,automobile,vehicle,land,pixelated,automobile_00278
noise/automobile/automobile_noise_00029.png,automobile,vehicle,land,noise,automobile_00278
clean/airplane/airplane_clean_00036.png,airplane,vehicle,air,clean,airplane_00279
blur/airplane/airplane_blur_00036.png,airplane,vehicle,air,blur,airplane_00279
pixelated/airplane/airplane_pixelated_00036.png,airplane,vehicle,air,pixelated,airplane_00279
noise/airplane/airplane_noise_00036.png,airplane,vehicle,air,noise,airplane_00279
clean/truck/truck_clean_00026.png,truck,vehicle,land,clean,truck_00280
blur/truck/truck_blur_00026.png,truck,vehicle,land,blur,truck_00280
pixelated/truck/truck_pixelated_00026.png,truck,vehicle,land,pixelated,truck_00280
noise/truck/truck_noise_00026.png,truck,vehicle,land,noise,truck_00280
clean/deer/deer_clean_00027.png,deer,animal,land,clean,deer_00281
blur/deer/deer_blur_00027.png,deer,animal,land,blur,deer_00281
pixelated/deer/deer_pixelated_00027.png,deer,animal,land,pixelated,deer_00281
noise/deer/deer_noise_00027.png,deer,animal,land,noise,deer_00281
clean/dog/dog_clean_00023.png,dog,animal,land,clean,dog_00282
blur/dog/dog_blur_00023.png,dog,animal,land,blur,dog_00282
pixelated/dog/dog_pixelated_00023.png,dog,animal,land,pixelated,dog_00282
noise/dog/dog_noise_00023.png,dog,animal,land,noise,dog_00282
clean/deer/deer_clean_00028.png,deer,animal,land,clean,deer_00283
blur/deer/deer_blur_00028.png,deer,animal,land,blur,deer_00283
pixelated/deer/deer_pixelated_00028.png,deer,animal,land,pixelated,deer_00283
noise/deer/deer_noise_00028.png,deer,animal,land,noise,deer_00283
clean/bird/bird_clean_00038.png,bird,animal,air,clean,bird_00284
blur/bird/bird_blur_00038.png,bird,animal,air,blur,bird_00284
pixelated/bird/bird_pixelated_00038.png,bird,animal,air,pixelated,bird_00284
noise/bird/bird_noise_00038.png,bird,animal,air,noise,bird_00284
clean/airplane/airplane_clean_00037.png,airplane,vehicle,air,clean,airplane_00285
blur/airplane/airplane_blur_00037.png,airplane,vehicle,air,blur,airplane_00285
pixelated/airplane/airplane_pixelated_00037.png,airplane,vehicle,air,pixelated,airplane_00285
noise/airplane/airplane_noise_00037.png,airplane,vehicle,air,noise,airplane_00285
clean/dog/dog_clean_00024.png,dog,animal,land,clean,dog_00286
blur/dog/dog_blur_00024.png,dog,animal,land,blur,dog_00286
pixelated/dog/dog_pixelated_00024.png,dog,animal,land,pixelated,dog_00286
noise/dog/dog_noise_00024.png,dog,animal,land,noise,dog_00286
clean/horse/horse_clean_00030.png,horse,animal,land,clean,horse_00287
blur/horse/horse_blur_00030.png,horse,animal,land,blur,horse_00287
pixelated/horse/horse_pixelated_00030.png,horse,animal,land,pixelated,horse_00287
noise/horse/horse_noise_00030.png,horse,animal,land,noise,horse_00287
clean/deer/deer_clean_00029.png,deer,animal,land,clean,deer_00288
blur/deer/deer_blur_00029.png,deer,animal,land,blur,deer_00288
pixelated/deer/deer_pixelated_00029.png,deer,animal,land,pixelated,deer_00288
noise/deer/deer_noise_00029.png,deer,animal,land,noise,deer_00288
clean/airplane/airplane_clean_00038.png,airplane,vehicle,air,clean,airplane_00289
blur/airplane/airplane_blur_00038.png,airplane,vehicle,air,blur,airplane_00289
pixelated/airplane/airplane_pixelated_00038.png,airplane,vehicle,air,pixelated,airplane_00289
noise/airplane/airplane_noise_00038.png,airplane,vehicle,air,noise,airplane_00289
clean/cat/cat_clean_00029.png,cat,animal,land,clean,cat_00290
blur/cat/cat_blur_00029.png,cat,animal,land,blur,cat_00290
pixelated/cat/cat_pixelated_00029.png,cat,animal,land,pixelated,cat_00290
noise/cat/cat_noise_00029.png,cat,animal,land,noise,cat_00290
clean/airplane/airplane_clean_00039.png,airplane,vehicle,air,clean,airplane_00291
blur/airplane/airplane_blur_00039.png,airplane,vehicle,air,blur,airplane_00291
pixelated/airplane/airplane_pixelated_00039.png,airplane,vehicle,air,pixelated,airplane_00291
noise/airplane/airplane_noise_00039.png,airplane,vehicle,air,noise,airplane_00291
clean/ship/ship_clean_00023.png,ship,vehicle,water,clean,ship_00292
blur/ship/ship_blur_00023.png,ship,vehicle,water,blur,ship_00292
pixelated/ship/ship_pixelated_00023.png,ship,vehicle,water,pixelated,ship_00292
noise/ship/ship_noise_00023.png,ship,vehicle,water,noise,ship_00292
clean/deer/deer_clean_00030.png,deer,animal,land,clean,deer_00293
blur/deer/deer_blur_00030.png,deer,animal,land,blur,deer_00293
pixelated/deer/deer_pixelated_00030.png,deer,animal,land,pixelated,deer_00293
noise/deer/deer_noise_00030.png,deer,animal,land,noise,deer_00293
clean/dog/dog_clean_00025.png,dog,animal,land,clean,dog_00294
blur/dog/dog_blur_00025.png,dog,animal,land,blur,dog_00294
pixelated/dog/dog_pixelated_00025.png,dog,animal,land,pixelated,dog_00294
noise/dog/dog_noise_00025.png,dog,animal,land,noise,dog_00294
clean/automobile/automobile_clean_00030.png,automobile,vehicle,land,clean,automobile_00295
blur/automobile/automobile_blur_00030.png,automobile,vehicle,land,blur,automobile_00295
pixelated/automobile/automobile_pixelated_00030.png,automobile,vehicle,land,pixelated,automobile_00295
noise/automobile/automobile_noise_00030.png,automobile,vehicle,land,noise,automobile_00295
clean/cat/cat_clean_00030.png,cat,animal,land,clean,cat_00296
blur/cat/cat_blur_00030.png,cat,animal,land,blur,cat_00296
pixelated/cat/cat_pixelated_00030.png,cat,animal,land,pixelated,cat_00296
noise/cat/cat_noise_00030.png,cat,animal,land,noise,cat_00296
clean/ship/ship_clean_00024.png,ship,vehicle,water,clean,ship_00297
blur/ship/ship_blur_00024.png,ship,vehicle,water,blur,ship_00297
pixelated/ship/ship_pixelated_00024.png,ship,vehicle,water,pixelated,ship_00297
noise/ship/ship_noise_00024.png,ship,vehicle,water,noise,ship_00297
clean/bird/bird_clean_00039.png,bird,animal,air,clean,bird_00298
blur/bird/bird_blur_00039.png,bird,animal,air,blur,bird_00298
pixelated/bird/bird_pixelated_00039.png,bird,animal,air,pixelated,bird_00298
noise/bird/bird_noise_00039.png,bird,animal,air,noise,bird_00298
clean/dog/dog_clean_00026.png,dog,animal,land,clean,dog_00299
blur/dog/dog_blur_00026.png,dog,animal,land,blur,dog_00299
pixelated/dog/dog_pixelated_00026.png,dog,animal,land,pixelated,dog_00299
noise/dog/dog_noise_00026.png,dog,animal,land,noise,dog_00299
clean/ship/ship_clean_00025.png,ship,vehicle,water,clean,ship_00300
blur/ship/ship_blur_00025.png,ship,vehicle,water,blur,ship_00300
pixelated/ship/ship_pixelated_00025.png,ship,vehicle,water,pixelated,ship_00300
noise/ship/ship_noise_00025.png,ship,vehicle,water,noise,ship_00300
clean/deer/deer_clean_00031.png,deer,animal,land,clean,deer_00301
blur/deer/deer_blur_00031.png,deer,animal,land,blur,deer_00301
pixelated/deer/deer_pixelated_00031.png,deer,animal,land,pixelated,deer_00301
noise/deer/deer_noise_00031.png,deer,animal,land,noise,deer_00301
clean/airplane/airplane_clean_00040.png,airplane,vehicle,air,clean,airplane_00302
blur/airplane/airplane_blur_00040.png,airplane,vehicle,air,blur,airplane_00302
pixelated/airplane/airplane_pixelated_00040.png,airplane,vehicle,air,pixelated,airplane_00302
noise/airplane/airplane_noise_00040.png,airplane,vehicle,air,noise,airplane_00302
clean/automobile/automobile_clean_00031.png,automobile,vehicle,land,clean,automobile_00303
blur/automobile/automobile_blur_00031.png,automobile,vehicle,land,blur,automobile_00303
pixelated/automobile/automobile_pixelated_00031.png,automobile,vehicle,land,pixelated,automobile_00303
noise/automobile/automobile_noise_00031.png,automobile,vehicle,land,noise,automobile_00303
clean/ship/ship_clean_00026.png,ship,vehicle,water,clean,ship_00304
blur/ship/ship_blur_00026.png,ship,vehicle,water,blur,ship_00304
pixelated/ship/ship_pixelated_00026.png,ship,vehicle,water,pixelated,ship_00304
noise/ship/ship_noise_00026.png,ship,vehicle,water,noise,ship_00304
clean/truck/truck_clean_00027.png,truck,vehicle,land,clean,truck_00305
blur/truck/truck_blur_00027.png,truck,vehicle,land,blur,truck_00305
pixelated/truck/truck_pixelated_00027.png,truck,vehicle,land,pixelated,truck_00305
noise/truck/truck_noise_00027.png,truck,vehicle,land,noise,truck_00305
clean/bird/bird_clean_00040.png,bird,animal,air,clean,bird_00306
blur/bird/bird_blur_00040.png,bird,animal,air,blur,bird_00306
pixelated/bird/bird_pixelated_00040.png,bird,animal,air,pixelated,bird_00306
noise/bird/bird_noise_00040.png,bird,animal,air,noise,bird_00306
clean/horse/horse_clean_00031.png,horse,animal,land,clean,horse_00307
blur/horse/horse_blur_00031.png,horse,animal,land,blur,horse_00307
pixelated/horse/horse_pixelated_00031.png,horse,animal,land,pixelated,horse_00307
noise/horse/horse_noise_00031.png,horse,animal,land,noise,horse_00307
clean/ship/ship_clean_00027.png,ship,vehicle,water,clean,ship_00308
blur/ship/ship_blur_00027.png,ship,vehicle,water,blur,ship_00308
pixelated/ship/ship_pixelated_00027.png,ship,vehicle,water,pixelated,ship_00308
noise/ship/ship_noise_00027.png,ship,vehicle,water,noise,ship_00308
clean/cat/cat_clean_00031.png,cat,animal,land,clean,cat_00309
blur/cat/cat_blur_00031.png,cat,animal,land,blur,cat_00309
pixelated/cat/cat_pixelated_00031.png,cat,animal,land,pixelated,cat_00309
noise/cat/cat_noise_00031.png,cat,animal,land,noise,cat_00309
clean/bird/bird_clean_00041.png,bird,animal,air,clean,bird_00310
blur/bird/bird_blur_00041.png,bird,animal,air,blur,bird_00310
pixelated/bird/bird_pixelated_00041.png,bird,animal,air,pixelated,bird_00310
noise/bird/bird_noise_00041.png,bird,animal,air,noise,bird_00310
clean/dog/dog_clean_00027.png,dog,animal,land,clean,dog_00311
blur/dog/dog_blur_00027.png,dog,animal,land,blur,dog_00311
pixelated/dog/dog_pixelated_00027.png,dog,animal,land,pixelated,dog_00311
noise/dog/dog_noise_00027.png,dog,animal,land,noise,dog_00311
clean/bird/bird_clean_00042.png,bird,animal,air,clean,bird_00312
blur/bird/bird_blur_00042.png,bird,animal,air,blur,bird_00312
pixelated/bird/bird_pixelated_00042.png,bird,animal,air,pixelated,bird_00312
noise/bird/bird_noise_00042.png,bird,animal,air,noise,bird_00312
clean/automobile/automobile_clean_00032.png,automobile,vehicle,land,clean,automobile_00313
blur/automobile/automobile_blur_00032.png,automobile,vehicle,land,blur,automobile_00313
pixelated/automobile/automobile_pixelated_00032.png,automobile,vehicle,land,pixelated,automobile_00313
noise/automobile/automobile_noise_00032.png,automobile,vehicle,land,noise,automobile_00313
clean/automobile/automobile_clean_00033.png,automobile,vehicle,land,clean,automobile_00314
blur/automobile/automobile_blur_00033.png,automobile,vehicle,land,blur,automobile_00314
pixelated/automobile/automobile_pixelated_00033.png,automobile,vehicle,land,pixelated,automobile_00314
noise/automobile/automobile_noise_00033.png,automobile,vehicle,land,noise,automobile_00314
clean/truck/truck_clean_00028.png,truck,vehicle,land,clean,truck_00315
blur/truck/truck_blur_00028.png,truck,vehicle,land,blur,truck_00315
pixelated/truck/truck_pixelated_00028.png,truck,vehicle,land,pixelated,truck_00315
noise/truck/truck_noise_00028.png,truck,vehicle,land,noise,truck_00315
clean/truck/truck_clean_00029.png,truck,vehicle,land,clean,truck_00316
blur/truck/truck_blur_00029.png,truck,vehicle,land,blur,truck_00316
pixelated/truck/truck_pixelated_00029.png,truck,vehicle,land,pixelated,truck_00316
noise/truck/truck_noise_00029.png,truck,vehicle,land,noise,truck_00316
clean/bird/bird_clean_00043.png,bird,animal,air,clean,bird_00317
blur/bird/bird_blur_00043.png,bird,animal,air,blur,bird_00317
pixelated/bird/bird_pixelated_00043.png,bird,animal,air,pixelated,bird_00317
noise/bird/bird_noise_00043.png,bird,animal,air,noise,bird_00317
clean/deer/deer_clean_00032.png,deer,animal,land,clean,deer_00318
blur/deer/deer_blur_00032.png,deer,animal,land,blur,deer_00318
pixelated/deer/deer_pixelated_00032.png,deer,animal,land,pixelated,deer_00318
noise/deer/deer_noise_00032.png,deer,animal,land,noise,deer_00318
clean/ship/ship_clean_00028.png,ship,vehicle,water,clean,ship_00319
blur/ship/ship_blur_00028.png,ship,vehicle,water,blur,ship_00319
pixelated/ship/ship_pixelated_00028.png,ship,vehicle,water,pixelated,ship_00319
noise/ship/ship_noise_00028.png,ship,vehicle,water,noise,ship_00319
clean/bird/bird_clean_00044.png,bird,animal,air,clean,bird_00320
blur/bird/bird_blur_00044.png,bird,animal,air,blur,bird_00320
pixelated/bird/bird_pixelated_00044.png,bird,animal,air,pixelated,bird_00320
noise/bird/bird_noise_00044.png,bird,animal,air,noise,bird_00320
clean/deer/deer_clean_00033.png,deer,animal,land,clean,deer_00321
blur/deer/deer_blur_00033.png,deer,animal,land,blur,deer_00321
pixelated/deer/deer_pixelated_00033.png,deer,animal,land,pixelated,deer_00321
noise/deer/deer_noise_00033.png,deer,animal,land,noise,deer_00321
clean/horse/horse_clean_00032.png,horse,animal,land,clean,horse_00322
blur/horse/horse_blur_00032.png,horse,animal,land,blur,horse_00322
pixelated/horse/horse_pixelated_00032.png,horse,animal,land,pixelated,horse_00322
noise/horse/horse_noise_00032.png,horse,animal,land,noise,horse_00322
clean/deer/deer_clean_00034.png,deer,animal,land,clean,deer_00323
blur/deer/deer_blur_00034.png,deer,animal,land,blur,deer_00323
pixelated/deer/deer_pixelated_00034.png,deer,animal,land,pixelated,deer_00323
noise/deer/deer_noise_00034.png,deer,animal,land,noise,deer_00323
clean/automobile/automobile_clean_00034.png,automobile,vehicle,land,clean,automobile_00324
blur/automobile/automobile_blur_00034.png,automobile,vehicle,land,blur,automobile_00324
pixelated/automobile/automobile_pixelated_00034.png,automobile,vehicle,land,pixelated,automobile_00324
noise/automobile/automobile_noise_00034.png,automobile,vehicle,land,noise,automobile_00324
clean/cat/cat_clean_00032.png,cat,animal,land,clean,cat_00325
blur/cat/cat_blur_00032.png,cat,animal,land,blur,cat_00325
pixelated/cat/cat_pixelated_00032.png,cat,animal,land,pixelated,cat_00325
noise/cat/cat_noise_00032.png,cat,animal,land,noise,cat_00325
clean/automobile/automobile_clean_00035.png,automobile,vehicle,land,clean,automobile_00326
blur/automobile/automobile_blur_00035.png,automobile,vehicle,land,blur,automobile_00326
pixelated/automobile/automobile_pixelated_00035.png,automobile,vehicle,land,pixelated,automobile_00326
noise/automobile/automobile_noise_00035.png,automobile,vehicle,land,noise,automobile_00326
clean/automobile/automobile_clean_00036.png,automobile,vehicle,land,clean,automobile_00327
blur/automobile/automobile_blur_00036.png,automobile,vehicle,land,blur,automobile_00327
pixelated/automobile/automobile_pixelated_00036.png,automobile,vehicle,land,pixelated,automobile_00327
noise/automobile/automobile_noise_00036.png,automobile,vehicle,land,noise,automobile_00327
clean/cat/cat_clean_00033.png,cat,animal,land,clean,cat_00328
blur/cat/cat_blur_00033.png,cat,animal,land,blur,cat_00328
pixelated/cat/cat_pixelated_00033.png,cat,animal,land,pixelated,cat_00328
noise/cat/cat_noise_00033.png,cat,animal,land,noise,cat_00328
clean/automobile/automobile_clean_00037.png,automobile,vehicle,land,clean,automobile_00329
blur/automobile/automobile_blur_00037.png,automobile,vehicle,land,blur,automobile_00329
pixelated/automobile/automobile_pixelated_00037.png,automobile,vehicle,land,pixelated,automobile_00329
noise/automobile/automobile_noise_00037.png,automobile,vehicle,land,noise,automobile_00329
clean/frog/frog_clean_00026.png,frog,animal,land,clean,frog_00330
blur/frog/frog_blur_00026.png,frog,animal,land,blur,frog_00330
pixelated/frog/frog_pixelated_00026.png,frog,animal,land,pixelated,frog_00330
noise/frog/frog_noise_00026.png,frog,animal,land,noise,frog_00330
clean/frog/frog_clean_00027.png,frog,animal,land,clean,frog_00331
blur/frog/frog_blur_00027.png,frog,animal,land,blur,frog_00331
pixelated/frog/frog_pixelated_00027.png,frog,animal,land,pixelated,frog_00331
noise/frog/frog_noise_00027.png,frog,animal,land,noise,frog_00331
clean/airplane/airplane_clean_00041.png,airplane,vehicle,air,clean,airplane_00332
blur/airplane/airplane_blur_00041.png,airplane,vehicle,air,blur,airplane_00332
pixelated/airplane/airplane_pixelated_00041.png,airplane,vehicle,air,pixelated,airplane_00332
noise/airplane/airplane_noise_00041.png,airplane,vehicle,air,noise,airplane_00332
clean/ship/ship_clean_00029.png,ship,vehicle,water,clean,ship_00333
blur/ship/ship_blur_00029.png,ship,vehicle,water,blur,ship_00333
pixelated/ship/ship_pixelated_00029.png,ship,vehicle,water,pixelated,ship_00333
noise/ship/ship_noise_00029.png,ship,vehicle,water,noise,ship_00333
clean/frog/frog_clean_00028.png,frog,animal,land,clean,frog_00334
blur/frog/frog_blur_00028.png,frog,animal,land,blur,frog_00334
pixelated/frog/frog_pixelated_00028.png,frog,animal,land,pixelated,frog_00334
noise/frog/frog_noise_00028.png,frog,animal,land,noise,frog_00334
clean/dog/dog_clean_00028.png,dog,animal,land,clean,dog_00335
blur/dog/dog_blur_00028.png,dog,animal,land,blur,dog_00335
pixelated/dog/dog_pixelated_00028.png,dog,animal,land,pixelated,dog_00335
noise/dog/dog_noise_00028.png,dog,animal,land,noise,dog_00335
clean/bird/bird_clean_00045.png,bird,animal,air,clean,bird_00336
blur/bird/bird_blur_00045.png,bird,animal,air,blur,bird_00336
pixelated/bird/bird_pixelated_00045.png,bird,animal,air,pixelated,bird_00336
noise/bird/bird_noise_00045.png,bird,animal,air,noise,bird_00336
clean/airplane/airplane_clean_00042.png,airplane,vehicle,air,clean,airplane_00337
blur/airplane/airplane_blur_00042.png,airplane,vehicle,air,blur,airplane_00337
pixelated/airplane/airplane_pixelated_00042.png,airplane,vehicle,air,pixelated,airplane_00337
noise/airplane/airplane_noise_00042.png,airplane,vehicle,air,noise,airplane_00337
clean/automobile/automobile_clean_00038.png,automobile,vehicle,land,clean,automobile_00338
blur/automobile/automobile_blur_00038.png,automobile,vehicle,land,blur,automobile_00338
pixelated/automobile/automobile_pixelated_00038.png,automobile,vehicle,land,pixelated,automobile_00338
noise/automobile/automobile_noise_00038.png,automobile,vehicle,land,noise,automobile_00338
clean/cat/cat_clean_00034.png,cat,animal,land,clean,cat_00339
blur/cat/cat_blur_00034.png,cat,animal,land,blur,cat_00339
pixelated/cat/cat_pixelated_00034.png,cat,animal,land,pixelated,cat_00339
noise/cat/cat_noise_00034.png,cat,animal,land,noise,cat_00339
clean/airplane/airplane_clean_00043.png,airplane,vehicle,air,clean,airplane_00340
blur/airplane/airplane_blur_00043.png,airplane,vehicle,air,blur,airplane_00340
pixelated/airplane/airplane_pixelated_00043.png,airplane,vehicle,air,pixelated,airplane_00340
noise/airplane/airplane_noise_00043.png,airplane,vehicle,air,noise,airplane_00340
clean/bird/bird_clean_00046.png,bird,animal,air,clean,bird_00341
blur/bird/bird_blur_00046.png,bird,animal,air,blur,bird_00341
pixelated/bird/bird_pixelated_00046.png,bird,animal,air,pixelated,bird_00341
noise/bird/bird_noise_00046.png,bird,animal,air,noise,bird_00341
clean/frog/frog_clean_00029.png,frog,animal,land,clean,frog_00342
blur/frog/frog_blur_00029.png,frog,animal,land,blur,frog_00342
pixelated/frog/frog_pixelated_00029.png,frog,animal,land,pixelated,frog_00342
noise/frog/frog_noise_00029.png,frog,animal,land,noise,frog_00342
clean/deer/deer_clean_00035.png,deer,animal,land,clean,deer_00343
blur/deer/deer_blur_00035.png,deer,animal,land,blur,deer_00343
pixelated/deer/deer_pixelated_00035.png,deer,animal,land,pixelated,deer_00343
noise/deer/deer_noise_00035.png,deer,animal,land,noise,deer_00343
clean/dog/dog_clean_00029.png,dog,animal,land,clean,dog_00344
blur/dog/dog_blur_00029.png,dog,animal,land,blur,dog_00344
pixelated/dog/dog_pixelated_00029.png,dog,animal,land,pixelated,dog_00344
noise/dog/dog_noise_00029.png,dog,animal,land,noise,dog_00344
clean/frog/frog_clean_00030.png,frog,animal,land,clean,frog_00345
blur/frog/frog_blur_00030.png,frog,animal,land,blur,frog_00345
pixelated/frog/frog_pixelated_00030.png,frog,animal,land,pixelated,frog_00345
noise/frog/frog_noise_00030.png,frog,animal,land,noise,frog_00345
clean/truck/truck_clean_00030.png,truck,vehicle,land,clean,truck_00346
blur/truck/truck_blur_00030.png,truck,vehicle,land,blur,truck_00346
pixelated/truck/truck_pixelated_00030.png,truck,vehicle,land,pixelated,truck_00346
noise/truck/truck_noise_00030.png,truck,vehicle,land,noise,truck_00346
clean/deer/deer_clean_00036.png,deer,animal,land,clean,deer_00347
blur/deer/deer_blur_00036.png,deer,animal,land,blur,deer_00347
pixelated/deer/deer_pixelated_00036.png,deer,animal,land,pixelated,deer_00347
noise/deer/deer_noise_00036.png,deer,animal,land,noise,deer_00347
clean/deer/deer_clean_00037.png,deer,animal,land,clean,deer_00348
blur/deer/deer_blur_00037.png,deer,animal,land,blur,deer_00348
pixelated/deer/deer_pixelated_00037.png,deer,animal,land,pixelated,deer_00348
noise/deer/deer_noise_00037.png,deer,animal,land,noise,deer_00348
clean/airplane/airplane_clean_00044.png,airplane,vehicle,air,clean,airplane_00349
blur/airplane/airplane_blur_00044.png,airplane,vehicle,air,blur,airplane_00349
pixelated/airplane/airplane_pixelated_00044.png,airplane,vehicle,air,pixelated,airplane_00349
noise/airplane/airplane_noise_00044.png,airplane,vehicle,air,noise,airplane_00349
clean/ship/ship_clean_00030.png,ship,vehicle,water,clean,ship_00350
blur/ship/ship_blur_00030.png,ship,vehicle,water,blur,ship_00350
pixelated/ship/ship_pixelated_00030.png,ship,vehicle,water,pixelated,ship_00350
noise/ship/ship_noise_00030.png,ship,vehicle,water,noise,ship_00350
clean/ship/ship_clean_00031.png,ship,vehicle,water,clean,ship_00351
blur/ship/ship_blur_00031.png,ship,vehicle,water,blur,ship_00351
pixelated/ship/ship_pixelated_00031.png,ship,vehicle,water,pixelated,ship_00351
noise/ship/ship_noise_00031.png,ship,vehicle,water,noise,ship_00351
clean/bird/bird_clean_00047.png,bird,animal,air,clean,bird_00352
blur/bird/bird_blur_00047.png,bird,animal,air,blur,bird_00352
pixelated/bird/bird_pixelated_00047.png,bird,animal,air,pixelated,bird_00352
noise/bird/bird_noise_00047.png,bird,animal,air,noise,bird_00352
clean/dog/dog_clean_00030.png,dog,animal,land,clean,dog_00353
blur/dog/dog_blur_00030.png,dog,animal,land,blur,dog_00353
pixelated/dog/dog_pixelated_00030.png,dog,animal,land,pixelated,dog_00353
noise/dog/dog_noise_00030.png,dog,animal,land,noise,dog_00353
clean/frog/frog_clean_00031.png,frog,animal,land,clean,frog_00354
blur/frog/frog_blur_00031.png,frog,animal,land,blur,frog_00354
pixelated/frog/frog_pixelated_00031.png,frog,animal,land,pixelated,frog_00354
noise/frog/frog_noise_00031.png,frog,animal,land,noise,frog_00354
clean/dog/dog_clean_00031.png,dog,animal,land,clean,dog_00355
blur/dog/dog_blur_00031.png,dog,animal,land,blur,dog_00355
pixelated/dog/dog_pixelated_00031.png,dog,animal,land,pixelated,dog_00355
noise/dog/dog_noise_00031.png,dog,animal,land,noise,dog_00355
clean/truck/truck_clean_00031.png,truck,vehicle,land,clean,truck_00356
blur/truck/truck_blur_00031.png,truck,vehicle,land,blur,truck_00356
pixelated/truck/truck_pixelated_00031.png,truck,vehicle,land,pixelated,truck_00356
noise/truck/truck_noise_00031.png,truck,vehicle,land,noise,truck_00356
clean/dog/dog_clean_00032.png,dog,animal,land,clean,dog_00357
blur/dog/dog_blur_00032.png,dog,animal,land,blur,dog_00357
pixelated/dog/dog_pixelated_00032.png,dog,animal,land,pixelated,dog_00357
noise/dog/dog_noise_00032.png,dog,animal,land,noise,dog_00357
clean/automobile/automobile_clean_00039.png,automobile,vehicle,land,clean,automobile_00358
blur/automobile/automobile_blur_00039.png,automobile,vehicle,land,blur,automobile_00358
pixelated/automobile/automobile_pixelated_00039.png,automobile,vehicle,land,pixelated,automobile_00358
noise/automobile/automobile_noise_00039.png,automobile,vehicle,land,noise,automobile_00358
clean/horse/horse_clean_00033.png,horse,animal,land,clean,horse_00359
blur/horse/horse_blur_00033.png,horse,animal,land,blur,horse_00359
pixelated/horse/horse_pixelated_00033.png,horse,animal,land,pixelated,horse_00359
noise/horse/horse_noise_00033.png,horse,animal,land,noise,horse_00359
clean/horse/horse_clean_00034.png,horse,animal,land,clean,horse_00360
blur/horse/horse_blur_00034.png,horse,animal,land,blur,horse_00360
pixelated/horse/horse_pixelated_00034.png,horse,animal,land,pixelated,horse_00360
noise/horse/horse_noise_00034.png,horse,animal,land,noise,horse_00360
clean/frog/frog_clean_00032.png,frog,animal,land,clean,frog_00361
blur/frog/frog_blur_00032.png,frog,animal,land,blur,frog_00361
pixelated/frog/frog_pixelated_00032.png,frog,animal,land,pixelated,frog_00361
noise/frog/frog_noise_00032.png,frog,animal,land,noise,frog_00361
clean/dog/dog_clean_00033.png,dog,animal,land,clean,dog_00362
blur/dog/dog_blur_00033.png,dog,animal,land,blur,dog_00362
pixelated/dog/dog_pixelated_00033.png,dog,animal,land,pixelated,dog_00362
noise/dog/dog_noise_00033.png,dog,animal,land,noise,dog_00362
clean/cat/cat_clean_00035.png,cat,animal,land,clean,cat_00363
blur/cat/cat_blur_00035.png,cat,animal,land,blur,cat_00363
pixelated/cat/cat_pixelated_00035.png,cat,animal,land,pixelated,cat_00363
noise/cat/cat_noise_00035.png,cat,animal,land,noise,cat_00363
clean/frog/frog_clean_00033.png,frog,animal,land,clean,frog_00364
blur/frog/frog_blur_00033.png,frog,animal,land,blur,frog_00364
pixelated/frog/frog_pixelated_00033.png,frog,animal,land,pixelated,frog_00364
noise/frog/frog_noise_00033.png,frog,animal,land,noise,frog_00364
clean/cat/cat_clean_00036.png,cat,animal,land,clean,cat_00365
blur/cat/cat_blur_00036.png,cat,animal,land,blur,cat_00365
pixelated/cat/cat_pixelated_00036.png,cat,animal,land,pixelated,cat_00365
noise/cat/cat_noise_00036.png,cat,animal,land,noise,cat_00365
clean/ship/ship_clean_00032.png,ship,vehicle,water,clean,ship_00366
blur/ship/ship_blur_00032.png,ship,vehicle,water,blur,ship_00366
pixelated/ship/ship_pixelated_00032.png,ship,vehicle,water,pixelated,ship_00366
noise/ship/ship_noise_00032.png,ship,vehicle,water,noise,ship_00366
clean/cat/cat_clean_00037.png,cat,animal,land,clean,cat_00367
blur/cat/cat_blur_00037.png,cat,animal,land,blur,cat_00367
pixelated/cat/cat_pixelated_00037.png,cat,animal,land,pixelated,cat_00367
noise/cat/cat_noise_00037.png,cat,animal,land,noise,cat_00367
clean/dog/dog_clean_00034.png,dog,animal,land,clean,dog_00368
blur/dog/dog_blur_00034.png,dog,animal,land,blur,dog_00368
pixelated/dog/dog_pixelated_00034.png,dog,animal,land,pixelated,dog_00368
noise/dog/dog_noise_00034.png,dog,animal,land,noise,dog_00368
clean/deer/deer_clean_00038.png,deer,animal,land,clean,deer_00369
blur/deer/deer_blur_00038.png,deer,animal,land,blur,deer_00369
pixelated/deer/deer_pixelated_00038.png,deer,animal,land,pixelated,deer_00369
noise/deer/deer_noise_00038.png,deer,animal,land,noise,deer_00369
clean/automobile/automobile_clean_00040.png,automobile,vehicle,land,clean,automobile_00370
blur/automobile/automobile_blur_00040.png,automobile,vehicle,land,blur,automobile_00370
pixelated/automobile/automobile_pixelated_00040.png,automobile,vehicle,land,pixelated,automobile_00370
noise/automobile/automobile_noise_00040.png,automobile,vehicle,land,noise,automobile_00370
clean/deer/deer_clean_00039.png,deer,animal,land,clean,deer_00371
blur/deer/deer_blur_00039.png,deer,animal,land,blur,deer_00371
pixelated/deer/deer_pixelated_00039.png,deer,animal,land,pixelated,deer_00371
noise/deer/deer_noise_00039.png,deer,animal,land,noise,deer_00371
clean/deer/deer_clean_00040.png,deer,animal,land,clean,deer_00372
blur/deer/deer_blur_00040.png,deer,animal,land,blur,deer_00372
pixelated/deer/deer_pixelated_00040.png,deer,animal,land,pixelated,deer_00372
noise/deer/deer_noise_00040.png,deer,animal,land,noise,deer_00372
clean/dog/dog_clean_00035.png,dog,animal,land,clean,dog_00373
blur/dog/dog_blur_00035.png,dog,animal,land,blur,dog_00373
pixelated/dog/dog_pixelated_00035.png,dog,animal,land,pixelated,dog_00373
noise/dog/dog_noise_00035.png,dog,animal,land,noise,dog_00373
clean/automobile/automobile_clean_00041.png,automobile,vehicle,land,clean,automobile_00374
blur/automobile/automobile_blur_00041.png,automobile,vehicle,land,blur,automobile_00374
pixelated/automobile/automobile_pixelated_00041.png,automobile,vehicle,land,pixelated,automobile_00374
noise/automobile/automobile_noise_00041.png,automobile,vehicle,land,noise,automobile_00374
clean/cat/cat_clean_00038.png,cat,animal,land,clean,cat_00375
blur/cat/cat_blur_00038.png,cat,animal,land,blur,cat_00375
pixelated/cat/cat_pixelated_00038.png,cat,animal,land,pixelated,cat_00375
noise/cat/cat_noise_00038.png,cat,animal,land,noise,cat_00375
clean/deer/deer_clean_00041.png,deer,animal,land,clean,deer_00376
blur/deer/deer_blur_00041.png,deer,animal,land,blur,deer_00376
pixelated/deer/deer_pixelated_00041.png,deer,animal,land,pixelated,deer_00376
noise/deer/deer_noise_00041.png,deer,animal,land,noise,deer_00376
clean/deer/deer_clean_00042.png,deer,animal,land,clean,deer_00377
blur/deer/deer_blur_00042.png,deer,animal,land,blur,deer_00377
pixelated/deer/deer_pixelated_00042.png,deer,animal,land,pixelated,deer_00377
noise/deer/deer_noise_00042.png,deer,animal,land,noise,deer_00377
clean/cat/cat_clean_00039.png,cat,animal,land,clean,cat_00378
blur/cat/cat_blur_00039.png,cat,animal,land,blur,cat_00378
pixelated/cat/cat_pixelated_00039.png,cat,animal,land,pixelated,cat_00378
noise/cat/cat_noise_00039.png,cat,animal,land,noise,cat_00378
clean/airplane/airplane_clean_00045.png,airplane,vehicle,air,clean,airplane_00379
blur/airplane/airplane_blur_00045.png,airplane,vehicle,air,blur,airplane_00379
pixelated/airplane/airplane_pixelated_00045.png,airplane,vehicle,air,pixelated,airplane_00379
noise/airplane/airplane_noise_00045.png,airplane,vehicle,air,noise,airplane_00379
clean/cat/cat_clean_00040.png,cat,animal,land,clean,cat_00380
blur/cat/cat_blur_00040.png,cat,animal,land,blur,cat_00380
pixelated/cat/cat_pixelated_00040.png,cat,animal,land,pixelated,cat_00380
noise/cat/cat_noise_00040.png,cat,animal,land,noise,cat_00380
clean/airplane/airplane_clean_00046.png,airplane,vehicle,air,clean,airplane_00381
blur/airplane/airplane_blur_00046.png,airplane,vehicle,air,blur,airplane_00381
pixelated/airplane/airplane_pixelated_00046.png,airplane,vehicle,air,pixelated,airplane_00381
noise/airplane/airplane_noise_00046.png,airplane,vehicle,air,noise,airplane_00381
clean/deer/deer_clean_00043.png,deer,animal,land,clean,deer_00382
blur/deer/deer_blur_00043.png,deer,animal,land,blur,deer_00382
pixelated/deer/deer_pixelated_00043.png,deer,animal,land,pixelated,deer_00382
noise/deer/deer_noise_00043.png,deer,animal,land,noise,deer_00382
clean/bird/bird_clean_00048.png,bird,animal,air,clean,bird_00383
blur/bird/bird_blur_00048.png,bird,animal,air,blur,bird_00383
pixelated/bird/bird_pixelated_00048.png,bird,animal,air,pixelated,bird_00383
noise/bird/bird_noise_00048.png,bird,animal,air,noise,bird_00383
clean/dog/dog_clean_00036.png,dog,animal,land,clean,dog_00384
blur/dog/dog_blur_00036.png,dog,animal,land,blur,dog_00384
pixelated/dog/dog_pixelated_00036.png,dog,animal,land,pixelated,dog_00384
noise/dog/dog_noise_00036.png,dog,animal,land,noise,dog_00384
clean/bird/bird_clean_00049.png,bird,animal,air,clean,bird_00385
blur/bird/bird_blur_00049.png,bird,animal,air,blur,bird_00385
pixelated/bird/bird_pixelated_00049.png,bird,animal,air,pixelated,bird_00385
noise/bird/bird_noise_00049.png,bird,animal,air,noise,bird_00385
clean/dog/dog_clean_00037.png,dog,animal,land,clean,dog_00386
blur/dog/dog_blur_00037.png,dog,animal,land,blur,dog_00386
pixelated/dog/dog_pixelated_00037.png,dog,animal,land,pixelated,dog_00386
noise/dog/dog_noise_00037.png,dog,animal,land,noise,dog_00386
clean/airplane/airplane_clean_00047.png,airplane,vehicle,air,clean,airplane_00387
blur/airplane/airplane_blur_00047.png,airplane,vehicle,air,blur,airplane_00387
pixelated/airplane/airplane_pixelated_00047.png,airplane,vehicle,air,pixelated,airplane_00387
noise/airplane/airplane_noise_00047.png,airplane,vehicle,air,noise,airplane_00387
clean/cat/cat_clean_00041.png,cat,animal,land,clean,cat_00388
blur/cat/cat_blur_00041.png,cat,animal,land,blur,cat_00388
pixelated/cat/cat_pixelated_00041.png,cat,animal,land,pixelated,cat_00388
noise/cat/cat_noise_00041.png,cat,animal,land,noise,cat_00388
clean/cat/cat_clean_00042.png,cat,animal,land,clean,cat_00389
blur/cat/cat_blur_00042.png,cat,animal,land,blur,cat_00389
pixelated/cat/cat_pixelated_00042.png,cat,animal,land,pixelated,cat_00389
noise/cat/cat_noise_00042.png,cat,animal,land,noise,cat_00389
clean/cat/cat_clean_00043.png,cat,animal,land,clean,cat_00390
blur/cat/cat_blur_00043.png,cat,animal,land,blur,cat_00390
pixelated/cat/cat_pixelated_00043.png,cat,animal,land,pixelated,cat_00390
noise/cat/cat_noise_00043.png,cat,animal,land,noise,cat_00390
clean/automobile/automobile_clean_00042.png,automobile,vehicle,land,clean,automobile_00391
blur/automobile/automobile_blur_00042.png,automobile,vehicle,land,blur,automobile_00391
pixelated/automobile/automobile_pixelated_00042.png,automobile,vehicle,land,pixelated,automobile_00391
noise/automobile/automobile_noise_00042.png,automobile,vehicle,land,noise,automobile_00391
clean/bird/bird_clean_00050.png,bird,animal,air,clean,bird_00392
blur/bird/bird_blur_00050.png,bird,animal,air,blur,bird_00392
pixelated/bird/bird_pixelated_00050.png,bird,animal,air,pixelated,bird_00392
noise/bird/bird_noise_00050.png,bird,animal,air,noise,bird_00392
clean/bird/bird_clean_00051.png,bird,animal,air,clean,bird_00393
blur/bird/bird_blur_00051.png,bird,animal,air,blur,bird_00393
pixelated/bird/bird_pixelated_00051.png,bird,animal,air,pixelated,bird_00393
noise/bird/bird_noise_00051.png,bird,animal,air,noise,bird_00393
clean/cat/cat_clean_00044.png,cat,animal,land,clean,cat_00394
blur/cat/cat_blur_00044.png,cat,animal,land,blur,cat_00394
pixelated/cat/cat_pixelated_00044.png,cat,animal,land,pixelated,cat_00394
noise/cat/cat_noise_00044.png,cat,animal,land,noise,cat_00394
clean/cat/cat_clean_00045.png,cat,animal,land,clean,cat_00395
blur/cat/cat_blur_00045.png,cat,animal,land,blur,cat_00395
pixelated/cat/cat_pixelated_00045.png,cat,animal,land,pixelated,cat_00395
noise/cat/cat_noise_00045.png,cat,animal,land,noise,cat_00395
clean/deer/deer_clean_00044.png,deer,animal,land,clean,deer_00396
blur/deer/deer_blur_00044.png,deer,animal,land,blur,deer_00396
pixelated/deer/deer_pixelated_00044.png,deer,animal,land,pixelated,deer_00396
noise/deer/deer_noise_00044.png,deer,animal,land,noise,deer_00396
clean/automobile/automobile_clean_00043.png,automobile,vehicle,land,clean,automobile_00397
blur/automobile/automobile_blur_00043.png,automobile,vehicle,land,blur,automobile_00397
pixelated/automobile/automobile_pixelated_00043.png,automobile,vehicle,land,pixelated,automobile_00397
noise/automobile/automobile_noise_00043.png,automobile,vehicle,land,noise,automobile_00397
clean/airplane/airplane_clean_00048.png,airplane,vehicle,air,clean,airplane_00398
blur/airplane/airplane_blur_00048.png,airplane,vehicle,air,blur,airplane_00398
pixelated/airplane/airplane_pixelated_00048.png,airplane,vehicle,air,pixelated,airplane_00398
noise/airplane/airplane_noise_00048.png,airplane,vehicle,air,noise,airplane_00398
clean/dog/dog_clean_00038.png,dog,animal,land,clean,dog_00399
blur/dog/dog_blur_00038.png,dog,animal,land,blur,dog_00399
pixelated/dog/dog_pixelated_00038.png,dog,animal,land,pixelated,dog_00399
noise/dog/dog_noise_00038.png,dog,animal,land,noise,dog_00399
clean/cat/cat_clean_00046.png,cat,animal,land,clean,cat_00400
blur/cat/cat_blur_00046.png,cat,animal,land,blur,cat_00400
pixelated/cat/cat_pixelated_00046.png,cat,animal,land,pixelated,cat_00400
noise/cat/cat_noise_00046.png,cat,animal,land,noise,cat_00400
clean/frog/frog_clean_00034.png,frog,animal,land,clean,frog_00401
blur/frog/frog_blur_00034.png,frog,animal,land,blur,frog_00401
pixelated/frog/frog_pixelated_00034.png,frog,animal,land,pixelated,frog_00401
noise/frog/frog_noise_00034.png,frog,animal,land,noise,frog_00401
clean/frog/frog_clean_00035.png,frog,animal,land,clean,frog_00402
blur/frog/frog_blur_00035.png,frog,animal,land,blur,frog_00402
pixelated/frog/frog_pixelated_00035.png,frog,animal,land,pixelated,frog_00402
noise/frog/frog_noise_00035.png,frog,animal,land,noise,frog_00402
clean/dog/dog_clean_00039.png,dog,animal,land,clean,dog_00403
blur/dog/dog_blur_00039.png,dog,animal,land,blur,dog_00403
pixelated/dog/dog_pixelated_00039.png,dog,animal,land,pixelated,dog_00403
noise/dog/dog_noise_00039.png,dog,animal,land,noise,dog_00403
clean/frog/frog_clean_00036.png,frog,animal,land,clean,frog_00404
blur/frog/frog_blur_00036.png,frog,animal,land,blur,frog_00404
pixelated/frog/frog_pixelated_00036.png,frog,animal,land,pixelated,frog_00404
noise/frog/frog_noise_00036.png,frog,animal,land,noise,frog_00404
clean/deer/deer_clean_00045.png,deer,animal,land,clean,deer_00405
blur/deer/deer_blur_00045.png,deer,animal,land,blur,deer_00405
pixelated/deer/deer_pixelated_00045.png,deer,animal,land,pixelated,deer_00405
noise/deer/deer_noise_00045.png,deer,animal,land,noise,deer_00405
clean/ship/ship_clean_00033.png,ship,vehicle,water,clean,ship_00406
blur/ship/ship_blur_00033.png,ship,vehicle,water,blur,ship_00406
pixelated/ship/ship_pixelated_00033.png,ship,vehicle,water,pixelated,ship_00406
noise/ship/ship_noise_00033.png,ship,vehicle,water,noise,ship_00406
clean/truck/truck_clean_00032.png,truck,vehicle,land,clean,truck_00407
blur/truck/truck_blur_00032.png,truck,vehicle,land,blur,truck_00407
pixelated/truck/truck_pixelated_00032.png,truck,vehicle,land,pixelated,truck_00407
noise/truck/truck_noise_00032.png,truck,vehicle,land,noise,truck_00407
clean/cat/cat_clean_00047.png,cat,animal,land,clean,cat_00408
blur/cat/cat_blur_00047.png,cat,animal,land,blur,cat_00408
pixelated/cat/cat_pixelated_00047.png,cat,animal,land,pixelated,cat_00408
noise/cat/cat_noise_00047.png,cat,animal,land,noise,cat_00408
clean/automobile/automobile_clean_00044.png,automobile,vehicle,land,clean,automobile_00409
blur/automobile/automobile_blur_00044.png,automobile,vehicle,land,blur,automobile_00409
pixelated/automobile/automobile_pixelated_00044.png,automobile,vehicle,land,pixelated,automobile_00409
noise/automobile/automobile_noise_00044.png,automobile,vehicle,land,noise,automobile_00409
clean/bird/bird_clean_00052.png,bird,animal,air,clean,bird_00410
blur/bird/bird_blur_00052.png,bird,animal,air,blur,bird_00410
pixelated/bird/bird_pixelated_00052.png,bird,animal,air,pixelated,bird_00410
noise/bird/bird_noise_00052.png,bird,animal,air,noise,bird_00410
clean/bird/bird_clean_00053.png,bird,animal,air,clean,bird_00411
blur/bird/bird_blur_00053.png,bird,animal,air,blur,bird_00411
pixelated/bird/bird_pixelated_00053.png,bird,animal,air,pixelated,bird_00411
noise/bird/bird_noise_00053.png,bird,animal,air,noise,bird_00411
clean/bird/bird_clean_00054.png,bird,animal,air,clean,bird_00412
blur/bird/bird_blur_00054.png,bird,animal,air,blur,bird_00412
pixelated/bird/bird_pixelated_00054.png,bird,animal,air,pixelated,bird_00412
noise/bird/bird_noise_00054.png,bird,animal,air,noise,bird_00412
clean/ship/ship_clean_00034.png,ship,vehicle,water,clean,ship_00413
blur/ship/ship_blur_00034.png,ship,vehicle,water,blur,ship_00413
pixelated/ship/ship_pixelated_00034.png,ship,vehicle,water,pixelated,ship_00413
noise/ship/ship_noise_00034.png,ship,vehicle,water,noise,ship_00413
clean/bird/bird_clean_00055.png,bird,animal,air,clean,bird_00414
blur/bird/bird_blur_00055.png,bird,animal,air,blur,bird_00414
pixelated/bird/bird_pixelated_00055.png,bird,animal,air,pixelated,bird_00414
noise/bird/bird_noise_00055.png,bird,animal,air,noise,bird_00414
clean/automobile/automobile_clean_00045.png,automobile,vehicle,land,clean,automobile_00415
blur/automobile/automobile_blur_00045.png,automobile,vehicle,land,blur,automobile_00415
pixelated/automobile/automobile_pixelated_00045.png,automobile,vehicle,land,pixelated,automobile_00415
noise/automobile/automobile_noise_00045.png,automobile,vehicle,land,noise,automobile_00415
clean/horse/horse_clean_00035.png,horse,animal,land,clean,horse_00416
blur/horse/horse_blur_00035.png,horse,animal,land,blur,horse_00416
pixelated/horse/horse_pixelated_00035.png,horse,animal,land,pixelated,horse_00416
noise/horse/horse_noise_00035.png,horse,animal,land,noise,horse_00416
clean/horse/horse_clean_00036.png,horse,animal,land,clean,horse_00417
blur/horse/horse_blur_00036.png,horse,animal,land,blur,horse_00417
pixelated/horse/horse_pixelated_00036.png,horse,animal,land,pixelated,horse_00417
noise/horse/horse_noise_00036.png,horse,animal,land,noise,horse_00417
clean/ship/ship_clean_00035.png,ship,vehicle,water,clean,ship_00418
blur/ship/ship_blur_00035.png,ship,vehicle,water,blur,ship_00418
pixelated/ship/ship_pixelated_00035.png,ship,vehicle,water,pixelated,ship_00418
noise/ship/ship_noise_00035.png,ship,vehicle,water,noise,ship_00418
clean/frog/frog_clean_00037.png,frog,animal,land,clean,frog_00419
blur/frog/frog_blur_00037.png,frog,animal,land,blur,frog_00419
pixelated/frog/frog_pixelated_00037.png,frog,animal,land,pixelated,frog_00419
noise/frog/frog_noise_00037.png,frog,animal,land,noise,frog_00419
clean/bird/bird_clean_00056.png,bird,animal,air,clean,bird_00420
blur/bird/bird_blur_00056.png,bird,animal,air,blur,bird_00420
pixelated/bird/bird_pixelated_00056.png,bird,animal,air,pixelated,bird_00420
noise/bird/bird_noise_00056.png,bird,animal,air,noise,bird_00420
clean/ship/ship_clean_00036.png,ship,vehicle,water,clean,ship_00421
blur/ship/ship_blur_00036.png,ship,vehicle,water,blur,ship_00421
pixelated/ship/ship_pixelated_00036.png,ship,vehicle,water,pixelated,ship_00421
noise/ship/ship_noise_00036.png,ship,vehicle,water,noise,ship_00421
clean/automobile/automobile_clean_00046.png,automobile,vehicle,land,clean,automobile_00422
blur/automobile/automobile_blur_00046.png,automobile,vehicle,land,blur,automobile_00422
pixelated/automobile/automobile_pixelated_00046.png,automobile,vehicle,land,pixelated,automobile_00422
noise/automobile/automobile_noise_00046.png,automobile,vehicle,land,noise,automobile_00422
clean/dog/dog_clean_00040.png,dog,animal,land,clean,dog_00423
blur/dog/dog_blur_00040.png,dog,animal,land,blur,dog_00423
pixelated/dog/dog_pixelated_00040.png,dog,animal,land,pixelated,dog_00423
noise/dog/dog_noise_00040.png,dog,animal,land,noise,dog_00423
clean/ship/ship_clean_00037.png,ship,vehicle,water,clean,ship_00424
blur/ship/ship_blur_00037.png,ship,vehicle,water,blur,ship_00424
pixelated/ship/ship_pixelated_00037.png,ship,vehicle,water,pixelated,ship_00424
noise/ship/ship_noise_00037.png,ship,vehicle,water,noise,ship_00424
clean/automobile/automobile_clean_00047.png,automobile,vehicle,land,clean,automobile_00425
blur/automobile/automobile_blur_00047.png,automobile,vehicle,land,blur,automobile_00425
pixelated/automobile/automobile_pixelated_00047.png,automobile,vehicle,land,pixelated,automobile_00425
noise/automobile/automobile_noise_00047.png,automobile,vehicle,land,noise,automobile_00425
clean/automobile/automobile_clean_00048.png,automobile,vehicle,land,clean,automobile_00426
blur/automobile/automobile_blur_00048.png,automobile,vehicle,land,blur,automobile_00426
pixelated/automobile/automobile_pixelated_00048.png,automobile,vehicle,land,pixelated,automobile_00426
noise/automobile/automobile_noise_00048.png,automobile,vehicle,land,noise,automobile_00426
clean/frog/frog_clean_00038.png,frog,animal,land,clean,frog_00427
blur/frog/frog_blur_00038.png,frog,animal,land,blur,frog_00427
pixelated/frog/frog_pixelated_00038.png,frog,animal,land,pixelated,frog_00427
noise/frog/frog_noise_00038.png,frog,animal,land,noise,frog_00427
clean/cat/cat_clean_00048.png,cat,animal,land,clean,cat_00428
blur/cat/cat_blur_00048.png,cat,animal,land,blur,cat_00428
pixelated/cat/cat_pixelated_00048.png,cat,animal,land,pixelated,cat_00428
noise/cat/cat_noise_00048.png,cat,animal,land,noise,cat_00428
clean/horse/horse_clean_00037.png,horse,animal,land,clean,horse_00429
blur/horse/horse_blur_00037.png,horse,animal,land,blur,horse_00429
pixelated/horse/horse_pixelated_00037.png,horse,animal,land,pixelated,horse_00429
noise/horse/horse_noise_00037.png,horse,animal,land,noise,horse_00429
clean/dog/dog_clean_00041.png,dog,animal,land,clean,dog_00430
blur/dog/dog_blur_00041.png,dog,animal,land,blur,dog_00430
pixelated/dog/dog_pixelated_00041.png,dog,animal,land,pixelated,dog_00430
noise/dog/dog_noise_00041.png,dog,animal,land,noise,dog_00430
clean/deer/deer_clean_00046.png,deer,animal,land,clean,deer_00431
blur/deer/deer_blur_00046.png,deer,animal,land,blur,deer_00431
pixelated/deer/deer_pixelated_00046.png,deer,animal,land,pixelated,deer_00431
noise/deer/deer_noise_00046.png,deer,animal,land,noise,deer_00431
clean/bird/bird_clean_00057.png,bird,animal,air,clean,bird_00432
blur/bird/bird_blur_00057.png,bird,animal,air,blur,bird_00432
pixelated/bird/bird_pixelated_00057.png,bird,animal,air,pixelated,bird_00432
noise/bird/bird_noise_00057.png,bird,animal,air,noise,bird_00432
clean/dog/dog_clean_00042.png,dog,animal,land,clean,dog_00433
blur/dog/dog_blur_00042.png,dog,animal,land,blur,dog_00433
pixelated/dog/dog_pixelated_00042.png,dog,animal,land,pixelated,dog_00433
noise/dog/dog_noise_00042.png,dog,animal,land,noise,dog_00433
clean/frog/frog_clean_00039.png,frog,animal,land,clean,frog_00434
blur/frog/frog_blur_00039.png,frog,animal,land,blur,frog_00434
pixelated/frog/frog_pixelated_00039.png,frog,animal,land,pixelated,frog_00434
noise/frog/frog_noise_00039.png,frog,animal,land,noise,frog_00434
clean/automobile/automobile_clean_00049.png,automobile,vehicle,land,clean,automobile_00435
blur/automobile/automobile_blur_00049.png,automobile,vehicle,land,blur,automobile_00435
pixelated/automobile/automobile_pixelated_00049.png,automobile,vehicle,land,pixelated,automobile_00435
noise/automobile/automobile_noise_00049.png,automobile,vehicle,land,noise,automobile_00435
clean/airplane/airplane_clean_00049.png,airplane,vehicle,air,clean,airplane_00436
blur/airplane/airplane_blur_00049.png,airplane,vehicle,air,blur,airplane_00436
pixelated/airplane/airplane_pixelated_00049.png,airplane,vehicle,air,pixelated,airplane_00436
noise/airplane/airplane_noise_00049.png,airplane,vehicle,air,noise,airplane_00436
clean/dog/dog_clean_00043.png,dog,animal,land,clean,dog_00437
blur/dog/dog_blur_00043.png,dog,animal,land,blur,dog_00437
pixelated/dog/dog_pixelated_00043.png,dog,animal,land,pixelated,dog_00437
noise/dog/dog_noise_00043.png,dog,animal,land,noise,dog_00437
clean/horse/horse_clean_00038.png,horse,animal,land,clean,horse_00438
blur/horse/horse_blur_00038.png,horse,animal,land,blur,horse_00438
pixelated/horse/horse_pixelated_00038.png,horse,animal,land,pixelated,horse_00438
noise/horse/horse_noise_00038.png,horse,animal,land,noise,horse_00438
clean/ship/ship_clean_00038.png,ship,vehicle,water,clean,ship_00439
blur/ship/ship_blur_00038.png,ship,vehicle,water,blur,ship_00439
pixelated/ship/ship_pixelated_00038.png,ship,vehicle,water,pixelated,ship_00439
noise/ship/ship_noise_00038.png,ship,vehicle,water,noise,ship_00439
clean/automobile/automobile_clean_00050.png,automobile,vehicle,land,clean,automobile_00440
blur/automobile/automobile_blur_00050.png,automobile,vehicle,land,blur,automobile_00440
pixelated/automobile/automobile_pixelated_00050.png,automobile,vehicle,land,pixelated,automobile_00440
noise/automobile/automobile_noise_00050.png,automobile,vehicle,land,noise,automobile_00440
clean/deer/deer_clean_00047.png,deer,animal,land,clean,deer_00441
blur/deer/deer_blur_00047.png,deer,animal,land,blur,deer_00441
pixelated/deer/deer_pixelated_00047.png,deer,animal,land,pixelated,deer_00441
noise/deer/deer_noise_00047.png,deer,animal,land,noise,deer_00441
clean/cat/cat_clean_00049.png,cat,animal,land,clean,cat_00442
blur/cat/cat_blur_00049.png,cat,animal,land,blur,cat_00442
pixelated/cat/cat_pixelated_00049.png,cat,animal,land,pixelated,cat_00442
noise/cat/cat_noise_00049.png,cat,animal,land,noise,cat_00442
clean/airplane/airplane_clean_00050.png,airplane,vehicle,air,clean,airplane_00443
blur/airplane/airplane_blur_00050.png,airplane,vehicle,air,blur,airplane_00443
pixelated/airplane/airplane_pixelated_00050.png,airplane,vehicle,air,pixelated,airplane_00443
noise/airplane/airplane_noise_00050.png,airplane,vehicle,air,noise,airplane_00443
clean/automobile/automobile_clean_00051.png,automobile,vehicle,land,clean,automobile_00444
blur/automobile/automobile_blur_00051.png,automobile,vehicle,land,blur,automobile_00444
pixelated/automobile/automobile_pixelated_00051.png,automobile,vehicle,land,pixelated,automobile_00444
noise/automobile/automobile_noise_00051.png,automobile,vehicle,land,noise,automobile_00444
clean/cat/cat_clean_00050.png,cat,animal,land,clean,cat_00445
blur/cat/cat_blur_00050.png,cat,animal,land,blur,cat_00445
pixelated/cat/cat_pixelated_00050.png,cat,animal,land,pixelated,cat_00445
noise/cat/cat_noise_00050.png,cat,animal,land,noise,cat_00445
clean/ship/ship_clean_00039.png,ship,vehicle,water,clean,ship_00446
blur/ship/ship_blur_00039.png,ship,vehicle,water,blur,ship_00446
pixelated/ship/ship_pixelated_00039.png,ship,vehicle,water,pixelated,ship_00446
noise/ship/ship_noise_00039.png,ship,vehicle,water,noise,ship_00446
clean/truck/truck_clean_00033.png,truck,vehicle,land,clean,truck_00447
blur/truck/truck_blur_00033.png,truck,vehicle,land,blur,truck_00447
pixelated/truck/truck_pixelated_00033.png,truck,vehicle,land,pixelated,truck_00447
noise/truck/truck_noise_00033.png,truck,vehicle,land,noise,truck_00447
clean/automobile/automobile_clean_00052.png,automobile,vehicle,land,clean,automobile_00448
blur/automobile/automobile_blur_00052.png,automobile,vehicle,land,blur,automobile_00448
pixelated/automobile/automobile_pixelated_00052.png,automobile,vehicle,land,pixelated,automobile_00448
noise/automobile/automobile_noise_00052.png,automobile,vehicle,land,noise,automobile_00448
clean/airplane/airplane_clean_00051.png,airplane,vehicle,air,clean,airplane_00449
blur/airplane/airplane_blur_00051.png,airplane,vehicle,air,blur,airplane_00449
pixelated/airplane/airplane_pixelated_00051.png,airplane,vehicle,air,pixelated,airplane_00449
noise/airplane/airplane_noise_00051.png,airplane,vehicle,air,noise,airplane_00449
clean/horse/horse_clean_00039.png,horse,animal,land,clean,horse_00450
blur/horse/horse_blur_00039.png,horse,animal,land,blur,horse_00450
pixelated/horse/horse_pixelated_00039.png,horse,animal,land,pixelated,horse_00450
noise/horse/horse_noise_00039.png,horse,animal,land,noise,horse_00450
clean/dog/dog_clean_00044.png,dog,animal,land,clean,dog_00451
blur/dog/dog_blur_00044.png,dog,animal,land,blur,dog_00451
pixelated/dog/dog_pixelated_00044.png,dog,animal,land,pixelated,dog_00451
noise/dog/dog_noise_00044.png,dog,animal,land,noise,dog_00451
clean/truck/truck_clean_00034.png,truck,vehicle,land,clean,truck_00452
blur/truck/truck_blur_00034.png,truck,vehicle,land,blur,truck_00452
pixelated/truck/truck_pixelated_00034.png,truck,vehicle,land,pixelated,truck_00452
noise/truck/truck_noise_00034.png,truck,vehicle,land,noise,truck_00452
clean/frog/frog_clean_00040.png,frog,animal,land,clean,frog_00453
blur/frog/frog_blur_00040.png,frog,animal,land,blur,frog_00453
pixelated/frog/frog_pixelated_00040.png,frog,animal,land,pixelated,frog_00453
noise/frog/frog_noise_00040.png,frog,animal,land,noise,frog_00453
clean/airplane/airplane_clean_00052.png,airplane,vehicle,air,clean,airplane_00454
blur/airplane/airplane_blur_00052.png,airplane,vehicle,air,blur,airplane_00454
pixelated/airplane/airplane_pixelated_00052.png,airplane,vehicle,air,pixelated,airplane_00454
noise/airplane/airplane_noise_00052.png,airplane,vehicle,air,noise,airplane_00454
clean/automobile/automobile_clean_00053.png,automobile,vehicle,land,clean,automobile_00455
blur/automobile/automobile_blur_00053.png,automobile,vehicle,land,blur,automobile_00455
pixelated/automobile/automobile_pixelated_00053.png,automobile,vehicle,land,pixelated,automobile_00455
noise/automobile/automobile_noise_00053.png,automobile,vehicle,land,noise,automobile_00455
clean/ship/ship_clean_00040.png,ship,vehicle,water,clean,ship_00456
blur/ship/ship_blur_00040.png,ship,vehicle,water,blur,ship_00456
pixelated/ship/ship_pixelated_00040.png,ship,vehicle,water,pixelated,ship_00456
noise/ship/ship_noise_00040.png,ship,vehicle,water,noise,ship_00456
clean/automobile/automobile_clean_00054.png,automobile,vehicle,land,clean,automobile_00457
blur/automobile/automobile_blur_00054.png,automobile,vehicle,land,blur,automobile_00457
pixelated/automobile/automobile_pixelated_00054.png,automobile,vehicle,land,pixelated,automobile_00457
noise/automobile/automobile_noise_00054.png,automobile,vehicle,land,noise,automobile_00457
clean/airplane/airplane_clean_00053.png,airplane,vehicle,air,clean,airplane_00458
blur/airplane/airplane_blur_00053.png,airplane,vehicle,air,blur,airplane_00458
pixelated/airplane/airplane_pixelated_00053.png,airplane,vehicle,air,pixelated,airplane_00458
noise/airplane/airplane_noise_00053.png,airplane,vehicle,air,noise,airplane_00458
clean/bird/bird_clean_00058.png,bird,animal,air,clean,bird_00459
blur/bird/bird_blur_00058.png,bird,animal,air,blur,bird_00459
pixelated/bird/bird_pixelated_00058.png,bird,animal,air,pixelated,bird_00459
noise/bird/bird_noise_00058.png,bird,animal,air,noise,bird_00459
clean/airplane/airplane_clean_00054.png,airplane,vehicle,air,clean,airplane_00460
blur/airplane/airplane_blur_00054.png,airplane,vehicle,air,blur,airplane_00460
pixelated/airplane/airplane_pixelated_00054.png,airplane,vehicle,air,pixelated,airplane_00460
noise/airplane/airplane_noise_00054.png,airplane,vehicle,air,noise,airplane_00460
clean/frog/frog_clean_00041.png,frog,animal,land,clean,frog_00461
blur/frog/frog_blur_00041.png,frog,animal,land,blur,frog_00461
pixelated/frog/frog_pixelated_00041.png,frog,animal,land,pixelated,frog_00461
noise/frog/frog_noise_00041.png,frog,animal,land,noise,frog_00461
clean/deer/deer_clean_00048.png,deer,animal,land,clean,deer_00462
blur/deer/deer_blur_00048.png,deer,animal,land,blur,deer_00462
pixelated/deer/deer_pixelated_00048.png,deer,animal,land,pixelated,deer_00462
noise/deer/deer_noise_00048.png,deer,animal,land,noise,deer_00462
clean/bird/bird_clean_00059.png,bird,animal,air,clean,bird_00463
blur/bird/bird_blur_00059.png,bird,animal,air,blur,bird_00463
pixelated/bird/bird_pixelated_00059.png,bird,animal,air,pixelated,bird_00463
noise/bird/bird_noise_00059.png,bird,animal,air,noise,bird_00463
clean/truck/truck_clean_00035.png,truck,vehicle,land,clean,truck_00464
blur/truck/truck_blur_00035.png,truck,vehicle,land,blur,truck_00464
pixelated/truck/truck_pixelated_00035.png,truck,vehicle,land,pixelated,truck_00464
noise/truck/truck_noise_00035.png,truck,vehicle,land,noise,truck_00464
clean/airplane/airplane_clean_00055.png,airplane,vehicle,air,clean,airplane_00465
blur/airplane/airplane_blur_00055.png,airplane,vehicle,air,blur,airplane_00465
pixelated/airplane/airplane_pixelated_00055.png,airplane,vehicle,air,pixelated,airplane_00465
noise/airplane/airplane_noise_00055.png,airplane,vehicle,air,noise,airplane_00465
clean/horse/horse_clean_00040.png,horse,animal,land,clean,horse_00466
blur/horse/horse_blur_00040.png,horse,animal,land,blur,horse_00466
pixelated/horse/horse_pixelated_00040.png,horse,animal,land,pixelated,horse_00466
noise/horse/horse_noise_00040.png,horse,animal,land,noise,horse_00466
clean/cat/cat_clean_00051.png,cat,animal,land,clean,cat_00467
blur/cat/cat_blur_00051.png,cat,animal,land,blur,cat_00467
pixelated/cat/cat_pixelated_00051.png,cat,animal,land,pixelated,cat_00467
noise/cat/cat_noise_00051.png,cat,animal,land,noise,cat_00467
clean/frog/frog_clean_00042.png,frog,animal,land,clean,frog_00468
blur/frog/frog_blur_00042.png,frog,animal,land,blur,frog_00468
pixelated/frog/frog_pixelated_00042.png,frog,animal,land,pixelated,frog_00468
noise/frog/frog_noise_00042.png,frog,animal,land,noise,frog_00468
clean/ship/ship_clean_00041.png,ship,vehicle,water,clean,ship_00469
blur/ship/ship_blur_00041.png,ship,vehicle,water,blur,ship_00469
pixelated/ship/ship_pixelated_00041.png,ship,vehicle,water,pixelated,ship_00469
noise/ship/ship_noise_00041.png,ship,vehicle,water,noise,ship_00469
clean/bird/bird_clean_00060.png,bird,animal,air,clean,bird_00470
blur/bird/bird_blur_00060.png,bird,animal,air,blur,bird_00470
pixelated/bird/bird_pixelated_00060.png,bird,animal,air,pixelated,bird_00470
noise/bird/bird_noise_00060.png,bird,animal,air,noise,bird_00470
clean/cat/cat_clean_00052.png,cat,animal,land,clean,cat_00471
blur/cat/cat_blur_00052.png,cat,animal,land,blur,cat_00471
pixelated/cat/cat_pixelated_00052.png,cat,animal,land,pixelated,cat_00471
noise/cat/cat_noise_00052.png,cat,animal,land,noise,cat_00471
clean/dog/dog_clean_00045.png,dog,animal,land,clean,dog_00472
blur/dog/dog_blur_00045.png,dog,animal,land,blur,dog_00472
pixelated/dog/dog_pixelated_00045.png,dog,animal,land,pixelated,dog_00472
noise/dog/dog_noise_00045.png,dog,animal,land,noise,dog_00472
clean/bird/bird_clean_00061.png,bird,animal,air,clean,bird_00473
blur/bird/bird_blur_00061.png,bird,animal,air,blur,bird_00473
pixelated/bird/bird_pixelated_00061.png,bird,animal,air,pixelated,bird_00473
noise/bird/bird_noise_00061.png,bird,animal,air,noise,bird_00473
clean/ship/ship_clean_00042.png,ship,vehicle,water,clean,ship_00474
blur/ship/ship_blur_00042.png,ship,vehicle,water,blur,ship_00474
pixelated/ship/ship_pixelated_00042.png,ship,vehicle,water,pixelated,ship_00474
noise/ship/ship_noise_00042.png,ship,vehicle,water,noise,ship_00474
clean/automobile/automobile_clean_00055.png,automobile,vehicle,land,clean,automobile_00475
blur/automobile/automobile_blur_00055.png,automobile,vehicle,land,blur,automobile_00475
pixelated/automobile/automobile_pixelated_00055.png,automobile,vehicle,land,pixelated,automobile_00475
noise/automobile/automobile_noise_00055.png,automobile,vehicle,land,noise,automobile_00475
clean/deer/deer_clean_00049.png,deer,animal,land,clean,deer_00476
blur/deer/deer_blur_00049.png,deer,animal,land,blur,deer_00476
pixelated/deer/deer_pixelated_00049.png,deer,animal,land,pixelated,deer_00476
noise/deer/deer_noise_00049.png,deer,animal,land,noise,deer_00476
clean/cat/cat_clean_00053.png,cat,animal,land,clean,cat_00477
blur/cat/cat_blur_00053.png,cat,animal,land,blur,cat_00477
pixelated/cat/cat_pixelated_00053.png,cat,animal,land,pixelated,cat_00477
noise/cat/cat_noise_00053.png,cat,animal,land,noise,cat_00477
clean/bird/bird_clean_00062.png,bird,animal,air,clean,bird_00478
blur/bird/bird_blur_00062.png,bird,animal,air,blur,bird_00478
pixelated/bird/bird_pixelated_00062.png,bird,animal,air,pixelated,bird_00478
noise/bird/bird_noise_00062.png,bird,animal,air,noise,bird_00478
clean/frog/frog_clean_00043.png,frog,animal,land,clean,frog_00479
blur/frog/frog_blur_00043.png,frog,animal,land,blur,frog_00479
pixelated/frog/frog_pixelated_00043.png,frog,animal,land,pixelated,frog_00479
noise/frog/frog_noise_00043.png,frog,animal,land,noise,frog_00479
clean/frog/frog_clean_00044.png,frog,animal,land,clean,frog_00480
blur/frog/frog_blur_00044.png,frog,animal,land,blur,frog_00480
pixelated/frog/frog_pixelated_00044.png,frog,animal,land,pixelated,frog_00480
noise/frog/frog_noise_00044.png,frog,animal,land,noise,frog_00480
clean/bird/bird_clean_00063.png,bird,animal,air,clean,bird_00481
blur/bird/bird_blur_00063.png,bird,animal,air,blur,bird_00481
pixelated/bird/bird_pixelated_00063.png,bird,animal,air,pixelated,bird_00481
noise/bird/bird_noise_00063.png,bird,animal,air,noise,bird_00481
clean/bird/bird_clean_00064.png,bird,animal,air,clean,bird_00482
blur/bird/bird_blur_00064.png,bird,animal,air,blur,bird_00482
pixelated/bird/bird_pixelated_00064.png,bird,animal,air,pixelated,bird_00482
noise/bird/bird_noise_00064.png,bird,animal,air,noise,bird_00482
clean/truck/truck_clean_00036.png,truck,vehicle,land,clean,truck_00483
blur/truck/truck_blur_00036.png,truck,vehicle,land,blur,truck_00483
pixelated/truck/truck_pixelated_00036.png,truck,vehicle,land,pixelated,truck_00483
noise/truck/truck_noise_00036.png,truck,vehicle,land,noise,truck_00483
clean/deer/deer_clean_00050.png,deer,animal,land,clean,deer_00484
blur/deer/deer_blur_00050.png,deer,animal,land,blur,deer_00484
pixelated/deer/deer_pixelated_00050.png,deer,animal,land,pixelated,deer_00484
noise/deer/deer_noise_00050.png,deer,animal,land,noise,deer_00484
clean/horse/horse_clean_00041.png,horse,animal,land,clean,horse_00485
blur/horse/horse_blur_00041.png,horse,animal,land,blur,horse_00485
pixelated/horse/horse_pixelated_00041.png,horse,animal,land,pixelated,horse_00485
noise/horse/horse_noise_00041.png,horse,animal,land,noise,horse_00485
clean/frog/frog_clean_00045.png,frog,animal,land,clean,frog_00486
blur/frog/frog_blur_00045.png,frog,animal,land,blur,frog_00486
pixelated/frog/frog_pixelated_00045.png,frog,animal,land,pixelated,frog_00486
noise/frog/frog_noise_00045.png,frog,animal,land,noise,frog_00486
clean/deer/deer_clean_00051.png,deer,animal,land,clean,deer_00487
blur/deer/deer_blur_00051.png,deer,animal,land,blur,deer_00487
pixelated/deer/deer_pixelated_00051.png,deer,animal,land,pixelated,deer_00487
noise/deer/deer_noise_00051.png,deer,animal,land,noise,deer_00487
clean/frog/frog_clean_00046.png,frog,animal,land,clean,frog_00488
blur/frog/frog_blur_00046.png,frog,animal,land,blur,frog_00488
pixelated/frog/frog_pixelated_00046.png,frog,animal,land,pixelated,frog_00488
noise/frog/frog_noise_00046.png,frog,animal,land,noise,frog_00488
clean/horse/horse_clean_00042.png,horse,animal,land,clean,horse_00489
blur/horse/horse_blur_00042.png,horse,animal,land,blur,horse_00489
pixelated/horse/horse_pixelated_00042.png,horse,animal,land,pixelated,horse_00489
noise/horse/horse_noise_00042.png,horse,animal,land,noise,horse_00489
clean/ship/ship_clean_00043.png,ship,vehicle,water,clean,ship_00490
blur/ship/ship_blur_00043.png,ship,vehicle,water,blur,ship_00490
pixelated/ship/ship_pixelated_00043.png,ship,vehicle,water,pixelated,ship_00490
noise/ship/ship_noise_00043.png,ship,vehicle,water,noise,ship_00490
clean/truck/truck_clean_00037.png,truck,vehicle,land,clean,truck_00491
blur/truck/truck_blur_00037.png,truck,vehicle,land,blur,truck_00491
pixelated/truck/truck_pixelated_00037.png,truck,vehicle,land,pixelated,truck_00491
noise/truck/truck_noise_00037.png,truck,vehicle,land,noise,truck_00491
clean/ship/ship_clean_00044.png,ship,vehicle,water,clean,ship_00492
blur/ship/ship_blur_00044.png,ship,vehicle,water,blur,ship_00492
pixelated/ship/ship_pixelated_00044.png,ship,vehicle,water,pixelated,ship_00492
noise/ship/ship_noise_00044.png,ship,vehicle,water,noise,ship_00492
clean/airplane/airplane_clean_00056.png,airplane,vehicle,air,clean,airplane_00493
blur/airplane/airplane_blur_00056.png,airplane,vehicle,air,blur,airplane_00493
pixelated/airplane/airplane_pixelated_00056.png,airplane,vehicle,air,pixelated,airplane_00493
noise/airplane/airplane_noise_00056.png,airplane,vehicle,air,noise,airplane_00493
clean/airplane/airplane_clean_00057.png,airplane,vehicle,air,clean,airplane_00494
blur/airplane/airplane_blur_00057.png,airplane,vehicle,air,blur,airplane_00494
pixelated/airplane/airplane_pixelated_00057.png,airplane,vehicle,air,pixelated,airplane_00494
noise/airplane/airplane_noise_00057.png,airplane,vehicle,air,noise,airplane_00494
clean/dog/dog_clean_00046.png,dog,animal,land,clean,dog_00495
blur/dog/dog_blur_00046.png,dog,animal,land,blur,dog_00495
pixelated/dog/dog_pixelated_00046.png,dog,animal,land,pixelated,dog_00495
noise/dog/dog_noise_00046.png,dog,animal,land,noise,dog_00495
clean/truck/truck_clean_00038.png,truck,vehicle,land,clean,truck_00496
blur/truck/truck_blur_00038.png,truck,vehicle,land,blur,truck_00496
pixelated/truck/truck_pixelated_00038.png,truck,vehicle,land,pixelated,truck_00496
noise/truck/truck_noise_00038.png,truck,vehicle,land,noise,truck_00496
clean/horse/horse_clean_00043.png,horse,animal,land,clean,horse_00497
blur/horse/horse_blur_00043.png,horse,animal,land,blur,horse_00497
pixelated/horse/horse_pixelated_00043.png,horse,animal,land,pixelated,horse_00497
noise/horse/horse_noise_00043.png,horse,animal,land,noise,horse_00497
clean/airplane/airplane_clean_00058.png,airplane,vehicle,air,clean,airplane_00498
blur/airplane/airplane_blur_00058.png,airplane,vehicle,air,blur,airplane_00498
pixelated/airplane/airplane_pixelated_00058.png,airplane,vehicle,air,pixelated,airplane_00498
noise/airplane/airplane_noise_00058.png,airplane,vehicle,air,noise,airplane_00498
clean/horse/horse_clean_00044.png,horse,animal,land,clean,horse_00499
blur/horse/horse_blur_00044.png,horse,animal,land,blur,horse_00499
pixelated/horse/horse_pixelated_00044.png,horse,animal,land,pixelated,horse_00499
noise/horse/horse_noise_00044.png,horse,animal,land,noise,horse_00499
clean/bird/bird_clean_00065.png,bird,animal,air,clean,bird_00500
blur/bird/bird_blur_00065.png,bird,animal,air,blur,bird_00500
pixelated/bird/bird_pixelated_00065.png,bird,animal,air,pixelated,bird_00500
noise/bird/bird_noise_00065.png,bird,animal,air,noise,bird_00500
clean/cat/cat_clean_00054.png,cat,animal,land,clean,cat_00501
blur/cat/cat_blur_00054.png,cat,animal,land,blur,cat_00501
pixelated/cat/cat_pixelated_00054.png,cat,animal,land,pixelated,cat_00501
noise/cat/cat_noise_00054.png,cat,animal,land,noise,cat_00501
clean/airplane/airplane_clean_00059.png,airplane,vehicle,air,clean,airplane_00502
blur/airplane/airplane_blur_00059.png,airplane,vehicle,air,blur,airplane_00502
pixelated/airplane/airplane_pixelated_00059.png,airplane,vehicle,air,pixelated,airplane_00502
noise/airplane/airplane_noise_00059.png,airplane,vehicle,air,noise,airplane_00502
clean/deer/deer_clean_00052.png,deer,animal,land,clean,deer_00503
blur/deer/deer_blur_00052.png,deer,animal,land,blur,deer_00503
pixelated/deer/deer_pixelated_00052.png,deer,animal,land,pixelated,deer_00503
noise/deer/deer_noise_00052.png,deer,animal,land,noise,deer_00503
clean/dog/dog_clean_00047.png,dog,animal,land,clean,dog_00504
blur/dog/dog_blur_00047.png,dog,animal,land,blur,dog_00504
pixelated/dog/dog_pixelated_00047.png,dog,animal,land,pixelated,dog_00504
noise/dog/dog_noise_00047.png,dog,animal,land,noise,dog_00504
clean/automobile/automobile_clean_00056.png,automobile,vehicle,land,clean,automobile_00505
blur/automobile/automobile_blur_00056.png,automobile,vehicle,land,blur,automobile_00505
pixelated/automobile/automobile_pixelated_00056.png,automobile,vehicle,land,pixelated,automobile_00505
noise/automobile/automobile_noise_00056.png,automobile,vehicle,land,noise,automobile_00505
clean/truck/truck_clean_00039.png,truck,vehicle,land,clean,truck_00506
blur/truck/truck_blur_00039.png,truck,vehicle,land,blur,truck_00506
pixelated/truck/truck_pixelated_00039.png,truck,vehicle,land,pixelated,truck_00506
noise/truck/truck_noise_00039.png,truck,vehicle,land,noise,truck_00506
clean/cat/cat_clean_00055.png,cat,animal,land,clean,cat_00507
blur/cat/cat_blur_00055.png,cat,animal,land,blur,cat_00507
pixelated/cat/cat_pixelated_00055.png,cat,animal,land,pixelated,cat_00507
noise/cat/cat_noise_00055.png,cat,animal,land,noise,cat_00507
clean/airplane/airplane_clean_00060.png,airplane,vehicle,air,clean,airplane_00508
blur/airplane/airplane_blur_00060.png,airplane,vehicle,air,blur,airplane_00508
pixelated/airplane/airplane_pixelated_00060.png,airplane,vehicle,air,pixelated,airplane_00508
noise/airplane/airplane_noise_00060.png,airplane,vehicle,air,noise,airplane_00508
clean/automobile/automobile_clean_00057.png,automobile,vehicle,land,clean,automobile_00509
blur/automobile/automobile_blur_00057.png,automobile,vehicle,land,blur,automobile_00509
pixelated/automobile/automobile_pixelated_00057.png,automobile,vehicle,land,pixelated,automobile_00509
noise/automobile/automobile_noise_00057.png,automobile,vehicle,land,noise,automobile_00509
clean/ship/ship_clean_00045.png,ship,vehicle,water,clean,ship_00510
blur/ship/ship_blur_00045.png,ship,vehicle,water,blur,ship_00510
pixelated/ship/ship_pixelated_00045.png,ship,vehicle,water,pixelated,ship_00510
noise/ship/ship_noise_00045.png,ship,vehicle,water,noise,ship_00510
clean/deer/deer_clean_00053.png,deer,animal,land,clean,deer_00511
blur/deer/deer_blur_00053.png,deer,animal,land,blur,deer_00511
pixelated/deer/deer_pixelated_00053.png,deer,animal,land,pixelated,deer_00511
noise/deer/deer_noise_00053.png,deer,animal,land,noise,deer_00511
clean/ship/ship_clean_00046.png,ship,vehicle,water,clean,ship_00512
blur/ship/ship_blur_00046.png,ship,vehicle,water,blur,ship_00512
pixelated/ship/ship_pixelated_00046.png,ship,vehicle,water,pixelated,ship_00512
noise/ship/ship_noise_00046.png,ship,vehicle,water,noise,ship_00512
clean/dog/dog_clean_00048.png,dog,animal,land,clean,dog_00513
blur/dog/dog_blur_00048.png,dog,animal,land,blur,dog_00513
pixelated/dog/dog_pixelated_00048.png,dog,animal,land,pixelated,dog_00513
noise/dog/dog_noise_00048.png,dog,animal,land,noise,dog_00513
clean/horse/horse_clean_00045.png,horse,animal,land,clean,horse_00514
blur/horse/horse_blur_00045.png,horse,animal,land,blur,horse_00514
pixelated/horse/horse_pixelated_00045.png,horse,animal,land,pixelated,horse_00514
noise/horse/horse_noise_00045.png,horse,animal,land,noise,horse_00514
clean/truck/truck_clean_00040.png,truck,vehicle,land,clean,truck_00515
blur/truck/truck_blur_00040.png,truck,vehicle,land,blur,truck_00515
pixelated/truck/truck_pixelated_00040.png,truck,vehicle,land,pixelated,truck_00515
noise/truck/truck_noise_00040.png,truck,vehicle,land,noise,truck_00515
clean/deer/deer_clean_00054.png,deer,animal,land,clean,deer_00516
blur/deer/deer_blur_00054.png,deer,animal,land,blur,deer_00516
pixelated/deer/deer_pixelated_00054.png,deer,animal,land,pixelated,deer_00516
noise/deer/deer_noise_00054.png,deer,animal,land,noise,deer_00516
clean/cat/cat_clean_00056.png,cat,animal,land,clean,cat_00517
blur/cat/cat_blur_00056.png,cat,animal,land,blur,cat_00517
pixelated/cat/cat_pixelated_00056.png,cat,animal,land,pixelated,cat_00517
noise/cat/cat_noise_00056.png,cat,animal,land,noise,cat_00517
clean/automobile/automobile_clean_00058.png,automobile,vehicle,land,clean,automobile_00518
blur/automobile/automobile_blur_00058.png,automobile,vehicle,land,blur,automobile_00518
pixelated/automobile/automobile_pixelated_00058.png,automobile,vehicle,land,pixelated,automobile_00518
noise/automobile/automobile_noise_00058.png,automobile,vehicle,land,noise,automobile_00518
clean/dog/dog_clean_00049.png,dog,animal,land,clean,dog_00519
blur/dog/dog_blur_00049.png,dog,animal,land,blur,dog_00519
pixelated/dog/dog_pixelated_00049.png,dog,animal,land,pixelated,dog_00519
noise/dog/dog_noise_00049.png,dog,animal,land,noise,dog_00519
clean/cat/cat_clean_00057.png,cat,animal,land,clean,cat_00520
blur/cat/cat_blur_00057.png,cat,animal,land,blur,cat_00520
pixelated/cat/cat_pixelated_00057.png,cat,animal,land,pixelated,cat_00520
noise/cat/cat_noise_00057.png,cat,animal,land,noise,cat_00520
clean/dog/dog_clean_00050.png,dog,animal,land,clean,dog_00521
blur/dog/dog_blur_00050.png,dog,animal,land,blur,dog_00521
pixelated/dog/dog_pixelated_00050.png,dog,animal,land,pixelated,dog_00521
noise/dog/dog_noise_00050.png,dog,animal,land,noise,dog_00521
clean/deer/deer_clean_00055.png,deer,animal,land,clean,deer_00522
blur/deer/deer_blur_00055.png,deer,animal,land,blur,deer_00522
pixelated/deer/deer_pixelated_00055.png,deer,animal,land,pixelated,deer_00522
noise/deer/deer_noise_00055.png,deer,animal,land,noise,deer_00522
clean/automobile/automobile_clean_00059.png,automobile,vehicle,land,clean,automobile_00523
blur/automobile/automobile_blur_00059.png,automobile,vehicle,land,blur,automobile_00523
pixelated/automobile/automobile_pixelated_00059.png,automobile,vehicle,land,pixelated,automobile_00523
noise/automobile/automobile_noise_00059.png,automobile,vehicle,land,noise,automobile_00523
clean/dog/dog_clean_00051.png,dog,animal,land,clean,dog_00524
blur/dog/dog_blur_00051.png,dog,animal,land,blur,dog_00524
pixelated/dog/dog_pixelated_00051.png,dog,animal,land,pixelated,dog_00524
noise/dog/dog_noise_00051.png,dog,animal,land,noise,dog_00524
clean/deer/deer_clean_00056.png,deer,animal,land,clean,deer_00525
blur/deer/deer_blur_00056.png,deer,animal,land,blur,deer_00525
pixelated/deer/deer_pixelated_00056.png,deer,animal,land,pixelated,deer_00525
noise/deer/deer_noise_00056.png,deer,animal,land,noise,deer_00525
clean/horse/horse_clean_00046.png,horse,animal,land,clean,horse_00526
blur/horse/horse_blur_00046.png,horse,animal,land,blur,horse_00526
pixelated/horse/horse_pixelated_00046.png,horse,animal,land,pixelated,horse_00526
noise/horse/horse_noise_00046.png,horse,animal,land,noise,horse_00526
clean/dog/dog_clean_00052.png,dog,animal,land,clean,dog_00527
blur/dog/dog_blur_00052.png,dog,animal,land,blur,dog_00527
pixelated/dog/dog_pixelated_00052.png,dog,animal,land,pixelated,dog_00527
noise/dog/dog_noise_00052.png,dog,animal,land,noise,dog_00527
clean/ship/ship_clean_00047.png,ship,vehicle,water,clean,ship_00528
blur/ship/ship_blur_00047.png,ship,vehicle,water,blur,ship_00528
pixelated/ship/ship_pixelated_00047.png,ship,vehicle,water,pixelated,ship_00528
noise/ship/ship_noise_00047.png,ship,vehicle,water,noise,ship_00528
clean/frog/frog_clean_00047.png,frog,animal,land,clean,frog_00529
blur/frog/frog_blur_00047.png,frog,animal,land,blur,frog_00529
pixelated/frog/frog_pixelated_00047.png,frog,animal,land,pixelated,frog_00529
noise/frog/frog_noise_00047.png,frog,animal,land,noise,frog_00529
clean/cat/cat_clean_00058.png,cat,animal,land,clean,cat_00530
blur/cat/cat_blur_00058.png,cat,animal,land,blur,cat_00530
pixelated/cat/cat_pixelated_00058.png,cat,animal,land,pixelated,cat_00530
noise/cat/cat_noise_00058.png,cat,animal,land,noise,cat_00530
clean/deer/deer_clean_00057.png,deer,animal,land,clean,deer_00531
blur/deer/deer_blur_00057.png,deer,animal,land,blur,deer_00531
pixelated/deer/deer_pixelated_00057.png,deer,animal,land,pixelated,deer_00531
noise/deer/deer_noise_00057.png,deer,animal,land,noise,deer_00531
clean/dog/dog_clean_00053.png,dog,animal,land,clean,dog_00532
blur/dog/dog_blur_00053.png,dog,animal,land,blur,dog_00532
pixelated/dog/dog_pixelated_00053.png,dog,animal,land,pixelated,dog_00532
noise/dog/dog_noise_00053.png,dog,animal,land,noise,dog_00532
clean/horse/horse_clean_00047.png,horse,animal,land,clean,horse_00533
blur/horse/horse_blur_00047.png,horse,animal,land,blur,horse_00533
pixelated/horse/horse_pixelated_00047.png,horse,animal,land,pixelated,horse_00533
noise/horse/horse_noise_00047.png,horse,animal,land,noise,horse_00533
clean/automobile/automobile_clean_00060.png,automobile,vehicle,land,clean,automobile_00534
blur/automobile/automobile_blur_00060.png,automobile,vehicle,land,blur,automobile_00534
pixelated/automobile/automobile_pixelated_00060.png,automobile,vehicle,land,pixelated,automobile_00534
noise/automobile/automobile_noise_00060.png,automobile,vehicle,land,noise,automobile_00534
clean/frog/frog_clean_00048.png,frog,animal,land,clean,frog_00535
blur/frog/frog_blur_00048.png,frog,animal,land,blur,frog_00535
pixelated/frog/frog_pixelated_00048.png,frog,animal,land,pixelated,frog_00535
noise/frog/frog_noise_00048.png,frog,animal,land,noise,frog_00535
clean/bird/bird_clean_00066.png,bird,animal,air,clean,bird_00536
blur/bird/bird_blur_00066.png,bird,animal,air,blur,bird_00536
pixelated/bird/bird_pixelated_00066.png,bird,animal,air,pixelated,bird_00536
noise/bird/bird_noise_00066.png,bird,animal,air,noise,bird_00536
clean/cat/cat_clean_00059.png,cat,animal,land,clean,cat_00537
blur/cat/cat_blur_00059.png,cat,animal,land,blur,cat_00537
pixelated/cat/cat_pixelated_00059.png,cat,animal,land,pixelated,cat_00537
noise/cat/cat_noise_00059.png,cat,animal,land,noise,cat_00537
clean/airplane/airplane_clean_00061.png,airplane,vehicle,air,clean,airplane_00538
blur/airplane/airplane_blur_00061.png,airplane,vehicle,air,blur,airplane_00538
pixelated/airplane/airplane_pixelated_00061.png,airplane,vehicle,air,pixelated,airplane_00538
noise/airplane/airplane_noise_00061.png,airplane,vehicle,air,noise,airplane_00538
clean/ship/ship_clean_00048.png,ship,vehicle,water,clean,ship_00539
blur/ship/ship_blur_00048.png,ship,vehicle,water,blur,ship_00539
pixelated/ship/ship_pixelated_00048.png,ship,vehicle,water,pixelated,ship_00539
noise/ship/ship_noise_00048.png,ship,vehicle,water,noise,ship_00539
clean/dog/dog_clean_00054.png,dog,animal,land,clean,dog_00540
blur/dog/dog_blur_00054.png,dog,animal,land,blur,dog_00540
pixelated/dog/dog_pixelated_00054.png,dog,animal,land,pixelated,dog_00540
noise/dog/dog_noise_00054.png,dog,animal,land,noise,dog_00540
clean/automobile/automobile_clean_00061.png,automobile,vehicle,land,clean,automobile_00541
blur/automobile/automobile_blur_00061.png,automobile,vehicle,land,blur,automobile_00541
pixelated/automobile/automobile_pixelated_00061.png,automobile,vehicle,land,pixelated,automobile_00541
noise/automobile/automobile_noise_00061.png,automobile,vehicle,land,noise,automobile_00541
clean/horse/horse_clean_00048.png,horse,animal,land,clean,horse_00542
blur/horse/horse_blur_00048.png,horse,animal,land,blur,horse_00542
pixelated/horse/horse_pixelated_00048.png,horse,animal,land,pixelated,horse_00542
noise/horse/horse_noise_00048.png,horse,animal,land,noise,horse_00542
clean/airplane/airplane_clean_00062.png,airplane,vehicle,air,clean,airplane_00543
blur/airplane/airplane_blur_00062.png,airplane,vehicle,air,blur,airplane_00543
pixelated/airplane/airplane_pixelated_00062.png,airplane,vehicle,air,pixelated,airplane_00543
noise/airplane/airplane_noise_00062.png,airplane,vehicle,air,noise,airplane_00543
clean/ship/ship_clean_00049.png,ship,vehicle,water,clean,ship_00544
blur/ship/ship_blur_00049.png,ship,vehicle,water,blur,ship_00544
pixelated/ship/ship_pixelated_00049.png,ship,vehicle,water,pixelated,ship_00544
noise/ship/ship_noise_00049.png,ship,vehicle,water,noise,ship_00544
clean/airplane/airplane_clean_00063.png,airplane,vehicle,air,clean,airplane_00545
blur/airplane/airplane_blur_00063.png,airplane,vehicle,air,blur,airplane_00545
pixelated/airplane/airplane_pixelated_00063.png,airplane,vehicle,air,pixelated,airplane_00545
noise/airplane/airplane_noise_00063.png,airplane,vehicle,air,noise,airplane_00545
clean/cat/cat_clean_00060.png,cat,animal,land,clean,cat_00546
blur/cat/cat_blur_00060.png,cat,animal,land,blur,cat_00546
pixelated/cat/cat_pixelated_00060.png,cat,animal,land,pixelated,cat_00546
noise/cat/cat_noise_00060.png,cat,animal,land,noise,cat_00546
clean/airplane/airplane_clean_00064.png,airplane,vehicle,air,clean,airplane_00547
blur/airplane/airplane_blur_00064.png,airplane,vehicle,air,blur,airplane_00547
pixelated/airplane/airplane_pixelated_00064.png,airplane,vehicle,air,pixelated,airplane_00547
noise/airplane/airplane_noise_00064.png,airplane,vehicle,air,noise,airplane_00547
clean/truck/truck_clean_00041.png,truck,vehicle,land,clean,truck_00548
blur/truck/truck_blur_00041.png,truck,vehicle,land,blur,truck_00548
pixelated/truck/truck_pixelated_00041.png,truck,vehicle,land,pixelated,truck_00548
noise/truck/truck_noise_00041.png,truck,vehicle,land,noise,truck_00548
clean/ship/ship_clean_00050.png,ship,vehicle,water,clean,ship_00549
blur/ship/ship_blur_00050.png,ship,vehicle,water,blur,ship_00549
pixelated/ship/ship_pixelated_00050.png,ship,vehicle,water,pixelated,ship_00549
noise/ship/ship_noise_00050.png,ship,vehicle,water,noise,ship_00549
clean/deer/deer_clean_00058.png,deer,animal,land,clean,deer_00550
blur/deer/deer_blur_00058.png,deer,animal,land,blur,deer_00550
pixelated/deer/deer_pixelated_00058.png,deer,animal,land,pixelated,deer_00550
noise/deer/deer_noise_00058.png,deer,animal,land,noise,deer_00550
clean/dog/dog_clean_00055.png,dog,animal,land,clean,dog_00551
blur/dog/dog_blur_00055.png,dog,animal,land,blur,dog_00551
pixelated/dog/dog_pixelated_00055.png,dog,animal,land,pixelated,dog_00551
noise/dog/dog_noise_00055.png,dog,animal,land,noise,dog_00551
clean/cat/cat_clean_00061.png,cat,animal,land,clean,cat_00552
blur/cat/cat_blur_00061.png,cat,animal,land,blur,cat_00552
pixelated/cat/cat_pixelated_00061.png,cat,animal,land,pixelated,cat_00552
noise/cat/cat_noise_00061.png,cat,animal,land,noise,cat_00552
clean/truck/truck_clean_00042.png,truck,vehicle,land,clean,truck_00553
blur/truck/truck_blur_00042.png,truck,vehicle,land,blur,truck_00553
pixelated/truck/truck_pixelated_00042.png,truck,vehicle,land,pixelated,truck_00553
noise/truck/truck_noise_00042.png,truck,vehicle,land,noise,truck_00553
clean/dog/dog_clean_00056.png,dog,animal,land,clean,dog_00554
blur/dog/dog_blur_00056.png,dog,animal,land,blur,dog_00554
pixelated/dog/dog_pixelated_00056.png,dog,animal,land,pixelated,dog_00554
noise/dog/dog_noise_00056.png,dog,animal,land,noise,dog_00554
clean/dog/dog_clean_00057.png,dog,animal,land,clean,dog_00555
blur/dog/dog_blur_00057.png,dog,animal,land,blur,dog_00555
pixelated/dog/dog_pixelated_00057.png,dog,animal,land,pixelated,dog_00555
noise/dog/dog_noise_00057.png,dog,animal,land,noise,dog_00555
clean/dog/dog_clean_00058.png,dog,animal,land,clean,dog_00556
blur/dog/dog_blur_00058.png,dog,animal,land,blur,dog_00556
pixelated/dog/dog_pixelated_00058.png,dog,animal,land,pixelated,dog_00556
noise/dog/dog_noise_00058.png,dog,animal,land,noise,dog_00556
clean/cat/cat_clean_00062.png,cat,animal,land,clean,cat_00557
blur/cat/cat_blur_00062.png,cat,animal,land,blur,cat_00557
pixelated/cat/cat_pixelated_00062.png,cat,animal,land,pixelated,cat_00557
noise/cat/cat_noise_00062.png,cat,animal,land,noise,cat_00557
clean/cat/cat_clean_00063.png,cat,animal,land,clean,cat_00558
blur/cat/cat_blur_00063.png,cat,animal,land,blur,cat_00558
pixelated/cat/cat_pixelated_00063.png,cat,animal,land,pixelated,cat_00558
noise/cat/cat_noise_00063.png,cat,animal,land,noise,cat_00558
clean/automobile/automobile_clean_00062.png,automobile,vehicle,land,clean,automobile_00559
blur/automobile/automobile_blur_00062.png,automobile,vehicle,land,blur,automobile_00559
pixelated/automobile/automobile_pixelated_00062.png,automobile,vehicle,land,pixelated,automobile_00559
noise/automobile/automobile_noise_00062.png,automobile,vehicle,land,noise,automobile_00559
clean/frog/frog_clean_00049.png,frog,animal,land,clean,frog_00560
blur/frog/frog_blur_00049.png,frog,animal,land,blur,frog_00560
pixelated/frog/frog_pixelated_00049.png,frog,animal,land,pixelated,frog_00560
noise/frog/frog_noise_00049.png,frog,animal,land,noise,frog_00560
clean/automobile/automobile_clean_00063.png,automobile,vehicle,land,clean,automobile_00561
blur/automobile/automobile_blur_00063.png,automobile,vehicle,land,blur,automobile_00561
pixelated/automobile/automobile_pixelated_00063.png,automobile,vehicle,land,pixelated,automobile_00561
noise/automobile/automobile_noise_00063.png,automobile,vehicle,land,noise,automobile_00561
clean/ship/ship_clean_00051.png,ship,vehicle,water,clean,ship_00562
blur/ship/ship_blur_00051.png,ship,vehicle,water,blur,ship_00562
pixelated/ship/ship_pixelated_00051.png,ship,vehicle,water,pixelated,ship_00562
noise/ship/ship_noise_00051.png,ship,vehicle,water,noise,ship_00562
clean/dog/dog_clean_00059.png,dog,animal,land,clean,dog_00563
blur/dog/dog_blur_00059.png,dog,animal,land,blur,dog_00563
pixelated/dog/dog_pixelated_00059.png,dog,animal,land,pixelated,dog_00563
noise/dog/dog_noise_00059.png,dog,animal,land,noise,dog_00563
clean/truck/truck_clean_00043.png,truck,vehicle,land,clean,truck_00564
blur/truck/truck_blur_00043.png,truck,vehicle,land,blur,truck_00564
pixelated/truck/truck_pixelated_00043.png,truck,vehicle,land,pixelated,truck_00564
noise/truck/truck_noise_00043.png,truck,vehicle,land,noise,truck_00564
clean/ship/ship_clean_00052.png,ship,vehicle,water,clean,ship_00565
blur/ship/ship_blur_00052.png,ship,vehicle,water,blur,ship_00565
pixelated/ship/ship_pixelated_00052.png,ship,vehicle,water,pixelated,ship_00565
noise/ship/ship_noise_00052.png,ship,vehicle,water,noise,ship_00565
clean/ship/ship_clean_00053.png,ship,vehicle,water,clean,ship_00566
blur/ship/ship_blur_00053.png,ship,vehicle,water,blur,ship_00566
pixelated/ship/ship_pixelated_00053.png,ship,vehicle,water,pixelated,ship_00566
noise/ship/ship_noise_00053.png,ship,vehicle,water,noise,ship_00566
clean/horse/horse_clean_00049.png,horse,animal,land,clean,horse_00567
blur/horse/horse_blur_00049.png,horse,animal,land,blur,horse_00567
pixelated/horse/horse_pixelated_00049.png,horse,animal,land,pixelated,horse_00567
noise/horse/horse_noise_00049.png,horse,animal,land,noise,horse_00567
clean/airplane/airplane_clean_00065.png,airplane,vehicle,air,clean,airplane_00568
blur/airplane/airplane_blur_00065.png,airplane,vehicle,air,blur,airplane_00568
pixelated/airplane/airplane_pixelated_00065.png,airplane,vehicle,air,pixelated,airplane_00568
noise/airplane/airplane_noise_00065.png,airplane,vehicle,air,noise,airplane_00568
clean/deer/deer_clean_00059.png,deer,animal,land,clean,deer_00569
blur/deer/deer_blur_00059.png,deer,animal,land,blur,deer_00569
pixelated/deer/deer_pixelated_00059.png,deer,animal,land,pixelated,deer_00569
noise/deer/deer_noise_00059.png,deer,animal,land,noise,deer_00569
clean/truck/truck_clean_00044.png,truck,vehicle,land,clean,truck_00570
blur/truck/truck_blur_00044.png,truck,vehicle,land,blur,truck_00570
pixelated/truck/truck_pixelated_00044.png,truck,vehicle,land,pixelated,truck_00570
noise/truck/truck_noise_00044.png,truck,vehicle,land,noise,truck_00570
clean/automobile/automobile_clean_00064.png,automobile,vehicle,land,clean,automobile_00571
blur/automobile/automobile_blur_00064.png,automobile,vehicle,land,blur,automobile_00571
pixelated/automobile/automobile_pixelated_00064.png,automobile,vehicle,land,pixelated,automobile_00571
noise/automobile/automobile_noise_00064.png,automobile,vehicle,land,noise,automobile_00571
clean/bird/bird_clean_00067.png,bird,animal,air,clean,bird_00572
blur/bird/bird_blur_00067.png,bird,animal,air,blur,bird_00572
pixelated/bird/bird_pixelated_00067.png,bird,animal,air,pixelated,bird_00572
noise/bird/bird_noise_00067.png,bird,animal,air,noise,bird_00572
clean/cat/cat_clean_00064.png,cat,animal,land,clean,cat_00573
blur/cat/cat_blur_00064.png,cat,animal,land,blur,cat_00573
pixelated/cat/cat_pixelated_00064.png,cat,animal,land,pixelated,cat_00573
noise/cat/cat_noise_00064.png,cat,animal,land,noise,cat_00573
clean/automobile/automobile_clean_00065.png,automobile,vehicle,land,clean,automobile_00574
blur/automobile/automobile_blur_00065.png,automobile,vehicle,land,blur,automobile_00574
pixelated/automobile/automobile_pixelated_00065.png,automobile,vehicle,land,pixelated,automobile_00574
noise/automobile/automobile_noise_00065.png,automobile,vehicle,land,noise,automobile_00574
clean/truck/truck_clean_00045.png,truck,vehicle,land,clean,truck_00575
blur/truck/truck_blur_00045.png,truck,vehicle,land,blur,truck_00575
pixelated/truck/truck_pixelated_00045.png,truck,vehicle,land,pixelated,truck_00575
noise/truck/truck_noise_00045.png,truck,vehicle,land,noise,truck_00575
clean/frog/frog_clean_00050.png,frog,animal,land,clean,frog_00576
blur/frog/frog_blur_00050.png,frog,animal,land,blur,frog_00576
pixelated/frog/frog_pixelated_00050.png,frog,animal,land,pixelated,frog_00576
noise/frog/frog_noise_00050.png,frog,animal,land,noise,frog_00576
clean/truck/truck_clean_00046.png,truck,vehicle,land,clean,truck_00577
blur/truck/truck_blur_00046.png,truck,vehicle,land,blur,truck_00577
pixelated/truck/truck_pixelated_00046.png,truck,vehicle,land,pixelated,truck_00577
noise/truck/truck_noise_00046.png,truck,vehicle,land,noise,truck_00577
clean/bird/bird_clean_00068.png,bird,animal,air,clean,bird_00578
blur/bird/bird_blur_00068.png,bird,animal,air,blur,bird_00578
pixelated/bird/bird_pixelated_00068.png,bird,animal,air,pixelated,bird_00578
noise/bird/bird_noise_00068.png,bird,animal,air,noise,bird_00578
clean/automobile/automobile_clean_00066.png,automobile,vehicle,land,clean,automobile_00579
blur/automobile/automobile_blur_00066.png,automobile,vehicle,land,blur,automobile_00579
pixelated/automobile/automobile_pixelated_00066.png,automobile,vehicle,land,pixelated,automobile_00579
noise/automobile/automobile_noise_00066.png,automobile,vehicle,land,noise,automobile_00579
clean/cat/cat_clean_00065.png,cat,animal,land,clean,cat_00580
blur/cat/cat_blur_00065.png,cat,animal,land,blur,cat_00580
pixelated/cat/cat_pixelated_00065.png,cat,animal,land,pixelated,cat_00580
noise/cat/cat_noise_00065.png,cat,animal,land,noise,cat_00580
clean/truck/truck_clean_00047.png,truck,vehicle,land,clean,truck_00581
blur/truck/truck_blur_00047.png,truck,vehicle,land,blur,truck_00581
pixelated/truck/truck_pixelated_00047.png,truck,vehicle,land,pixelated,truck_00581
noise/truck/truck_noise_00047.png,truck,vehicle,land,noise,truck_00581
clean/truck/truck_clean_00048.png,truck,vehicle,land,clean,truck_00582
blur/truck/truck_blur_00048.png,truck,vehicle,land,blur,truck_00582
pixelated/truck/truck_pixelated_00048.png,truck,vehicle,land,pixelated,truck_00582
noise/truck/truck_noise_00048.png,truck,vehicle,land,noise,truck_00582
clean/cat/cat_clean_00066.png,cat,animal,land,clean,cat_00583
blur/cat/cat_blur_00066.png,cat,animal,land,blur,cat_00583
pixelated/cat/cat_pixelated_00066.png,cat,animal,land,pixelated,cat_00583
noise/cat/cat_noise_00066.png,cat,animal,land,noise,cat_00583
clean/horse/horse_clean_00050.png,horse,animal,land,clean,horse_00584
blur/horse/horse_blur_00050.png,horse,animal,land,blur,horse_00584
pixelated/horse/horse_pixelated_00050.png,horse,animal,land,pixelated,horse_00584
noise/horse/horse_noise_00050.png,horse,animal,land,noise,horse_00584
clean/deer/deer_clean_00060.png,deer,animal,land,clean,deer_00585
blur/deer/deer_blur_00060.png,deer,animal,land,blur,deer_00585
pixelated/deer/deer_pixelated_00060.png,deer,animal,land,pixelated,deer_00585
noise/deer/deer_noise_00060.png,deer,animal,land,noise,deer_00585
clean/frog/frog_clean_00051.png,frog,animal,land,clean,frog_00586
blur/frog/frog_blur_00051.png,frog,animal,land,blur,frog_00586
pixelated/frog/frog_pixelated_00051.png,frog,animal,land,pixelated,frog_00586
noise/frog/frog_noise_00051.png,frog,animal,land,noise,frog_00586
clean/ship/ship_clean_00054.png,ship,vehicle,water,clean,ship_00587
blur/ship/ship_blur_00054.png,ship,vehicle,water,blur,ship_00587
pixelated/ship/ship_pixelated_00054.png,ship,vehicle,water,pixelated,ship_00587
noise/ship/ship_noise_00054.png,ship,vehicle,water,noise,ship_00587
clean/airplane/airplane_clean_00066.png,airplane,vehicle,air,clean,airplane_00588
blur/airplane/airplane_blur_00066.png,airplane,vehicle,air,blur,airplane_00588
pixelated/airplane/airplane_pixelated_00066.png,airplane,vehicle,air,pixelated,airplane_00588
noise/airplane/airplane_noise_00066.png,airplane,vehicle,air,noise,airplane_00588
clean/deer/deer_clean_00061.png,deer,animal,land,clean,deer_00589
blur/deer/deer_blur_00061.png,deer,animal,land,blur,deer_00589
pixelated/deer/deer_pixelated_00061.png,deer,animal,land,pixelated,deer_00589
noise/deer/deer_noise_00061.png,deer,animal,land,noise,deer_00589
clean/bird/bird_clean_00069.png,bird,animal,air,clean,bird_00590
blur/bird/bird_blur_00069.png,bird,animal,air,blur,bird_00590
pixelated/bird/bird_pixelated_00069.png,bird,animal,air,pixelated,bird_00590
noise/bird/bird_noise_00069.png,bird,animal,air,noise,bird_00590
clean/airplane/airplane_clean_00067.png,airplane,vehicle,air,clean,airplane_00591
blur/airplane/airplane_blur_00067.png,airplane,vehicle,air,blur,airplane_00591
pixelated/airplane/airplane_pixelated_00067.png,airplane,vehicle,air,pixelated,airplane_00591
noise/airplane/airplane_noise_00067.png,airplane,vehicle,air,noise,airplane_00591
clean/frog/frog_clean_00052.png,frog,animal,land,clean,frog_00592
blur/frog/frog_blur_00052.png,frog,animal,land,blur,frog_00592
pixelated/frog/frog_pixelated_00052.png,frog,animal,land,pixelated,frog_00592
noise/frog/frog_noise_00052.png,frog,animal,land,noise,frog_00592
clean/truck/truck_clean_00049.png,truck,vehicle,land,clean,truck_00593
blur/truck/truck_blur_00049.png,truck,vehicle,land,blur,truck_00593
pixelated/truck/truck_pixelated_00049.png,truck,vehicle,land,pixelated,truck_00593
noise/truck/truck_noise_00049.png,truck,vehicle,land,noise,truck_00593
clean/deer/deer_clean_00062.png,deer,animal,land,clean,deer_00594
blur/deer/deer_blur_00062.png,deer,animal,land,blur,deer_00594
pixelated/deer/deer_pixelated_00062.png,deer,animal,land,pixelated,deer_00594
noise/deer/deer_noise_00062.png,deer,animal,land,noise,deer_00594
clean/ship/ship_clean_00055.png,ship,vehicle,water,clean,ship_00595
blur/ship/ship_blur_00055.png,ship,vehicle,water,blur,ship_00595
pixelated/ship/ship_pixelated_00055.png,ship,vehicle,water,pixelated,ship_00595
noise/ship/ship_noise_00055.png,ship,vehicle,water,noise,ship_00595
clean/bird/bird_clean_00070.png,bird,animal,air,clean,bird_00596
blur/bird/bird_blur_00070.png,bird,animal,air,blur,bird_00596
pixelated/bird/bird_pixelated_00070.png,bird,animal,air,pixelated,bird_00596
noise/bird/bird_noise_00070.png,bird,animal,air,noise,bird_00596
clean/truck/truck_clean_00050.png,truck,vehicle,land,clean,truck_00597
blur/truck/truck_blur_00050.png,truck,vehicle,land,blur,truck_00597
pixelated/truck/truck_pixelated_00050.png,truck,vehicle,land,pixelated,truck_00597
noise/truck/truck_noise_00050.png,truck,vehicle,land,noise,truck_00597
clean/truck/truck_clean_00051.png,truck,vehicle,land,clean,truck_00598
blur/truck/truck_blur_00051.png,truck,vehicle,land,blur,truck_00598
pixelated/truck/truck_pixelated_00051.png,truck,vehicle,land,pixelated,truck_00598
noise/truck/truck_noise_00051.png,truck,vehicle,land,noise,truck_00598
clean/deer/deer_clean_00063.png,deer,animal,land,clean,deer_00599
blur/deer/deer_blur_00063.png,deer,animal,land,blur,deer_00599
pixelated/deer/deer_pixelated_00063.png,deer,animal,land,pixelated,deer_00599
noise/deer/deer_noise_00063.png,deer,animal,land,noise,deer_00599
clean/frog/frog_clean_00053.png,frog,animal,land,clean,frog_00600
blur/frog/frog_blur_00053.png,frog,animal,land,blur,frog_00600
pixelated/frog/frog_pixelated_00053.png,frog,animal,land,pixelated,frog_00600
noise/frog/frog_noise_00053.png,frog,animal,land,noise,frog_00600
clean/horse/horse_clean_00051.png,horse,animal,land,clean,horse_00601
blur/horse/horse_blur_00051.png,horse,animal,land,blur,horse_00601
pixelated/horse/horse_pixelated_00051.png,horse,animal,land,pixelated,horse_00601
noise/horse/horse_noise_00051.png,horse,animal,land,noise,horse_00601
clean/dog/dog_clean_00060.png,dog,animal,land,clean,dog_00602
blur/dog/dog_blur_00060.png,dog,animal,land,blur,dog_00602
pixelated/dog/dog_pixelated_00060.png,dog,animal,land,pixelated,dog_00602
noise/dog/dog_noise_00060.png,dog,animal,land,noise,dog_00602
clean/bird/bird_clean_00071.png,bird,animal,air,clean,bird_00603
blur/bird/bird_blur_00071.png,bird,animal,air,blur,bird_00603
pixelated/bird/bird_pixelated_00071.png,bird,animal,air,pixelated,bird_00603
noise/bird/bird_noise_00071.png,bird,animal,air,noise,bird_00603
clean/truck/truck_clean_00052.png,truck,vehicle,land,clean,truck_00604
blur/truck/truck_blur_00052.png,truck,vehicle,land,blur,truck_00604
pixelated/truck/truck_pixelated_00052.png,truck,vehicle,land,pixelated,truck_00604
noise/truck/truck_noise_00052.png,truck,vehicle,land,noise,truck_00604
clean/horse/horse_clean_00052.png,horse,animal,land,clean,horse_00605
blur/horse/horse_blur_00052.png,horse,animal,land,blur,horse_00605
pixelated/horse/horse_pixelated_00052.png,horse,animal,land,pixelated,horse_00605
noise/horse/horse_noise_00052.png,horse,animal,land,noise,horse_00605
clean/ship/ship_clean_00056.png,ship,vehicle,water,clean,ship_00606
blur/ship/ship_blur_00056.png,ship,vehicle,water,blur,ship_00606
pixelated/ship/ship_pixelated_00056.png,ship,vehicle,water,pixelated,ship_00606
noise/ship/ship_noise_00056.png,ship,vehicle,water,noise,ship_00606
clean/cat/cat_clean_00067.png,cat,animal,land,clean,cat_00607
blur/cat/cat_blur_00067.png,cat,animal,land,blur,cat_00607
pixelated/cat/cat_pixelated_00067.png,cat,animal,land,pixelated,cat_00607
noise/cat/cat_noise_00067.png,cat,animal,land,noise,cat_00607
clean/frog/frog_clean_00054.png,frog,animal,land,clean,frog_00608
blur/frog/frog_blur_00054.png,frog,animal,land,blur,frog_00608
pixelated/frog/frog_pixelated_00054.png,frog,animal,land,pixelated,frog_00608
noise/frog/frog_noise_00054.png,frog,animal,land,noise,frog_00608
clean/cat/cat_clean_00068.png,cat,animal,land,clean,cat_00609
blur/cat/cat_blur_00068.png,cat,animal,land,blur,cat_00609
pixelated/cat/cat_pixelated_00068.png,cat,animal,land,pixelated,cat_00609
noise/cat/cat_noise_00068.png,cat,animal,land,noise,cat_00609
clean/bird/bird_clean_00072.png,bird,animal,air,clean,bird_00610
blur/bird/bird_blur_00072.png,bird,animal,air,blur,bird_00610
pixelated/bird/bird_pixelated_00072.png,bird,animal,air,pixelated,bird_00610
noise/bird/bird_noise_00072.png,bird,animal,air,noise,bird_00610
clean/automobile/automobile_clean_00067.png,automobile,vehicle,land,clean,automobile_00611
blur/automobile/automobile_blur_00067.png,automobile,vehicle,land,blur,automobile_00611
pixelated/automobile/automobile_pixelated_00067.png,automobile,vehicle,land,pixelated,automobile_00611
noise/automobile/automobile_noise_00067.png,automobile,vehicle,land,noise,automobile_00611
clean/automobile/automobile_clean_00068.png,automobile,vehicle,land,clean,automobile_00612
blur/automobile/automobile_blur_00068.png,automobile,vehicle,land,blur,automobile_00612
pixelated/automobile/automobile_pixelated_00068.png,automobile,vehicle,land,pixelated,automobile_00612
noise/automobile/automobile_noise_00068.png,automobile,vehicle,land,noise,automobile_00612
clean/airplane/airplane_clean_00068.png,airplane,vehicle,air,clean,airplane_00613
blur/airplane/airplane_blur_00068.png,airplane,vehicle,air,blur,airplane_00613
pixelated/airplane/airplane_pixelated_00068.png,airplane,vehicle,air,pixelated,airplane_00613
noise/airplane/airplane_noise_00068.png,airplane,vehicle,air,noise,airplane_00613
clean/bird/bird_clean_00073.png,bird,animal,air,clean,bird_00614
blur/bird/bird_blur_00073.png,bird,animal,air,blur,bird_00614
pixelated/bird/bird_pixelated_00073.png,bird,animal,air,pixelated,bird_00614
noise/bird/bird_noise_00073.png,bird,animal,air,noise,bird_00614
clean/deer/deer_clean_00064.png,deer,animal,land,clean,deer_00615
blur/deer/deer_blur_00064.png,deer,animal,land,blur,deer_00615
pixelated/deer/deer_pixelated_00064.png,deer,animal,land,pixelated,deer_00615
noise/deer/deer_noise_00064.png,deer,animal,land,noise,deer_00615
clean/horse/horse_clean_00053.png,horse,animal,land,clean,horse_00616
blur/horse/horse_blur_00053.png,horse,animal,land,blur,horse_00616
pixelated/horse/horse_pixelated_00053.png,horse,animal,land,pixelated,horse_00616
noise/horse/horse_noise_00053.png,horse,animal,land,noise,horse_00616
clean/frog/frog_clean_00055.png,frog,animal,land,clean,frog_00617
blur/frog/frog_blur_00055.png,frog,animal,land,blur,frog_00617
pixelated/frog/frog_pixelated_00055.png,frog,animal,land,pixelated,frog_00617
noise/frog/frog_noise_00055.png,frog,animal,land,noise,frog_00617
clean/frog/frog_clean_00056.png,frog,animal,land,clean,frog_00618
blur/frog/frog_blur_00056.png,frog,animal,land,blur,frog_00618
pixelated/frog/frog_pixelated_00056.png,frog,animal,land,pixelated,frog_00618
noise/frog/frog_noise_00056.png,frog,animal,land,noise,frog_00618
clean/horse/horse_clean_00054.png,horse,animal,land,clean,horse_00619
blur/horse/horse_blur_00054.png,horse,animal,land,blur,horse_00619
pixelated/horse/horse_pixelated_00054.png,horse,animal,land,pixelated,horse_00619
noise/horse/horse_noise_00054.png,horse,animal,land,noise,horse_00619
clean/frog/frog_clean_00057.png,frog,animal,land,clean,frog_00620
blur/frog/frog_blur_00057.png,frog,animal,land,blur,frog_00620
pixelated/frog/frog_pixelated_00057.png,frog,animal,land,pixelated,frog_00620
noise/frog/frog_noise_00057.png,frog,animal,land,noise,frog_00620
clean/bird/bird_clean_00074.png,bird,animal,air,clean,bird_00621
blur/bird/bird_blur_00074.png,bird,animal,air,blur,bird_00621
pixelated/bird/bird_pixelated_00074.png,bird,animal,air,pixelated,bird_00621
noise/bird/bird_noise_00074.png,bird,animal,air,noise,bird_00621
clean/bird/bird_clean_00075.png,bird,animal,air,clean,bird_00622
blur/bird/bird_blur_00075.png,bird,animal,air,blur,bird_00622
pixelated/bird/bird_pixelated_00075.png,bird,animal,air,pixelated,bird_00622
noise/bird/bird_noise_00075.png,bird,animal,air,noise,bird_00622
clean/bird/bird_clean_00076.png,bird,animal,air,clean,bird_00623
blur/bird/bird_blur_00076.png,bird,animal,air,blur,bird_00623
pixelated/bird/bird_pixelated_00076.png,bird,animal,air,pixelated,bird_00623
noise/bird/bird_noise_00076.png,bird,animal,air,noise,bird_00623
clean/frog/frog_clean_00058.png,frog,animal,land,clean,frog_00624
blur/frog/frog_blur_00058.png,frog,animal,land,blur,frog_00624
pixelated/frog/frog_pixelated_00058.png,frog,animal,land,pixelated,frog_00624
noise/frog/frog_noise_00058.png,frog,animal,land,noise,frog_00624
clean/automobile/automobile_clean_00069.png,automobile,vehicle,land,clean,automobile_00625
blur/automobile/automobile_blur_00069.png,automobile,vehicle,land,blur,automobile_00625
pixelated/automobile/automobile_pixelated_00069.png,automobile,vehicle,land,pixelated,automobile_00625
noise/automobile/automobile_noise_00069.png,automobile,vehicle,land,noise,automobile_00625
clean/cat/cat_clean_00069.png,cat,animal,land,clean,cat_00626
blur/cat/cat_blur_00069.png,cat,animal,land,blur,cat_00626
pixelated/cat/cat_pixelated_00069.png,cat,animal,land,pixelated,cat_00626
noise/cat/cat_noise_00069.png,cat,animal,land,noise,cat_00626
clean/dog/dog_clean_00061.png,dog,animal,land,clean,dog_00627
blur/dog/dog_blur_00061.png,dog,animal,land,blur,dog_00627
pixelated/dog/dog_pixelated_00061.png,dog,animal,land,pixelated,dog_00627
noise/dog/dog_noise_00061.png,dog,animal,land,noise,dog_00627
clean/horse/horse_clean_00055.png,horse,animal,land,clean,horse_00628
blur/horse/horse_blur_00055.png,horse,animal,land,blur,horse_00628
pixelated/horse/horse_pixelated_00055.png,horse,animal,land,pixelated,horse_00628
noise/horse/horse_noise_00055.png,horse,animal,land,noise,horse_00628
clean/truck/truck_clean_00053.png,truck,vehicle,land,clean,truck_00629
blur/truck/truck_blur_00053.png,truck,vehicle,land,blur,truck_00629
pixelated/truck/truck_pixelated_00053.png,truck,vehicle,land,pixelated,truck_00629
noise/truck/truck_noise_00053.png,truck,vehicle,land,noise,truck_00629
clean/deer/deer_clean_00065.png,deer,animal,land,clean,deer_00630
blur/deer/deer_blur_00065.png,deer,animal,land,blur,deer_00630
pixelated/deer/deer_pixelated_00065.png,deer,animal,land,pixelated,deer_00630
noise/deer/deer_noise_00065.png,deer,animal,land,noise,deer_00630
clean/cat/cat_clean_00070.png,cat,animal,land,clean,cat_00631
blur/cat/cat_blur_00070.png,cat,animal,land,blur,cat_00631
pixelated/cat/cat_pixelated_00070.png,cat,animal,land,pixelated,cat_00631
noise/cat/cat_noise_00070.png,cat,animal,land,noise,cat_00631
clean/dog/dog_clean_00062.png,dog,animal,land,clean,dog_00632
blur/dog/dog_blur_00062.png,dog,animal,land,blur,dog_00632
pixelated/dog/dog_pixelated_00062.png,dog,animal,land,pixelated,dog_00632
noise/dog/dog_noise_00062.png,dog,animal,land,noise,dog_00632
clean/truck/truck_clean_00054.png,truck,vehicle,land,clean,truck_00633
blur/truck/truck_blur_00054.png,truck,vehicle,land,blur,truck_00633
pixelated/truck/truck_pixelated_00054.png,truck,vehicle,land,pixelated,truck_00633
noise/truck/truck_noise_00054.png,truck,vehicle,land,noise,truck_00633
clean/horse/horse_clean_00056.png,horse,animal,land,clean,horse_00634
blur/horse/horse_blur_00056.png,horse,animal,land,blur,horse_00634
pixelated/horse/horse_pixelated_00056.png,horse,animal,land,pixelated,horse_00634
noise/horse/horse_noise_00056.png,horse,animal,land,noise,horse_00634
clean/cat/cat_clean_00071.png,cat,animal,land,clean,cat_00635
blur/cat/cat_blur_00071.png,cat,animal,land,blur,cat_00635
pixelated/cat/cat_pixelated_00071.png,cat,animal,land,pixelated,cat_00635
noise/cat/cat_noise_00071.png,cat,animal,land,noise,cat_00635
clean/ship/ship_clean_00057.png,ship,vehicle,water,clean,ship_00636
blur/ship/ship_blur_00057.png,ship,vehicle,water,blur,ship_00636
pixelated/ship/ship_pixelated_00057.png,ship,vehicle,water,pixelated,ship_00636
noise/ship/ship_noise_00057.png,ship,vehicle,water,noise,ship_00636
clean/deer/deer_clean_00066.png,deer,animal,land,clean,deer_00637
blur/deer/deer_blur_00066.png,deer,animal,land,blur,deer_00637
pixelated/deer/deer_pixelated_00066.png,deer,animal,land,pixelated,deer_00637
noise/deer/deer_noise_00066.png,deer,animal,land,noise,deer_00637
clean/cat/cat_clean_00072.png,cat,animal,land,clean,cat_00638
blur/cat/cat_blur_00072.png,cat,animal,land,blur,cat_00638
pixelated/cat/cat_pixelated_00072.png,cat,animal,land,pixelated,cat_00638
noise/cat/cat_noise_00072.png,cat,animal,land,noise,cat_00638
clean/airplane/airplane_clean_00069.png,airplane,vehicle,air,clean,airplane_00639
blur/airplane/airplane_blur_00069.png,airplane,vehicle,air,blur,airplane_00639
pixelated/airplane/airplane_pixelated_00069.png,airplane,vehicle,air,pixelated,airplane_00639
noise/airplane/airplane_noise_00069.png,airplane,vehicle,air,noise,airplane_00639
clean/airplane/airplane_clean_00070.png,airplane,vehicle,air,clean,airplane_00640
blur/airplane/airplane_blur_00070.png,airplane,vehicle,air,blur,airplane_00640
pixelated/airplane/airplane_pixelated_00070.png,airplane,vehicle,air,pixelated,airplane_00640
noise/airplane/airplane_noise_00070.png,airplane,vehicle,air,noise,airplane_00640
clean/bird/bird_clean_00077.png,bird,animal,air,clean,bird_00641
blur/bird/bird_blur_00077.png,bird,animal,air,blur,bird_00641
pixelated/bird/bird_pixelated_00077.png,bird,animal,air,pixelated,bird_00641
noise/bird/bird_noise_00077.png,bird,animal,air,noise,bird_00641
clean/dog/dog_clean_00063.png,dog,animal,land,clean,dog_00642
blur/dog/dog_blur_00063.png,dog,animal,land,blur,dog_00642
pixelated/dog/dog_pixelated_00063.png,dog,animal,land,pixelated,dog_00642
noise/dog/dog_noise_00063.png,dog,animal,land,noise,dog_00642
clean/bird/bird_clean_00078.png,bird,animal,air,clean,bird_00643
blur/bird/bird_blur_00078.png,bird,animal,air,blur,bird_00643
pixelated/bird/bird_pixelated_00078.png,bird,animal,air,pixelated,bird_00643
noise/bird/bird_noise_00078.png,bird,animal,air,noise,bird_00643
clean/truck/truck_clean_00055.png,truck,vehicle,land,clean,truck_00644
blur/truck/truck_blur_00055.png,truck,vehicle,land,blur,truck_00644
pixelated/truck/truck_pixelated_00055.png,truck,vehicle,land,pixelated,truck_00644
noise/truck/truck_noise_00055.png,truck,vehicle,land,noise,truck_00644
clean/bird/bird_clean_00079.png,bird,animal,air,clean,bird_00645
blur/bird/bird_blur_00079.png,bird,animal,air,blur,bird_00645
pixelated/bird/bird_pixelated_00079.png,bird,animal,air,pixelated,bird_00645
noise/bird/bird_noise_00079.png,bird,animal,air,noise,bird_00645
clean/horse/horse_clean_00057.png,horse,animal,land,clean,horse_00646
blur/horse/horse_blur_00057.png,horse,animal,land,blur,horse_00646
pixelated/horse/horse_pixelated_00057.png,horse,animal,land,pixelated,horse_00646
noise/horse/horse_noise_00057.png,horse,animal,land,noise,horse_00646
clean/ship/ship_clean_00058.png,ship,vehicle,water,clean,ship_00647
blur/ship/ship_blur_00058.png,ship,vehicle,water,blur,ship_00647
pixelated/ship/ship_pixelated_00058.png,ship,vehicle,water,pixelated,ship_00647
noise/ship/ship_noise_00058.png,ship,vehicle,water,noise,ship_00647
clean/airplane/airplane_clean_00071.png,airplane,vehicle,air,clean,airplane_00648
blur/airplane/airplane_blur_00071.png,airplane,vehicle,air,blur,airplane_00648
pixelated/airplane/airplane_pixelated_00071.png,airplane,vehicle,air,pixelated,airplane_00648
noise/airplane/airplane_noise_00071.png,airplane,vehicle,air,noise,airplane_00648
clean/cat/cat_clean_00073.png,cat,animal,land,clean,cat_00649
blur/cat/cat_blur_00073.png,cat,animal,land,blur,cat_00649
pixelated/cat/cat_pixelated_00073.png,cat,animal,land,pixelated,cat_00649
noise/cat/cat_noise_00073.png,cat,animal,land,noise,cat_00649
clean/frog/frog_clean_00059.png,frog,animal,land,clean,frog_00650
blur/frog/frog_blur_00059.png,frog,animal,land,blur,frog_00650
pixelated/frog/frog_pixelated_00059.png,frog,animal,land,pixelated,frog_00650
noise/frog/frog_noise_00059.png,frog,animal,land,noise,frog_00650
clean/ship/ship_clean_00059.png,ship,vehicle,water,clean,ship_00651
blur/ship/ship_blur_00059.png,ship,vehicle,water,blur,ship_00651
pixelated/ship/ship_pixelated_00059.png,ship,vehicle,water,pixelated,ship_00651
noise/ship/ship_noise_00059.png,ship,vehicle,water,noise,ship_00651
clean/ship/ship_clean_00060.png,ship,vehicle,water,clean,ship_00652
blur/ship/ship_blur_00060.png,ship,vehicle,water,blur,ship_00652
pixelated/ship/ship_pixelated_00060.png,ship,vehicle,water,pixelated,ship_00652
noise/ship/ship_noise_00060.png,ship,vehicle,water,noise,ship_00652
clean/dog/dog_clean_00064.png,dog,animal,land,clean,dog_00653
blur/dog/dog_blur_00064.png,dog,animal,land,blur,dog_00653
pixelated/dog/dog_pixelated_00064.png,dog,animal,land,pixelated,dog_00653
noise/dog/dog_noise_00064.png,dog,animal,land,noise,dog_00653
clean/frog/frog_clean_00060.png,frog,animal,land,clean,frog_00654
blur/frog/frog_blur_00060.png,frog,animal,land,blur,frog_00654
pixelated/frog/frog_pixelated_00060.png,frog,animal,land,pixelated,frog_00654
noise/frog/frog_noise_00060.png,frog,animal,land,noise,frog_00654
clean/truck/truck_clean_00056.png,truck,vehicle,land,clean,truck_00655
blur/truck/truck_blur_00056.png,truck,vehicle,land,blur,truck_00655
pixelated/truck/truck_pixelated_00056.png,truck,vehicle,land,pixelated,truck_00655
noise/truck/truck_noise_00056.png,truck,vehicle,land,noise,truck_00655
clean/airplane/airplane_clean_00072.png,airplane,vehicle,air,clean,airplane_00656
blur/airplane/airplane_blur_00072.png,airplane,vehicle,air,blur,airplane_00656
pixelated/airplane/airplane_pixelated_00072.png,airplane,vehicle,air,pixelated,airplane_00656
noise/airplane/airplane_noise_00072.png,airplane,vehicle,air,noise,airplane_00656
clean/airplane/airplane_clean_00073.png,airplane,vehicle,air,clean,airplane_00657
blur/airplane/airplane_blur_00073.png,airplane,vehicle,air,blur,airplane_00657
pixelated/airplane/airplane_pixelated_00073.png,airplane,vehicle,air,pixelated,airplane_00657
noise/airplane/airplane_noise_00073.png,airplane,vehicle,air,noise,airplane_00657
clean/horse/horse_clean_00058.png,horse,animal,land,clean,horse_00658
blur/horse/horse_blur_00058.png,horse,animal,land,blur,horse_00658
pixelated/horse/horse_pixelated_00058.png,horse,animal,land,pixelated,horse_00658
noise/horse/horse_noise_00058.png,horse,animal,land,noise,horse_00658
clean/frog/frog_clean_00061.png,frog,animal,land,clean,frog_00659
blur/frog/frog_blur_00061.png,frog,animal,land,blur,frog_00659
pixelated/frog/frog_pixelated_00061.png,frog,animal,land,pixelated,frog_00659
noise/frog/frog_noise_00061.png,frog,animal,land,noise,frog_00659
clean/cat/cat_clean_00074.png,cat,animal,land,clean,cat_00660
blur/cat/cat_blur_00074.png,cat,animal,land,blur,cat_00660
pixelated/cat/cat_pixelated_00074.png,cat,animal,land,pixelated,cat_00660
noise/cat/cat_noise_00074.png,cat,animal,land,noise,cat_00660
clean/deer/deer_clean_00067.png,deer,animal,land,clean,deer_00661
blur/deer/deer_blur_00067.png,deer,animal,land,blur,deer_00661
pixelated/deer/deer_pixelated_00067.png,deer,animal,land,pixelated,deer_00661
noise/deer/deer_noise_00067.png,deer,animal,land,noise,deer_00661
clean/frog/frog_clean_00062.png,frog,animal,land,clean,frog_00662
blur/frog/frog_blur_00062.png,frog,animal,land,blur,frog_00662
pixelated/frog/frog_pixelated_00062.png,frog,animal,land,pixelated,frog_00662
noise/frog/frog_noise_00062.png,frog,animal,land,noise,frog_00662
clean/truck/truck_clean_00057.png,truck,vehicle,land,clean,truck_00663
blur/truck/truck_blur_00057.png,truck,vehicle,land,blur,truck_00663
pixelated/truck/truck_pixelated_00057.png,truck,vehicle,land,pixelated,truck_00663
noise/truck/truck_noise_00057.png,truck,vehicle,land,noise,truck_00663
clean/ship/ship_clean_00061.png,ship,vehicle,water,clean,ship_00664
blur/ship/ship_blur_00061.png,ship,vehicle,water,blur,ship_00664
pixelated/ship/ship_pixelated_00061.png,ship,vehicle,water,pixelated,ship_00664
noise/ship/ship_noise_00061.png,ship,vehicle,water,noise,ship_00664
clean/horse/horse_clean_00059.png,horse,animal,land,clean,horse_00665
blur/horse/horse_blur_00059.png,horse,animal,land,blur,horse_00665
pixelated/horse/horse_pixelated_00059.png,horse,animal,land,pixelated,horse_00665
noise/horse/horse_noise_00059.png,horse,animal,land,noise,horse_00665
clean/ship/ship_clean_00062.png,ship,vehicle,water,clean,ship_00666
blur/ship/ship_blur_00062.png,ship,vehicle,water,blur,ship_00666
pixelated/ship/ship_pixelated_00062.png,ship,vehicle,water,pixelated,ship_00666
noise/ship/ship_noise_00062.png,ship,vehicle,water,noise,ship_00666
clean/truck/truck_clean_00058.png,truck,vehicle,land,clean,truck_00667
blur/truck/truck_blur_00058.png,truck,vehicle,land,blur,truck_00667
pixelated/truck/truck_pixelated_00058.png,truck,vehicle,land,pixelated,truck_00667
noise/truck/truck_noise_00058.png,truck,vehicle,land,noise,truck_00667
clean/bird/bird_clean_00080.png,bird,animal,air,clean,bird_00668
blur/bird/bird_blur_00080.png,bird,animal,air,blur,bird_00668
pixelated/bird/bird_pixelated_00080.png,bird,animal,air,pixelated,bird_00668
noise/bird/bird_noise_00080.png,bird,animal,air,noise,bird_00668
clean/dog/dog_clean_00065.png,dog,animal,land,clean,dog_00669
blur/dog/dog_blur_00065.png,dog,animal,land,blur,dog_00669
pixelated/dog/dog_pixelated_00065.png,dog,animal,land,pixelated,dog_00669
noise/dog/dog_noise_00065.png,dog,animal,land,noise,dog_00669
clean/deer/deer_clean_00068.png,deer,animal,land,clean,deer_00670
blur/deer/deer_blur_00068.png,deer,animal,land,blur,deer_00670
pixelated/deer/deer_pixelated_00068.png,deer,animal,land,pixelated,deer_00670
noise/deer/deer_noise_00068.png,deer,animal,land,noise,deer_00670
clean/frog/frog_clean_00063.png,frog,animal,land,clean,frog_00671
blur/frog/frog_blur_00063.png,frog,animal,land,blur,frog_00671
pixelated/frog/frog_pixelated_00063.png,frog,animal,land,pixelated,frog_00671
noise/frog/frog_noise_00063.png,frog,animal,land,noise,frog_00671
clean/bird/bird_clean_00081.png,bird,animal,air,clean,bird_00672
blur/bird/bird_blur_00081.png,bird,animal,air,blur,bird_00672
pixelated/bird/bird_pixelated_00081.png,bird,animal,air,pixelated,bird_00672
noise/bird/bird_noise_00081.png,bird,animal,air,noise,bird_00672
clean/airplane/airplane_clean_00074.png,airplane,vehicle,air,clean,airplane_00673
blur/airplane/airplane_blur_00074.png,airplane,vehicle,air,blur,airplane_00673
pixelated/airplane/airplane_pixelated_00074.png,airplane,vehicle,air,pixelated,airplane_00673
noise/airplane/airplane_noise_00074.png,airplane,vehicle,air,noise,airplane_00673
clean/bird/bird_clean_00082.png,bird,animal,air,clean,bird_00674
blur/bird/bird_blur_00082.png,bird,animal,air,blur,bird_00674
pixelated/bird/bird_pixelated_00082.png,bird,animal,air,pixelated,bird_00674
noise/bird/bird_noise_00082.png,bird,animal,air,noise,bird_00674
clean/airplane/airplane_clean_00075.png,airplane,vehicle,air,clean,airplane_00675
blur/airplane/airplane_blur_00075.png,airplane,vehicle,air,blur,airplane_00675
pixelated/airplane/airplane_pixelated_00075.png,airplane,vehicle,air,pixelated,airplane_00675
noise/airplane/airplane_noise_00075.png,airplane,vehicle,air,noise,airplane_00675
clean/dog/dog_clean_00066.png,dog,animal,land,clean,dog_00676
blur/dog/dog_blur_00066.png,dog,animal,land,blur,dog_00676
pixelated/dog/dog_pixelated_00066.png,dog,animal,land,pixelated,dog_00676
noise/dog/dog_noise_00066.png,dog,animal,land,noise,dog_00676
clean/cat/cat_clean_00075.png,cat,animal,land,clean,cat_00677
blur/cat/cat_blur_00075.png,cat,animal,land,blur,cat_00677
pixelated/cat/cat_pixelated_00075.png,cat,animal,land,pixelated,cat_00677
noise/cat/cat_noise_00075.png,cat,animal,land,noise,cat_00677
clean/deer/deer_clean_00069.png,deer,animal,land,clean,deer_00678
blur/deer/deer_blur_00069.png,deer,animal,land,blur,deer_00678
pixelated/deer/deer_pixelated_00069.png,deer,animal,land,pixelated,deer_00678
noise/deer/deer_noise_00069.png,deer,animal,land,noise,deer_00678
clean/frog/frog_clean_00064.png,frog,animal,land,clean,frog_00679
blur/frog/frog_blur_00064.png,frog,animal,land,blur,frog_00679
pixelated/frog/frog_pixelated_00064.png,frog,animal,land,pixelated,frog_00679
noise/frog/frog_noise_00064.png,frog,animal,land,noise,frog_00679
clean/cat/cat_clean_00076.png,cat,animal,land,clean,cat_00680
blur/cat/cat_blur_00076.png,cat,animal,land,blur,cat_00680
pixelated/cat/cat_pixelated_00076.png,cat,animal,land,pixelated,cat_00680
noise/cat/cat_noise_00076.png,cat,animal,land,noise,cat_00680
clean/cat/cat_clean_00077.png,cat,animal,land,clean,cat_00681
blur/cat/cat_blur_00077.png,cat,animal,land,blur,cat_00681
pixelated/cat/cat_pixelated_00077.png,cat,animal,land,pixelated,cat_00681
noise/cat/cat_noise_00077.png,cat,animal,land,noise,cat_00681
clean/dog/dog_clean_00067.png,dog,animal,land,clean,dog_00682
blur/dog/dog_blur_00067.png,dog,animal,land,blur,dog_00682
pixelated/dog/dog_pixelated_00067.png,dog,animal,land,pixelated,dog_00682
noise/dog/dog_noise_00067.png,dog,animal,land,noise,dog_00682
clean/horse/horse_clean_00060.png,horse,animal,land,clean,horse_00683
blur/horse/horse_blur_00060.png,horse,animal,land,blur,horse_00683
pixelated/horse/horse_pixelated_00060.png,horse,animal,land,pixelated,horse_00683
noise/horse/horse_noise_00060.png,horse,animal,land,noise,horse_00683
clean/automobile/automobile_clean_00070.png,automobile,vehicle,land,clean,automobile_00684
blur/automobile/automobile_blur_00070.png,automobile,vehicle,land,blur,automobile_00684
pixelated/automobile/automobile_pixelated_00070.png,automobile,vehicle,land,pixelated,automobile_00684
noise/automobile/automobile_noise_00070.png,automobile,vehicle,land,noise,automobile_00684
clean/automobile/automobile_clean_00071.png,automobile,vehicle,land,clean,automobile_00685
blur/automobile/automobile_blur_00071.png,automobile,vehicle,land,blur,automobile_00685
pixelated/automobile/automobile_pixelated_00071.png,automobile,vehicle,land,pixelated,automobile_00685
noise/automobile/automobile_noise_00071.png,automobile,vehicle,land,noise,automobile_00685
clean/frog/frog_clean_00065.png,frog,animal,land,clean,frog_00686
blur/frog/frog_blur_00065.png,frog,animal,land,blur,frog_00686
pixelated/frog/frog_pixelated_00065.png,frog,animal,land,pixelated,frog_00686
noise/frog/frog_noise_00065.png,frog,animal,land,noise,frog_00686
clean/cat/cat_clean_00078.png,cat,animal,land,clean,cat_00687
blur/cat/cat_blur_00078.png,cat,animal,land,blur,cat_00687
pixelated/cat/cat_pixelated_00078.png,cat,animal,land,pixelated,cat_00687
noise/cat/cat_noise_00078.png,cat,animal,land,noise,cat_00687
clean/frog/frog_clean_00066.png,frog,animal,land,clean,frog_00688
blur/frog/frog_blur_00066.png,frog,animal,land,blur,frog_00688
pixelated/frog/frog_pixelated_00066.png,frog,animal,land,pixelated,frog_00688
noise/frog/frog_noise_00066.png,frog,animal,land,noise,frog_00688
clean/airplane/airplane_clean_00076.png,airplane,vehicle,air,clean,airplane_00689
blur/airplane/airplane_blur_00076.png,airplane,vehicle,air,blur,airplane_00689
pixelated/airplane/airplane_pixelated_00076.png,airplane,vehicle,air,pixelated,airplane_00689
noise/airplane/airplane_noise_00076.png,airplane,vehicle,air,noise,airplane_00689
clean/horse/horse_clean_00061.png,horse,animal,land,clean,horse_00690
blur/horse/horse_blur_00061.png,horse,animal,land,blur,horse_00690
pixelated/horse/horse_pixelated_00061.png,horse,animal,land,pixelated,horse_00690
noise/horse/horse_noise_00061.png,horse,animal,land,noise,horse_00690
clean/airplane/airplane_clean_00077.png,airplane,vehicle,air,clean,airplane_00691
blur/airplane/airplane_blur_00077.png,airplane,vehicle,air,blur,airplane_00691
pixelated/airplane/airplane_pixelated_00077.png,airplane,vehicle,air,pixelated,airplane_00691
noise/airplane/airplane_noise_00077.png,airplane,vehicle,air,noise,airplane_00691
clean/frog/frog_clean_00067.png,frog,animal,land,clean,frog_00692
blur/frog/frog_blur_00067.png,frog,animal,land,blur,frog_00692
pixelated/frog/frog_pixelated_00067.png,frog,animal,land,pixelated,frog_00692
noise/frog/frog_noise_00067.png,frog,animal,land,noise,frog_00692
clean/cat/cat_clean_00079.png,cat,animal,land,clean,cat_00693
blur/cat/cat_blur_00079.png,cat,animal,land,blur,cat_00693
pixelated/cat/cat_pixelated_00079.png,cat,animal,land,pixelated,cat_00693
noise/cat/cat_noise_00079.png,cat,animal,land,noise,cat_00693
clean/airplane/airplane_clean_00078.png,airplane,vehicle,air,clean,airplane_00694
blur/airplane/airplane_blur_00078.png,airplane,vehicle,air,blur,airplane_00694
pixelated/airplane/airplane_pixelated_00078.png,airplane,vehicle,air,pixelated,airplane_00694
noise/airplane/airplane_noise_00078.png,airplane,vehicle,air,noise,airplane_00694
clean/automobile/automobile_clean_00072.png,automobile,vehicle,land,clean,automobile_00695
blur/automobile/automobile_blur_00072.png,automobile,vehicle,land,blur,automobile_00695
pixelated/automobile/automobile_pixelated_00072.png,automobile,vehicle,land,pixelated,automobile_00695
noise/automobile/automobile_noise_00072.png,automobile,vehicle,land,noise,automobile_00695
clean/airplane/airplane_clean_00079.png,airplane,vehicle,air,clean,airplane_00696
blur/airplane/airplane_blur_00079.png,airplane,vehicle,air,blur,airplane_00696
pixelated/airplane/airplane_pixelated_00079.png,airplane,vehicle,air,pixelated,airplane_00696
noise/airplane/airplane_noise_00079.png,airplane,vehicle,air,noise,airplane_00696
clean/truck/truck_clean_00059.png,truck,vehicle,land,clean,truck_00697
blur/truck/truck_blur_00059.png,truck,vehicle,land,blur,truck_00697
pixelated/truck/truck_pixelated_00059.png,truck,vehicle,land,pixelated,truck_00697
noise/truck/truck_noise_00059.png,truck,vehicle,land,noise,truck_00697
clean/ship/ship_clean_00063.png,ship,vehicle,water,clean,ship_00698
blur/ship/ship_blur_00063.png,ship,vehicle,water,blur,ship_00698
pixelated/ship/ship_pixelated_00063.png,ship,vehicle,water,pixelated,ship_00698
noise/ship/ship_noise_00063.png,ship,vehicle,water,noise,ship_00698
clean/deer/deer_clean_00070.png,deer,animal,land,clean,deer_00699
blur/deer/deer_blur_00070.png,deer,animal,land,blur,deer_00699
pixelated/deer/deer_pixelated_00070.png,deer,animal,land,pixelated,deer_00699
noise/deer/deer_noise_00070.png,deer,animal,land,noise,deer_00699
clean/ship/ship_clean_00064.png,ship,vehicle,water,clean,ship_00700
blur/ship/ship_blur_00064.png,ship,vehicle,water,blur,ship_00700
pixelated/ship/ship_pixelated_00064.png,ship,vehicle,water,pixelated,ship_00700
noise/ship/ship_noise_00064.png,ship,vehicle,water,noise,ship_00700
clean/frog/frog_clean_00068.png,frog,animal,land,clean,frog_00701
blur/frog/frog_blur_00068.png,frog,animal,land,blur,frog_00701
pixelated/frog/frog_pixelated_00068.png,frog,animal,land,pixelated,frog_00701
noise/frog/frog_noise_00068.png,frog,animal,land,noise,frog_00701
clean/truck/truck_clean_00060.png,truck,vehicle,land,clean,truck_00702
blur/truck/truck_blur_00060.png,truck,vehicle,land,blur,truck_00702
pixelated/truck/truck_pixelated_00060.png,truck,vehicle,land,pixelated,truck_00702
noise/truck/truck_noise_00060.png,truck,vehicle,land,noise,truck_00702
clean/frog/frog_clean_00069.png,frog,animal,land,clean,frog_00703
blur/frog/frog_blur_00069.png,frog,animal,land,blur,frog_00703
pixelated/frog/frog_pixelated_00069.png,frog,animal,land,pixelated,frog_00703
noise/frog/frog_noise_00069.png,frog,animal,land,noise,frog_00703
clean/frog/frog_clean_00070.png,frog,animal,land,clean,frog_00704
blur/frog/frog_blur_00070.png,frog,animal,land,blur,frog_00704
pixelated/frog/frog_pixelated_00070.png,frog,animal,land,pixelated,frog_00704
noise/frog/frog_noise_00070.png,frog,animal,land,noise,frog_00704
clean/truck/truck_clean_00061.png,truck,vehicle,land,clean,truck_00705
blur/truck/truck_blur_00061.png,truck,vehicle,land,blur,truck_00705
pixelated/truck/truck_pixelated_00061.png,truck,vehicle,land,pixelated,truck_00705
noise/truck/truck_noise_00061.png,truck,vehicle,land,noise,truck_00705
clean/deer/deer_clean_00071.png,deer,animal,land,clean,deer_00706
blur/deer/deer_blur_00071.png,deer,animal,land,blur,deer_00706
pixelated/deer/deer_pixelated_00071.png,deer,animal,land,pixelated,deer_00706
noise/deer/deer_noise_00071.png,deer,animal,land,noise,deer_00706
clean/deer/deer_clean_00072.png,deer,animal,land,clean,deer_00707
blur/deer/deer_blur_00072.png,deer,animal,land,blur,deer_00707
pixelated/deer/deer_pixelated_00072.png,deer,animal,land,pixelated,deer_00707
noise/deer/deer_noise_00072.png,deer,animal,land,noise,deer_00707
clean/cat/cat_clean_00080.png,cat,animal,land,clean,cat_00708
blur/cat/cat_blur_00080.png,cat,animal,land,blur,cat_00708
pixelated/cat/cat_pixelated_00080.png,cat,animal,land,pixelated,cat_00708
noise/cat/cat_noise_00080.png,cat,animal,land,noise,cat_00708
clean/truck/truck_clean_00062.png,truck,vehicle,land,clean,truck_00709
blur/truck/truck_blur_00062.png,truck,vehicle,land,blur,truck_00709
pixelated/truck/truck_pixelated_00062.png,truck,vehicle,land,pixelated,truck_00709
noise/truck/truck_noise_00062.png,truck,vehicle,land,noise,truck_00709
clean/truck/truck_clean_00063.png,truck,vehicle,land,clean,truck_00710
blur/truck/truck_blur_00063.png,truck,vehicle,land,blur,truck_00710
pixelated/truck/truck_pixelated_00063.png,truck,vehicle,land,pixelated,truck_00710
noise/truck/truck_noise_00063.png,truck,vehicle,land,noise,truck_00710
clean/dog/dog_clean_00068.png,dog,animal,land,clean,dog_00711
blur/dog/dog_blur_00068.png,dog,animal,land,blur,dog_00711
pixelated/dog/dog_pixelated_00068.png,dog,animal,land,pixelated,dog_00711
noise/dog/dog_noise_00068.png,dog,animal,land,noise,dog_00711
clean/dog/dog_clean_00069.png,dog,animal,land,clean,dog_00712
blur/dog/dog_blur_00069.png,dog,animal,land,blur,dog_00712
pixelated/dog/dog_pixelated_00069.png,dog,animal,land,pixelated,dog_00712
noise/dog/dog_noise_00069.png,dog,animal,land,noise,dog_00712
clean/truck/truck_clean_00064.png,truck,vehicle,land,clean,truck_00713
blur/truck/truck_blur_00064.png,truck,vehicle,land,blur,truck_00713
pixelated/truck/truck_pixelated_00064.png,truck,vehicle,land,pixelated,truck_00713
noise/truck/truck_noise_00064.png,truck,vehicle,land,noise,truck_00713
clean/deer/deer_clean_00073.png,deer,animal,land,clean,deer_00714
blur/deer/deer_blur_00073.png,deer,animal,land,blur,deer_00714
pixelated/deer/deer_pixelated_00073.png,deer,animal,land,pixelated,deer_00714
noise/deer/deer_noise_00073.png,deer,animal,land,noise,deer_00714
clean/ship/ship_clean_00065.png,ship,vehicle,water,clean,ship_00715
blur/ship/ship_blur_00065.png,ship,vehicle,water,blur,ship_00715
pixelated/ship/ship_pixelated_00065.png,ship,vehicle,water,pixelated,ship_00715
noise/ship/ship_noise_00065.png,ship,vehicle,water,noise,ship_00715
clean/horse/horse_clean_00062.png,horse,animal,land,clean,horse_00716
blur/horse/horse_blur_00062.png,horse,animal,land,blur,horse_00716
pixelated/horse/horse_pixelated_00062.png,horse,animal,land,pixelated,horse_00716
noise/horse/horse_noise_00062.png,horse,animal,land,noise,horse_00716
clean/truck/truck_clean_00065.png,truck,vehicle,land,clean,truck_00717
blur/truck/truck_blur_00065.png,truck,vehicle,land,blur,truck_00717
pixelated/truck/truck_pixelated_00065.png,truck,vehicle,land,pixelated,truck_00717
noise/truck/truck_noise_00065.png,truck,vehicle,land,noise,truck_00717
clean/deer/deer_clean_00074.png,deer,animal,land,clean,deer_00718
blur/deer/deer_blur_00074.png,deer,animal,land,blur,deer_00718
pixelated/deer/deer_pixelated_00074.png,deer,animal,land,pixelated,deer_00718
noise/deer/deer_noise_00074.png,deer,animal,land,noise,deer_00718
clean/dog/dog_clean_00070.png,dog,animal,land,clean,dog_00719
blur/dog/dog_blur_00070.png,dog,animal,land,blur,dog_00719
pixelated/dog/dog_pixelated_00070.png,dog,animal,land,pixelated,dog_00719
noise/dog/dog_noise_00070.png,dog,animal,land,noise,dog_00719
clean/deer/deer_clean_00075.png,deer,animal,land,clean,deer_00720
blur/deer/deer_blur_00075.png,deer,animal,land,blur,deer_00720
pixelated/deer/deer_pixelated_00075.png,deer,animal,land,pixelated,deer_00720
noise/deer/deer_noise_00075.png,deer,animal,land,noise,deer_00720
clean/truck/truck_clean_00066.png,truck,vehicle,land,clean,truck_00721
blur/truck/truck_blur_00066.png,truck,vehicle,land,blur,truck_00721
pixelated/truck/truck_pixelated_00066.png,truck,vehicle,land,pixelated,truck_00721
noise/truck/truck_noise_00066.png,truck,vehicle,land,noise,truck_00721
clean/frog/frog_clean_00071.png,frog,animal,land,clean,frog_00722
blur/frog/frog_blur_00071.png,frog,animal,land,blur,frog_00722
pixelated/frog/frog_pixelated_00071.png,frog,animal,land,pixelated,frog_00722
noise/frog/frog_noise_00071.png,frog,animal,land,noise,frog_00722
clean/dog/dog_clean_00071.png,dog,animal,land,clean,dog_00723
blur/dog/dog_blur_00071.png,dog,animal,land,blur,dog_00723
pixelated/dog/dog_pixelated_00071.png,dog,animal,land,pixelated,dog_00723
noise/dog/dog_noise_00071.png,dog,animal,land,noise,dog_00723
clean/frog/frog_clean_00072.png,frog,animal,land,clean,frog_00724
blur/frog/frog_blur_00072.png,frog,animal,land,blur,frog_00724
pixelated/frog/frog_pixelated_00072.png,frog,animal,land,pixelated,frog_00724
noise/frog/frog_noise_00072.png,frog,animal,land,noise,frog_00724
clean/cat/cat_clean_00081.png,cat,animal,land,clean,cat_00725
blur/cat/cat_blur_00081.png,cat,animal,land,blur,cat_00725
pixelated/cat/cat_pixelated_00081.png,cat,animal,land,pixelated,cat_00725
noise/cat/cat_noise_00081.png,cat,animal,land,noise,cat_00725
clean/frog/frog_clean_00073.png,frog,animal,land,clean,frog_00726
blur/frog/frog_blur_00073.png,frog,animal,land,blur,frog_00726
pixelated/frog/frog_pixelated_00073.png,frog,animal,land,pixelated,frog_00726
noise/frog/frog_noise_00073.png,frog,animal,land,noise,frog_00726
clean/bird/bird_clean_00083.png,bird,animal,air,clean,bird_00727
blur/bird/bird_blur_00083.png,bird,animal,air,blur,bird_00727
pixelated/bird/bird_pixelated_00083.png,bird,animal,air,pixelated,bird_00727
noise/bird/bird_noise_00083.png,bird,animal,air,noise,bird_00727
clean/truck/truck_clean_00067.png,truck,vehicle,land,clean,truck_00728
blur/truck/truck_blur_00067.png,truck,vehicle,land,blur,truck_00728
pixelated/truck/truck_pixelated_00067.png,truck,vehicle,land,pixelated,truck_00728
noise/truck/truck_noise_00067.png,truck,vehicle,land,noise,truck_00728
clean/cat/cat_clean_00082.png,cat,animal,land,clean,cat_00729
blur/cat/cat_blur_00082.png,cat,animal,land,blur,cat_00729
pixelated/cat/cat_pixelated_00082.png,cat,animal,land,pixelated,cat_00729
noise/cat/cat_noise_00082.png,cat,animal,land,noise,cat_00729
clean/cat/cat_clean_00083.png,cat,animal,land,clean,cat_00730
blur/cat/cat_blur_00083.png,cat,animal,land,blur,cat_00730
pixelated/cat/cat_pixelated_00083.png,cat,animal,land,pixelated,cat_00730
noise/cat/cat_noise_00083.png,cat,animal,land,noise,cat_00730
clean/automobile/automobile_clean_00073.png,automobile,vehicle,land,clean,automobile_00731
blur/automobile/automobile_blur_00073.png,automobile,vehicle,land,blur,automobile_00731
pixelated/automobile/automobile_pixelated_00073.png,automobile,vehicle,land,pixelated,automobile_00731
noise/automobile/automobile_noise_00073.png,automobile,vehicle,land,noise,automobile_00731
clean/bird/bird_clean_00084.png,bird,animal,air,clean,bird_00732
blur/bird/bird_blur_00084.png,bird,animal,air,blur,bird_00732
pixelated/bird/bird_pixelated_00084.png,bird,animal,air,pixelated,bird_00732
noise/bird/bird_noise_00084.png,bird,animal,air,noise,bird_00732
clean/dog/dog_clean_00072.png,dog,animal,land,clean,dog_00733
blur/dog/dog_blur_00072.png,dog,animal,land,blur,dog_00733
pixelated/dog/dog_pixelated_00072.png,dog,animal,land,pixelated,dog_00733
noise/dog/dog_noise_00072.png,dog,animal,land,noise,dog_00733
clean/frog/frog_clean_00074.png,frog,animal,land,clean,frog_00734
blur/frog/frog_blur_00074.png,frog,animal,land,blur,frog_00734
pixelated/frog/frog_pixelated_00074.png,frog,animal,land,pixelated,frog_00734
noise/frog/frog_noise_00074.png,frog,animal,land,noise,frog_00734
clean/airplane/airplane_clean_00080.png,airplane,vehicle,air,clean,airplane_00735
blur/airplane/airplane_blur_00080.png,airplane,vehicle,air,blur,airplane_00735
pixelated/airplane/airplane_pixelated_00080.png,airplane,vehicle,air,pixelated,airplane_00735
noise/airplane/airplane_noise_00080.png,airplane,vehicle,air,noise,airplane_00735
clean/ship/ship_clean_00066.png,ship,vehicle,water,clean,ship_00736
blur/ship/ship_blur_00066.png,ship,vehicle,water,blur,ship_00736
pixelated/ship/ship_pixelated_00066.png,ship,vehicle,water,pixelated,ship_00736
noise/ship/ship_noise_00066.png,ship,vehicle,water,noise,ship_00736
clean/airplane/airplane_clean_00081.png,airplane,vehicle,air,clean,airplane_00737
blur/airplane/airplane_blur_00081.png,airplane,vehicle,air,blur,airplane_00737
pixelated/airplane/airplane_pixelated_00081.png,airplane,vehicle,air,pixelated,airplane_00737
noise/airplane/airplane_noise_00081.png,airplane,vehicle,air,noise,airplane_00737
clean/dog/dog_clean_00073.png,dog,animal,land,clean,dog_00738
blur/dog/dog_blur_00073.png,dog,animal,land,blur,dog_00738
pixelated/dog/dog_pixelated_00073.png,dog,animal,land,pixelated,dog_00738
noise/dog/dog_noise_00073.png,dog,animal,land,noise,dog_00738
clean/automobile/automobile_clean_00074.png,automobile,vehicle,land,clean,automobile_00739
blur/automobile/automobile_blur_00074.png,automobile,vehicle,land,blur,automobile_00739
pixelated/automobile/automobile_pixelated_00074.png,automobile,vehicle,land,pixelated,automobile_00739
noise/automobile/automobile_noise_00074.png,automobile,vehicle,land,noise,automobile_00739
clean/dog/dog_clean_00074.png,dog,animal,land,clean,dog_00740
blur/dog/dog_blur_00074.png,dog,animal,land,blur,dog_00740
pixelated/dog/dog_pixelated_00074.png,dog,animal,land,pixelated,dog_00740
noise/dog/dog_noise_00074.png,dog,animal,land,noise,dog_00740
clean/deer/deer_clean_00076.png,deer,animal,land,clean,deer_00741
blur/deer/deer_blur_00076.png,deer,animal,land,blur,deer_00741
pixelated/deer/deer_pixelated_00076.png,deer,animal,land,pixelated,deer_00741
noise/deer/deer_noise_00076.png,deer,animal,land,noise,deer_00741
clean/bird/bird_clean_00085.png,bird,animal,air,clean,bird_00742
blur/bird/bird_blur_00085.png,bird,animal,air,blur,bird_00742
pixelated/bird/bird_pixelated_00085.png,bird,animal,air,pixelated,bird_00742
noise/bird/bird_noise_00085.png,bird,animal,air,noise,bird_00742
clean/frog/frog_clean_00075.png,frog,animal,land,clean,frog_00743
blur/frog/frog_blur_00075.png,frog,animal,land,blur,frog_00743
pixelated/frog/frog_pixelated_00075.png,frog,animal,land,pixelated,frog_00743
noise/frog/frog_noise_00075.png,frog,animal,land,noise,frog_00743
clean/cat/cat_clean_00084.png,cat,animal,land,clean,cat_00744
blur/cat/cat_blur_00084.png,cat,animal,land,blur,cat_00744
pixelated/cat/cat_pixelated_00084.png,cat,animal,land,pixelated,cat_00744
noise/cat/cat_noise_00084.png,cat,animal,land,noise,cat_00744
clean/airplane/airplane_clean_00082.png,airplane,vehicle,air,clean,airplane_00745
blur/airplane/airplane_blur_00082.png,airplane,vehicle,air,blur,airplane_00745
pixelated/airplane/airplane_pixelated_00082.png,airplane,vehicle,air,pixelated,airplane_00745
noise/airplane/airplane_noise_00082.png,airplane,vehicle,air,noise,airplane_00745
clean/bird/bird_clean_00086.png,bird,animal,air,clean,bird_00746
blur/bird/bird_blur_00086.png,bird,animal,air,blur,bird_00746
pixelated/bird/bird_pixelated_00086.png,bird,animal,air,pixelated,bird_00746
noise/bird/bird_noise_00086.png,bird,animal,air,noise,bird_00746
clean/automobile/automobile_clean_00075.png,automobile,vehicle,land,clean,automobile_00747
blur/automobile/automobile_blur_00075.png,automobile,vehicle,land,blur,automobile_00747
pixelated/automobile/automobile_pixelated_00075.png,automobile,vehicle,land,pixelated,automobile_00747
noise/automobile/automobile_noise_00075.png,automobile,vehicle,land,noise,automobile_00747
clean/airplane/airplane_clean_00083.png,airplane,vehicle,air,clean,airplane_00748
blur/airplane/airplane_blur_00083.png,airplane,vehicle,air,blur,airplane_00748
pixelated/airplane/airplane_pixelated_00083.png,airplane,vehicle,air,pixelated,airplane_00748
noise/airplane/airplane_noise_00083.png,airplane,vehicle,air,noise,airplane_00748
clean/automobile/automobile_clean_00076.png,automobile,vehicle,land,clean,automobile_00749
blur/automobile/automobile_blur_00076.png,automobile,vehicle,land,blur,automobile_00749
pixelated/automobile/automobile_pixelated_00076.png,automobile,vehicle,land,pixelated,automobile_00749
noise/automobile/automobile_noise_00076.png,automobile,vehicle,land,noise,automobile_00749
clean/bird/bird_clean_00087.png,bird,animal,air,clean,bird_00750
blur/bird/bird_blur_00087.png,bird,animal,air,blur,bird_00750
pixelated/bird/bird_pixelated_00087.png,bird,animal,air,pixelated,bird_00750
noise/bird/bird_noise_00087.png,bird,animal,air,noise,bird_00750
clean/ship/ship_clean_00067.png,ship,vehicle,water,clean,ship_00751
blur/ship/ship_blur_00067.png,ship,vehicle,water,blur,ship_00751
pixelated/ship/ship_pixelated_00067.png,ship,vehicle,water,pixelated,ship_00751
noise/ship/ship_noise_00067.png,ship,vehicle,water,noise,ship_00751
clean/bird/bird_clean_00088.png,bird,animal,air,clean,bird_00752
blur/bird/bird_blur_00088.png,bird,animal,air,blur,bird_00752
pixelated/bird/bird_pixelated_00088.png,bird,animal,air,pixelated,bird_00752
noise/bird/bird_noise_00088.png,bird,animal,air,noise,bird_00752
clean/deer/deer_clean_00077.png,deer,animal,land,clean,deer_00753
blur/deer/deer_blur_00077.png,deer,animal,land,blur,deer_00753
pixelated/deer/deer_pixelated_00077.png,deer,animal,land,pixelated,deer_00753
noise/deer/deer_noise_00077.png,deer,animal,land,noise,deer_00753
clean/bird/bird_clean_00089.png,bird,animal,air,clean,bird_00754
blur/bird/bird_blur_00089.png,bird,animal,air,blur,bird_00754
pixelated/bird/bird_pixelated_00089.png,bird,animal,air,pixelated,bird_00754
noise/bird/bird_noise_00089.png,bird,animal,air,noise,bird_00754
clean/deer/deer_clean_00078.png,deer,animal,land,clean,deer_00755
blur/deer/deer_blur_00078.png,deer,animal,land,blur,deer_00755
pixelated/deer/deer_pixelated_00078.png,deer,animal,land,pixelated,deer_00755
noise/deer/deer_noise_00078.png,deer,animal,land,noise,deer_00755
clean/ship/ship_clean_00068.png,ship,vehicle,water,clean,ship_00756
blur/ship/ship_blur_00068.png,ship,vehicle,water,blur,ship_00756
pixelated/ship/ship_pixelated_00068.png,ship,vehicle,water,pixelated,ship_00756
noise/ship/ship_noise_00068.png,ship,vehicle,water,noise,ship_00756
clean/truck/truck_clean_00068.png,truck,vehicle,land,clean,truck_00757
blur/truck/truck_blur_00068.png,truck,vehicle,land,blur,truck_00757
pixelated/truck/truck_pixelated_00068.png,truck,vehicle,land,pixelated,truck_00757
noise/truck/truck_noise_00068.png,truck,vehicle,land,noise,truck_00757
clean/frog/frog_clean_00076.png,frog,animal,land,clean,frog_00758
blur/frog/frog_blur_00076.png,frog,animal,land,blur,frog_00758
pixelated/frog/frog_pixelated_00076.png,frog,animal,land,pixelated,frog_00758
noise/frog/frog_noise_00076.png,frog,animal,land,noise,frog_00758
clean/dog/dog_clean_00075.png,dog,animal,land,clean,dog_00759
blur/dog/dog_blur_00075.png,dog,animal,land,blur,dog_00759
pixelated/dog/dog_pixelated_00075.png,dog,animal,land,pixelated,dog_00759
noise/dog/dog_noise_00075.png,dog,animal,land,noise,dog_00759
clean/dog/dog_clean_00076.png,dog,animal,land,clean,dog_00760
blur/dog/dog_blur_00076.png,dog,animal,land,blur,dog_00760
pixelated/dog/dog_pixelated_00076.png,dog,animal,land,pixelated,dog_00760
noise/dog/dog_noise_00076.png,dog,animal,land,noise,dog_00760
clean/horse/horse_clean_00063.png,horse,animal,land,clean,horse_00761
blur/horse/horse_blur_00063.png,horse,animal,land,blur,horse_00761
pixelated/horse/horse_pixelated_00063.png,horse,animal,land,pixelated,horse_00761
noise/horse/horse_noise_00063.png,horse,animal,land,noise,horse_00761
clean/ship/ship_clean_00069.png,ship,vehicle,water,clean,ship_00762
blur/ship/ship_blur_00069.png,ship,vehicle,water,blur,ship_00762
pixelated/ship/ship_pixelated_00069.png,ship,vehicle,water,pixelated,ship_00762
noise/ship/ship_noise_00069.png,ship,vehicle,water,noise,ship_00762
clean/frog/frog_clean_00077.png,frog,animal,land,clean,frog_00763
blur/frog/frog_blur_00077.png,frog,animal,land,blur,frog_00763
pixelated/frog/frog_pixelated_00077.png,frog,animal,land,pixelated,frog_00763
noise/frog/frog_noise_00077.png,frog,animal,land,noise,frog_00763
clean/horse/horse_clean_00064.png,horse,animal,land,clean,horse_00764
blur/horse/horse_blur_00064.png,horse,animal,land,blur,horse_00764
pixelated/horse/horse_pixelated_00064.png,horse,animal,land,pixelated,horse_00764
noise/horse/horse_noise_00064.png,horse,animal,land,noise,horse_00764
clean/dog/dog_clean_00077.png,dog,animal,land,clean,dog_00765
blur/dog/dog_blur_00077.png,dog,animal,land,blur,dog_00765
pixelated/dog/dog_pixelated_00077.png,dog,animal,land,pixelated,dog_00765
noise/dog/dog_noise_00077.png,dog,animal,land,noise,dog_00765
clean/frog/frog_clean_00078.png,frog,animal,land,clean,frog_00766
blur/frog/frog_blur_00078.png,frog,animal,land,blur,frog_00766
pixelated/frog/frog_pixelated_00078.png,frog,animal,land,pixelated,frog_00766
noise/frog/frog_noise_00078.png,frog,animal,land,noise,frog_00766
clean/cat/cat_clean_00085.png,cat,animal,land,clean,cat_00767
blur/cat/cat_blur_00085.png,cat,animal,land,blur,cat_00767
pixelated/cat/cat_pixelated_00085.png,cat,animal,land,pixelated,cat_00767
noise/cat/cat_noise_00085.png,cat,animal,land,noise,cat_00767
clean/frog/frog_clean_00079.png,frog,animal,land,clean,frog_00768
blur/frog/frog_blur_00079.png,frog,animal,land,blur,frog_00768
pixelated/frog/frog_pixelated_00079.png,frog,animal,land,pixelated,frog_00768
noise/frog/frog_noise_00079.png,frog,animal,land,noise,frog_00768
clean/automobile/automobile_clean_00077.png,automobile,vehicle,land,clean,automobile_00769
blur/automobile/automobile_blur_00077.png,automobile,vehicle,land,blur,automobile_00769
pixelated/automobile/automobile_pixelated_00077.png,automobile,vehicle,land,pixelated,automobile_00769
noise/automobile/automobile_noise_00077.png,automobile,vehicle,land,noise,automobile_00769
clean/dog/dog_clean_00078.png,dog,animal,land,clean,dog_00770
blur/dog/dog_blur_00078.png,dog,animal,land,blur,dog_00770
pixelated/dog/dog_pixelated_00078.png,dog,animal,land,pixelated,dog_00770
noise/dog/dog_noise_00078.png,dog,animal,land,noise,dog_00770
clean/dog/dog_clean_00079.png,dog,animal,land,clean,dog_00771
blur/dog/dog_blur_00079.png,dog,animal,land,blur,dog_00771
pixelated/dog/dog_pixelated_00079.png,dog,animal,land,pixelated,dog_00771
noise/dog/dog_noise_00079.png,dog,animal,land,noise,dog_00771
clean/cat/cat_clean_00086.png,cat,animal,land,clean,cat_00772
blur/cat/cat_blur_00086.png,cat,animal,land,blur,cat_00772
pixelated/cat/cat_pixelated_00086.png,cat,animal,land,pixelated,cat_00772
noise/cat/cat_noise_00086.png,cat,animal,land,noise,cat_00772
clean/deer/deer_clean_00079.png,deer,animal,land,clean,deer_00773
blur/deer/deer_blur_00079.png,deer,animal,land,blur,deer_00773
pixelated/deer/deer_pixelated_00079.png,deer,animal,land,pixelated,deer_00773
noise/deer/deer_noise_00079.png,deer,animal,land,noise,deer_00773
clean/airplane/airplane_clean_00084.png,airplane,vehicle,air,clean,airplane_00774
blur/airplane/airplane_blur_00084.png,airplane,vehicle,air,blur,airplane_00774
pixelated/airplane/airplane_pixelated_00084.png,airplane,vehicle,air,pixelated,airplane_00774
noise/airplane/airplane_noise_00084.png,airplane,vehicle,air,noise,airplane_00774
clean/dog/dog_clean_00080.png,dog,animal,land,clean,dog_00775
blur/dog/dog_blur_00080.png,dog,animal,land,blur,dog_00775
pixelated/dog/dog_pixelated_00080.png,dog,animal,land,pixelated,dog_00775
noise/dog/dog_noise_00080.png,dog,animal,land,noise,dog_00775
clean/airplane/airplane_clean_00085.png,airplane,vehicle,air,clean,airplane_00776
blur/airplane/airplane_blur_00085.png,airplane,vehicle,air,blur,airplane_00776
pixelated/airplane/airplane_pixelated_00085.png,airplane,vehicle,air,pixelated,airplane_00776
noise/airplane/airplane_noise_00085.png,airplane,vehicle,air,noise,airplane_00776
clean/deer/deer_clean_00080.png,deer,animal,land,clean,deer_00777
blur/deer/deer_blur_00080.png,deer,animal,land,blur,deer_00777
pixelated/deer/deer_pixelated_00080.png,deer,animal,land,pixelated,deer_00777
noise/deer/deer_noise_00080.png,deer,animal,land,noise,deer_00777
clean/deer/deer_clean_00081.png,deer,animal,land,clean,deer_00778
blur/deer/deer_blur_00081.png,deer,animal,land,blur,deer_00778
pixelated/deer/deer_pixelated_00081.png,deer,animal,land,pixelated,deer_00778
noise/deer/deer_noise_00081.png,deer,animal,land,noise,deer_00778
clean/airplane/airplane_clean_00086.png,airplane,vehicle,air,clean,airplane_00779
blur/airplane/airplane_blur_00086.png,airplane,vehicle,air,blur,airplane_00779
pixelated/airplane/airplane_pixelated_00086.png,airplane,vehicle,air,pixelated,airplane_00779
noise/airplane/airplane_noise_00086.png,airplane,vehicle,air,noise,airplane_00779
clean/deer/deer_clean_00082.png,deer,animal,land,clean,deer_00780
blur/deer/deer_blur_00082.png,deer,animal,land,blur,deer_00780
pixelated/deer/deer_pixelated_00082.png,deer,animal,land,pixelated,deer_00780
noise/deer/deer_noise_00082.png,deer,animal,land,noise,deer_00780
clean/ship/ship_clean_00070.png,ship,vehicle,water,clean,ship_00781
blur/ship/ship_blur_00070.png,ship,vehicle,water,blur,ship_00781
pixelated/ship/ship_pixelated_00070.png,ship,vehicle,water,pixelated,ship_00781
noise/ship/ship_noise_00070.png,ship,vehicle,water,noise,ship_00781
clean/cat/cat_clean_00087.png,cat,animal,land,clean,cat_00782
blur/cat/cat_blur_00087.png,cat,animal,land,blur,cat_00782
pixelated/cat/cat_pixelated_00087.png,cat,animal,land,pixelated,cat_00782
noise/cat/cat_noise_00087.png,cat,animal,land,noise,cat_00782
clean/bird/bird_clean_00090.png,bird,animal,air,clean,bird_00783
blur/bird/bird_blur_00090.png,bird,animal,air,blur,bird_00783
pixelated/bird/bird_pixelated_00090.png,bird,animal,air,pixelated,bird_00783
noise/bird/bird_noise_00090.png,bird,animal,air,noise,bird_00783
clean/cat/cat_clean_00088.png,cat,animal,land,clean,cat_00784
blur/cat/cat_blur_00088.png,cat,animal,land,blur,cat_00784
pixelated/cat/cat_pixelated_00088.png,cat,animal,land,pixelated,cat_00784
noise/cat/cat_noise_00088.png,cat,animal,land,noise,cat_00784
clean/frog/frog_clean_00080.png,frog,animal,land,clean,frog_00785
blur/frog/frog_blur_00080.png,frog,animal,land,blur,frog_00785
pixelated/frog/frog_pixelated_00080.png,frog,animal,land,pixelated,frog_00785
noise/frog/frog_noise_00080.png,frog,animal,land,noise,frog_00785
clean/frog/frog_clean_00081.png,frog,animal,land,clean,frog_00786
blur/frog/frog_blur_00081.png,frog,animal,land,blur,frog_00786
pixelated/frog/frog_pixelated_00081.png,frog,animal,land,pixelated,frog_00786
noise/frog/frog_noise_00081.png,frog,animal,land,noise,frog_00786
clean/frog/frog_clean_00082.png,frog,animal,land,clean,frog_00787
blur/frog/frog_blur_00082.png,frog,animal,land,blur,frog_00787
pixelated/frog/frog_pixelated_00082.png,frog,animal,land,pixelated,frog_00787
noise/frog/frog_noise_00082.png,frog,animal,land,noise,frog_00787
clean/dog/dog_clean_00081.png,dog,animal,land,clean,dog_00788
blur/dog/dog_blur_00081.png,dog,animal,land,blur,dog_00788
pixelated/dog/dog_pixelated_00081.png,dog,animal,land,pixelated,dog_00788
noise/dog/dog_noise_00081.png,dog,animal,land,noise,dog_00788
clean/truck/truck_clean_00069.png,truck,vehicle,land,clean,truck_00789
blur/truck/truck_blur_00069.png,truck,vehicle,land,blur,truck_00789
pixelated/truck/truck_pixelated_00069.png,truck,vehicle,land,pixelated,truck_00789
noise/truck/truck_noise_00069.png,truck,vehicle,land,noise,truck_00789
clean/frog/frog_clean_00083.png,frog,animal,land,clean,frog_00790
blur/frog/frog_blur_00083.png,frog,animal,land,blur,frog_00790
pixelated/frog/frog_pixelated_00083.png,frog,animal,land,pixelated,frog_00790
noise/frog/frog_noise_00083.png,frog,animal,land,noise,frog_00790
clean/frog/frog_clean_00084.png,frog,animal,land,clean,frog_00791
blur/frog/frog_blur_00084.png,frog,animal,land,blur,frog_00791
pixelated/frog/frog_pixelated_00084.png,frog,animal,land,pixelated,frog_00791
noise/frog/frog_noise_00084.png,frog,animal,land,noise,frog_00791
clean/frog/frog_clean_00085.png,frog,animal,land,clean,frog_00792
blur/frog/frog_blur_00085.png,frog,animal,land,blur,frog_00792
pixelated/frog/frog_pixelated_00085.png,frog,animal,land,pixelated,frog_00792
noise/frog/frog_noise_00085.png,frog,animal,land,noise,frog_00792
clean/deer/deer_clean_00083.png,deer,animal,land,clean,deer_00793
blur/deer/deer_blur_00083.png,deer,animal,land,blur,deer_00793
pixelated/deer/deer_pixelated_00083.png,deer,animal,land,pixelated,deer_00793
noise/deer/deer_noise_00083.png,deer,animal,land,noise,deer_00793
clean/frog/frog_clean_00086.png,frog,animal,land,clean,frog_00794
blur/frog/frog_blur_00086.png,frog,animal,land,blur,frog_00794
pixelated/frog/frog_pixelated_00086.png,frog,animal,land,pixelated,frog_00794
noise/frog/frog_noise_00086.png,frog,animal,land,noise,frog_00794
clean/truck/truck_clean_00070.png,truck,vehicle,land,clean,truck_00795
blur/truck/truck_blur_00070.png,truck,vehicle,land,blur,truck_00795
pixelated/truck/truck_pixelated_00070.png,truck,vehicle,land,pixelated,truck_00795
noise/truck/truck_noise_00070.png,truck,vehicle,land,noise,truck_00795
clean/frog/frog_clean_00087.png,frog,animal,land,clean,frog_00796
blur/frog/frog_blur_00087.png,frog,animal,land,blur,frog_00796
pixelated/frog/frog_pixelated_00087.png,frog,animal,land,pixelated,frog_00796
noise/frog/frog_noise_00087.png,frog,animal,land,noise,frog_00796
clean/dog/dog_clean_00082.png,dog,animal,land,clean,dog_00797
blur/dog/dog_blur_00082.png,dog,animal,land,blur,dog_00797
pixelated/dog/dog_pixelated_00082.png,dog,animal,land,pixelated,dog_00797
noise/dog/dog_noise_00082.png,dog,animal,land,noise,dog_00797
clean/ship/ship_clean_00071.png,ship,vehicle,water,clean,ship_00798
blur/ship/ship_blur_00071.png,ship,vehicle,water,blur,ship_00798
pixelated/ship/ship_pixelated_00071.png,ship,vehicle,water,pixelated,ship_00798
noise/ship/ship_noise_00071.png,ship,vehicle,water,noise,ship_00798
clean/horse/horse_clean_00065.png,horse,animal,land,clean,horse_00799
blur/horse/horse_blur_00065.png,horse,animal,land,blur,horse_00799
pixelated/horse/horse_pixelated_00065.png,horse,animal,land,pixelated,horse_00799
noise/horse/horse_noise_00065.png,horse,animal,land,noise,horse_00799
clean/truck/truck_clean_00071.png,truck,vehicle,land,clean,truck_00800
blur/truck/truck_blur_00071.png,truck,vehicle,land,blur,truck_00800
pixelated/truck/truck_pixelated_00071.png,truck,vehicle,land,pixelated,truck_00800
noise/truck/truck_noise_00071.png,truck,vehicle,land,noise,truck_00800
clean/frog/frog_clean_00088.png,frog,animal,land,clean,frog_00801
blur/frog/frog_blur_00088.png,frog,animal,land,blur,frog_00801
pixelated/frog/frog_pixelated_00088.png,frog,animal,land,pixelated,frog_00801
noise/frog/frog_noise_00088.png,frog,animal,land,noise,frog_00801
clean/deer/deer_clean_00084.png,deer,animal,land,clean,deer_00802
blur/deer/deer_blur_00084.png,deer,animal,land,blur,deer_00802
pixelated/deer/deer_pixelated_00084.png,deer,animal,land,pixelated,deer_00802
noise/deer/deer_noise_00084.png,deer,animal,land,noise,deer_00802
clean/ship/ship_clean_00072.png,ship,vehicle,water,clean,ship_00803
blur/ship/ship_blur_00072.png,ship,vehicle,water,blur,ship_00803
pixelated/ship/ship_pixelated_00072.png,ship,vehicle,water,pixelated,ship_00803
noise/ship/ship_noise_00072.png,ship,vehicle,water,noise,ship_00803
clean/truck/truck_clean_00072.png,truck,vehicle,land,clean,truck_00804
blur/truck/truck_blur_00072.png,truck,vehicle,land,blur,truck_00804
pixelated/truck/truck_pixelated_00072.png,truck,vehicle,land,pixelated,truck_00804
noise/truck/truck_noise_00072.png,truck,vehicle,land,noise,truck_00804
clean/truck/truck_clean_00073.png,truck,vehicle,land,clean,truck_00805
blur/truck/truck_blur_00073.png,truck,vehicle,land,blur,truck_00805
pixelated/truck/truck_pixelated_00073.png,truck,vehicle,land,pixelated,truck_00805
noise/truck/truck_noise_00073.png,truck,vehicle,land,noise,truck_00805
clean/horse/horse_clean_00066.png,horse,animal,land,clean,horse_00806
blur/horse/horse_blur_00066.png,horse,animal,land,blur,horse_00806
pixelated/horse/horse_pixelated_00066.png,horse,animal,land,pixelated,horse_00806
noise/horse/horse_noise_00066.png,horse,animal,land,noise,horse_00806
clean/automobile/automobile_clean_00078.png,automobile,vehicle,land,clean,automobile_00807
blur/automobile/automobile_blur_00078.png,automobile,vehicle,land,blur,automobile_00807
pixelated/automobile/automobile_pixelated_00078.png,automobile,vehicle,land,pixelated,automobile_00807
noise/automobile/automobile_noise_00078.png,automobile,vehicle,land,noise,automobile_00807
clean/bird/bird_clean_00091.png,bird,animal,air,clean,bird_00808
blur/bird/bird_blur_00091.png,bird,animal,air,blur,bird_00808
pixelated/bird/bird_pixelated_00091.png,bird,animal,air,pixelated,bird_00808
noise/bird/bird_noise_00091.png,bird,animal,air,noise,bird_00808
clean/dog/dog_clean_00083.png,dog,animal,land,clean,dog_00809
blur/dog/dog_blur_00083.png,dog,animal,land,blur,dog_00809
pixelated/dog/dog_pixelated_00083.png,dog,animal,land,pixelated,dog_00809
noise/dog/dog_noise_00083.png,dog,animal,land,noise,dog_00809
clean/bird/bird_clean_00092.png,bird,animal,air,clean,bird_00810
blur/bird/bird_blur_00092.png,bird,animal,air,blur,bird_00810
pixelated/bird/bird_pixelated_00092.png,bird,animal,air,pixelated,bird_00810
noise/bird/bird_noise_00092.png,bird,animal,air,noise,bird_00810
clean/cat/cat_clean_00089.png,cat,animal,land,clean,cat_00811
blur/cat/cat_blur_00089.png,cat,animal,land,blur,cat_00811
pixelated/cat/cat_pixelated_00089.png,cat,animal,land,pixelated,cat_00811
noise/cat/cat_noise_00089.png,cat,animal,land,noise,cat_00811
clean/automobile/automobile_clean_00079.png,automobile,vehicle,land,clean,automobile_00812
blur/automobile/automobile_blur_00079.png,automobile,vehicle,land,blur,automobile_00812
pixelated/automobile/automobile_pixelated_00079.png,automobile,vehicle,land,pixelated,automobile_00812
noise/automobile/automobile_noise_00079.png,automobile,vehicle,land,noise,automobile_00812
clean/dog/dog_clean_00084.png,dog,animal,land,clean,dog_00813
blur/dog/dog_blur_00084.png,dog,animal,land,blur,dog_00813
pixelated/dog/dog_pixelated_00084.png,dog,animal,land,pixelated,dog_00813
noise/dog/dog_noise_00084.png,dog,animal,land,noise,dog_00813
clean/deer/deer_clean_00085.png,deer,animal,land,clean,deer_00814
blur/deer/deer_blur_00085.png,deer,animal,land,blur,deer_00814
pixelated/deer/deer_pixelated_00085.png,deer,animal,land,pixelated,deer_00814
noise/deer/deer_noise_00085.png,deer,animal,land,noise,deer_00814
clean/airplane/airplane_clean_00087.png,airplane,vehicle,air,clean,airplane_00815
blur/airplane/airplane_blur_00087.png,airplane,vehicle,air,blur,airplane_00815
pixelated/airplane/airplane_pixelated_00087.png,airplane,vehicle,air,pixelated,airplane_00815
noise/airplane/airplane_noise_00087.png,airplane,vehicle,air,noise,airplane_00815
clean/bird/bird_clean_00093.png,bird,animal,air,clean,bird_00816
blur/bird/bird_blur_00093.png,bird,animal,air,blur,bird_00816
pixelated/bird/bird_pixelated_00093.png,bird,animal,air,pixelated,bird_00816
noise/bird/bird_noise_00093.png,bird,animal,air,noise,bird_00816
clean/airplane/airplane_clean_00088.png,airplane,vehicle,air,clean,airplane_00817
blur/airplane/airplane_blur_00088.png,airplane,vehicle,air,blur,airplane_00817
pixelated/airplane/airplane_pixelated_00088.png,airplane,vehicle,air,pixelated,airplane_00817
noise/airplane/airplane_noise_00088.png,airplane,vehicle,air,noise,airplane_00817
clean/frog/frog_clean_00089.png,frog,animal,land,clean,frog_00818
blur/frog/frog_blur_00089.png,frog,animal,land,blur,frog_00818
pixelated/frog/frog_pixelated_00089.png,frog,animal,land,pixelated,frog_00818
noise/frog/frog_noise_00089.png,frog,animal,land,noise,frog_00818
clean/ship/ship_clean_00073.png,ship,vehicle,water,clean,ship_00819
blur/ship/ship_blur_00073.png,ship,vehicle,water,blur,ship_00819
pixelated/ship/ship_pixelated_00073.png,ship,vehicle,water,pixelated,ship_00819
noise/ship/ship_noise_00073.png,ship,vehicle,water,noise,ship_00819
clean/ship/ship_clean_00074.png,ship,vehicle,water,clean,ship_00820
blur/ship/ship_blur_00074.png,ship,vehicle,water,blur,ship_00820
pixelated/ship/ship_pixelated_00074.png,ship,vehicle,water,pixelated,ship_00820
noise/ship/ship_noise_00074.png,ship,vehicle,water,noise,ship_00820
clean/cat/cat_clean_00090.png,cat,animal,land,clean,cat_00821
blur/cat/cat_blur_00090.png,cat,animal,land,blur,cat_00821
pixelated/cat/cat_pixelated_00090.png,cat,animal,land,pixelated,cat_00821
noise/cat/cat_noise_00090.png,cat,animal,land,noise,cat_00821
clean/airplane/airplane_clean_00089.png,airplane,vehicle,air,clean,airplane_00822
blur/airplane/airplane_blur_00089.png,airplane,vehicle,air,blur,airplane_00822
pixelated/airplane/airplane_pixelated_00089.png,airplane,vehicle,air,pixelated,airplane_00822
noise/airplane/airplane_noise_00089.png,airplane,vehicle,air,noise,airplane_00822
clean/bird/bird_clean_00094.png,bird,animal,air,clean,bird_00823
blur/bird/bird_blur_00094.png,bird,animal,air,blur,bird_00823
pixelated/bird/bird_pixelated_00094.png,bird,animal,air,pixelated,bird_00823
noise/bird/bird_noise_00094.png,bird,animal,air,noise,bird_00823
clean/bird/bird_clean_00095.png,bird,animal,air,clean,bird_00824
blur/bird/bird_blur_00095.png,bird,animal,air,blur,bird_00824
pixelated/bird/bird_pixelated_00095.png,bird,animal,air,pixelated,bird_00824
noise/bird/bird_noise_00095.png,bird,animal,air,noise,bird_00824
clean/frog/frog_clean_00090.png,frog,animal,land,clean,frog_00825
blur/frog/frog_blur_00090.png,frog,animal,land,blur,frog_00825
pixelated/frog/frog_pixelated_00090.png,frog,animal,land,pixelated,frog_00825
noise/frog/frog_noise_00090.png,frog,animal,land,noise,frog_00825
clean/automobile/automobile_clean_00080.png,automobile,vehicle,land,clean,automobile_00826
blur/automobile/automobile_blur_00080.png,automobile,vehicle,land,blur,automobile_00826
pixelated/automobile/automobile_pixelated_00080.png,automobile,vehicle,land,pixelated,automobile_00826
noise/automobile/automobile_noise_00080.png,automobile,vehicle,land,noise,automobile_00826
clean/deer/deer_clean_00086.png,deer,animal,land,clean,deer_00827
blur/deer/deer_blur_00086.png,deer,animal,land,blur,deer_00827
pixelated/deer/deer_pixelated_00086.png,deer,animal,land,pixelated,deer_00827
noise/deer/deer_noise_00086.png,deer,animal,land,noise,deer_00827
clean/horse/horse_clean_00067.png,horse,animal,land,clean,horse_00828
blur/horse/horse_blur_00067.png,horse,animal,land,blur,horse_00828
pixelated/horse/horse_pixelated_00067.png,horse,animal,land,pixelated,horse_00828
noise/horse/horse_noise_00067.png,horse,animal,land,noise,horse_00828
clean/horse/horse_clean_00068.png,horse,animal,land,clean,horse_00829
blur/horse/horse_blur_00068.png,horse,animal,land,blur,horse_00829
pixelated/horse/horse_pixelated_00068.png,horse,animal,land,pixelated,horse_00829
noise/horse/horse_noise_00068.png,horse,animal,land,noise,horse_00829
clean/airplane/airplane_clean_00090.png,airplane,vehicle,air,clean,airplane_00830
blur/airplane/airplane_blur_00090.png,airplane,vehicle,air,blur,airplane_00830
pixelated/airplane/airplane_pixelated_00090.png,airplane,vehicle,air,pixelated,airplane_00830
noise/airplane/airplane_noise_00090.png,airplane,vehicle,air,noise,airplane_00830
clean/deer/deer_clean_00087.png,deer,animal,land,clean,deer_00831
blur/deer/deer_blur_00087.png,deer,animal,land,blur,deer_00831
pixelated/deer/deer_pixelated_00087.png,deer,animal,land,pixelated,deer_00831
noise/deer/deer_noise_00087.png,deer,animal,land,noise,deer_00831
clean/truck/truck_clean_00074.png,truck,vehicle,land,clean,truck_00832
blur/truck/truck_blur_00074.png,truck,vehicle,land,blur,truck_00832
pixelated/truck/truck_pixelated_00074.png,truck,vehicle,land,pixelated,truck_00832
noise/truck/truck_noise_00074.png,truck,vehicle,land,noise,truck_00832
clean/frog/frog_clean_00091.png,frog,animal,land,clean,frog_00833
blur/frog/frog_blur_00091.png,frog,animal,land,blur,frog_00833
pixelated/frog/frog_pixelated_00091.png,frog,animal,land,pixelated,frog_00833
noise/frog/frog_noise_00091.png,frog,animal,land,noise,frog_00833
clean/deer/deer_clean_00088.png,deer,animal,land,clean,deer_00834
blur/deer/deer_blur_00088.png,deer,animal,land,blur,deer_00834
pixelated/deer/deer_pixelated_00088.png,deer,animal,land,pixelated,deer_00834
noise/deer/deer_noise_00088.png,deer,animal,land,noise,deer_00834
clean/deer/deer_clean_00089.png,deer,animal,land,clean,deer_00835
blur/deer/deer_blur_00089.png,deer,animal,land,blur,deer_00835
pixelated/deer/deer_pixelated_00089.png,deer,animal,land,pixelated,deer_00835
noise/deer/deer_noise_00089.png,deer,animal,land,noise,deer_00835
clean/airplane/airplane_clean_00091.png,airplane,vehicle,air,clean,airplane_00836
blur/airplane/airplane_blur_00091.png,airplane,vehicle,air,blur,airplane_00836
pixelated/airplane/airplane_pixelated_00091.png,airplane,vehicle,air,pixelated,airplane_00836
noise/airplane/airplane_noise_00091.png,airplane,vehicle,air,noise,airplane_00836
clean/dog/dog_clean_00085.png,dog,animal,land,clean,dog_00837
blur/dog/dog_blur_00085.png,dog,animal,land,blur,dog_00837
pixelated/dog/dog_pixelated_00085.png,dog,animal,land,pixelated,dog_00837
noise/dog/dog_noise_00085.png,dog,animal,land,noise,dog_00837
clean/cat/cat_clean_00091.png,cat,animal,land,clean,cat_00838
blur/cat/cat_blur_00091.png,cat,animal,land,blur,cat_00838
pixelated/cat/cat_pixelated_00091.png,cat,animal,land,pixelated,cat_00838
noise/cat/cat_noise_00091.png,cat,animal,land,noise,cat_00838
clean/bird/bird_clean_00096.png,bird,animal,air,clean,bird_00839
blur/bird/bird_blur_00096.png,bird,animal,air,blur,bird_00839
pixelated/bird/bird_pixelated_00096.png,bird,animal,air,pixelated,bird_00839
noise/bird/bird_noise_00096.png,bird,animal,air,noise,bird_00839
clean/truck/truck_clean_00075.png,truck,vehicle,land,clean,truck_00840
blur/truck/truck_blur_00075.png,truck,vehicle,land,blur,truck_00840
pixelated/truck/truck_pixelated_00075.png,truck,vehicle,land,pixelated,truck_00840
noise/truck/truck_noise_00075.png,truck,vehicle,land,noise,truck_00840
clean/automobile/automobile_clean_00081.png,automobile,vehicle,land,clean,automobile_00841
blur/automobile/automobile_blur_00081.png,automobile,vehicle,land,blur,automobile_00841
pixelated/automobile/automobile_pixelated_00081.png,automobile,vehicle,land,pixelated,automobile_00841
noise/automobile/automobile_noise_00081.png,automobile,vehicle,land,noise,automobile_00841
clean/cat/cat_clean_00092.png,cat,animal,land,clean,cat_00842
blur/cat/cat_blur_00092.png,cat,animal,land,blur,cat_00842
pixelated/cat/cat_pixelated_00092.png,cat,animal,land,pixelated,cat_00842
noise/cat/cat_noise_00092.png,cat,animal,land,noise,cat_00842
clean/airplane/airplane_clean_00092.png,airplane,vehicle,air,clean,airplane_00843
blur/airplane/airplane_blur_00092.png,airplane,vehicle,air,blur,airplane_00843
pixelated/airplane/airplane_pixelated_00092.png,airplane,vehicle,air,pixelated,airplane_00843
noise/airplane/airplane_noise_00092.png,airplane,vehicle,air,noise,airplane_00843
clean/ship/ship_clean_00075.png,ship,vehicle,water,clean,ship_00844
blur/ship/ship_blur_00075.png,ship,vehicle,water,blur,ship_00844
pixelated/ship/ship_pixelated_00075.png,ship,vehicle,water,pixelated,ship_00844
noise/ship/ship_noise_00075.png,ship,vehicle,water,noise,ship_00844
clean/truck/truck_clean_00076.png,truck,vehicle,land,clean,truck_00845
blur/truck/truck_blur_00076.png,truck,vehicle,land,blur,truck_00845
pixelated/truck/truck_pixelated_00076.png,truck,vehicle,land,pixelated,truck_00845
noise/truck/truck_noise_00076.png,truck,vehicle,land,noise,truck_00845
clean/cat/cat_clean_00093.png,cat,animal,land,clean,cat_00846
blur/cat/cat_blur_00093.png,cat,animal,land,blur,cat_00846
pixelated/cat/cat_pixelated_00093.png,cat,animal,land,pixelated,cat_00846
noise/cat/cat_noise_00093.png,cat,animal,land,noise,cat_00846
clean/automobile/automobile_clean_00082.png,automobile,vehicle,land,clean,automobile_00847
blur/automobile/automobile_blur_00082.png,automobile,vehicle,land,blur,automobile_00847
pixelated/automobile/automobile_pixelated_00082.png,automobile,vehicle,land,pixelated,automobile_00847
noise/automobile/automobile_noise_00082.png,automobile,vehicle,land,noise,automobile_00847
clean/truck/truck_clean_00077.png,truck,vehicle,land,clean,truck_00848
blur/truck/truck_blur_00077.png,truck,vehicle,land,blur,truck_00848
pixelated/truck/truck_pixelated_00077.png,truck,vehicle,land,pixelated,truck_00848
noise/truck/truck_noise_00077.png,truck,vehicle,land,noise,truck_00848
clean/deer/deer_clean_00090.png,deer,animal,land,clean,deer_00849
blur/deer/deer_blur_00090.png,deer,animal,land,blur,deer_00849
pixelated/deer/deer_pixelated_00090.png,deer,animal,land,pixelated,deer_00849
noise/deer/deer_noise_00090.png,deer,animal,land,noise,deer_00849
clean/deer/deer_clean_00091.png,deer,animal,land,clean,deer_00850
blur/deer/deer_blur_00091.png,deer,animal,land,blur,deer_00850
pixelated/deer/deer_pixelated_00091.png,deer,animal,land,pixelated,deer_00850
noise/deer/deer_noise_00091.png,deer,animal,land,noise,deer_00850
clean/automobile/automobile_clean_00083.png,automobile,vehicle,land,clean,automobile_00851
blur/automobile/automobile_blur_00083.png,automobile,vehicle,land,blur,automobile_00851
pixelated/automobile/automobile_pixelated_00083.png,automobile,vehicle,land,pixelated,automobile_00851
noise/automobile/automobile_noise_00083.png,automobile,vehicle,land,noise,automobile_00851
clean/airplane/airplane_clean_00093.png,airplane,vehicle,air,clean,airplane_00852
blur/airplane/airplane_blur_00093.png,airplane,vehicle,air,blur,airplane_00852
pixelated/airplane/airplane_pixelated_00093.png,airplane,vehicle,air,pixelated,airplane_00852
noise/airplane/airplane_noise_00093.png,airplane,vehicle,air,noise,airplane_00852
clean/horse/horse_clean_00069.png,horse,animal,land,clean,horse_00853
blur/horse/horse_blur_00069.png,horse,animal,land,blur,horse_00853
pixelated/horse/horse_pixelated_00069.png,horse,animal,land,pixelated,horse_00853
noise/horse/horse_noise_00069.png,horse,animal,land,noise,horse_00853
clean/truck/truck_clean_00078.png,truck,vehicle,land,clean,truck_00854
blur/truck/truck_blur_00078.png,truck,vehicle,land,blur,truck_00854
pixelated/truck/truck_pixelated_00078.png,truck,vehicle,land,pixelated,truck_00854
noise/truck/truck_noise_00078.png,truck,vehicle,land,noise,truck_00854
clean/bird/bird_clean_00097.png,bird,animal,air,clean,bird_00855
blur/bird/bird_blur_00097.png,bird,animal,air,blur,bird_00855
pixelated/bird/bird_pixelated_00097.png,bird,animal,air,pixelated,bird_00855
noise/bird/bird_noise_00097.png,bird,animal,air,noise,bird_00855
clean/ship/ship_clean_00076.png,ship,vehicle,water,clean,ship_00856
blur/ship/ship_blur_00076.png,ship,vehicle,water,blur,ship_00856
pixelated/ship/ship_pixelated_00076.png,ship,vehicle,water,pixelated,ship_00856
noise/ship/ship_noise_00076.png,ship,vehicle,water,noise,ship_00856
clean/horse/horse_clean_00070.png,horse,animal,land,clean,horse_00857
blur/horse/horse_blur_00070.png,horse,animal,land,blur,horse_00857
pixelated/horse/horse_pixelated_00070.png,horse,animal,land,pixelated,horse_00857
noise/horse/horse_noise_00070.png,horse,animal,land,noise,horse_00857
clean/frog/frog_clean_00092.png,frog,animal,land,clean,frog_00858
blur/frog/frog_blur_00092.png,frog,animal,land,blur,frog_00858
pixelated/frog/frog_pixelated_00092.png,frog,animal,land,pixelated,frog_00858
noise/frog/frog_noise_00092.png,frog,animal,land,noise,frog_00858
clean/frog/frog_clean_00093.png,frog,animal,land,clean,frog_00859
blur/frog/frog_blur_00093.png,frog,animal,land,blur,frog_00859
pixelated/frog/frog_pixelated_00093.png,frog,animal,land,pixelated,frog_00859
noise/frog/frog_noise_00093.png,frog,animal,land,noise,frog_00859
clean/ship/ship_clean_00077.png,ship,vehicle,water,clean,ship_00860
blur/ship/ship_blur_00077.png,ship,vehicle,water,blur,ship_00860
pixelated/ship/ship_pixelated_00077.png,ship,vehicle,water,pixelated,ship_00860
noise/ship/ship_noise_00077.png,ship,vehicle,water,noise,ship_00860
clean/deer/deer_clean_00092.png,deer,animal,land,clean,deer_00861
blur/deer/deer_blur_00092.png,deer,animal,land,blur,deer_00861
pixelated/deer/deer_pixelated_00092.png,deer,animal,land,pixelated,deer_00861
noise/deer/deer_noise_00092.png,deer,animal,land,noise,deer_00861
clean/bird/bird_clean_00098.png,bird,animal,air,clean,bird_00862
blur/bird/bird_blur_00098.png,bird,animal,air,blur,bird_00862
pixelated/bird/bird_pixelated_00098.png,bird,animal,air,pixelated,bird_00862
noise/bird/bird_noise_00098.png,bird,animal,air,noise,bird_00862
clean/deer/deer_clean_00093.png,deer,animal,land,clean,deer_00863
blur/deer/deer_blur_00093.png,deer,animal,land,blur,deer_00863
pixelated/deer/deer_pixelated_00093.png,deer,animal,land,pixelated,deer_00863
noise/deer/deer_noise_00093.png,deer,animal,land,noise,deer_00863
clean/horse/horse_clean_00071.png,horse,animal,land,clean,horse_00864
blur/horse/horse_blur_00071.png,horse,animal,land,blur,horse_00864
pixelated/horse/horse_pixelated_00071.png,horse,animal,land,pixelated,horse_00864
noise/horse/horse_noise_00071.png,horse,animal,land,noise,horse_00864
clean/frog/frog_clean_00094.png,frog,animal,land,clean,frog_00865
blur/frog/frog_blur_00094.png,frog,animal,land,blur,frog_00865
pixelated/frog/frog_pixelated_00094.png,frog,animal,land,pixelated,frog_00865
noise/frog/frog_noise_00094.png,frog,animal,land,noise,frog_00865
clean/ship/ship_clean_00078.png,ship,vehicle,water,clean,ship_00866
blur/ship/ship_blur_00078.png,ship,vehicle,water,blur,ship_00866
pixelated/ship/ship_pixelated_00078.png,ship,vehicle,water,pixelated,ship_00866
noise/ship/ship_noise_00078.png,ship,vehicle,water,noise,ship_00866
clean/horse/horse_clean_00072.png,horse,animal,land,clean,horse_00867
blur/horse/horse_blur_00072.png,horse,animal,land,blur,horse_00867
pixelated/horse/horse_pixelated_00072.png,horse,animal,land,pixelated,horse_00867
noise/horse/horse_noise_00072.png,horse,animal,land,noise,horse_00867
clean/ship/ship_clean_00079.png,ship,vehicle,water,clean,ship_00868
blur/ship/ship_blur_00079.png,ship,vehicle,water,blur,ship_00868
pixelated/ship/ship_pixelated_00079.png,ship,vehicle,water,pixelated,ship_00868
noise/ship/ship_noise_00079.png,ship,vehicle,water,noise,ship_00868
clean/airplane/airplane_clean_00094.png,airplane,vehicle,air,clean,airplane_00869
blur/airplane/airplane_blur_00094.png,airplane,vehicle,air,blur,airplane_00869
pixelated/airplane/airplane_pixelated_00094.png,airplane,vehicle,air,pixelated,airplane_00869
noise/airplane/airplane_noise_00094.png,airplane,vehicle,air,noise,airplane_00869
clean/horse/horse_clean_00073.png,horse,animal,land,clean,horse_00870
blur/horse/horse_blur_00073.png,horse,animal,land,blur,horse_00870
pixelated/horse/horse_pixelated_00073.png,horse,animal,land,pixelated,horse_00870
noise/horse/horse_noise_00073.png,horse,animal,land,noise,horse_00870
clean/dog/dog_clean_00086.png,dog,animal,land,clean,dog_00871
blur/dog/dog_blur_00086.png,dog,animal,land,blur,dog_00871
pixelated/dog/dog_pixelated_00086.png,dog,animal,land,pixelated,dog_00871
noise/dog/dog_noise_00086.png,dog,animal,land,noise,dog_00871
clean/frog/frog_clean_00095.png,frog,animal,land,clean,frog_00872
blur/frog/frog_blur_00095.png,frog,animal,land,blur,frog_00872
pixelated/frog/frog_pixelated_00095.png,frog,animal,land,pixelated,frog_00872
noise/frog/frog_noise_00095.png,frog,animal,land,noise,frog_00872
clean/bird/bird_clean_00099.png,bird,animal,air,clean,bird_00873
blur/bird/bird_blur_00099.png,bird,animal,air,blur,bird_00873
pixelated/bird/bird_pixelated_00099.png,bird,animal,air,pixelated,bird_00873
noise/bird/bird_noise_00099.png,bird,animal,air,noise,bird_00873
clean/cat/cat_clean_00094.png,cat,animal,land,clean,cat_00874
blur/cat/cat_blur_00094.png,cat,animal,land,blur,cat_00874
pixelated/cat/cat_pixelated_00094.png,cat,animal,land,pixelated,cat_00874
noise/cat/cat_noise_00094.png,cat,animal,land,noise,cat_00874
clean/dog/dog_clean_00087.png,dog,animal,land,clean,dog_00875
blur/dog/dog_blur_00087.png,dog,animal,land,blur,dog_00875
pixelated/dog/dog_pixelated_00087.png,dog,animal,land,pixelated,dog_00875
noise/dog/dog_noise_00087.png,dog,animal,land,noise,dog_00875
clean/dog/dog_clean_00088.png,dog,animal,land,clean,dog_00876
blur/dog/dog_blur_00088.png,dog,animal,land,blur,dog_00876
pixelated/dog/dog_pixelated_00088.png,dog,animal,land,pixelated,dog_00876
noise/dog/dog_noise_00088.png,dog,animal,land,noise,dog_00876
clean/cat/cat_clean_00095.png,cat,animal,land,clean,cat_00877
blur/cat/cat_blur_00095.png,cat,animal,land,blur,cat_00877
pixelated/cat/cat_pixelated_00095.png,cat,animal,land,pixelated,cat_00877
noise/cat/cat_noise_00095.png,cat,animal,land,noise,cat_00877
clean/frog/frog_clean_00096.png,frog,animal,land,clean,frog_00878
blur/frog/frog_blur_00096.png,frog,animal,land,blur,frog_00878
pixelated/frog/frog_pixelated_00096.png,frog,animal,land,pixelated,frog_00878
noise/frog/frog_noise_00096.png,frog,animal,land,noise,frog_00878
clean/frog/frog_clean_00097.png,frog,animal,land,clean,frog_00879
blur/frog/frog_blur_00097.png,frog,animal,land,blur,frog_00879
pixelated/frog/frog_pixelated_00097.png,frog,animal,land,pixelated,frog_00879
noise/frog/frog_noise_00097.png,frog,animal,land,noise,frog_00879
clean/ship/ship_clean_00080.png,ship,vehicle,water,clean,ship_00880
blur/ship/ship_blur_00080.png,ship,vehicle,water,blur,ship_00880
pixelated/ship/ship_pixelated_00080.png,ship,vehicle,water,pixelated,ship_00880
noise/ship/ship_noise_00080.png,ship,vehicle,water,noise,ship_00880
clean/airplane/airplane_clean_00095.png,airplane,vehicle,air,clean,airplane_00881
blur/airplane/airplane_blur_00095.png,airplane,vehicle,air,blur,airplane_00881
pixelated/airplane/airplane_pixelated_00095.png,airplane,vehicle,air,pixelated,airplane_00881
noise/airplane/airplane_noise_00095.png,airplane,vehicle,air,noise,airplane_00881
clean/horse/horse_clean_00074.png,horse,animal,land,clean,horse_00882
blur/horse/horse_blur_00074.png,horse,animal,land,blur,horse_00882
pixelated/horse/horse_pixelated_00074.png,horse,animal,land,pixelated,horse_00882
noise/horse/horse_noise_00074.png,horse,animal,land,noise,horse_00882
clean/automobile/automobile_clean_00084.png,automobile,vehicle,land,clean,automobile_00883
blur/automobile/automobile_blur_00084.png,automobile,vehicle,land,blur,automobile_00883
pixelated/automobile/automobile_pixelated_00084.png,automobile,vehicle,land,pixelated,automobile_00883
noise/automobile/automobile_noise_00084.png,automobile,vehicle,land,noise,automobile_00883
clean/frog/frog_clean_00098.png,frog,animal,land,clean,frog_00884
blur/frog/frog_blur_00098.png,frog,animal,land,blur,frog_00884
pixelated/frog/frog_pixelated_00098.png,frog,animal,land,pixelated,frog_00884
noise/frog/frog_noise_00098.png,frog,animal,land,noise,frog_00884
clean/cat/cat_clean_00096.png,cat,animal,land,clean,cat_00885
blur/cat/cat_blur_00096.png,cat,animal,land,blur,cat_00885
pixelated/cat/cat_pixelated_00096.png,cat,animal,land,pixelated,cat_00885
noise/cat/cat_noise_00096.png,cat,animal,land,noise,cat_00885
clean/ship/ship_clean_00081.png,ship,vehicle,water,clean,ship_00886
blur/ship/ship_blur_00081.png,ship,vehicle,water,blur,ship_00886
pixelated/ship/ship_pixelated_00081.png,ship,vehicle,water,pixelated,ship_00886
noise/ship/ship_noise_00081.png,ship,vehicle,water,noise,ship_00886
clean/ship/ship_clean_00082.png,ship,vehicle,water,clean,ship_00887
blur/ship/ship_blur_00082.png,ship,vehicle,water,blur,ship_00887
pixelated/ship/ship_pixelated_00082.png,ship,vehicle,water,pixelated,ship_00887
noise/ship/ship_noise_00082.png,ship,vehicle,water,noise,ship_00887
clean/truck/truck_clean_00079.png,truck,vehicle,land,clean,truck_00888
blur/truck/truck_blur_00079.png,truck,vehicle,land,blur,truck_00888
pixelated/truck/truck_pixelated_00079.png,truck,vehicle,land,pixelated,truck_00888
noise/truck/truck_noise_00079.png,truck,vehicle,land,noise,truck_00888
clean/bird/bird_clean_00100.png,bird,animal,air,clean,bird_00889
blur/bird/bird_blur_00100.png,bird,animal,air,blur,bird_00889
pixelated/bird/bird_pixelated_00100.png,bird,animal,air,pixelated,bird_00889
noise/bird/bird_noise_00100.png,bird,animal,air,noise,bird_00889
clean/bird/bird_clean_00101.png,bird,animal,air,clean,bird_00890
blur/bird/bird_blur_00101.png,bird,animal,air,blur,bird_00890
pixelated/bird/bird_pixelated_00101.png,bird,animal,air,pixelated,bird_00890
noise/bird/bird_noise_00101.png,bird,animal,air,noise,bird_00890
clean/bird/bird_clean_00102.png,bird,animal,air,clean,bird_00891
blur/bird/bird_blur_00102.png,bird,animal,air,blur,bird_00891
pixelated/bird/bird_pixelated_00102.png,bird,animal,air,pixelated,bird_00891
noise/bird/bird_noise_00102.png,bird,animal,air,noise,bird_00891
clean/cat/cat_clean_00097.png,cat,animal,land,clean,cat_00892
blur/cat/cat_blur_00097.png,cat,animal,land,blur,cat_00892
pixelated/cat/cat_pixelated_00097.png,cat,animal,land,pixelated,cat_00892
noise/cat/cat_noise_00097.png,cat,animal,land,noise,cat_00892
clean/dog/dog_clean_00089.png,dog,animal,land,clean,dog_00893
blur/dog/dog_blur_00089.png,dog,animal,land,blur,dog_00893
pixelated/dog/dog_pixelated_00089.png,dog,animal,land,pixelated,dog_00893
noise/dog/dog_noise_00089.png,dog,animal,land,noise,dog_00893
clean/horse/horse_clean_00075.png,horse,animal,land,clean,horse_00894
blur/horse/horse_blur_00075.png,horse,animal,land,blur,horse_00894
pixelated/horse/horse_pixelated_00075.png,horse,animal,land,pixelated,horse_00894
noise/horse/horse_noise_00075.png,horse,animal,land,noise,horse_00894
clean/frog/frog_clean_00099.png,frog,animal,land,clean,frog_00895
blur/frog/frog_blur_00099.png,frog,animal,land,blur,frog_00895
pixelated/frog/frog_pixelated_00099.png,frog,animal,land,pixelated,frog_00895
noise/frog/frog_noise_00099.png,frog,animal,land,noise,frog_00895
clean/automobile/automobile_clean_00085.png,automobile,vehicle,land,clean,automobile_00896
blur/automobile/automobile_blur_00085.png,automobile,vehicle,land,blur,automobile_00896
pixelated/automobile/automobile_pixelated_00085.png,automobile,vehicle,land,pixelated,automobile_00896
noise/automobile/automobile_noise_00085.png,automobile,vehicle,land,noise,automobile_00896
clean/deer/deer_clean_00094.png,deer,animal,land,clean,deer_00897
blur/deer/deer_blur_00094.png,deer,animal,land,blur,deer_00897
pixelated/deer/deer_pixelated_00094.png,deer,animal,land,pixelated,deer_00897
noise/deer/deer_noise_00094.png,deer,animal,land,noise,deer_00897
clean/dog/dog_clean_00090.png,dog,animal,land,clean,dog_00898
blur/dog/dog_blur_00090.png,dog,animal,land,blur,dog_00898
pixelated/dog/dog_pixelated_00090.png,dog,animal,land,pixelated,dog_00898
noise/dog/dog_noise_00090.png,dog,animal,land,noise,dog_00898
clean/airplane/airplane_clean_00096.png,airplane,vehicle,air,clean,airplane_00899
blur/airplane/airplane_blur_00096.png,airplane,vehicle,air,blur,airplane_00899
pixelated/airplane/airplane_pixelated_00096.png,airplane,vehicle,air,pixelated,airplane_00899
noise/airplane/airplane_noise_00096.png,airplane,vehicle,air,noise,airplane_00899
clean/ship/ship_clean_00083.png,ship,vehicle,water,clean,ship_00900
blur/ship/ship_blur_00083.png,ship,vehicle,water,blur,ship_00900
pixelated/ship/ship_pixelated_00083.png,ship,vehicle,water,pixelated,ship_00900
noise/ship/ship_noise_00083.png,ship,vehicle,water,noise,ship_00900
clean/airplane/airplane_clean_00097.png,airplane,vehicle,air,clean,airplane_00901
blur/airplane/airplane_blur_00097.png,airplane,vehicle,air,blur,airplane_00901
pixelated/airplane/airplane_pixelated_00097.png,airplane,vehicle,air,pixelated,airplane_00901
noise/airplane/airplane_noise_00097.png,airplane,vehicle,air,noise,airplane_00901
clean/horse/horse_clean_00076.png,horse,animal,land,clean,horse_00902
blur/horse/horse_blur_00076.png,horse,animal,land,blur,horse_00902
pixelated/horse/horse_pixelated_00076.png,horse,animal,land,pixelated,horse_00902
noise/horse/horse_noise_00076.png,horse,animal,land,noise,horse_00902
clean/cat/cat_clean_00098.png,cat,animal,land,clean,cat_00903
blur/cat/cat_blur_00098.png,cat,animal,land,blur,cat_00903
pixelated/cat/cat_pixelated_00098.png,cat,animal,land,pixelated,cat_00903
noise/cat/cat_noise_00098.png,cat,animal,land,noise,cat_00903
clean/cat/cat_clean_00099.png,cat,animal,land,clean,cat_00904
blur/cat/cat_blur_00099.png,cat,animal,land,blur,cat_00904
pixelated/cat/cat_pixelated_00099.png,cat,animal,land,pixelated,cat_00904
noise/cat/cat_noise_00099.png,cat,animal,land,noise,cat_00904
clean/truck/truck_clean_00080.png,truck,vehicle,land,clean,truck_00905
blur/truck/truck_blur_00080.png,truck,vehicle,land,blur,truck_00905
pixelated/truck/truck_pixelated_00080.png,truck,vehicle,land,pixelated,truck_00905
noise/truck/truck_noise_00080.png,truck,vehicle,land,noise,truck_00905
clean/horse/horse_clean_00077.png,horse,animal,land,clean,horse_00906
blur/horse/horse_blur_00077.png,horse,animal,land,blur,horse_00906
pixelated/horse/horse_pixelated_00077.png,horse,animal,land,pixelated,horse_00906
noise/horse/horse_noise_00077.png,horse,animal,land,noise,horse_00906
clean/ship/ship_clean_00084.png,ship,vehicle,water,clean,ship_00907
blur/ship/ship_blur_00084.png,ship,vehicle,water,blur,ship_00907
pixelated/ship/ship_pixelated_00084.png,ship,vehicle,water,pixelated,ship_00907
noise/ship/ship_noise_00084.png,ship,vehicle,water,noise,ship_00907
clean/horse/horse_clean_00078.png,horse,animal,land,clean,horse_00908
blur/horse/horse_blur_00078.png,horse,animal,land,blur,horse_00908
pixelated/horse/horse_pixelated_00078.png,horse,animal,land,pixelated,horse_00908
noise/horse/horse_noise_00078.png,horse,animal,land,noise,horse_00908
clean/automobile/automobile_clean_00086.png,automobile,vehicle,land,clean,automobile_00909
blur/automobile/automobile_blur_00086.png,automobile,vehicle,land,blur,automobile_00909
pixelated/automobile/automobile_pixelated_00086.png,automobile,vehicle,land,pixelated,automobile_00909
noise/automobile/automobile_noise_00086.png,automobile,vehicle,land,noise,automobile_00909
clean/ship/ship_clean_00085.png,ship,vehicle,water,clean,ship_00910
blur/ship/ship_blur_00085.png,ship,vehicle,water,blur,ship_00910
pixelated/ship/ship_pixelated_00085.png,ship,vehicle,water,pixelated,ship_00910
noise/ship/ship_noise_00085.png,ship,vehicle,water,noise,ship_00910
clean/bird/bird_clean_00103.png,bird,animal,air,clean,bird_00911
blur/bird/bird_blur_00103.png,bird,animal,air,blur,bird_00911
pixelated/bird/bird_pixelated_00103.png,bird,animal,air,pixelated,bird_00911
noise/bird/bird_noise_00103.png,bird,animal,air,noise,bird_00911
clean/horse/horse_clean_00079.png,horse,animal,land,clean,horse_00912
blur/horse/horse_blur_00079.png,horse,animal,land,blur,horse_00912
pixelated/horse/horse_pixelated_00079.png,horse,animal,land,pixelated,horse_00912
noise/horse/horse_noise_00079.png,horse,animal,land,noise,horse_00912
clean/ship/ship_clean_00086.png,ship,vehicle,water,clean,ship_00913
blur/ship/ship_blur_00086.png,ship,vehicle,water,blur,ship_00913
pixelated/ship/ship_pixelated_00086.png,ship,vehicle,water,pixelated,ship_00913
noise/ship/ship_noise_00086.png,ship,vehicle,water,noise,ship_00913
clean/truck/truck_clean_00081.png,truck,vehicle,land,clean,truck_00914
blur/truck/truck_blur_00081.png,truck,vehicle,land,blur,truck_00914
pixelated/truck/truck_pixelated_00081.png,truck,vehicle,land,pixelated,truck_00914
noise/truck/truck_noise_00081.png,truck,vehicle,land,noise,truck_00914
clean/horse/horse_clean_00080.png,horse,animal,land,clean,horse_00915
blur/horse/horse_blur_00080.png,horse,animal,land,blur,horse_00915
pixelated/horse/horse_pixelated_00080.png,horse,animal,land,pixelated,horse_00915
noise/horse/horse_noise_00080.png,horse,animal,land,noise,horse_00915
clean/airplane/airplane_clean_00098.png,airplane,vehicle,air,clean,airplane_00916
blur/airplane/airplane_blur_00098.png,airplane,vehicle,air,blur,airplane_00916
pixelated/airplane/airplane_pixelated_00098.png,airplane,vehicle,air,pixelated,airplane_00916
noise/airplane/airplane_noise_00098.png,airplane,vehicle,air,noise,airplane_00916
clean/horse/horse_clean_00081.png,horse,animal,land,clean,horse_00917
blur/horse/horse_blur_00081.png,horse,animal,land,blur,horse_00917
pixelated/horse/horse_pixelated_00081.png,horse,animal,land,pixelated,horse_00917
noise/horse/horse_noise_00081.png,horse,animal,land,noise,horse_00917
clean/deer/deer_clean_00095.png,deer,animal,land,clean,deer_00918
blur/deer/deer_blur_00095.png,deer,animal,land,blur,deer_00918
pixelated/deer/deer_pixelated_00095.png,deer,animal,land,pixelated,deer_00918
noise/deer/deer_noise_00095.png,deer,animal,land,noise,deer_00918
clean/truck/truck_clean_00082.png,truck,vehicle,land,clean,truck_00919
blur/truck/truck_blur_00082.png,truck,vehicle,land,blur,truck_00919
pixelated/truck/truck_pixelated_00082.png,truck,vehicle,land,pixelated,truck_00919
noise/truck/truck_noise_00082.png,truck,vehicle,land,noise,truck_00919
clean/ship/ship_clean_00087.png,ship,vehicle,water,clean,ship_00920
blur/ship/ship_blur_00087.png,ship,vehicle,water,blur,ship_00920
pixelated/ship/ship_pixelated_00087.png,ship,vehicle,water,pixelated,ship_00920
noise/ship/ship_noise_00087.png,ship,vehicle,water,noise,ship_00920
clean/dog/dog_clean_00091.png,dog,animal,land,clean,dog_00921
blur/dog/dog_blur_00091.png,dog,animal,land,blur,dog_00921
pixelated/dog/dog_pixelated_00091.png,dog,animal,land,pixelated,dog_00921
noise/dog/dog_noise_00091.png,dog,animal,land,noise,dog_00921
clean/bird/bird_clean_00104.png,bird,animal,air,clean,bird_00922
blur/bird/bird_blur_00104.png,bird,animal,air,blur,bird_00922
pixelated/bird/bird_pixelated_00104.png,bird,animal,air,pixelated,bird_00922
noise/bird/bird_noise_00104.png,bird,animal,air,noise,bird_00922
clean/dog/dog_clean_00092.png,dog,animal,land,clean,dog_00923
blur/dog/dog_blur_00092.png,dog,animal,land,blur,dog_00923
pixelated/dog/dog_pixelated_00092.png,dog,animal,land,pixelated,dog_00923
noise/dog/dog_noise_00092.png,dog,animal,land,noise,dog_00923
clean/frog/frog_clean_00100.png,frog,animal,land,clean,frog_00924
blur/frog/frog_blur_00100.png,frog,animal,land,blur,frog_00924
pixelated/frog/frog_pixelated_00100.png,frog,animal,land,pixelated,frog_00924
noise/frog/frog_noise_00100.png,frog,animal,land,noise,frog_00924
clean/truck/truck_clean_00083.png,truck,vehicle,land,clean,truck_00925
blur/truck/truck_blur_00083.png,truck,vehicle,land,blur,truck_00925
pixelated/truck/truck_pixelated_00083.png,truck,vehicle,land,pixelated,truck_00925
noise/truck/truck_noise_00083.png,truck,vehicle,land,noise,truck_00925
clean/dog/dog_clean_00093.png,dog,animal,land,clean,dog_00926
blur/dog/dog_blur_00093.png,dog,animal,land,blur,dog_00926
pixelated/dog/dog_pixelated_00093.png,dog,animal,land,pixelated,dog_00926
noise/dog/dog_noise_00093.png,dog,animal,land,noise,dog_00926
clean/airplane/airplane_clean_00099.png,airplane,vehicle,air,clean,airplane_00927
blur/airplane/airplane_blur_00099.png,airplane,vehicle,air,blur,airplane_00927
pixelated/airplane/airplane_pixelated_00099.png,airplane,vehicle,air,pixelated,airplane_00927
noise/airplane/airplane_noise_00099.png,airplane,vehicle,air,noise,airplane_00927
clean/dog/dog_clean_00094.png,dog,animal,land,clean,dog_00928
blur/dog/dog_blur_00094.png,dog,animal,land,blur,dog_00928
pixelated/dog/dog_pixelated_00094.png,dog,animal,land,pixelated,dog_00928
noise/dog/dog_noise_00094.png,dog,animal,land,noise,dog_00928
clean/bird/bird_clean_00105.png,bird,animal,air,clean,bird_00929
blur/bird/bird_blur_00105.png,bird,animal,air,blur,bird_00929
pixelated/bird/bird_pixelated_00105.png,bird,animal,air,pixelated,bird_00929
noise/bird/bird_noise_00105.png,bird,animal,air,noise,bird_00929
clean/horse/horse_clean_00082.png,horse,animal,land,clean,horse_00930
blur/horse/horse_blur_00082.png,horse,animal,land,blur,horse_00930
pixelated/horse/horse_pixelated_00082.png,horse,animal,land,pixelated,horse_00930
noise/horse/horse_noise_00082.png,horse,animal,land,noise,horse_00930
clean/deer/deer_clean_00096.png,deer,animal,land,clean,deer_00931
blur/deer/deer_blur_00096.png,deer,animal,land,blur,deer_00931
pixelated/deer/deer_pixelated_00096.png,deer,animal,land,pixelated,deer_00931
noise/deer/deer_noise_00096.png,deer,animal,land,noise,deer_00931
clean/frog/frog_clean_00101.png,frog,animal,land,clean,frog_00932
blur/frog/frog_blur_00101.png,frog,animal,land,blur,frog_00932
pixelated/frog/frog_pixelated_00101.png,frog,animal,land,pixelated,frog_00932
noise/frog/frog_noise_00101.png,frog,animal,land,noise,frog_00932
clean/automobile/automobile_clean_00087.png,automobile,vehicle,land,clean,automobile_00933
blur/automobile/automobile_blur_00087.png,automobile,vehicle,land,blur,automobile_00933
pixelated/automobile/automobile_pixelated_00087.png,automobile,vehicle,land,pixelated,automobile_00933
noise/automobile/automobile_noise_00087.png,automobile,vehicle,land,noise,automobile_00933
clean/bird/bird_clean_00106.png,bird,animal,air,clean,bird_00934
blur/bird/bird_blur_00106.png,bird,animal,air,blur,bird_00934
pixelated/bird/bird_pixelated_00106.png,bird,animal,air,pixelated,bird_00934
noise/bird/bird_noise_00106.png,bird,animal,air,noise,bird_00934
clean/automobile/automobile_clean_00088.png,automobile,vehicle,land,clean,automobile_00935
blur/automobile/automobile_blur_00088.png,automobile,vehicle,land,blur,automobile_00935
pixelated/automobile/automobile_pixelated_00088.png,automobile,vehicle,land,pixelated,automobile_00935
noise/automobile/automobile_noise_00088.png,automobile,vehicle,land,noise,automobile_00935
clean/truck/truck_clean_00084.png,truck,vehicle,land,clean,truck_00936
blur/truck/truck_blur_00084.png,truck,vehicle,land,blur,truck_00936
pixelated/truck/truck_pixelated_00084.png,truck,vehicle,land,pixelated,truck_00936
noise/truck/truck_noise_00084.png,truck,vehicle,land,noise,truck_00936
clean/ship/ship_clean_00088.png,ship,vehicle,water,clean,ship_00937
blur/ship/ship_blur_00088.png,ship,vehicle,water,blur,ship_00937
pixelated/ship/ship_pixelated_00088.png,ship,vehicle,water,pixelated,ship_00937
noise/ship/ship_noise_00088.png,ship,vehicle,water,noise,ship_00937
clean/airplane/airplane_clean_00100.png,airplane,vehicle,air,clean,airplane_00938
blur/airplane/airplane_blur_00100.png,airplane,vehicle,air,blur,airplane_00938
pixelated/airplane/airplane_pixelated_00100.png,airplane,vehicle,air,pixelated,airplane_00938
noise/airplane/airplane_noise_00100.png,airplane,vehicle,air,noise,airplane_00938
clean/automobile/automobile_clean_00089.png,automobile,vehicle,land,clean,automobile_00939
blur/automobile/automobile_blur_00089.png,automobile,vehicle,land,blur,automobile_00939
pixelated/automobile/automobile_pixelated_00089.png,automobile,vehicle,land,pixelated,automobile_00939
noise/automobile/automobile_noise_00089.png,automobile,vehicle,land,noise,automobile_00939
clean/deer/deer_clean_00097.png,deer,animal,land,clean,deer_00940
blur/deer/deer_blur_00097.png,deer,animal,land,blur,deer_00940
pixelated/deer/deer_pixelated_00097.png,deer,animal,land,pixelated,deer_00940
noise/deer/deer_noise_00097.png,deer,animal,land,noise,deer_00940
clean/dog/dog_clean_00095.png,dog,animal,land,clean,dog_00941
blur/dog/dog_blur_00095.png,dog,animal,land,blur,dog_00941
pixelated/dog/dog_pixelated_00095.png,dog,animal,land,pixelated,dog_00941
noise/dog/dog_noise_00095.png,dog,animal,land,noise,dog_00941
clean/deer/deer_clean_00098.png,deer,animal,land,clean,deer_00942
blur/deer/deer_blur_00098.png,deer,animal,land,blur,deer_00942
pixelated/deer/deer_pixelated_00098.png,deer,animal,land,pixelated,deer_00942
noise/deer/deer_noise_00098.png,deer,animal,land,noise,deer_00942
clean/deer/deer_clean_00099.png,deer,animal,land,clean,deer_00943
blur/deer/deer_blur_00099.png,deer,animal,land,blur,deer_00943
pixelated/deer/deer_pixelated_00099.png,deer,animal,land,pixelated,deer_00943
noise/deer/deer_noise_00099.png,deer,animal,land,noise,deer_00943
clean/ship/ship_clean_00089.png,ship,vehicle,water,clean,ship_00944
blur/ship/ship_blur_00089.png,ship,vehicle,water,blur,ship_00944
pixelated/ship/ship_pixelated_00089.png,ship,vehicle,water,pixelated,ship_00944
noise/ship/ship_noise_00089.png,ship,vehicle,water,noise,ship_00944
clean/dog/dog_clean_00096.png,dog,animal,land,clean,dog_00945
blur/dog/dog_blur_00096.png,dog,animal,land,blur,dog_00945
pixelated/dog/dog_pixelated_00096.png,dog,animal,land,pixelated,dog_00945
noise/dog/dog_noise_00096.png,dog,animal,land,noise,dog_00945
clean/cat/cat_clean_00100.png,cat,animal,land,clean,cat_00946
blur/cat/cat_blur_00100.png,cat,animal,land,blur,cat_00946
pixelated/cat/cat_pixelated_00100.png,cat,animal,land,pixelated,cat_00946
noise/cat/cat_noise_00100.png,cat,animal,land,noise,cat_00946
clean/automobile/automobile_clean_00090.png,automobile,vehicle,land,clean,automobile_00947
blur/automobile/automobile_blur_00090.png,automobile,vehicle,land,blur,automobile_00947
pixelated/automobile/automobile_pixelated_00090.png,automobile,vehicle,land,pixelated,automobile_00947
noise/automobile/automobile_noise_00090.png,automobile,vehicle,land,noise,automobile_00947
clean/cat/cat_clean_00101.png,cat,animal,land,clean,cat_00948
blur/cat/cat_blur_00101.png,cat,animal,land,blur,cat_00948
pixelated/cat/cat_pixelated_00101.png,cat,animal,land,pixelated,cat_00948
noise/cat/cat_noise_00101.png,cat,animal,land,noise,cat_00948
clean/ship/ship_clean_00090.png,ship,vehicle,water,clean,ship_00949
blur/ship/ship_blur_00090.png,ship,vehicle,water,blur,ship_00949
pixelated/ship/ship_pixelated_00090.png,ship,vehicle,water,pixelated,ship_00949
noise/ship/ship_noise_00090.png,ship,vehicle,water,noise,ship_00949
clean/ship/ship_clean_00091.png,ship,vehicle,water,clean,ship_00950
blur/ship/ship_blur_00091.png,ship,vehicle,water,blur,ship_00950
pixelated/ship/ship_pixelated_00091.png,ship,vehicle,water,pixelated,ship_00950
noise/ship/ship_noise_00091.png,ship,vehicle,water,noise,ship_00950
clean/frog/frog_clean_00102.png,frog,animal,land,clean,frog_00951
blur/frog/frog_blur_00102.png,frog,animal,land,blur,frog_00951
pixelated/frog/frog_pixelated_00102.png,frog,animal,land,pixelated,frog_00951
noise/frog/frog_noise_00102.png,frog,animal,land,noise,frog_00951
clean/dog/dog_clean_00097.png,dog,animal,land,clean,dog_00952
blur/dog/dog_blur_00097.png,dog,animal,land,blur,dog_00952
pixelated/dog/dog_pixelated_00097.png,dog,animal,land,pixelated,dog_00952
noise/dog/dog_noise_00097.png,dog,animal,land,noise,dog_00952
clean/automobile/automobile_clean_00091.png,automobile,vehicle,land,clean,automobile_00953
blur/automobile/automobile_blur_00091.png,automobile,vehicle,land,blur,automobile_00953
pixelated/automobile/automobile_pixelated_00091.png,automobile,vehicle,land,pixelated,automobile_00953
noise/automobile/automobile_noise_00091.png,automobile,vehicle,land,noise,automobile_00953
clean/cat/cat_clean_00102.png,cat,animal,land,clean,cat_00954
blur/cat/cat_blur_00102.png,cat,animal,land,blur,cat_00954
pixelated/cat/cat_pixelated_00102.png,cat,animal,land,pixelated,cat_00954
noise/cat/cat_noise_00102.png,cat,animal,land,noise,cat_00954
clean/horse/horse_clean_00083.png,horse,animal,land,clean,horse_00955
blur/horse/horse_blur_00083.png,horse,animal,land,blur,horse_00955
pixelated/horse/horse_pixelated_00083.png,horse,animal,land,pixelated,horse_00955
noise/horse/horse_noise_00083.png,horse,animal,land,noise,horse_00955
clean/automobile/automobile_clean_00092.png,automobile,vehicle,land,clean,automobile_00956
blur/automobile/automobile_blur_00092.png,automobile,vehicle,land,blur,automobile_00956
pixelated/automobile/automobile_pixelated_00092.png,automobile,vehicle,land,pixelated,automobile_00956
noise/automobile/automobile_noise_00092.png,automobile,vehicle,land,noise,automobile_00956
clean/dog/dog_clean_00098.png,dog,animal,land,clean,dog_00957
blur/dog/dog_blur_00098.png,dog,animal,land,blur,dog_00957
pixelated/dog/dog_pixelated_00098.png,dog,animal,land,pixelated,dog_00957
noise/dog/dog_noise_00098.png,dog,animal,land,noise,dog_00957
clean/cat/cat_clean_00103.png,cat,animal,land,clean,cat_00958
blur/cat/cat_blur_00103.png,cat,animal,land,blur,cat_00958
pixelated/cat/cat_pixelated_00103.png,cat,animal,land,pixelated,cat_00958
noise/cat/cat_noise_00103.png,cat,animal,land,noise,cat_00958
clean/cat/cat_clean_00104.png,cat,animal,land,clean,cat_00959
blur/cat/cat_blur_00104.png,cat,animal,land,blur,cat_00959
pixelated/cat/cat_pixelated_00104.png,cat,animal,land,pixelated,cat_00959
noise/cat/cat_noise_00104.png,cat,animal,land,noise,cat_00959
clean/ship/ship_clean_00092.png,ship,vehicle,water,clean,ship_00960
blur/ship/ship_blur_00092.png,ship,vehicle,water,blur,ship_00960
pixelated/ship/ship_pixelated_00092.png,ship,vehicle,water,pixelated,ship_00960
noise/ship/ship_noise_00092.png,ship,vehicle,water,noise,ship_00960
clean/airplane/airplane_clean_00101.png,airplane,vehicle,air,clean,airplane_00961
blur/airplane/airplane_blur_00101.png,airplane,vehicle,air,blur,airplane_00961
pixelated/airplane/airplane_pixelated_00101.png,airplane,vehicle,air,pixelated,airplane_00961
noise/airplane/airplane_noise_00101.png,airplane,vehicle,air,noise,airplane_00961
clean/dog/dog_clean_00099.png,dog,animal,land,clean,dog_00962
blur/dog/dog_blur_00099.png,dog,animal,land,blur,dog_00962
pixelated/dog/dog_pixelated_00099.png,dog,animal,land,pixelated,dog_00962
noise/dog/dog_noise_00099.png,dog,animal,land,noise,dog_00962
clean/ship/ship_clean_00093.png,ship,vehicle,water,clean,ship_00963
blur/ship/ship_blur_00093.png,ship,vehicle,water,blur,ship_00963
pixelated/ship/ship_pixelated_00093.png,ship,vehicle,water,pixelated,ship_00963
noise/ship/ship_noise_00093.png,ship,vehicle,water,noise,ship_00963
clean/dog/dog_clean_00100.png,dog,animal,land,clean,dog_00964
blur/dog/dog_blur_00100.png,dog,animal,land,blur,dog_00964
pixelated/dog/dog_pixelated_00100.png,dog,animal,land,pixelated,dog_00964
noise/dog/dog_noise_00100.png,dog,animal,land,noise,dog_00964
clean/ship/ship_clean_00094.png,ship,vehicle,water,clean,ship_00965
blur/ship/ship_blur_00094.png,ship,vehicle,water,blur,ship_00965
pixelated/ship/ship_pixelated_00094.png,ship,vehicle,water,pixelated,ship_00965
noise/ship/ship_noise_00094.png,ship,vehicle,water,noise,ship_00965
clean/dog/dog_clean_00101.png,dog,animal,land,clean,dog_00966
blur/dog/dog_blur_00101.png,dog,animal,land,blur,dog_00966
pixelated/dog/dog_pixelated_00101.png,dog,animal,land,pixelated,dog_00966
noise/dog/dog_noise_00101.png,dog,animal,land,noise,dog_00966
clean/truck/truck_clean_00085.png,truck,vehicle,land,clean,truck_00967
blur/truck/truck_blur_00085.png,truck,vehicle,land,blur,truck_00967
pixelated/truck/truck_pixelated_00085.png,truck,vehicle,land,pixelated,truck_00967
noise/truck/truck_noise_00085.png,truck,vehicle,land,noise,truck_00967
clean/airplane/airplane_clean_00102.png,airplane,vehicle,air,clean,airplane_00968
blur/airplane/airplane_blur_00102.png,airplane,vehicle,air,blur,airplane_00968
pixelated/airplane/airplane_pixelated_00102.png,airplane,vehicle,air,pixelated,airplane_00968
noise/airplane/airplane_noise_00102.png,airplane,vehicle,air,noise,airplane_00968
clean/cat/cat_clean_00105.png,cat,animal,land,clean,cat_00969
blur/cat/cat_blur_00105.png,cat,animal,land,blur,cat_00969
pixelated/cat/cat_pixelated_00105.png,cat,animal,land,pixelated,cat_00969
noise/cat/cat_noise_00105.png,cat,animal,land,noise,cat_00969
clean/ship/ship_clean_00095.png,ship,vehicle,water,clean,ship_00970
blur/ship/ship_blur_00095.png,ship,vehicle,water,blur,ship_00970
pixelated/ship/ship_pixelated_00095.png,ship,vehicle,water,pixelated,ship_00970
noise/ship/ship_noise_00095.png,ship,vehicle,water,noise,ship_00970
clean/cat/cat_clean_00106.png,cat,animal,land,clean,cat_00971
blur/cat/cat_blur_00106.png,cat,animal,land,blur,cat_00971
pixelated/cat/cat_pixelated_00106.png,cat,animal,land,pixelated,cat_00971
noise/cat/cat_noise_00106.png,cat,animal,land,noise,cat_00971
clean/horse/horse_clean_00084.png,horse,animal,land,clean,horse_00972
blur/horse/horse_blur_00084.png,horse,animal,land,blur,horse_00972
pixelated/horse/horse_pixelated_00084.png,horse,animal,land,pixelated,horse_00972
noise/horse/horse_noise_00084.png,horse,animal,land,noise,horse_00972
clean/deer/deer_clean_00100.png,deer,animal,land,clean,deer_00973
blur/deer/deer_blur_00100.png,deer,animal,land,blur,deer_00973
pixelated/deer/deer_pixelated_00100.png,deer,animal,land,pixelated,deer_00973
noise/deer/deer_noise_00100.png,deer,animal,land,noise,deer_00973
clean/frog/frog_clean_00103.png,frog,animal,land,clean,frog_00974
blur/frog/frog_blur_00103.png,frog,animal,land,blur,frog_00974
pixelated/frog/frog_pixelated_00103.png,frog,animal,land,pixelated,frog_00974
noise/frog/frog_noise_00103.png,frog,animal,land,noise,frog_00974
clean/cat/cat_clean_00107.png,cat,animal,land,clean,cat_00975
blur/cat/cat_blur_00107.png,cat,animal,land,blur,cat_00975
pixelated/cat/cat_pixelated_00107.png,cat,animal,land,pixelated,cat_00975
noise/cat/cat_noise_00107.png,cat,animal,land,noise,cat_00975
clean/horse/horse_clean_00085.png,horse,animal,land,clean,horse_00976
blur/horse/horse_blur_00085.png,horse,animal,land,blur,horse_00976
pixelated/horse/horse_pixelated_00085.png,horse,animal,land,pixelated,horse_00976
noise/horse/horse_noise_00085.png,horse,animal,land,noise,horse_00976
clean/deer/deer_clean_00101.png,deer,animal,land,clean,deer_00977
blur/deer/deer_blur_00101.png,deer,animal,land,blur,deer_00977
pixelated/deer/deer_pixelated_00101.png,deer,animal,land,pixelated,deer_00977
noise/deer/deer_noise_00101.png,deer,animal,land,noise,deer_00977
clean/frog/frog_clean_00104.png,frog,animal,land,clean,frog_00978
blur/frog/frog_blur_00104.png,frog,animal,land,blur,frog_00978
pixelated/frog/frog_pixelated_00104.png,frog,animal,land,pixelated,frog_00978
noise/frog/frog_noise_00104.png,frog,animal,land,noise,frog_00978
clean/cat/cat_clean_00108.png,cat,animal,land,clean,cat_00979
blur/cat/cat_blur_00108.png,cat,animal,land,blur,cat_00979
pixelated/cat/cat_pixelated_00108.png,cat,animal,land,pixelated,cat_00979
noise/cat/cat_noise_00108.png,cat,animal,land,noise,cat_00979
clean/deer/deer_clean_00102.png,deer,animal,land,clean,deer_00980
blur/deer/deer_blur_00102.png,deer,animal,land,blur,deer_00980
pixelated/deer/deer_pixelated_00102.png,deer,animal,land,pixelated,deer_00980
noise/deer/deer_noise_00102.png,deer,animal,land,noise,deer_00980
clean/automobile/automobile_clean_00093.png,automobile,vehicle,land,clean,automobile_00981
blur/automobile/automobile_blur_00093.png,automobile,vehicle,land,blur,automobile_00981
pixelated/automobile/automobile_pixelated_00093.png,automobile,vehicle,land,pixelated,automobile_00981
noise/automobile/automobile_noise_00093.png,automobile,vehicle,land,noise,automobile_00981
clean/dog/dog_clean_00102.png,dog,animal,land,clean,dog_00982
blur/dog/dog_blur_00102.png,dog,animal,land,blur,dog_00982
pixelated/dog/dog_pixelated_00102.png,dog,animal,land,pixelated,dog_00982
noise/dog/dog_noise_00102.png,dog,animal,land,noise,dog_00982
clean/horse/horse_clean_00086.png,horse,animal,land,clean,horse_00983
blur/horse/horse_blur_00086.png,horse,animal,land,blur,horse_00983
pixelated/horse/horse_pixelated_00086.png,horse,animal,land,pixelated,horse_00983
noise/horse/horse_noise_00086.png,horse,animal,land,noise,horse_00983
clean/cat/cat_clean_00109.png,cat,animal,land,clean,cat_00984
blur/cat/cat_blur_00109.png,cat,animal,land,blur,cat_00984
pixelated/cat/cat_pixelated_00109.png,cat,animal,land,pixelated,cat_00984
noise/cat/cat_noise_00109.png,cat,animal,land,noise,cat_00984
clean/airplane/airplane_clean_00103.png,airplane,vehicle,air,clean,airplane_00985
blur/airplane/airplane_blur_00103.png,airplane,vehicle,air,blur,airplane_00985
pixelated/airplane/airplane_pixelated_00103.png,airplane,vehicle,air,pixelated,airplane_00985
noise/airplane/airplane_noise_00103.png,airplane,vehicle,air,noise,airplane_00985
clean/automobile/automobile_clean_00094.png,automobile,vehicle,land,clean,automobile_00986
blur/automobile/automobile_blur_00094.png,automobile,vehicle,land,blur,automobile_00986
pixelated/automobile/automobile_pixelated_00094.png,automobile,vehicle,land,pixelated,automobile_00986
noise/automobile/automobile_noise_00094.png,automobile,vehicle,land,noise,automobile_00986
clean/automobile/automobile_clean_00095.png,automobile,vehicle,land,clean,automobile_00987
blur/automobile/automobile_blur_00095.png,automobile,vehicle,land,blur,automobile_00987
pixelated/automobile/automobile_pixelated_00095.png,automobile,vehicle,land,pixelated,automobile_00987
noise/automobile/automobile_noise_00095.png,automobile,vehicle,land,noise,automobile_00987
clean/bird/bird_clean_00107.png,bird,animal,air,clean,bird_00988
blur/bird/bird_blur_00107.png,bird,animal,air,blur,bird_00988
pixelated/bird/bird_pixelated_00107.png,bird,animal,air,pixelated,bird_00988
noise/bird/bird_noise_00107.png,bird,animal,air,noise,bird_00988
clean/horse/horse_clean_00087.png,horse,animal,land,clean,horse_00989
blur/horse/horse_blur_00087.png,horse,animal,land,blur,horse_00989
pixelated/horse/horse_pixelated_00087.png,horse,animal,land,pixelated,horse_00989
noise/horse/horse_noise_00087.png,horse,animal,land,noise,horse_00989
clean/dog/dog_clean_00103.png,dog,animal,land,clean,dog_00990
blur/dog/dog_blur_00103.png,dog,animal,land,blur,dog_00990
pixelated/dog/dog_pixelated_00103.png,dog,animal,land,pixelated,dog_00990
noise/dog/dog_noise_00103.png,dog,animal,land,noise,dog_00990
clean/deer/deer_clean_00103.png,deer,animal,land,clean,deer_00991
blur/deer/deer_blur_00103.png,deer,animal,land,blur,deer_00991
pixelated/deer/deer_pixelated_00103.png,deer,animal,land,pixelated,deer_00991
noise/deer/deer_noise_00103.png,deer,animal,land,noise,deer_00991
clean/ship/ship_clean_00096.png,ship,vehicle,water,clean,ship_00992
blur/ship/ship_blur_00096.png,ship,vehicle,water,blur,ship_00992
pixelated/ship/ship_pixelated_00096.png,ship,vehicle,water,pixelated,ship_00992
noise/ship/ship_noise_00096.png,ship,vehicle,water,noise,ship_00992
clean/automobile/automobile_clean_00096.png,automobile,vehicle,land,clean,automobile_00993
blur/automobile/automobile_blur_00096.png,automobile,vehicle,land,blur,automobile_00993
pixelated/automobile/automobile_pixelated_00096.png,automobile,vehicle,land,pixelated,automobile_00993
noise/automobile/automobile_noise_00096.png,automobile,vehicle,land,noise,automobile_00993
clean/automobile/automobile_clean_00097.png,automobile,vehicle,land,clean,automobile_00994
blur/automobile/automobile_blur_00097.png,automobile,vehicle,land,blur,automobile_00994
pixelated/automobile/automobile_pixelated_00097.png,automobile,vehicle,land,pixelated,automobile_00994
noise/automobile/automobile_noise_00097.png,automobile,vehicle,land,noise,automobile_00994
clean/automobile/automobile_clean_00098.png,automobile,vehicle,land,clean,automobile_00995
blur/automobile/automobile_blur_00098.png,automobile,vehicle,land,blur,automobile_00995
pixelated/automobile/automobile_pixelated_00098.png,automobile,vehicle,land,pixelated,automobile_00995
noise/automobile/automobile_noise_00098.png,automobile,vehicle,land,noise,automobile_00995
clean/ship/ship_clean_00097.png,ship,vehicle,water,clean,ship_00996
blur/ship/ship_blur_00097.png,ship,vehicle,water,blur,ship_00996
pixelated/ship/ship_pixelated_00097.png,ship,vehicle,water,pixelated,ship_00996
noise/ship/ship_noise_00097.png,ship,vehicle,water,noise,ship_00996
clean/bird/bird_clean_00108.png,bird,animal,air,clean,bird_00997
blur/bird/bird_blur_00108.png,bird,animal,air,blur,bird_00997
pixelated/bird/bird_pixelated_00108.png,bird,animal,air,pixelated,bird_00997
noise/bird/bird_noise_00108.png,bird,animal,air,noise,bird_00997
clean/bird/bird_clean_00109.png,bird,animal,air,clean,bird_00998
blur/bird/bird_blur_00109.png,bird,animal,air,blur,bird_00998
pixelated/bird/bird_pixelated_00109.png,bird,animal,air,pixelated,bird_00998
noise/bird/bird_noise_00109.png,bird,animal,air,noise,bird_00998
clean/airplane/airplane_clean_00104.png,airplane,vehicle,air,clean,airplane_00999
blur/airplane/airplane_blur_00104.png,airplane,vehicle,air,blur,airplane_00999
pixelated/airplane/airplane_pixelated_00104.png,airplane,vehicle,air,pixelated,airplane_00999
noise/airplane/airplane_noise_00104.png,airplane,vehicle,air,noise,airplane_00999
clean/truck/truck_clean_00086.png,truck,vehicle,land,clean,truck_01000
blur/truck/truck_blur_00086.png,truck,vehicle,land,blur,truck_01000
pixelated/truck/truck_pixelated_00086.png,truck,vehicle,land,pixelated,truck_01000
noise/truck/truck_noise_00086.png,truck,vehicle,land,noise,truck_01000
clean/airplane/airplane_clean_00105.png,airplane,vehicle,air,clean,airplane_01001
blur/airplane/airplane_blur_00105.png,airplane,vehicle,air,blur,airplane_01001
pixelated/airplane/airplane_pixelated_00105.png,airplane,vehicle,air,pixelated,airplane_01001
noise/airplane/airplane_noise_00105.png,airplane,vehicle,air,noise,airplane_01001
clean/deer/deer_clean_00104.png,deer,animal,land,clean,deer_01002
blur/deer/deer_blur_00104.png,deer,animal,land,blur,deer_01002
pixelated/deer/deer_pixelated_00104.png,deer,animal,land,pixelated,deer_01002
noise/deer/deer_noise_00104.png,deer,animal,land,noise,deer_01002
clean/automobile/automobile_clean_00099.png,automobile,vehicle,land,clean,automobile_01003
blur/automobile/automobile_blur_00099.png,automobile,vehicle,land,blur,automobile_01003
pixelated/automobile/automobile_pixelated_00099.png,automobile,vehicle,land,pixelated,automobile_01003
noise/automobile/automobile_noise_00099.png,automobile,vehicle,land,noise,automobile_01003
clean/horse/horse_clean_00088.png,horse,animal,land,clean,horse_01004
blur/horse/horse_blur_00088.png,horse,animal,land,blur,horse_01004
pixelated/horse/horse_pixelated_00088.png,horse,animal,land,pixelated,horse_01004
noise/horse/horse_noise_00088.png,horse,animal,land,noise,horse_01004
clean/ship/ship_clean_00098.png,ship,vehicle,water,clean,ship_01005
blur/ship/ship_blur_00098.png,ship,vehicle,water,blur,ship_01005
pixelated/ship/ship_pixelated_00098.png,ship,vehicle,water,pixelated,ship_01005
noise/ship/ship_noise_00098.png,ship,vehicle,water,noise,ship_01005
clean/frog/frog_clean_00105.png,frog,animal,land,clean,frog_01006
blur/frog/frog_blur_00105.png,frog,animal,land,blur,frog_01006
pixelated/frog/frog_pixelated_00105.png,frog,animal,land,pixelated,frog_01006
noise/frog/frog_noise_00105.png,frog,animal,land,noise,frog_01006
clean/cat/cat_clean_00110.png,cat,animal,land,clean,cat_01007
blur/cat/cat_blur_00110.png,cat,animal,land,blur,cat_01007
pixelated/cat/cat_pixelated_00110.png,cat,animal,land,pixelated,cat_01007
noise/cat/cat_noise_00110.png,cat,animal,land,noise,cat_01007
clean/automobile/automobile_clean_00100.png,automobile,vehicle,land,clean,automobile_01008
blur/automobile/automobile_blur_00100.png,automobile,vehicle,land,blur,automobile_01008
pixelated/automobile/automobile_pixelated_00100.png,automobile,vehicle,land,pixelated,automobile_01008
noise/automobile/automobile_noise_00100.png,automobile,vehicle,land,noise,automobile_01008
clean/truck/truck_clean_00087.png,truck,vehicle,land,clean,truck_01009
blur/truck/truck_blur_00087.png,truck,vehicle,land,blur,truck_01009
pixelated/truck/truck_pixelated_00087.png,truck,vehicle,land,pixelated,truck_01009
noise/truck/truck_noise_00087.png,truck,vehicle,land,noise,truck_01009
clean/truck/truck_clean_00088.png,truck,vehicle,land,clean,truck_01010
blur/truck/truck_blur_00088.png,truck,vehicle,land,blur,truck_01010
pixelated/truck/truck_pixelated_00088.png,truck,vehicle,land,pixelated,truck_01010
noise/truck/truck_noise_00088.png,truck,vehicle,land,noise,truck_01010
clean/automobile/automobile_clean_00101.png,automobile,vehicle,land,clean,automobile_01011
blur/automobile/automobile_blur_00101.png,automobile,vehicle,land,blur,automobile_01011
pixelated/automobile/automobile_pixelated_00101.png,automobile,vehicle,land,pixelated,automobile_01011
noise/automobile/automobile_noise_00101.png,automobile,vehicle,land,noise,automobile_01011
clean/cat/cat_clean_00111.png,cat,animal,land,clean,cat_01012
blur/cat/cat_blur_00111.png,cat,animal,land,blur,cat_01012
pixelated/cat/cat_pixelated_00111.png,cat,animal,land,pixelated,cat_01012
noise/cat/cat_noise_00111.png,cat,animal,land,noise,cat_01012
clean/ship/ship_clean_00099.png,ship,vehicle,water,clean,ship_01013
blur/ship/ship_blur_00099.png,ship,vehicle,water,blur,ship_01013
pixelated/ship/ship_pixelated_00099.png,ship,vehicle,water,pixelated,ship_01013
noise/ship/ship_noise_00099.png,ship,vehicle,water,noise,ship_01013
clean/ship/ship_clean_00100.png,ship,vehicle,water,clean,ship_01014
blur/ship/ship_blur_00100.png,ship,vehicle,water,blur,ship_01014
pixelated/ship/ship_pixelated_00100.png,ship,vehicle,water,pixelated,ship_01014
noise/ship/ship_noise_00100.png,ship,vehicle,water,noise,ship_01014
clean/automobile/automobile_clean_00102.png,automobile,vehicle,land,clean,automobile_01015
blur/automobile/automobile_blur_00102.png,automobile,vehicle,land,blur,automobile_01015
pixelated/automobile/automobile_pixelated_00102.png,automobile,vehicle,land,pixelated,automobile_01015
noise/automobile/automobile_noise_00102.png,automobile,vehicle,land,noise,automobile_01015
clean/ship/ship_clean_00101.png,ship,vehicle,water,clean,ship_01016
blur/ship/ship_blur_00101.png,ship,vehicle,water,blur,ship_01016
pixelated/ship/ship_pixelated_00101.png,ship,vehicle,water,pixelated,ship_01016
noise/ship/ship_noise_00101.png,ship,vehicle,water,noise,ship_01016
clean/bird/bird_clean_00110.png,bird,animal,air,clean,bird_01017
blur/bird/bird_blur_00110.png,bird,animal,air,blur,bird_01017
pixelated/bird/bird_pixelated_00110.png,bird,animal,air,pixelated,bird_01017
noise/bird/bird_noise_00110.png,bird,animal,air,noise,bird_01017
clean/ship/ship_clean_00102.png,ship,vehicle,water,clean,ship_01018
blur/ship/ship_blur_00102.png,ship,vehicle,water,blur,ship_01018
pixelated/ship/ship_pixelated_00102.png,ship,vehicle,water,pixelated,ship_01018
noise/ship/ship_noise_00102.png,ship,vehicle,water,noise,ship_01018
clean/frog/frog_clean_00106.png,frog,animal,land,clean,frog_01019
blur/frog/frog_blur_00106.png,frog,animal,land,blur,frog_01019
pixelated/frog/frog_pixelated_00106.png,frog,animal,land,pixelated,frog_01019
noise/frog/frog_noise_00106.png,frog,animal,land,noise,frog_01019
clean/dog/dog_clean_00104.png,dog,animal,land,clean,dog_01020
blur/dog/dog_blur_00104.png,dog,animal,land,blur,dog_01020
pixelated/dog/dog_pixelated_00104.png,dog,animal,land,pixelated,dog_01020
noise/dog/dog_noise_00104.png,dog,animal,land,noise,dog_01020
clean/cat/cat_clean_00112.png,cat,animal,land,clean,cat_01021
blur/cat/cat_blur_00112.png,cat,animal,land,blur,cat_01021
pixelated/cat/cat_pixelated_00112.png,cat,animal,land,pixelated,cat_01021
noise/cat/cat_noise_00112.png,cat,animal,land,noise,cat_01021
clean/dog/dog_clean_00105.png,dog,animal,land,clean,dog_01022
blur/dog/dog_blur_00105.png,dog,animal,land,blur,dog_01022
pixelated/dog/dog_pixelated_00105.png,dog,animal,land,pixelated,dog_01022
noise/dog/dog_noise_00105.png,dog,animal,land,noise,dog_01022
clean/deer/deer_clean_00105.png,deer,animal,land,clean,deer_01023
blur/deer/deer_blur_00105.png,deer,animal,land,blur,deer_01023
pixelated/deer/deer_pixelated_00105.png,deer,animal,land,pixelated,deer_01023
noise/deer/deer_noise_00105.png,deer,animal,land,noise,deer_01023
clean/ship/ship_clean_00103.png,ship,vehicle,water,clean,ship_01024
blur/ship/ship_blur_00103.png,ship,vehicle,water,blur,ship_01024
pixelated/ship/ship_pixelated_00103.png,ship,vehicle,water,pixelated,ship_01024
noise/ship/ship_noise_00103.png,ship,vehicle,water,noise,ship_01024
clean/truck/truck_clean_00089.png,truck,vehicle,land,clean,truck_01025
blur/truck/truck_blur_00089.png,truck,vehicle,land,blur,truck_01025
pixelated/truck/truck_pixelated_00089.png,truck,vehicle,land,pixelated,truck_01025
noise/truck/truck_noise_00089.png,truck,vehicle,land,noise,truck_01025
clean/ship/ship_clean_00104.png,ship,vehicle,water,clean,ship_01026
blur/ship/ship_blur_00104.png,ship,vehicle,water,blur,ship_01026
pixelated/ship/ship_pixelated_00104.png,ship,vehicle,water,pixelated,ship_01026
noise/ship/ship_noise_00104.png,ship,vehicle,water,noise,ship_01026
clean/deer/deer_clean_00106.png,deer,animal,land,clean,deer_01027
blur/deer/deer_blur_00106.png,deer,animal,land,blur,deer_01027
pixelated/deer/deer_pixelated_00106.png,deer,animal,land,pixelated,deer_01027
noise/deer/deer_noise_00106.png,deer,animal,land,noise,deer_01027
clean/deer/deer_clean_00107.png,deer,animal,land,clean,deer_01028
blur/deer/deer_blur_00107.png,deer,animal,land,blur,deer_01028
pixelated/deer/deer_pixelated_00107.png,deer,animal,land,pixelated,deer_01028
noise/deer/deer_noise_00107.png,deer,animal,land,noise,deer_01028
clean/deer/deer_clean_00108.png,deer,animal,land,clean,deer_01029
blur/deer/deer_blur_00108.png,deer,animal,land,blur,deer_01029
pixelated/deer/deer_pixelated_00108.png,deer,animal,land,pixelated,deer_01029
noise/deer/deer_noise_00108.png,deer,animal,land,noise,deer_01029
clean/airplane/airplane_clean_00106.png,airplane,vehicle,air,clean,airplane_01030
blur/airplane/airplane_blur_00106.png,airplane,vehicle,air,blur,airplane_01030
pixelated/airplane/airplane_pixelated_00106.png,airplane,vehicle,air,pixelated,airplane_01030
noise/airplane/airplane_noise_00106.png,airplane,vehicle,air,noise,airplane_01030
clean/ship/ship_clean_00105.png,ship,vehicle,water,clean,ship_01031
blur/ship/ship_blur_00105.png,ship,vehicle,water,blur,ship_01031
pixelated/ship/ship_pixelated_00105.png,ship,vehicle,water,pixelated,ship_01031
noise/ship/ship_noise_00105.png,ship,vehicle,water,noise,ship_01031
clean/horse/horse_clean_00089.png,horse,animal,land,clean,horse_01032
blur/horse/horse_blur_00089.png,horse,animal,land,blur,horse_01032
pixelated/horse/horse_pixelated_00089.png,horse,animal,land,pixelated,horse_01032
noise/horse/horse_noise_00089.png,horse,animal,land,noise,horse_01032
clean/deer/deer_clean_00109.png,deer,animal,land,clean,deer_01033
blur/deer/deer_blur_00109.png,deer,animal,land,blur,deer_01033
pixelated/deer/deer_pixelated_00109.png,deer,animal,land,pixelated,deer_01033
noise/deer/deer_noise_00109.png,deer,animal,land,noise,deer_01033
clean/ship/ship_clean_00106.png,ship,vehicle,water,clean,ship_01034
blur/ship/ship_blur_00106.png,ship,vehicle,water,blur,ship_01034
pixelated/ship/ship_pixelated_00106.png,ship,vehicle,water,pixelated,ship_01034
noise/ship/ship_noise_00106.png,ship,vehicle,water,noise,ship_01034
clean/frog/frog_clean_00107.png,frog,animal,land,clean,frog_01035
blur/frog/frog_blur_00107.png,frog,animal,land,blur,frog_01035
pixelated/frog/frog_pixelated_00107.png,frog,animal,land,pixelated,frog_01035
noise/frog/frog_noise_00107.png,frog,animal,land,noise,frog_01035
clean/truck/truck_clean_00090.png,truck,vehicle,land,clean,truck_01036
blur/truck/truck_blur_00090.png,truck,vehicle,land,blur,truck_01036
pixelated/truck/truck_pixelated_00090.png,truck,vehicle,land,pixelated,truck_01036
noise/truck/truck_noise_00090.png,truck,vehicle,land,noise,truck_01036
clean/truck/truck_clean_00091.png,truck,vehicle,land,clean,truck_01037
blur/truck/truck_blur_00091.png,truck,vehicle,land,blur,truck_01037
pixelated/truck/truck_pixelated_00091.png,truck,vehicle,land,pixelated,truck_01037
noise/truck/truck_noise_00091.png,truck,vehicle,land,noise,truck_01037
clean/cat/cat_clean_00113.png,cat,animal,land,clean,cat_01038
blur/cat/cat_blur_00113.png,cat,animal,land,blur,cat_01038
pixelated/cat/cat_pixelated_00113.png,cat,animal,land,pixelated,cat_01038
noise/cat/cat_noise_00113.png,cat,animal,land,noise,cat_01038
clean/ship/ship_clean_00107.png,ship,vehicle,water,clean,ship_01039
blur/ship/ship_blur_00107.png,ship,vehicle,water,blur,ship_01039
pixelated/ship/ship_pixelated_00107.png,ship,vehicle,water,pixelated,ship_01039
noise/ship/ship_noise_00107.png,ship,vehicle,water,noise,ship_01039
clean/truck/truck_clean_00092.png,truck,vehicle,land,clean,truck_01040
blur/truck/truck_blur_00092.png,truck,vehicle,land,blur,truck_01040
pixelated/truck/truck_pixelated_00092.png,truck,vehicle,land,pixelated,truck_01040
noise/truck/truck_noise_00092.png,truck,vehicle,land,noise,truck_01040
clean/deer/deer_clean_00110.png,deer,animal,land,clean,deer_01041
blur/deer/deer_blur_00110.png,deer,animal,land,blur,deer_01041
pixelated/deer/deer_pixelated_00110.png,deer,animal,land,pixelated,deer_01041
noise/deer/deer_noise_00110.png,deer,animal,land,noise,deer_01041
clean/automobile/automobile_clean_00103.png,automobile,vehicle,land,clean,automobile_01042
blur/automobile/automobile_blur_00103.png,automobile,vehicle,land,blur,automobile_01042
pixelated/automobile/automobile_pixelated_00103.png,automobile,vehicle,land,pixelated,automobile_01042
noise/automobile/automobile_noise_00103.png,automobile,vehicle,land,noise,automobile_01042
clean/airplane/airplane_clean_00107.png,airplane,vehicle,air,clean,airplane_01043
blur/airplane/airplane_blur_00107.png,airplane,vehicle,air,blur,airplane_01043
pixelated/airplane/airplane_pixelated_00107.png,airplane,vehicle,air,pixelated,airplane_01043
noise/airplane/airplane_noise_00107.png,airplane,vehicle,air,noise,airplane_01043
clean/cat/cat_clean_00114.png,cat,animal,land,clean,cat_01044
blur/cat/cat_blur_00114.png,cat,animal,land,blur,cat_01044
pixelated/cat/cat_pixelated_00114.png,cat,animal,land,pixelated,cat_01044
noise/cat/cat_noise_00114.png,cat,animal,land,noise,cat_01044
clean/dog/dog_clean_00106.png,dog,animal,land,clean,dog_01045
blur/dog/dog_blur_00106.png,dog,animal,land,blur,dog_01045
pixelated/dog/dog_pixelated_00106.png,dog,animal,land,pixelated,dog_01045
noise/dog/dog_noise_00106.png,dog,animal,land,noise,dog_01045
clean/horse/horse_clean_00090.png,horse,animal,land,clean,horse_01046
blur/horse/horse_blur_00090.png,horse,animal,land,blur,horse_01046
pixelated/horse/horse_pixelated_00090.png,horse,animal,land,pixelated,horse_01046
noise/horse/horse_noise_00090.png,horse,animal,land,noise,horse_01046
clean/ship/ship_clean_00108.png,ship,vehicle,water,clean,ship_01047
blur/ship/ship_blur_00108.png,ship,vehicle,water,blur,ship_01047
pixelated/ship/ship_pixelated_00108.png,ship,vehicle,water,pixelated,ship_01047
noise/ship/ship_noise_00108.png,ship,vehicle,water,noise,ship_01047
clean/dog/dog_clean_00107.png,dog,animal,land,clean,dog_01048
blur/dog/dog_blur_00107.png,dog,animal,land,blur,dog_01048
pixelated/dog/dog_pixelated_00107.png,dog,animal,land,pixelated,dog_01048
noise/dog/dog_noise_00107.png,dog,animal,land,noise,dog_01048
clean/cat/cat_clean_00115.png,cat,animal,land,clean,cat_01049
blur/cat/cat_blur_00115.png,cat,animal,land,blur,cat_01049
pixelated/cat/cat_pixelated_00115.png,cat,animal,land,pixelated,cat_01049
noise/cat/cat_noise_00115.png,cat,animal,land,noise,cat_01049
clean/horse/horse_clean_00091.png,horse,animal,land,clean,horse_01050
blur/horse/horse_blur_00091.png,horse,animal,land,blur,horse_01050
pixelated/horse/horse_pixelated_00091.png,horse,animal,land,pixelated,horse_01050
noise/horse/horse_noise_00091.png,horse,animal,land,noise,horse_01050
clean/frog/frog_clean_00108.png,frog,animal,land,clean,frog_01051
blur/frog/frog_blur_00108.png,frog,animal,land,blur,frog_01051
pixelated/frog/frog_pixelated_00108.png,frog,animal,land,pixelated,frog_01051
noise/frog/frog_noise_00108.png,frog,animal,land,noise,frog_01051
clean/bird/bird_clean_00111.png,bird,animal,air,clean,bird_01052
blur/bird/bird_blur_00111.png,bird,animal,air,blur,bird_01052
pixelated/bird/bird_pixelated_00111.png,bird,animal,air,pixelated,bird_01052
noise/bird/bird_noise_00111.png,bird,animal,air,noise,bird_01052
clean/airplane/airplane_clean_00108.png,airplane,vehicle,air,clean,airplane_01053
blur/airplane/airplane_blur_00108.png,airplane,vehicle,air,blur,airplane_01053
pixelated/airplane/airplane_pixelated_00108.png,airplane,vehicle,air,pixelated,airplane_01053
noise/airplane/airplane_noise_00108.png,airplane,vehicle,air,noise,airplane_01053
clean/truck/truck_clean_00093.png,truck,vehicle,land,clean,truck_01054
blur/truck/truck_blur_00093.png,truck,vehicle,land,blur,truck_01054
pixelated/truck/truck_pixelated_00093.png,truck,vehicle,land,pixelated,truck_01054
noise/truck/truck_noise_00093.png,truck,vehicle,land,noise,truck_01054
clean/dog/dog_clean_00108.png,dog,animal,land,clean,dog_01055
blur/dog/dog_blur_00108.png,dog,animal,land,blur,dog_01055
pixelated/dog/dog_pixelated_00108.png,dog,animal,land,pixelated,dog_01055
noise/dog/dog_noise_00108.png,dog,animal,land,noise,dog_01055
clean/truck/truck_clean_00094.png,truck,vehicle,land,clean,truck_01056
blur/truck/truck_blur_00094.png,truck,vehicle,land,blur,truck_01056
pixelated/truck/truck_pixelated_00094.png,truck,vehicle,land,pixelated,truck_01056
noise/truck/truck_noise_00094.png,truck,vehicle,land,noise,truck_01056
clean/ship/ship_clean_00109.png,ship,vehicle,water,clean,ship_01057
blur/ship/ship_blur_00109.png,ship,vehicle,water,blur,ship_01057
pixelated/ship/ship_pixelated_00109.png,ship,vehicle,water,pixelated,ship_01057
noise/ship/ship_noise_00109.png,ship,vehicle,water,noise,ship_01057
clean/horse/horse_clean_00092.png,horse,animal,land,clean,horse_01058
blur/horse/horse_blur_00092.png,horse,animal,land,blur,horse_01058
pixelated/horse/horse_pixelated_00092.png,horse,animal,land,pixelated,horse_01058
noise/horse/horse_noise_00092.png,horse,animal,land,noise,horse_01058
clean/automobile/automobile_clean_00104.png,automobile,vehicle,land,clean,automobile_01059
blur/automobile/automobile_blur_00104.png,automobile,vehicle,land,blur,automobile_01059
pixelated/automobile/automobile_pixelated_00104.png,automobile,vehicle,land,pixelated,automobile_01059
noise/automobile/automobile_noise_00104.png,automobile,vehicle,land,noise,automobile_01059
clean/deer/deer_clean_00111.png,deer,animal,land,clean,deer_01060
blur/deer/deer_blur_00111.png,deer,animal,land,blur,deer_01060
pixelated/deer/deer_pixelated_00111.png,deer,animal,land,pixelated,deer_01060
noise/deer/deer_noise_00111.png,deer,animal,land,noise,deer_01060
clean/truck/truck_clean_00095.png,truck,vehicle,land,clean,truck_01061
blur/truck/truck_blur_00095.png,truck,vehicle,land,blur,truck_01061
pixelated/truck/truck_pixelated_00095.png,truck,vehicle,land,pixelated,truck_01061
noise/truck/truck_noise_00095.png,truck,vehicle,land,noise,truck_01061
clean/airplane/airplane_clean_00109.png,airplane,vehicle,air,clean,airplane_01062
blur/airplane/airplane_blur_00109.png,airplane,vehicle,air,blur,airplane_01062
pixelated/airplane/airplane_pixelated_00109.png,airplane,vehicle,air,pixelated,airplane_01062
noise/airplane/airplane_noise_00109.png,airplane,vehicle,air,noise,airplane_01062
clean/ship/ship_clean_00110.png,ship,vehicle,water,clean,ship_01063
blur/ship/ship_blur_00110.png,ship,vehicle,water,blur,ship_01063
pixelated/ship/ship_pixelated_00110.png,ship,vehicle,water,pixelated,ship_01063
noise/ship/ship_noise_00110.png,ship,vehicle,water,noise,ship_01063
clean/cat/cat_clean_00116.png,cat,animal,land,clean,cat_01064
blur/cat/cat_blur_00116.png,cat,animal,land,blur,cat_01064
pixelated/cat/cat_pixelated_00116.png,cat,animal,land,pixelated,cat_01064
noise/cat/cat_noise_00116.png,cat,animal,land,noise,cat_01064
clean/truck/truck_clean_00096.png,truck,vehicle,land,clean,truck_01065
blur/truck/truck_blur_00096.png,truck,vehicle,land,blur,truck_01065
pixelated/truck/truck_pixelated_00096.png,truck,vehicle,land,pixelated,truck_01065
noise/truck/truck_noise_00096.png,truck,vehicle,land,noise,truck_01065
clean/truck/truck_clean_00097.png,truck,vehicle,land,clean,truck_01066
blur/truck/truck_blur_00097.png,truck,vehicle,land,blur,truck_01066
pixelated/truck/truck_pixelated_00097.png,truck,vehicle,land,pixelated,truck_01066
noise/truck/truck_noise_00097.png,truck,vehicle,land,noise,truck_01066
clean/truck/truck_clean_00098.png,truck,vehicle,land,clean,truck_01067
blur/truck/truck_blur_00098.png,truck,vehicle,land,blur,truck_01067
pixelated/truck/truck_pixelated_00098.png,truck,vehicle,land,pixelated,truck_01067
noise/truck/truck_noise_00098.png,truck,vehicle,land,noise,truck_01067
clean/airplane/airplane_clean_00110.png,airplane,vehicle,air,clean,airplane_01068
blur/airplane/airplane_blur_00110.png,airplane,vehicle,air,blur,airplane_01068
pixelated/airplane/airplane_pixelated_00110.png,airplane,vehicle,air,pixelated,airplane_01068
noise/airplane/airplane_noise_00110.png,airplane,vehicle,air,noise,airplane_01068
clean/frog/frog_clean_00109.png,frog,animal,land,clean,frog_01069
blur/frog/frog_blur_00109.png,frog,animal,land,blur,frog_01069
pixelated/frog/frog_pixelated_00109.png,frog,animal,land,pixelated,frog_01069
noise/frog/frog_noise_00109.png,frog,animal,land,noise,frog_01069
clean/airplane/airplane_clean_00111.png,airplane,vehicle,air,clean,airplane_01070
blur/airplane/airplane_blur_00111.png,airplane,vehicle,air,blur,airplane_01070
pixelated/airplane/airplane_pixelated_00111.png,airplane,vehicle,air,pixelated,airplane_01070
noise/airplane/airplane_noise_00111.png,airplane,vehicle,air,noise,airplane_01070
clean/horse/horse_clean_00093.png,horse,animal,land,clean,horse_01071
blur/horse/horse_blur_00093.png,horse,animal,land,blur,horse_01071
pixelated/horse/horse_pixelated_00093.png,horse,animal,land,pixelated,horse_01071
noise/horse/horse_noise_00093.png,horse,animal,land,noise,horse_01071
clean/deer/deer_clean_00112.png,deer,animal,land,clean,deer_01072
blur/deer/deer_blur_00112.png,deer,animal,land,blur,deer_01072
pixelated/deer/deer_pixelated_00112.png,deer,animal,land,pixelated,deer_01072
noise/deer/deer_noise_00112.png,deer,animal,land,noise,deer_01072
clean/deer/deer_clean_00113.png,deer,animal,land,clean,deer_01073
blur/deer/deer_blur_00113.png,deer,animal,land,blur,deer_01073
pixelated/deer/deer_pixelated_00113.png,deer,animal,land,pixelated,deer_01073
noise/deer/deer_noise_00113.png,deer,animal,land,noise,deer_01073
clean/horse/horse_clean_00094.png,horse,animal,land,clean,horse_01074
blur/horse/horse_blur_00094.png,horse,animal,land,blur,horse_01074
pixelated/horse/horse_pixelated_00094.png,horse,animal,land,pixelated,horse_01074
noise/horse/horse_noise_00094.png,horse,animal,land,noise,horse_01074
clean/truck/truck_clean_00099.png,truck,vehicle,land,clean,truck_01075
blur/truck/truck_blur_00099.png,truck,vehicle,land,blur,truck_01075
pixelated/truck/truck_pixelated_00099.png,truck,vehicle,land,pixelated,truck_01075
noise/truck/truck_noise_00099.png,truck,vehicle,land,noise,truck_01075
clean/horse/horse_clean_00095.png,horse,animal,land,clean,horse_01076
blur/horse/horse_blur_00095.png,horse,animal,land,blur,horse_01076
pixelated/horse/horse_pixelated_00095.png,horse,animal,land,pixelated,horse_01076
noise/horse/horse_noise_00095.png,horse,animal,land,noise,horse_01076
clean/ship/ship_clean_00111.png,ship,vehicle,water,clean,ship_01077
blur/ship/ship_blur_00111.png,ship,vehicle,water,blur,ship_01077
pixelated/ship/ship_pixelated_00111.png,ship,vehicle,water,pixelated,ship_01077
noise/ship/ship_noise_00111.png,ship,vehicle,water,noise,ship_01077
clean/airplane/airplane_clean_00112.png,airplane,vehicle,air,clean,airplane_01078
blur/airplane/airplane_blur_00112.png,airplane,vehicle,air,blur,airplane_01078
pixelated/airplane/airplane_pixelated_00112.png,airplane,vehicle,air,pixelated,airplane_01078
noise/airplane/airplane_noise_00112.png,airplane,vehicle,air,noise,airplane_01078
clean/frog/frog_clean_00110.png,frog,animal,land,clean,frog_01079
blur/frog/frog_blur_00110.png,frog,animal,land,blur,frog_01079
pixelated/frog/frog_pixelated_00110.png,frog,animal,land,pixelated,frog_01079
noise/frog/frog_noise_00110.png,frog,animal,land,noise,frog_01079
clean/horse/horse_clean_00096.png,horse,animal,land,clean,horse_01080
blur/horse/horse_blur_00096.png,horse,animal,land,blur,horse_01080
pixelated/horse/horse_pixelated_00096.png,horse,animal,land,pixelated,horse_01080
noise/horse/horse_noise_00096.png,horse,animal,land,noise,horse_01080
clean/deer/deer_clean_00114.png,deer,animal,land,clean,deer_01081
blur/deer/deer_blur_00114.png,deer,animal,land,blur,deer_01081
pixelated/deer/deer_pixelated_00114.png,deer,animal,land,pixelated,deer_01081
noise/deer/deer_noise_00114.png,deer,animal,land,noise,deer_01081
clean/airplane/airplane_clean_00113.png,airplane,vehicle,air,clean,airplane_01082
blur/airplane/airplane_blur_00113.png,airplane,vehicle,air,blur,airplane_01082
pixelated/airplane/airplane_pixelated_00113.png,airplane,vehicle,air,pixelated,airplane_01082
noise/airplane/airplane_noise_00113.png,airplane,vehicle,air,noise,airplane_01082
clean/frog/frog_clean_00111.png,frog,animal,land,clean,frog_01083
blur/frog/frog_blur_00111.png,frog,animal,land,blur,frog_01083
pixelated/frog/frog_pixelated_00111.png,frog,animal,land,pixelated,frog_01083
noise/frog/frog_noise_00111.png,frog,animal,land,noise,frog_01083
clean/automobile/automobile_clean_00105.png,automobile,vehicle,land,clean,automobile_01084
blur/automobile/automobile_blur_00105.png,automobile,vehicle,land,blur,automobile_01084
pixelated/automobile/automobile_pixelated_00105.png,automobile,vehicle,land,pixelated,automobile_01084
noise/automobile/automobile_noise_00105.png,automobile,vehicle,land,noise,automobile_01084
clean/cat/cat_clean_00117.png,cat,animal,land,clean,cat_01085
blur/cat/cat_blur_00117.png,cat,animal,land,blur,cat_01085
pixelated/cat/cat_pixelated_00117.png,cat,animal,land,pixelated,cat_01085
noise/cat/cat_noise_00117.png,cat,animal,land,noise,cat_01085
clean/dog/dog_clean_00109.png,dog,animal,land,clean,dog_01086
blur/dog/dog_blur_00109.png,dog,animal,land,blur,dog_01086
pixelated/dog/dog_pixelated_00109.png,dog,animal,land,pixelated,dog_01086
noise/dog/dog_noise_00109.png,dog,animal,land,noise,dog_01086
clean/deer/deer_clean_00115.png,deer,animal,land,clean,deer_01087
blur/deer/deer_blur_00115.png,deer,animal,land,blur,deer_01087
pixelated/deer/deer_pixelated_00115.png,deer,animal,land,pixelated,deer_01087
noise/deer/deer_noise_00115.png,deer,animal,land,noise,deer_01087
clean/bird/bird_clean_00112.png,bird,animal,air,clean,bird_01088
blur/bird/bird_blur_00112.png,bird,animal,air,blur,bird_01088
pixelated/bird/bird_pixelated_00112.png,bird,animal,air,pixelated,bird_01088
noise/bird/bird_noise_00112.png,bird,animal,air,noise,bird_01088
clean/frog/frog_clean_00112.png,frog,animal,land,clean,frog_01089
blur/frog/frog_blur_00112.png,frog,animal,land,blur,frog_01089
pixelated/frog/frog_pixelated_00112.png,frog,animal,land,pixelated,frog_01089
noise/frog/frog_noise_00112.png,frog,animal,land,noise,frog_01089
clean/bird/bird_clean_00113.png,bird,animal,air,clean,bird_01090
blur/bird/bird_blur_00113.png,bird,animal,air,blur,bird_01090
pixelated/bird/bird_pixelated_00113.png,bird,animal,air,pixelated,bird_01090
noise/bird/bird_noise_00113.png,bird,animal,air,noise,bird_01090
clean/automobile/automobile_clean_00106.png,automobile,vehicle,land,clean,automobile_01091
blur/automobile/automobile_blur_00106.png,automobile,vehicle,land,blur,automobile_01091
pixelated/automobile/automobile_pixelated_00106.png,automobile,vehicle,land,pixelated,automobile_01091
noise/automobile/automobile_noise_00106.png,automobile,vehicle,land,noise,automobile_01091
clean/horse/horse_clean_00097.png,horse,animal,land,clean,horse_01092
blur/horse/horse_blur_00097.png,horse,animal,land,blur,horse_01092
pixelated/horse/horse_pixelated_00097.png,horse,animal,land,pixelated,horse_01092
noise/horse/horse_noise_00097.png,horse,animal,land,noise,horse_01092
clean/ship/ship_clean_00112.png,ship,vehicle,water,clean,ship_01093
blur/ship/ship_blur_00112.png,ship,vehicle,water,blur,ship_01093
pixelated/ship/ship_pixelated_00112.png,ship,vehicle,water,pixelated,ship_01093
noise/ship/ship_noise_00112.png,ship,vehicle,water,noise,ship_01093
clean/automobile/automobile_clean_00107.png,automobile,vehicle,land,clean,automobile_01094
blur/automobile/automobile_blur_00107.png,automobile,vehicle,land,blur,automobile_01094
pixelated/automobile/automobile_pixelated_00107.png,automobile,vehicle,land,pixelated,automobile_01094
noise/automobile/automobile_noise_00107.png,automobile,vehicle,land,noise,automobile_01094
clean/cat/cat_clean_00118.png,cat,animal,land,clean,cat_01095
blur/cat/cat_blur_00118.png,cat,animal,land,blur,cat_01095
pixelated/cat/cat_pixelated_00118.png,cat,animal,land,pixelated,cat_01095
noise/cat/cat_noise_00118.png,cat,animal,land,noise,cat_01095
clean/cat/cat_clean_00119.png,cat,animal,land,clean,cat_01096
blur/cat/cat_blur_00119.png,cat,animal,land,blur,cat_01096
pixelated/cat/cat_pixelated_00119.png,cat,animal,land,pixelated,cat_01096
noise/cat/cat_noise_00119.png,cat,animal,land,noise,cat_01096
clean/truck/truck_clean_00100.png,truck,vehicle,land,clean,truck_01097
blur/truck/truck_blur_00100.png,truck,vehicle,land,blur,truck_01097
pixelated/truck/truck_pixelated_00100.png,truck,vehicle,land,pixelated,truck_01097
noise/truck/truck_noise_00100.png,truck,vehicle,land,noise,truck_01097
clean/horse/horse_clean_00098.png,horse,animal,land,clean,horse_01098
blur/horse/horse_blur_00098.png,horse,animal,land,blur,horse_01098
pixelated/horse/horse_pixelated_00098.png,horse,animal,land,pixelated,horse_01098
noise/horse/horse_noise_00098.png,horse,animal,land,noise,horse_01098
clean/deer/deer_clean_00116.png,deer,animal,land,clean,deer_01099
blur/deer/deer_blur_00116.png,deer,animal,land,blur,deer_01099
pixelated/deer/deer_pixelated_00116.png,deer,animal,land,pixelated,deer_01099
noise/deer/deer_noise_00116.png,deer,animal,land,noise,deer_01099
clean/truck/truck_clean_00101.png,truck,vehicle,land,clean,truck_01100
blur/truck/truck_blur_00101.png,truck,vehicle,land,blur,truck_01100
pixelated/truck/truck_pixelated_00101.png,truck,vehicle,land,pixelated,truck_01100
noise/truck/truck_noise_00101.png,truck,vehicle,land,noise,truck_01100
clean/deer/deer_clean_00117.png,deer,animal,land,clean,deer_01101
blur/deer/deer_blur_00117.png,deer,animal,land,blur,deer_01101
pixelated/deer/deer_pixelated_00117.png,deer,animal,land,pixelated,deer_01101
noise/deer/deer_noise_00117.png,deer,animal,land,noise,deer_01101
clean/frog/frog_clean_00113.png,frog,animal,land,clean,frog_01102
blur/frog/frog_blur_00113.png,frog,animal,land,blur,frog_01102
pixelated/frog/frog_pixelated_00113.png,frog,animal,land,pixelated,frog_01102
noise/frog/frog_noise_00113.png,frog,animal,land,noise,frog_01102
clean/airplane/airplane_clean_00114.png,airplane,vehicle,air,clean,airplane_01103
blur/airplane/airplane_blur_00114.png,airplane,vehicle,air,blur,airplane_01103
pixelated/airplane/airplane_pixelated_00114.png,airplane,vehicle,air,pixelated,airplane_01103
noise/airplane/airplane_noise_00114.png,airplane,vehicle,air,noise,airplane_01103
clean/horse/horse_clean_00099.png,horse,animal,land,clean,horse_01104
blur/horse/horse_blur_00099.png,horse,animal,land,blur,horse_01104
pixelated/horse/horse_pixelated_00099.png,horse,animal,land,pixelated,horse_01104
noise/horse/horse_noise_00099.png,horse,animal,land,noise,horse_01104
clean/horse/horse_clean_00100.png,horse,animal,land,clean,horse_01105
blur/horse/horse_blur_00100.png,horse,animal,land,blur,horse_01105
pixelated/horse/horse_pixelated_00100.png,horse,animal,land,pixelated,horse_01105
noise/horse/horse_noise_00100.png,horse,animal,land,noise,horse_01105
clean/frog/frog_clean_00114.png,frog,animal,land,clean,frog_01106
blur/frog/frog_blur_00114.png,frog,animal,land,blur,frog_01106
pixelated/frog/frog_pixelated_00114.png,frog,animal,land,pixelated,frog_01106
noise/frog/frog_noise_00114.png,frog,animal,land,noise,frog_01106
clean/cat/cat_clean_00120.png,cat,animal,land,clean,cat_01107
blur/cat/cat_blur_00120.png,cat,animal,land,blur,cat_01107
pixelated/cat/cat_pixelated_00120.png,cat,animal,land,pixelated,cat_01107
noise/cat/cat_noise_00120.png,cat,animal,land,noise,cat_01107
clean/truck/truck_clean_00102.png,truck,vehicle,land,clean,truck_01108
blur/truck/truck_blur_00102.png,truck,vehicle,land,blur,truck_01108
pixelated/truck/truck_pixelated_00102.png,truck,vehicle,land,pixelated,truck_01108
noise/truck/truck_noise_00102.png,truck,vehicle,land,noise,truck_01108
clean/deer/deer_clean_00118.png,deer,animal,land,clean,deer_01109
blur/deer/deer_blur_00118.png,deer,animal,land,blur,deer_01109
pixelated/deer/deer_pixelated_00118.png,deer,animal,land,pixelated,deer_01109
noise/deer/deer_noise_00118.png,deer,animal,land,noise,deer_01109
clean/cat/cat_clean_00121.png,cat,animal,land,clean,cat_01110
blur/cat/cat_blur_00121.png,cat,animal,land,blur,cat_01110
pixelated/cat/cat_pixelated_00121.png,cat,animal,land,pixelated,cat_01110
noise/cat/cat_noise_00121.png,cat,animal,land,noise,cat_01110
clean/bird/bird_clean_00114.png,bird,animal,air,clean,bird_01111
blur/bird/bird_blur_00114.png,bird,animal,air,blur,bird_01111
pixelated/bird/bird_pixelated_00114.png,bird,animal,air,pixelated,bird_01111
noise/bird/bird_noise_00114.png,bird,animal,air,noise,bird_01111
clean/automobile/automobile_clean_00108.png,automobile,vehicle,land,clean,automobile_01112
blur/automobile/automobile_blur_00108.png,automobile,vehicle,land,blur,automobile_01112
pixelated/automobile/automobile_pixelated_00108.png,automobile,vehicle,land,pixelated,automobile_01112
noise/automobile/automobile_noise_00108.png,automobile,vehicle,land,noise,automobile_01112
clean/truck/truck_clean_00103.png,truck,vehicle,land,clean,truck_01113
blur/truck/truck_blur_00103.png,truck,vehicle,land,blur,truck_01113
pixelated/truck/truck_pixelated_00103.png,truck,vehicle,land,pixelated,truck_01113
noise/truck/truck_noise_00103.png,truck,vehicle,land,noise,truck_01113
clean/truck/truck_clean_00104.png,truck,vehicle,land,clean,truck_01114
blur/truck/truck_blur_00104.png,truck,vehicle,land,blur,truck_01114
pixelated/truck/truck_pixelated_00104.png,truck,vehicle,land,pixelated,truck_01114
noise/truck/truck_noise_00104.png,truck,vehicle,land,noise,truck_01114
clean/horse/horse_clean_00101.png,horse,animal,land,clean,horse_01115
blur/horse/horse_blur_00101.png,horse,animal,land,blur,horse_01115
pixelated/horse/horse_pixelated_00101.png,horse,animal,land,pixelated,horse_01115
noise/horse/horse_noise_00101.png,horse,animal,land,noise,horse_01115
clean/truck/truck_clean_00105.png,truck,vehicle,land,clean,truck_01116
blur/truck/truck_blur_00105.png,truck,vehicle,land,blur,truck_01116
pixelated/truck/truck_pixelated_00105.png,truck,vehicle,land,pixelated,truck_01116
noise/truck/truck_noise_00105.png,truck,vehicle,land,noise,truck_01116
clean/horse/horse_clean_00102.png,horse,animal,land,clean,horse_01117
blur/horse/horse_blur_00102.png,horse,animal,land,blur,horse_01117
pixelated/horse/horse_pixelated_00102.png,horse,animal,land,pixelated,horse_01117
noise/horse/horse_noise_00102.png,horse,animal,land,noise,horse_01117
clean/airplane/airplane_clean_00115.png,airplane,vehicle,air,clean,airplane_01118
blur/airplane/airplane_blur_00115.png,airplane,vehicle,air,blur,airplane_01118
pixelated/airplane/airplane_pixelated_00115.png,airplane,vehicle,air,pixelated,airplane_01118
noise/airplane/airplane_noise_00115.png,airplane,vehicle,air,noise,airplane_01118
clean/frog/frog_clean_00115.png,frog,animal,land,clean,frog_01119
blur/frog/frog_blur_00115.png,frog,animal,land,blur,frog_01119
pixelated/frog/frog_pixelated_00115.png,frog,animal,land,pixelated,frog_01119
noise/frog/frog_noise_00115.png,frog,animal,land,noise,frog_01119
clean/airplane/airplane_clean_00116.png,airplane,vehicle,air,clean,airplane_01120
blur/airplane/airplane_blur_00116.png,airplane,vehicle,air,blur,airplane_01120
pixelated/airplane/airplane_pixelated_00116.png,airplane,vehicle,air,pixelated,airplane_01120
noise/airplane/airplane_noise_00116.png,airplane,vehicle,air,noise,airplane_01120
clean/frog/frog_clean_00116.png,frog,animal,land,clean,frog_01121
blur/frog/frog_blur_00116.png,frog,animal,land,blur,frog_01121
pixelated/frog/frog_pixelated_00116.png,frog,animal,land,pixelated,frog_01121
noise/frog/frog_noise_00116.png,frog,animal,land,noise,frog_01121
clean/ship/ship_clean_00113.png,ship,vehicle,water,clean,ship_01122
blur/ship/ship_blur_00113.png,ship,vehicle,water,blur,ship_01122
pixelated/ship/ship_pixelated_00113.png,ship,vehicle,water,pixelated,ship_01122
noise/ship/ship_noise_00113.png,ship,vehicle,water,noise,ship_01122
clean/cat/cat_clean_00122.png,cat,animal,land,clean,cat_01123
blur/cat/cat_blur_00122.png,cat,animal,land,blur,cat_01123
pixelated/cat/cat_pixelated_00122.png,cat,animal,land,pixelated,cat_01123
noise/cat/cat_noise_00122.png,cat,animal,land,noise,cat_01123
clean/automobile/automobile_clean_00109.png,automobile,vehicle,land,clean,automobile_01124
blur/automobile/automobile_blur_00109.png,automobile,vehicle,land,blur,automobile_01124
pixelated/automobile/automobile_pixelated_00109.png,automobile,vehicle,land,pixelated,automobile_01124
noise/automobile/automobile_noise_00109.png,automobile,vehicle,land,noise,automobile_01124
clean/truck/truck_clean_00106.png,truck,vehicle,land,clean,truck_01125
blur/truck/truck_blur_00106.png,truck,vehicle,land,blur,truck_01125
pixelated/truck/truck_pixelated_00106.png,truck,vehicle,land,pixelated,truck_01125
noise/truck/truck_noise_00106.png,truck,vehicle,land,noise,truck_01125
clean/deer/deer_clean_00119.png,deer,animal,land,clean,deer_01126
blur/deer/deer_blur_00119.png,deer,animal,land,blur,deer_01126
pixelated/deer/deer_pixelated_00119.png,deer,animal,land,pixelated,deer_01126
noise/deer/deer_noise_00119.png,deer,animal,land,noise,deer_01126
clean/deer/deer_clean_00120.png,deer,animal,land,clean,deer_01127
blur/deer/deer_blur_00120.png,deer,animal,land,blur,deer_01127
pixelated/deer/deer_pixelated_00120.png,deer,animal,land,pixelated,deer_01127
noise/deer/deer_noise_00120.png,deer,animal,land,noise,deer_01127
clean/ship/ship_clean_00114.png,ship,vehicle,water,clean,ship_01128
blur/ship/ship_blur_00114.png,ship,vehicle,water,blur,ship_01128
pixelated/ship/ship_pixelated_00114.png,ship,vehicle,water,pixelated,ship_01128
noise/ship/ship_noise_00114.png,ship,vehicle,water,noise,ship_01128
clean/dog/dog_clean_00110.png,dog,animal,land,clean,dog_01129
blur/dog/dog_blur_00110.png,dog,animal,land,blur,dog_01129
pixelated/dog/dog_pixelated_00110.png,dog,animal,land,pixelated,dog_01129
noise/dog/dog_noise_00110.png,dog,animal,land,noise,dog_01129
clean/truck/truck_clean_00107.png,truck,vehicle,land,clean,truck_01130
blur/truck/truck_blur_00107.png,truck,vehicle,land,blur,truck_01130
pixelated/truck/truck_pixelated_00107.png,truck,vehicle,land,pixelated,truck_01130
noise/truck/truck_noise_00107.png,truck,vehicle,land,noise,truck_01130
clean/bird/bird_clean_00115.png,bird,animal,air,clean,bird_01131
blur/bird/bird_blur_00115.png,bird,animal,air,blur,bird_01131
pixelated/bird/bird_pixelated_00115.png,bird,animal,air,pixelated,bird_01131
noise/bird/bird_noise_00115.png,bird,animal,air,noise,bird_01131
clean/frog/frog_clean_00117.png,frog,animal,land,clean,frog_01132
blur/frog/frog_blur_00117.png,frog,animal,land,blur,frog_01132
pixelated/frog/frog_pixelated_00117.png,frog,animal,land,pixelated,frog_01132
noise/frog/frog_noise_00117.png,frog,animal,land,noise,frog_01132
clean/horse/horse_clean_00103.png,horse,animal,land,clean,horse_01133
blur/horse/horse_blur_00103.png,horse,animal,land,blur,horse_01133
pixelated/horse/horse_pixelated_00103.png,horse,animal,land,pixelated,horse_01133
noise/horse/horse_noise_00103.png,horse,animal,land,noise,horse_01133
clean/truck/truck_clean_00108.png,truck,vehicle,land,clean,truck_01134
blur/truck/truck_blur_00108.png,truck,vehicle,land,blur,truck_01134
pixelated/truck/truck_pixelated_00108.png,truck,vehicle,land,pixelated,truck_01134
noise/truck/truck_noise_00108.png,truck,vehicle,land,noise,truck_01134
clean/truck/truck_clean_00109.png,truck,vehicle,land,clean,truck_01135
blur/truck/truck_blur_00109.png,truck,vehicle,land,blur,truck_01135
pixelated/truck/truck_pixelated_00109.png,truck,vehicle,land,pixelated,truck_01135
noise/truck/truck_noise_00109.png,truck,vehicle,land,noise,truck_01135
clean/bird/bird_clean_00116.png,bird,animal,air,clean,bird_01136
blur/bird/bird_blur_00116.png,bird,animal,air,blur,bird_01136
pixelated/bird/bird_pixelated_00116.png,bird,animal,air,pixelated,bird_01136
noise/bird/bird_noise_00116.png,bird,animal,air,noise,bird_01136
clean/frog/frog_clean_00118.png,frog,animal,land,clean,frog_01137
blur/frog/frog_blur_00118.png,frog,animal,land,blur,frog_01137
pixelated/frog/frog_pixelated_00118.png,frog,animal,land,pixelated,frog_01137
noise/frog/frog_noise_00118.png,frog,animal,land,noise,frog_01137
clean/frog/frog_clean_00119.png,frog,animal,land,clean,frog_01138
blur/frog/frog_blur_00119.png,frog,animal,land,blur,frog_01138
pixelated/frog/frog_pixelated_00119.png,frog,animal,land,pixelated,frog_01138
noise/frog/frog_noise_00119.png,frog,animal,land,noise,frog_01138
clean/cat/cat_clean_00123.png,cat,animal,land,clean,cat_01139
blur/cat/cat_blur_00123.png,cat,animal,land,blur,cat_01139
pixelated/cat/cat_pixelated_00123.png,cat,animal,land,pixelated,cat_01139
noise/cat/cat_noise_00123.png,cat,animal,land,noise,cat_01139
clean/truck/truck_clean_00110.png,truck,vehicle,land,clean,truck_01140
blur/truck/truck_blur_00110.png,truck,vehicle,land,blur,truck_01140
pixelated/truck/truck_pixelated_00110.png,truck,vehicle,land,pixelated,truck_01140
noise/truck/truck_noise_00110.png,truck,vehicle,land,noise,truck_01140
clean/truck/truck_clean_00111.png,truck,vehicle,land,clean,truck_01141
blur/truck/truck_blur_00111.png,truck,vehicle,land,blur,truck_01141
pixelated/truck/truck_pixelated_00111.png,truck,vehicle,land,pixelated,truck_01141
noise/truck/truck_noise_00111.png,truck,vehicle,land,noise,truck_01141
clean/deer/deer_clean_00121.png,deer,animal,land,clean,deer_01142
blur/deer/deer_blur_00121.png,deer,animal,land,blur,deer_01142
pixelated/deer/deer_pixelated_00121.png,deer,animal,land,pixelated,deer_01142
noise/deer/deer_noise_00121.png,deer,animal,land,noise,deer_01142
clean/deer/deer_clean_00122.png,deer,animal,land,clean,deer_01143
blur/deer/deer_blur_00122.png,deer,animal,land,blur,deer_01143
pixelated/deer/deer_pixelated_00122.png,deer,animal,land,pixelated,deer_01143
noise/deer/deer_noise_00122.png,deer,animal,land,noise,deer_01143
clean/automobile/automobile_clean_00110.png,automobile,vehicle,land,clean,automobile_01144
blur/automobile/automobile_blur_00110.png,automobile,vehicle,land,blur,automobile_01144
pixelated/automobile/automobile_pixelated_00110.png,automobile,vehicle,land,pixelated,automobile_01144
noise/automobile/automobile_noise_00110.png,automobile,vehicle,land,noise,automobile_01144
clean/ship/ship_clean_00115.png,ship,vehicle,water,clean,ship_01145
blur/ship/ship_blur_00115.png,ship,vehicle,water,blur,ship_01145
pixelated/ship/ship_pixelated_00115.png,ship,vehicle,water,pixelated,ship_01145
noise/ship/ship_noise_00115.png,ship,vehicle,water,noise,ship_01145
clean/frog/frog_clean_00120.png,frog,animal,land,clean,frog_01146
blur/frog/frog_blur_00120.png,frog,animal,land,blur,frog_01146
pixelated/frog/frog_pixelated_00120.png,frog,animal,land,pixelated,frog_01146
noise/frog/frog_noise_00120.png,frog,animal,land,noise,frog_01146
clean/horse/horse_clean_00104.png,horse,animal,land,clean,horse_01147
blur/horse/horse_blur_00104.png,horse,animal,land,blur,horse_01147
pixelated/horse/horse_pixelated_00104.png,horse,animal,land,pixelated,horse_01147
noise/horse/horse_noise_00104.png,horse,animal,land,noise,horse_01147
clean/bird/bird_clean_00117.png,bird,animal,air,clean,bird_01148
blur/bird/bird_blur_00117.png,bird,animal,air,blur,bird_01148
pixelated/bird/bird_pixelated_00117.png,bird,animal,air,pixelated,bird_01148
noise/bird/bird_noise_00117.png,bird,animal,air,noise,bird_01148
clean/automobile/automobile_clean_00111.png,automobile,vehicle,land,clean,automobile_01149
blur/automobile/automobile_blur_00111.png,automobile,vehicle,land,blur,automobile_01149
pixelated/automobile/automobile_pixelated_00111.png,automobile,vehicle,land,pixelated,automobile_01149
noise/automobile/automobile_noise_00111.png,automobile,vehicle,land,noise,automobile_01149
clean/airplane/airplane_clean_00117.png,airplane,vehicle,air,clean,airplane_01150
blur/airplane/airplane_blur_00117.png,airplane,vehicle,air,blur,airplane_01150
pixelated/airplane/airplane_pixelated_00117.png,airplane,vehicle,air,pixelated,airplane_01150
noise/airplane/airplane_noise_00117.png,airplane,vehicle,air,noise,airplane_01150
clean/ship/ship_clean_00116.png,ship,vehicle,water,clean,ship_01151
blur/ship/ship_blur_00116.png,ship,vehicle,water,blur,ship_01151
pixelated/ship/ship_pixelated_00116.png,ship,vehicle,water,pixelated,ship_01151
noise/ship/ship_noise_00116.png,ship,vehicle,water,noise,ship_01151
clean/bird/bird_clean_00118.png,bird,animal,air,clean,bird_01152
blur/bird/bird_blur_00118.png,bird,animal,air,blur,bird_01152
pixelated/bird/bird_pixelated_00118.png,bird,animal,air,pixelated,bird_01152
noise/bird/bird_noise_00118.png,bird,animal,air,noise,bird_01152
clean/frog/frog_clean_00121.png,frog,animal,land,clean,frog_01153
blur/frog/frog_blur_00121.png,frog,animal,land,blur,frog_01153
pixelated/frog/frog_pixelated_00121.png,frog,animal,land,pixelated,frog_01153
noise/frog/frog_noise_00121.png,frog,animal,land,noise,frog_01153
clean/ship/ship_clean_00117.png,ship,vehicle,water,clean,ship_01154
blur/ship/ship_blur_00117.png,ship,vehicle,water,blur,ship_01154
pixelated/ship/ship_pixelated_00117.png,ship,vehicle,water,pixelated,ship_01154
noise/ship/ship_noise_00117.png,ship,vehicle,water,noise,ship_01154
clean/cat/cat_clean_00124.png,cat,animal,land,clean,cat_01155
blur/cat/cat_blur_00124.png,cat,animal,land,blur,cat_01155
pixelated/cat/cat_pixelated_00124.png,cat,animal,land,pixelated,cat_01155
noise/cat/cat_noise_00124.png,cat,animal,land,noise,cat_01155
clean/frog/frog_clean_00122.png,frog,animal,land,clean,frog_01156
blur/frog/frog_blur_00122.png,frog,animal,land,blur,frog_01156
pixelated/frog/frog_pixelated_00122.png,frog,animal,land,pixelated,frog_01156
noise/frog/frog_noise_00122.png,frog,animal,land,noise,frog_01156
clean/frog/frog_clean_00123.png,frog,animal,land,clean,frog_01157
blur/frog/frog_blur_00123.png,frog,animal,land,blur,frog_01157
pixelated/frog/frog_pixelated_00123.png,frog,animal,land,pixelated,frog_01157
noise/frog/frog_noise_00123.png,frog,animal,land,noise,frog_01157
clean/horse/horse_clean_00105.png,horse,animal,land,clean,horse_01158
blur/horse/horse_blur_00105.png,horse,animal,land,blur,horse_01158
pixelated/horse/horse_pixelated_00105.png,horse,animal,land,pixelated,horse_01158
noise/horse/horse_noise_00105.png,horse,animal,land,noise,horse_01158
clean/frog/frog_clean_00124.png,frog,animal,land,clean,frog_01159
blur/frog/frog_blur_00124.png,frog,animal,land,blur,frog_01159
pixelated/frog/frog_pixelated_00124.png,frog,animal,land,pixelated,frog_01159
noise/frog/frog_noise_00124.png,frog,animal,land,noise,frog_01159
clean/truck/truck_clean_00112.png,truck,vehicle,land,clean,truck_01160
blur/truck/truck_blur_00112.png,truck,vehicle,land,blur,truck_01160
pixelated/truck/truck_pixelated_00112.png,truck,vehicle,land,pixelated,truck_01160
noise/truck/truck_noise_00112.png,truck,vehicle,land,noise,truck_01160
clean/horse/horse_clean_00106.png,horse,animal,land,clean,horse_01161
blur/horse/horse_blur_00106.png,horse,animal,land,blur,horse_01161
pixelated/horse/horse_pixelated_00106.png,horse,animal,land,pixelated,horse_01161
noise/horse/horse_noise_00106.png,horse,animal,land,noise,horse_01161
clean/dog/dog_clean_00111.png,dog,animal,land,clean,dog_01162
blur/dog/dog_blur_00111.png,dog,animal,land,blur,dog_01162
pixelated/dog/dog_pixelated_00111.png,dog,animal,land,pixelated,dog_01162
noise/dog/dog_noise_00111.png,dog,animal,land,noise,dog_01162
clean/horse/horse_clean_00107.png,horse,animal,land,clean,horse_01163
blur/horse/horse_blur_00107.png,horse,animal,land,blur,horse_01163
pixelated/horse/horse_pixelated_00107.png,horse,animal,land,pixelated,horse_01163
noise/horse/horse_noise_00107.png,horse,animal,land,noise,horse_01163
clean/bird/bird_clean_00119.png,bird,animal,air,clean,bird_01164
blur/bird/bird_blur_00119.png,bird,animal,air,blur,bird_01164
pixelated/bird/bird_pixelated_00119.png,bird,animal,air,pixelated,bird_01164
noise/bird/bird_noise_00119.png,bird,animal,air,noise,bird_01164
clean/airplane/airplane_clean_00118.png,airplane,vehicle,air,clean,airplane_01165
blur/airplane/airplane_blur_00118.png,airplane,vehicle,air,blur,airplane_01165
pixelated/airplane/airplane_pixelated_00118.png,airplane,vehicle,air,pixelated,airplane_01165
noise/airplane/airplane_noise_00118.png,airplane,vehicle,air,noise,airplane_01165
clean/truck/truck_clean_00113.png,truck,vehicle,land,clean,truck_01166
blur/truck/truck_blur_00113.png,truck,vehicle,land,blur,truck_01166
pixelated/truck/truck_pixelated_00113.png,truck,vehicle,land,pixelated,truck_01166
noise/truck/truck_noise_00113.png,truck,vehicle,land,noise,truck_01166
clean/airplane/airplane_clean_00119.png,airplane,vehicle,air,clean,airplane_01167
blur/airplane/airplane_blur_00119.png,airplane,vehicle,air,blur,airplane_01167
pixelated/airplane/airplane_pixelated_00119.png,airplane,vehicle,air,pixelated,airplane_01167
noise/airplane/airplane_noise_00119.png,airplane,vehicle,air,noise,airplane_01167
clean/truck/truck_clean_00114.png,truck,vehicle,land,clean,truck_01168
blur/truck/truck_blur_00114.png,truck,vehicle,land,blur,truck_01168
pixelated/truck/truck_pixelated_00114.png,truck,vehicle,land,pixelated,truck_01168
noise/truck/truck_noise_00114.png,truck,vehicle,land,noise,truck_01168
clean/cat/cat_clean_00125.png,cat,animal,land,clean,cat_01169
blur/cat/cat_blur_00125.png,cat,animal,land,blur,cat_01169
pixelated/cat/cat_pixelated_00125.png,cat,animal,land,pixelated,cat_01169
noise/cat/cat_noise_00125.png,cat,animal,land,noise,cat_01169
clean/automobile/automobile_clean_00112.png,automobile,vehicle,land,clean,automobile_01170
blur/automobile/automobile_blur_00112.png,automobile,vehicle,land,blur,automobile_01170
pixelated/automobile/automobile_pixelated_00112.png,automobile,vehicle,land,pixelated,automobile_01170
noise/automobile/automobile_noise_00112.png,automobile,vehicle,land,noise,automobile_01170
clean/horse/horse_clean_00108.png,horse,animal,land,clean,horse_01171
blur/horse/horse_blur_00108.png,horse,animal,land,blur,horse_01171
pixelated/horse/horse_pixelated_00108.png,horse,animal,land,pixelated,horse_01171
noise/horse/horse_noise_00108.png,horse,animal,land,noise,horse_01171
clean/cat/cat_clean_00126.png,cat,animal,land,clean,cat_01172
blur/cat/cat_blur_00126.png,cat,animal,land,blur,cat_01172
pixelated/cat/cat_pixelated_00126.png,cat,animal,land,pixelated,cat_01172
noise/cat/cat_noise_00126.png,cat,animal,land,noise,cat_01172
clean/airplane/airplane_clean_00120.png,airplane,vehicle,air,clean,airplane_01173
blur/airplane/airplane_blur_00120.png,airplane,vehicle,air,blur,airplane_01173
pixelated/airplane/airplane_pixelated_00120.png,airplane,vehicle,air,pixelated,airplane_01173
noise/airplane/airplane_noise_00120.png,airplane,vehicle,air,noise,airplane_01173
clean/dog/dog_clean_00112.png,dog,animal,land,clean,dog_01174
blur/dog/dog_blur_00112.png,dog,animal,land,blur,dog_01174
pixelated/dog/dog_pixelated_00112.png,dog,animal,land,pixelated,dog_01174
noise/dog/dog_noise_00112.png,dog,animal,land,noise,dog_01174
clean/cat/cat_clean_00127.png,cat,animal,land,clean,cat_01175
blur/cat/cat_blur_00127.png,cat,animal,land,blur,cat_01175
pixelated/cat/cat_pixelated_00127.png,cat,animal,land,pixelated,cat_01175
noise/cat/cat_noise_00127.png,cat,animal,land,noise,cat_01175
clean/airplane/airplane_clean_00121.png,airplane,vehicle,air,clean,airplane_01176
blur/airplane/airplane_blur_00121.png,airplane,vehicle,air,blur,airplane_01176
pixelated/airplane/airplane_pixelated_00121.png,airplane,vehicle,air,pixelated,airplane_01176
noise/airplane/airplane_noise_00121.png,airplane,vehicle,air,noise,airplane_01176
clean/bird/bird_clean_00120.png,bird,animal,air,clean,bird_01177
blur/bird/bird_blur_00120.png,bird,animal,air,blur,bird_01177
pixelated/bird/bird_pixelated_00120.png,bird,animal,air,pixelated,bird_01177
noise/bird/bird_noise_00120.png,bird,animal,air,noise,bird_01177
clean/cat/cat_clean_00128.png,cat,animal,land,clean,cat_01178
blur/cat/cat_blur_00128.png,cat,animal,land,blur,cat_01178
pixelated/cat/cat_pixelated_00128.png,cat,animal,land,pixelated,cat_01178
noise/cat/cat_noise_00128.png,cat,animal,land,noise,cat_01178
clean/dog/dog_clean_00113.png,dog,animal,land,clean,dog_01179
blur/dog/dog_blur_00113.png,dog,animal,land,blur,dog_01179
pixelated/dog/dog_pixelated_00113.png,dog,animal,land,pixelated,dog_01179
noise/dog/dog_noise_00113.png,dog,animal,land,noise,dog_01179
clean/horse/horse_clean_00109.png,horse,animal,land,clean,horse_01180
blur/horse/horse_blur_00109.png,horse,animal,land,blur,horse_01180
pixelated/horse/horse_pixelated_00109.png,horse,animal,land,pixelated,horse_01180
noise/horse/horse_noise_00109.png,horse,animal,land,noise,horse_01180
clean/ship/ship_clean_00118.png,ship,vehicle,water,clean,ship_01181
blur/ship/ship_blur_00118.png,ship,vehicle,water,blur,ship_01181
pixelated/ship/ship_pixelated_00118.png,ship,vehicle,water,pixelated,ship_01181
noise/ship/ship_noise_00118.png,ship,vehicle,water,noise,ship_01181
clean/truck/truck_clean_00115.png,truck,vehicle,land,clean,truck_01182
blur/truck/truck_blur_00115.png,truck,vehicle,land,blur,truck_01182
pixelated/truck/truck_pixelated_00115.png,truck,vehicle,land,pixelated,truck_01182
noise/truck/truck_noise_00115.png,truck,vehicle,land,noise,truck_01182
clean/horse/horse_clean_00110.png,horse,animal,land,clean,horse_01183
blur/horse/horse_blur_00110.png,horse,animal,land,blur,horse_01183
pixelated/horse/horse_pixelated_00110.png,horse,animal,land,pixelated,horse_01183
noise/horse/horse_noise_00110.png,horse,animal,land,noise,horse_01183
clean/airplane/airplane_clean_00122.png,airplane,vehicle,air,clean,airplane_01184
blur/airplane/airplane_blur_00122.png,airplane,vehicle,air,blur,airplane_01184
pixelated/airplane/airplane_pixelated_00122.png,airplane,vehicle,air,pixelated,airplane_01184
noise/airplane/airplane_noise_00122.png,airplane,vehicle,air,noise,airplane_01184
clean/frog/frog_clean_00125.png,frog,animal,land,clean,frog_01185
blur/frog/frog_blur_00125.png,frog,animal,land,blur,frog_01185
pixelated/frog/frog_pixelated_00125.png,frog,animal,land,pixelated,frog_01185
noise/frog/frog_noise_00125.png,frog,animal,land,noise,frog_01185
clean/frog/frog_clean_00126.png,frog,animal,land,clean,frog_01186
blur/frog/frog_blur_00126.png,frog,animal,land,blur,frog_01186
pixelated/frog/frog_pixelated_00126.png,frog,animal,land,pixelated,frog_01186
noise/frog/frog_noise_00126.png,frog,animal,land,noise,frog_01186
clean/truck/truck_clean_00116.png,truck,vehicle,land,clean,truck_01187
blur/truck/truck_blur_00116.png,truck,vehicle,land,blur,truck_01187
pixelated/truck/truck_pixelated_00116.png,truck,vehicle,land,pixelated,truck_01187
noise/truck/truck_noise_00116.png,truck,vehicle,land,noise,truck_01187
clean/airplane/airplane_clean_00123.png,airplane,vehicle,air,clean,airplane_01188
blur/airplane/airplane_blur_00123.png,airplane,vehicle,air,blur,airplane_01188
pixelated/airplane/airplane_pixelated_00123.png,airplane,vehicle,air,pixelated,airplane_01188
noise/airplane/airplane_noise_00123.png,airplane,vehicle,air,noise,airplane_01188
clean/automobile/automobile_clean_00113.png,automobile,vehicle,land,clean,automobile_01189
blur/automobile/automobile_blur_00113.png,automobile,vehicle,land,blur,automobile_01189
pixelated/automobile/automobile_pixelated_00113.png,automobile,vehicle,land,pixelated,automobile_01189
noise/automobile/automobile_noise_00113.png,automobile,vehicle,land,noise,automobile_01189
clean/ship/ship_clean_00119.png,ship,vehicle,water,clean,ship_01190
blur/ship/ship_blur_00119.png,ship,vehicle,water,blur,ship_01190
pixelated/ship/ship_pixelated_00119.png,ship,vehicle,water,pixelated,ship_01190
noise/ship/ship_noise_00119.png,ship,vehicle,water,noise,ship_01190
clean/truck/truck_clean_00117.png,truck,vehicle,land,clean,truck_01191
blur/truck/truck_blur_00117.png,truck,vehicle,land,blur,truck_01191
pixelated/truck/truck_pixelated_00117.png,truck,vehicle,land,pixelated,truck_01191
noise/truck/truck_noise_00117.png,truck,vehicle,land,noise,truck_01191
clean/dog/dog_clean_00114.png,dog,animal,land,clean,dog_01192
blur/dog/dog_blur_00114.png,dog,animal,land,blur,dog_01192
pixelated/dog/dog_pixelated_00114.png,dog,animal,land,pixelated,dog_01192
noise/dog/dog_noise_00114.png,dog,animal,land,noise,dog_01192
clean/dog/dog_clean_00115.png,dog,animal,land,clean,dog_01193
blur/dog/dog_blur_00115.png,dog,animal,land,blur,dog_01193
pixelated/dog/dog_pixelated_00115.png,dog,animal,land,pixelated,dog_01193
noise/dog/dog_noise_00115.png,dog,animal,land,noise,dog_01193
clean/truck/truck_clean_00118.png,truck,vehicle,land,clean,truck_01194
blur/truck/truck_blur_00118.png,truck,vehicle,land,blur,truck_01194
pixelated/truck/truck_pixelated_00118.png,truck,vehicle,land,pixelated,truck_01194
noise/truck/truck_noise_00118.png,truck,vehicle,land,noise,truck_01194
clean/ship/ship_clean_00120.png,ship,vehicle,water,clean,ship_01195
blur/ship/ship_blur_00120.png,ship,vehicle,water,blur,ship_01195
pixelated/ship/ship_pixelated_00120.png,ship,vehicle,water,pixelated,ship_01195
noise/ship/ship_noise_00120.png,ship,vehicle,water,noise,ship_01195
clean/airplane/airplane_clean_00124.png,airplane,vehicle,air,clean,airplane_01196
blur/airplane/airplane_blur_00124.png,airplane,vehicle,air,blur,airplane_01196
pixelated/airplane/airplane_pixelated_00124.png,airplane,vehicle,air,pixelated,airplane_01196
noise/airplane/airplane_noise_00124.png,airplane,vehicle,air,noise,airplane_01196
clean/airplane/airplane_clean_00125.png,airplane,vehicle,air,clean,airplane_01197
blur/airplane/airplane_blur_00125.png,airplane,vehicle,air,blur,airplane_01197
pixelated/airplane/airplane_pixelated_00125.png,airplane,vehicle,air,pixelated,airplane_01197
noise/airplane/airplane_noise_00125.png,airplane,vehicle,air,noise,airplane_01197
clean/truck/truck_clean_00119.png,truck,vehicle,land,clean,truck_01198
blur/truck/truck_blur_00119.png,truck,vehicle,land,blur,truck_01198
pixelated/truck/truck_pixelated_00119.png,truck,vehicle,land,pixelated,truck_01198
noise/truck/truck_noise_00119.png,truck,vehicle,land,noise,truck_01198
clean/deer/deer_clean_00123.png,deer,animal,land,clean,deer_01199
blur/deer/deer_blur_00123.png,deer,animal,land,blur,deer_01199
pixelated/deer/deer_pixelated_00123.png,deer,animal,land,pixelated,deer_01199
noise/deer/deer_noise_00123.png,deer,animal,land,noise,deer_01199
clean/truck/truck_clean_00120.png,truck,vehicle,land,clean,truck_01200
blur/truck/truck_blur_00120.png,truck,vehicle,land,blur,truck_01200
pixelated/truck/truck_pixelated_00120.png,truck,vehicle,land,pixelated,truck_01200
noise/truck/truck_noise_00120.png,truck,vehicle,land,noise,truck_01200
clean/cat/cat_clean_00129.png,cat,animal,land,clean,cat_01201
blur/cat/cat_blur_00129.png,cat,animal,land,blur,cat_01201
pixelated/cat/cat_pixelated_00129.png,cat,animal,land,pixelated,cat_01201
noise/cat/cat_noise_00129.png,cat,animal,land,noise,cat_01201
clean/automobile/automobile_clean_00114.png,automobile,vehicle,land,clean,automobile_01202
blur/automobile/automobile_blur_00114.png,automobile,vehicle,land,blur,automobile_01202
pixelated/automobile/automobile_pixelated_00114.png,automobile,vehicle,land,pixelated,automobile_01202
noise/automobile/automobile_noise_00114.png,automobile,vehicle,land,noise,automobile_01202
clean/horse/horse_clean_00111.png,horse,animal,land,clean,horse_01203
blur/horse/horse_blur_00111.png,horse,animal,land,blur,horse_01203
pixelated/horse/horse_pixelated_00111.png,horse,animal,land,pixelated,horse_01203
noise/horse/horse_noise_00111.png,horse,animal,land,noise,horse_01203
clean/truck/truck_clean_00121.png,truck,vehicle,land,clean,truck_01204
blur/truck/truck_blur_00121.png,truck,vehicle,land,blur,truck_01204
pixelated/truck/truck_pixelated_00121.png,truck,vehicle,land,pixelated,truck_01204
noise/truck/truck_noise_00121.png,truck,vehicle,land,noise,truck_01204
clean/airplane/airplane_clean_00126.png,airplane,vehicle,air,clean,airplane_01205
blur/airplane/airplane_blur_00126.png,airplane,vehicle,air,blur,airplane_01205
pixelated/airplane/airplane_pixelated_00126.png,airplane,vehicle,air,pixelated,airplane_01205
noise/airplane/airplane_noise_00126.png,airplane,vehicle,air,noise,airplane_01205
clean/frog/frog_clean_00127.png,frog,animal,land,clean,frog_01206
blur/frog/frog_blur_00127.png,frog,animal,land,blur,frog_01206
pixelated/frog/frog_pixelated_00127.png,frog,animal,land,pixelated,frog_01206
noise/frog/frog_noise_00127.png,frog,animal,land,noise,frog_01206
clean/cat/cat_clean_00130.png,cat,animal,land,clean,cat_01207
blur/cat/cat_blur_00130.png,cat,animal,land,blur,cat_01207
pixelated/cat/cat_pixelated_00130.png,cat,animal,land,pixelated,cat_01207
noise/cat/cat_noise_00130.png,cat,animal,land,noise,cat_01207
clean/automobile/automobile_clean_00115.png,automobile,vehicle,land,clean,automobile_01208
blur/automobile/automobile_blur_00115.png,automobile,vehicle,land,blur,automobile_01208
pixelated/automobile/automobile_pixelated_00115.png,automobile,vehicle,land,pixelated,automobile_01208
noise/automobile/automobile_noise_00115.png,automobile,vehicle,land,noise,automobile_01208
clean/truck/truck_clean_00122.png,truck,vehicle,land,clean,truck_01209
blur/truck/truck_blur_00122.png,truck,vehicle,land,blur,truck_01209
pixelated/truck/truck_pixelated_00122.png,truck,vehicle,land,pixelated,truck_01209
noise/truck/truck_noise_00122.png,truck,vehicle,land,noise,truck_01209
clean/horse/horse_clean_00112.png,horse,animal,land,clean,horse_01210
blur/horse/horse_blur_00112.png,horse,animal,land,blur,horse_01210
pixelated/horse/horse_pixelated_00112.png,horse,animal,land,pixelated,horse_01210
noise/horse/horse_noise_00112.png,horse,animal,land,noise,horse_01210
clean/airplane/airplane_clean_00127.png,airplane,vehicle,air,clean,airplane_01211
blur/airplane/airplane_blur_00127.png,airplane,vehicle,air,blur,airplane_01211
pixelated/airplane/airplane_pixelated_00127.png,airplane,vehicle,air,pixelated,airplane_01211
noise/airplane/airplane_noise_00127.png,airplane,vehicle,air,noise,airplane_01211
clean/cat/cat_clean_00131.png,cat,animal,land,clean,cat_01212
blur/cat/cat_blur_00131.png,cat,animal,land,blur,cat_01212
pixelated/cat/cat_pixelated_00131.png,cat,animal,land,pixelated,cat_01212
noise/cat/cat_noise_00131.png,cat,animal,land,noise,cat_01212
clean/truck/truck_clean_00123.png,truck,vehicle,land,clean,truck_01213
blur/truck/truck_blur_00123.png,truck,vehicle,land,blur,truck_01213
pixelated/truck/truck_pixelated_00123.png,truck,vehicle,land,pixelated,truck_01213
noise/truck/truck_noise_00123.png,truck,vehicle,land,noise,truck_01213
clean/bird/bird_clean_00121.png,bird,animal,air,clean,bird_01214
blur/bird/bird_blur_00121.png,bird,animal,air,blur,bird_01214
pixelated/bird/bird_pixelated_00121.png,bird,animal,air,pixelated,bird_01214
noise/bird/bird_noise_00121.png,bird,animal,air,noise,bird_01214
clean/frog/frog_clean_00128.png,frog,animal,land,clean,frog_01215
blur/frog/frog_blur_00128.png,frog,animal,land,blur,frog_01215
pixelated/frog/frog_pixelated_00128.png,frog,animal,land,pixelated,frog_01215
noise/frog/frog_noise_00128.png,frog,animal,land,noise,frog_01215
clean/deer/deer_clean_00124.png,deer,animal,land,clean,deer_01216
blur/deer/deer_blur_00124.png,deer,animal,land,blur,deer_01216
pixelated/deer/deer_pixelated_00124.png,deer,animal,land,pixelated,deer_01216
noise/deer/deer_noise_00124.png,deer,animal,land,noise,deer_01216
clean/deer/deer_clean_00125.png,deer,animal,land,clean,deer_01217
blur/deer/deer_blur_00125.png,deer,animal,land,blur,deer_01217
pixelated/deer/deer_pixelated_00125.png,deer,animal,land,pixelated,deer_01217
noise/deer/deer_noise_00125.png,deer,animal,land,noise,deer_01217
clean/frog/frog_clean_00129.png,frog,animal,land,clean,frog_01218
blur/frog/frog_blur_00129.png,frog,animal,land,blur,frog_01218
pixelated/frog/frog_pixelated_00129.png,frog,animal,land,pixelated,frog_01218
noise/frog/frog_noise_00129.png,frog,animal,land,noise,frog_01218
clean/horse/horse_clean_00113.png,horse,animal,land,clean,horse_01219
blur/horse/horse_blur_00113.png,horse,animal,land,blur,horse_01219
pixelated/horse/horse_pixelated_00113.png,horse,animal,land,pixelated,horse_01219
noise/horse/horse_noise_00113.png,horse,animal,land,noise,horse_01219
clean/frog/frog_clean_00130.png,frog,animal,land,clean,frog_01220
blur/frog/frog_blur_00130.png,frog,animal,land,blur,frog_01220
pixelated/frog/frog_pixelated_00130.png,frog,animal,land,pixelated,frog_01220
noise/frog/frog_noise_00130.png,frog,animal,land,noise,frog_01220
clean/cat/cat_clean_00132.png,cat,animal,land,clean,cat_01221
blur/cat/cat_blur_00132.png,cat,animal,land,blur,cat_01221
pixelated/cat/cat_pixelated_00132.png,cat,animal,land,pixelated,cat_01221
noise/cat/cat_noise_00132.png,cat,animal,land,noise,cat_01221
clean/cat/cat_clean_00133.png,cat,animal,land,clean,cat_01222
blur/cat/cat_blur_00133.png,cat,animal,land,blur,cat_01222
pixelated/cat/cat_pixelated_00133.png,cat,animal,land,pixelated,cat_01222
noise/cat/cat_noise_00133.png,cat,animal,land,noise,cat_01222
clean/horse/horse_clean_00114.png,horse,animal,land,clean,horse_01223
blur/horse/horse_blur_00114.png,horse,animal,land,blur,horse_01223
pixelated/horse/horse_pixelated_00114.png,horse,animal,land,pixelated,horse_01223
noise/horse/horse_noise_00114.png,horse,animal,land,noise,horse_01223
clean/dog/dog_clean_00116.png,dog,animal,land,clean,dog_01224
blur/dog/dog_blur_00116.png,dog,animal,land,blur,dog_01224
pixelated/dog/dog_pixelated_00116.png,dog,animal,land,pixelated,dog_01224
noise/dog/dog_noise_00116.png,dog,animal,land,noise,dog_01224
clean/ship/ship_clean_00121.png,ship,vehicle,water,clean,ship_01225
blur/ship/ship_blur_00121.png,ship,vehicle,water,blur,ship_01225
pixelated/ship/ship_pixelated_00121.png,ship,vehicle,water,pixelated,ship_01225
noise/ship/ship_noise_00121.png,ship,vehicle,water,noise,ship_01225
clean/airplane/airplane_clean_00128.png,airplane,vehicle,air,clean,airplane_01226
blur/airplane/airplane_blur_00128.png,airplane,vehicle,air,blur,airplane_01226
pixelated/airplane/airplane_pixelated_00128.png,airplane,vehicle,air,pixelated,airplane_01226
noise/airplane/airplane_noise_00128.png,airplane,vehicle,air,noise,airplane_01226
clean/ship/ship_clean_00122.png,ship,vehicle,water,clean,ship_01227
blur/ship/ship_blur_00122.png,ship,vehicle,water,blur,ship_01227
pixelated/ship/ship_pixelated_00122.png,ship,vehicle,water,pixelated,ship_01227
noise/ship/ship_noise_00122.png,ship,vehicle,water,noise,ship_01227
clean/frog/frog_clean_00131.png,frog,animal,land,clean,frog_01228
blur/frog/frog_blur_00131.png,frog,animal,land,blur,frog_01228
pixelated/frog/frog_pixelated_00131.png,frog,animal,land,pixelated,frog_01228
noise/frog/frog_noise_00131.png,frog,animal,land,noise,frog_01228
clean/deer/deer_clean_00126.png,deer,animal,land,clean,deer_01229
blur/deer/deer_blur_00126.png,deer,animal,land,blur,deer_01229
pixelated/deer/deer_pixelated_00126.png,deer,animal,land,pixelated,deer_01229
noise/deer/deer_noise_00126.png,deer,animal,land,noise,deer_01229
clean/dog/dog_clean_00117.png,dog,animal,land,clean,dog_01230
blur/dog/dog_blur_00117.png,dog,animal,land,blur,dog_01230
pixelated/dog/dog_pixelated_00117.png,dog,animal,land,pixelated,dog_01230
noise/dog/dog_noise_00117.png,dog,animal,land,noise,dog_01230
clean/horse/horse_clean_00115.png,horse,animal,land,clean,horse_01231
blur/horse/horse_blur_00115.png,horse,animal,land,blur,horse_01231
pixelated/horse/horse_pixelated_00115.png,horse,animal,land,pixelated,horse_01231
noise/horse/horse_noise_00115.png,horse,animal,land,noise,horse_01231
clean/horse/horse_clean_00116.png,horse,animal,land,clean,horse_01232
blur/horse/horse_blur_00116.png,horse,animal,land,blur,horse_01232
pixelated/horse/horse_pixelated_00116.png,horse,animal,land,pixelated,horse_01232
noise/horse/horse_noise_00116.png,horse,animal,land,noise,horse_01232
clean/bird/bird_clean_00122.png,bird,animal,air,clean,bird_01233
blur/bird/bird_blur_00122.png,bird,animal,air,blur,bird_01233
pixelated/bird/bird_pixelated_00122.png,bird,animal,air,pixelated,bird_01233
noise/bird/bird_noise_00122.png,bird,animal,air,noise,bird_01233
clean/bird/bird_clean_00123.png,bird,animal,air,clean,bird_01234
blur/bird/bird_blur_00123.png,bird,animal,air,blur,bird_01234
pixelated/bird/bird_pixelated_00123.png,bird,animal,air,pixelated,bird_01234
noise/bird/bird_noise_00123.png,bird,animal,air,noise,bird_01234
clean/automobile/automobile_clean_00116.png,automobile,vehicle,land,clean,automobile_01235
blur/automobile/automobile_blur_00116.png,automobile,vehicle,land,blur,automobile_01235
pixelated/automobile/automobile_pixelated_00116.png,automobile,vehicle,land,pixelated,automobile_01235
noise/automobile/automobile_noise_00116.png,automobile,vehicle,land,noise,automobile_01235
clean/ship/ship_clean_00123.png,ship,vehicle,water,clean,ship_01236
blur/ship/ship_blur_00123.png,ship,vehicle,water,blur,ship_01236
pixelated/ship/ship_pixelated_00123.png,ship,vehicle,water,pixelated,ship_01236
noise/ship/ship_noise_00123.png,ship,vehicle,water,noise,ship_01236
clean/ship/ship_clean_00124.png,ship,vehicle,water,clean,ship_01237
blur/ship/ship_blur_00124.png,ship,vehicle,water,blur,ship_01237
pixelated/ship/ship_pixelated_00124.png,ship,vehicle,water,pixelated,ship_01237
noise/ship/ship_noise_00124.png,ship,vehicle,water,noise,ship_01237
clean/cat/cat_clean_00134.png,cat,animal,land,clean,cat_01238
blur/cat/cat_blur_00134.png,cat,animal,land,blur,cat_01238
pixelated/cat/cat_pixelated_00134.png,cat,animal,land,pixelated,cat_01238
noise/cat/cat_noise_00134.png,cat,animal,land,noise,cat_01238
clean/dog/dog_clean_00118.png,dog,animal,land,clean,dog_01239
blur/dog/dog_blur_00118.png,dog,animal,land,blur,dog_01239
pixelated/dog/dog_pixelated_00118.png,dog,animal,land,pixelated,dog_01239
noise/dog/dog_noise_00118.png,dog,animal,land,noise,dog_01239
clean/ship/ship_clean_00125.png,ship,vehicle,water,clean,ship_01240
blur/ship/ship_blur_00125.png,ship,vehicle,water,blur,ship_01240
pixelated/ship/ship_pixelated_00125.png,ship,vehicle,water,pixelated,ship_01240
noise/ship/ship_noise_00125.png,ship,vehicle,water,noise,ship_01240
clean/horse/horse_clean_00117.png,horse,animal,land,clean,horse_01241
blur/horse/horse_blur_00117.png,horse,animal,land,blur,horse_01241
pixelated/horse/horse_pixelated_00117.png,horse,animal,land,pixelated,horse_01241
noise/horse/horse_noise_00117.png,horse,animal,land,noise,horse_01241
clean/frog/frog_clean_00132.png,frog,animal,land,clean,frog_01242
blur/frog/frog_blur_00132.png,frog,animal,land,blur,frog_01242
pixelated/frog/frog_pixelated_00132.png,frog,animal,land,pixelated,frog_01242
noise/frog/frog_noise_00132.png,frog,animal,land,noise,frog_01242
clean/frog/frog_clean_00133.png,frog,animal,land,clean,frog_01243
blur/frog/frog_blur_00133.png,frog,animal,land,blur,frog_01243
pixelated/frog/frog_pixelated_00133.png,frog,animal,land,pixelated,frog_01243
noise/frog/frog_noise_00133.png,frog,animal,land,noise,frog_01243
clean/frog/frog_clean_00134.png,frog,animal,land,clean,frog_01244
blur/frog/frog_blur_00134.png,frog,animal,land,blur,frog_01244
pixelated/frog/frog_pixelated_00134.png,frog,animal,land,pixelated,frog_01244
noise/frog/frog_noise_00134.png,frog,animal,land,noise,frog_01244
clean/truck/truck_clean_00124.png,truck,vehicle,land,clean,truck_01245
blur/truck/truck_blur_00124.png,truck,vehicle,land,blur,truck_01245
pixelated/truck/truck_pixelated_00124.png,truck,vehicle,land,pixelated,truck_01245
noise/truck/truck_noise_00124.png,truck,vehicle,land,noise,truck_01245
clean/frog/frog_clean_00135.png,frog,animal,land,clean,frog_01246
blur/frog/frog_blur_00135.png,frog,animal,land,blur,frog_01246
pixelated/frog/frog_pixelated_00135.png,frog,animal,land,pixelated,frog_01246
noise/frog/frog_noise_00135.png,frog,animal,land,noise,frog_01246
clean/deer/deer_clean_00127.png,deer,animal,land,clean,deer_01247
blur/deer/deer_blur_00127.png,deer,animal,land,blur,deer_01247
pixelated/deer/deer_pixelated_00127.png,deer,animal,land,pixelated,deer_01247
noise/deer/deer_noise_00127.png,deer,animal,land,noise,deer_01247
clean/deer/deer_clean_00128.png,deer,animal,land,clean,deer_01248
blur/deer/deer_blur_00128.png,deer,animal,land,blur,deer_01248
pixelated/deer/deer_pixelated_00128.png,deer,animal,land,pixelated,deer_01248
noise/deer/deer_noise_00128.png,deer,animal,land,noise,deer_01248
clean/frog/frog_clean_00136.png,frog,animal,land,clean,frog_01249
blur/frog/frog_blur_00136.png,frog,animal,land,blur,frog_01249
pixelated/frog/frog_pixelated_00136.png,frog,animal,land,pixelated,frog_01249
noise/frog/frog_noise_00136.png,frog,animal,land,noise,frog_01249
clean/bird/bird_clean_00124.png,bird,animal,air,clean,bird_01250
blur/bird/bird_blur_00124.png,bird,animal,air,blur,bird_01250
pixelated/bird/bird_pixelated_00124.png,bird,animal,air,pixelated,bird_01250
noise/bird/bird_noise_00124.png,bird,animal,air,noise,bird_01250
clean/deer/deer_clean_00129.png,deer,animal,land,clean,deer_01251
blur/deer/deer_blur_00129.png,deer,animal,land,blur,deer_01251
pixelated/deer/deer_pixelated_00129.png,deer,animal,land,pixelated,deer_01251
noise/deer/deer_noise_00129.png,deer,animal,land,noise,deer_01251
clean/horse/horse_clean_00118.png,horse,animal,land,clean,horse_01252
blur/horse/horse_blur_00118.png,horse,animal,land,blur,horse_01252
pixelated/horse/horse_pixelated_00118.png,horse,animal,land,pixelated,horse_01252
noise/horse/horse_noise_00118.png,horse,animal,land,noise,horse_01252
clean/deer/deer_clean_00130.png,deer,animal,land,clean,deer_01253
blur/deer/deer_blur_00130.png,deer,animal,land,blur,deer_01253
pixelated/deer/deer_pixelated_00130.png,deer,animal,land,pixelated,deer_01253
noise/deer/deer_noise_00130.png,deer,animal,land,noise,deer_01253
clean/deer/deer_clean_00131.png,deer,animal,land,clean,deer_01254
blur/deer/deer_blur_00131.png,deer,animal,land,blur,deer_01254
pixelated/deer/deer_pixelated_00131.png,deer,animal,land,pixelated,deer_01254
noise/deer/deer_noise_00131.png,deer,animal,land,noise,deer_01254
clean/truck/truck_clean_00125.png,truck,vehicle,land,clean,truck_01255
blur/truck/truck_blur_00125.png,truck,vehicle,land,blur,truck_01255
pixelated/truck/truck_pixelated_00125.png,truck,vehicle,land,pixelated,truck_01255
noise/truck/truck_noise_00125.png,truck,vehicle,land,noise,truck_01255
clean/truck/truck_clean_00126.png,truck,vehicle,land,clean,truck_01256
blur/truck/truck_blur_00126.png,truck,vehicle,land,blur,truck_01256
pixelated/truck/truck_pixelated_00126.png,truck,vehicle,land,pixelated,truck_01256
noise/truck/truck_noise_00126.png,truck,vehicle,land,noise,truck_01256
clean/automobile/automobile_clean_00117.png,automobile,vehicle,land,clean,automobile_01257
blur/automobile/automobile_blur_00117.png,automobile,vehicle,land,blur,automobile_01257
pixelated/automobile/automobile_pixelated_00117.png,automobile,vehicle,land,pixelated,automobile_01257
noise/automobile/automobile_noise_00117.png,automobile,vehicle,land,noise,automobile_01257
clean/frog/frog_clean_00137.png,frog,animal,land,clean,frog_01258
blur/frog/frog_blur_00137.png,frog,animal,land,blur,frog_01258
pixelated/frog/frog_pixelated_00137.png,frog,animal,land,pixelated,frog_01258
noise/frog/frog_noise_00137.png,frog,animal,land,noise,frog_01258
clean/horse/horse_clean_00119.png,horse,animal,land,clean,horse_01259
blur/horse/horse_blur_00119.png,horse,animal,land,blur,horse_01259
pixelated/horse/horse_pixelated_00119.png,horse,animal,land,pixelated,horse_01259
noise/horse/horse_noise_00119.png,horse,animal,land,noise,horse_01259
clean/frog/frog_clean_00138.png,frog,animal,land,clean,frog_01260
blur/frog/frog_blur_00138.png,frog,animal,land,blur,frog_01260
pixelated/frog/frog_pixelated_00138.png,frog,animal,land,pixelated,frog_01260
noise/frog/frog_noise_00138.png,frog,animal,land,noise,frog_01260
clean/ship/ship_clean_00126.png,ship,vehicle,water,clean,ship_01261
blur/ship/ship_blur_00126.png,ship,vehicle,water,blur,ship_01261
pixelated/ship/ship_pixelated_00126.png,ship,vehicle,water,pixelated,ship_01261
noise/ship/ship_noise_00126.png,ship,vehicle,water,noise,ship_01261
clean/airplane/airplane_clean_00129.png,airplane,vehicle,air,clean,airplane_01262
blur/airplane/airplane_blur_00129.png,airplane,vehicle,air,blur,airplane_01262
pixelated/airplane/airplane_pixelated_00129.png,airplane,vehicle,air,pixelated,airplane_01262
noise/airplane/airplane_noise_00129.png,airplane,vehicle,air,noise,airplane_01262
clean/automobile/automobile_clean_00118.png,automobile,vehicle,land,clean,automobile_01263
blur/automobile/automobile_blur_00118.png,automobile,vehicle,land,blur,automobile_01263
pixelated/automobile/automobile_pixelated_00118.png,automobile,vehicle,land,pixelated,automobile_01263
noise/automobile/automobile_noise_00118.png,automobile,vehicle,land,noise,automobile_01263
clean/deer/deer_clean_00132.png,deer,animal,land,clean,deer_01264
blur/deer/deer_blur_00132.png,deer,animal,land,blur,deer_01264
pixelated/deer/deer_pixelated_00132.png,deer,animal,land,pixelated,deer_01264
noise/deer/deer_noise_00132.png,deer,animal,land,noise,deer_01264
clean/cat/cat_clean_00135.png,cat,animal,land,clean,cat_01265
blur/cat/cat_blur_00135.png,cat,animal,land,blur,cat_01265
pixelated/cat/cat_pixelated_00135.png,cat,animal,land,pixelated,cat_01265
noise/cat/cat_noise_00135.png,cat,animal,land,noise,cat_01265
clean/horse/horse_clean_00120.png,horse,animal,land,clean,horse_01266
blur/horse/horse_blur_00120.png,horse,animal,land,blur,horse_01266
pixelated/horse/horse_pixelated_00120.png,horse,animal,land,pixelated,horse_01266
noise/horse/horse_noise_00120.png,horse,animal,land,noise,horse_01266
clean/frog/frog_clean_00139.png,frog,animal,land,clean,frog_01267
blur/frog/frog_blur_00139.png,frog,animal,land,blur,frog_01267
pixelated/frog/frog_pixelated_00139.png,frog,animal,land,pixelated,frog_01267
noise/frog/frog_noise_00139.png,frog,animal,land,noise,frog_01267
clean/airplane/airplane_clean_00130.png,airplane,vehicle,air,clean,airplane_01268
blur/airplane/airplane_blur_00130.png,airplane,vehicle,air,blur,airplane_01268
pixelated/airplane/airplane_pixelated_00130.png,airplane,vehicle,air,pixelated,airplane_01268
noise/airplane/airplane_noise_00130.png,airplane,vehicle,air,noise,airplane_01268
clean/airplane/airplane_clean_00131.png,airplane,vehicle,air,clean,airplane_01269
blur/airplane/airplane_blur_00131.png,airplane,vehicle,air,blur,airplane_01269
pixelated/airplane/airplane_pixelated_00131.png,airplane,vehicle,air,pixelated,airplane_01269
noise/airplane/airplane_noise_00131.png,airplane,vehicle,air,noise,airplane_01269
clean/ship/ship_clean_00127.png,ship,vehicle,water,clean,ship_01270
blur/ship/ship_blur_00127.png,ship,vehicle,water,blur,ship_01270
pixelated/ship/ship_pixelated_00127.png,ship,vehicle,water,pixelated,ship_01270
noise/ship/ship_noise_00127.png,ship,vehicle,water,noise,ship_01270
clean/frog/frog_clean_00140.png,frog,animal,land,clean,frog_01271
blur/frog/frog_blur_00140.png,frog,animal,land,blur,frog_01271
pixelated/frog/frog_pixelated_00140.png,frog,animal,land,pixelated,frog_01271
noise/frog/frog_noise_00140.png,frog,animal,land,noise,frog_01271
clean/airplane/airplane_clean_00132.png,airplane,vehicle,air,clean,airplane_01272
blur/airplane/airplane_blur_00132.png,airplane,vehicle,air,blur,airplane_01272
pixelated/airplane/airplane_pixelated_00132.png,airplane,vehicle,air,pixelated,airplane_01272
noise/airplane/airplane_noise_00132.png,airplane,vehicle,air,noise,airplane_01272
clean/horse/horse_clean_00121.png,horse,animal,land,clean,horse_01273
blur/horse/horse_blur_00121.png,horse,animal,land,blur,horse_01273
pixelated/horse/horse_pixelated_00121.png,horse,animal,land,pixelated,horse_01273
noise/horse/horse_noise_00121.png,horse,animal,land,noise,horse_01273
clean/airplane/airplane_clean_00133.png,airplane,vehicle,air,clean,airplane_01274
blur/airplane/airplane_blur_00133.png,airplane,vehicle,air,blur,airplane_01274
pixelated/airplane/airplane_pixelated_00133.png,airplane,vehicle,air,pixelated,airplane_01274
noise/airplane/airplane_noise_00133.png,airplane,vehicle,air,noise,airplane_01274
clean/frog/frog_clean_00141.png,frog,animal,land,clean,frog_01275
blur/frog/frog_blur_00141.png,frog,animal,land,blur,frog_01275
pixelated/frog/frog_pixelated_00141.png,frog,animal,land,pixelated,frog_01275
noise/frog/frog_noise_00141.png,frog,animal,land,noise,frog_01275
clean/horse/horse_clean_00122.png,horse,animal,land,clean,horse_01276
blur/horse/horse_blur_00122.png,horse,animal,land,blur,horse_01276
pixelated/horse/horse_pixelated_00122.png,horse,animal,land,pixelated,horse_01276
noise/horse/horse_noise_00122.png,horse,animal,land,noise,horse_01276
clean/frog/frog_clean_00142.png,frog,animal,land,clean,frog_01277
blur/frog/frog_blur_00142.png,frog,animal,land,blur,frog_01277
pixelated/frog/frog_pixelated_00142.png,frog,animal,land,pixelated,frog_01277
noise/frog/frog_noise_00142.png,frog,animal,land,noise,frog_01277
clean/ship/ship_clean_00128.png,ship,vehicle,water,clean,ship_01278
blur/ship/ship_blur_00128.png,ship,vehicle,water,blur,ship_01278
pixelated/ship/ship_pixelated_00128.png,ship,vehicle,water,pixelated,ship_01278
noise/ship/ship_noise_00128.png,ship,vehicle,water,noise,ship_01278
clean/ship/ship_clean_00129.png,ship,vehicle,water,clean,ship_01279
blur/ship/ship_blur_00129.png,ship,vehicle,water,blur,ship_01279
pixelated/ship/ship_pixelated_00129.png,ship,vehicle,water,pixelated,ship_01279
noise/ship/ship_noise_00129.png,ship,vehicle,water,noise,ship_01279
clean/automobile/automobile_clean_00119.png,automobile,vehicle,land,clean,automobile_01280
blur/automobile/automobile_blur_00119.png,automobile,vehicle,land,blur,automobile_01280
pixelated/automobile/automobile_pixelated_00119.png,automobile,vehicle,land,pixelated,automobile_01280
noise/automobile/automobile_noise_00119.png,automobile,vehicle,land,noise,automobile_01280
clean/truck/truck_clean_00127.png,truck,vehicle,land,clean,truck_01281
blur/truck/truck_blur_00127.png,truck,vehicle,land,blur,truck_01281
pixelated/truck/truck_pixelated_00127.png,truck,vehicle,land,pixelated,truck_01281
noise/truck/truck_noise_00127.png,truck,vehicle,land,noise,truck_01281
clean/airplane/airplane_clean_00134.png,airplane,vehicle,air,clean,airplane_01282
blur/airplane/airplane_blur_00134.png,airplane,vehicle,air,blur,airplane_01282
pixelated/airplane/airplane_pixelated_00134.png,airplane,vehicle,air,pixelated,airplane_01282
noise/airplane/airplane_noise_00134.png,airplane,vehicle,air,noise,airplane_01282
clean/cat/cat_clean_00136.png,cat,animal,land,clean,cat_01283
blur/cat/cat_blur_00136.png,cat,animal,land,blur,cat_01283
pixelated/cat/cat_pixelated_00136.png,cat,animal,land,pixelated,cat_01283
noise/cat/cat_noise_00136.png,cat,animal,land,noise,cat_01283
clean/truck/truck_clean_00128.png,truck,vehicle,land,clean,truck_01284
blur/truck/truck_blur_00128.png,truck,vehicle,land,blur,truck_01284
pixelated/truck/truck_pixelated_00128.png,truck,vehicle,land,pixelated,truck_01284
noise/truck/truck_noise_00128.png,truck,vehicle,land,noise,truck_01284
clean/frog/frog_clean_00143.png,frog,animal,land,clean,frog_01285
blur/frog/frog_blur_00143.png,frog,animal,land,blur,frog_01285
pixelated/frog/frog_pixelated_00143.png,frog,animal,land,pixelated,frog_01285
noise/frog/frog_noise_00143.png,frog,animal,land,noise,frog_01285
clean/bird/bird_clean_00125.png,bird,animal,air,clean,bird_01286
blur/bird/bird_blur_00125.png,bird,animal,air,blur,bird_01286
pixelated/bird/bird_pixelated_00125.png,bird,animal,air,pixelated,bird_01286
noise/bird/bird_noise_00125.png,bird,animal,air,noise,bird_01286
clean/ship/ship_clean_00130.png,ship,vehicle,water,clean,ship_01287
blur/ship/ship_blur_00130.png,ship,vehicle,water,blur,ship_01287
pixelated/ship/ship_pixelated_00130.png,ship,vehicle,water,pixelated,ship_01287
noise/ship/ship_noise_00130.png,ship,vehicle,water,noise,ship_01287
clean/horse/horse_clean_00123.png,horse,animal,land,clean,horse_01288
blur/horse/horse_blur_00123.png,horse,animal,land,blur,horse_01288
pixelated/horse/horse_pixelated_00123.png,horse,animal,land,pixelated,horse_01288
noise/horse/horse_noise_00123.png,horse,animal,land,noise,horse_01288
clean/cat/cat_clean_00137.png,cat,animal,land,clean,cat_01289
blur/cat/cat_blur_00137.png,cat,animal,land,blur,cat_01289
pixelated/cat/cat_pixelated_00137.png,cat,animal,land,pixelated,cat_01289
noise/cat/cat_noise_00137.png,cat,animal,land,noise,cat_01289
clean/ship/ship_clean_00131.png,ship,vehicle,water,clean,ship_01290
blur/ship/ship_blur_00131.png,ship,vehicle,water,blur,ship_01290
pixelated/ship/ship_pixelated_00131.png,ship,vehicle,water,pixelated,ship_01290
noise/ship/ship_noise_00131.png,ship,vehicle,water,noise,ship_01290
clean/cat/cat_clean_00138.png,cat,animal,land,clean,cat_01291
blur/cat/cat_blur_00138.png,cat,animal,land,blur,cat_01291
pixelated/cat/cat_pixelated_00138.png,cat,animal,land,pixelated,cat_01291
noise/cat/cat_noise_00138.png,cat,animal,land,noise,cat_01291
clean/horse/horse_clean_00124.png,horse,animal,land,clean,horse_01292
blur/horse/horse_blur_00124.png,horse,animal,land,blur,horse_01292
pixelated/horse/horse_pixelated_00124.png,horse,animal,land,pixelated,horse_01292
noise/horse/horse_noise_00124.png,horse,animal,land,noise,horse_01292
clean/cat/cat_clean_00139.png,cat,animal,land,clean,cat_01293
blur/cat/cat_blur_00139.png,cat,animal,land,blur,cat_01293
pixelated/cat/cat_pixelated_00139.png,cat,animal,land,pixelated,cat_01293
noise/cat/cat_noise_00139.png,cat,animal,land,noise,cat_01293
clean/bird/bird_clean_00126.png,bird,animal,air,clean,bird_01294
blur/bird/bird_blur_00126.png,bird,animal,air,blur,bird_01294
pixelated/bird/bird_pixelated_00126.png,bird,animal,air,pixelated,bird_01294
noise/bird/bird_noise_00126.png,bird,animal,air,noise,bird_01294
clean/dog/dog_clean_00119.png,dog,animal,land,clean,dog_01295
blur/dog/dog_blur_00119.png,dog,animal,land,blur,dog_01295
pixelated/dog/dog_pixelated_00119.png,dog,animal,land,pixelated,dog_01295
noise/dog/dog_noise_00119.png,dog,animal,land,noise,dog_01295
clean/bird/bird_clean_00127.png,bird,animal,air,clean,bird_01296
blur/bird/bird_blur_00127.png,bird,animal,air,blur,bird_01296
pixelated/bird/bird_pixelated_00127.png,bird,animal,air,pixelated,bird_01296
noise/bird/bird_noise_00127.png,bird,animal,air,noise,bird_01296
clean/ship/ship_clean_00132.png,ship,vehicle,water,clean,ship_01297
blur/ship/ship_blur_00132.png,ship,vehicle,water,blur,ship_01297
pixelated/ship/ship_pixelated_00132.png,ship,vehicle,water,pixelated,ship_01297
noise/ship/ship_noise_00132.png,ship,vehicle,water,noise,ship_01297
clean/truck/truck_clean_00129.png,truck,vehicle,land,clean,truck_01298
blur/truck/truck_blur_00129.png,truck,vehicle,land,blur,truck_01298
pixelated/truck/truck_pixelated_00129.png,truck,vehicle,land,pixelated,truck_01298
noise/truck/truck_noise_00129.png,truck,vehicle,land,noise,truck_01298
clean/horse/horse_clean_00125.png,horse,animal,land,clean,horse_01299
blur/horse/horse_blur_00125.png,horse,animal,land,blur,horse_01299
pixelated/horse/horse_pixelated_00125.png,horse,animal,land,pixelated,horse_01299
noise/horse/horse_noise_00125.png,horse,animal,land,noise,horse_01299
clean/bird/bird_clean_00128.png,bird,animal,air,clean,bird_01300
blur/bird/bird_blur_00128.png,bird,animal,air,blur,bird_01300
pixelated/bird/bird_pixelated_00128.png,bird,animal,air,pixelated,bird_01300
noise/bird/bird_noise_00128.png,bird,animal,air,noise,bird_01300
clean/bird/bird_clean_00129.png,bird,animal,air,clean,bird_01301
blur/bird/bird_blur_00129.png,bird,animal,air,blur,bird_01301
pixelated/bird/bird_pixelated_00129.png,bird,animal,air,pixelated,bird_01301
noise/bird/bird_noise_00129.png,bird,animal,air,noise,bird_01301
clean/automobile/automobile_clean_00120.png,automobile,vehicle,land,clean,automobile_01302
blur/automobile/automobile_blur_00120.png,automobile,vehicle,land,blur,automobile_01302
pixelated/automobile/automobile_pixelated_00120.png,automobile,vehicle,land,pixelated,automobile_01302
noise/automobile/automobile_noise_00120.png,automobile,vehicle,land,noise,automobile_01302
clean/dog/dog_clean_00120.png,dog,animal,land,clean,dog_01303
blur/dog/dog_blur_00120.png,dog,animal,land,blur,dog_01303
pixelated/dog/dog_pixelated_00120.png,dog,animal,land,pixelated,dog_01303
noise/dog/dog_noise_00120.png,dog,animal,land,noise,dog_01303
clean/automobile/automobile_clean_00121.png,automobile,vehicle,land,clean,automobile_01304
blur/automobile/automobile_blur_00121.png,automobile,vehicle,land,blur,automobile_01304
pixelated/automobile/automobile_pixelated_00121.png,automobile,vehicle,land,pixelated,automobile_01304
noise/automobile/automobile_noise_00121.png,automobile,vehicle,land,noise,automobile_01304
clean/automobile/automobile_clean_00122.png,automobile,vehicle,land,clean,automobile_01305
blur/automobile/automobile_blur_00122.png,automobile,vehicle,land,blur,automobile_01305
pixelated/automobile/automobile_pixelated_00122.png,automobile,vehicle,land,pixelated,automobile_01305
noise/automobile/automobile_noise_00122.png,automobile,vehicle,land,noise,automobile_01305
clean/automobile/automobile_clean_00123.png,automobile,vehicle,land,clean,automobile_01306
blur/automobile/automobile_blur_00123.png,automobile,vehicle,land,blur,automobile_01306
pixelated/automobile/automobile_pixelated_00123.png,automobile,vehicle,land,pixelated,automobile_01306
noise/automobile/automobile_noise_00123.png,automobile,vehicle,land,noise,automobile_01306
clean/deer/deer_clean_00133.png,deer,animal,land,clean,deer_01307
blur/deer/deer_blur_00133.png,deer,animal,land,blur,deer_01307
pixelated/deer/deer_pixelated_00133.png,deer,animal,land,pixelated,deer_01307
noise/deer/deer_noise_00133.png,deer,animal,land,noise,deer_01307
clean/dog/dog_clean_00121.png,dog,animal,land,clean,dog_01308
blur/dog/dog_blur_00121.png,dog,animal,land,blur,dog_01308
pixelated/dog/dog_pixelated_00121.png,dog,animal,land,pixelated,dog_01308
noise/dog/dog_noise_00121.png,dog,animal,land,noise,dog_01308
clean/ship/ship_clean_00133.png,ship,vehicle,water,clean,ship_01309
blur/ship/ship_blur_00133.png,ship,vehicle,water,blur,ship_01309
pixelated/ship/ship_pixelated_00133.png,ship,vehicle,water,pixelated,ship_01309
noise/ship/ship_noise_00133.png,ship,vehicle,water,noise,ship_01309
clean/automobile/automobile_clean_00124.png,automobile,vehicle,land,clean,automobile_01310
blur/automobile/automobile_blur_00124.png,automobile,vehicle,land,blur,automobile_01310
pixelated/automobile/automobile_pixelated_00124.png,automobile,vehicle,land,pixelated,automobile_01310
noise/automobile/automobile_noise_00124.png,automobile,vehicle,land,noise,automobile_01310
clean/ship/ship_clean_00134.png,ship,vehicle,water,clean,ship_01311
blur/ship/ship_blur_00134.png,ship,vehicle,water,blur,ship_01311
pixelated/ship/ship_pixelated_00134.png,ship,vehicle,water,pixelated,ship_01311
noise/ship/ship_noise_00134.png,ship,vehicle,water,noise,ship_01311
clean/truck/truck_clean_00130.png,truck,vehicle,land,clean,truck_01312
blur/truck/truck_blur_00130.png,truck,vehicle,land,blur,truck_01312
pixelated/truck/truck_pixelated_00130.png,truck,vehicle,land,pixelated,truck_01312
noise/truck/truck_noise_00130.png,truck,vehicle,land,noise,truck_01312
clean/bird/bird_clean_00130.png,bird,animal,air,clean,bird_01313
blur/bird/bird_blur_00130.png,bird,animal,air,blur,bird_01313
pixelated/bird/bird_pixelated_00130.png,bird,animal,air,pixelated,bird_01313
noise/bird/bird_noise_00130.png,bird,animal,air,noise,bird_01313
clean/horse/horse_clean_00126.png,horse,animal,land,clean,horse_01314
blur/horse/horse_blur_00126.png,horse,animal,land,blur,horse_01314
pixelated/horse/horse_pixelated_00126.png,horse,animal,land,pixelated,horse_01314
noise/horse/horse_noise_00126.png,horse,animal,land,noise,horse_01314
clean/airplane/airplane_clean_00135.png,airplane,vehicle,air,clean,airplane_01315
blur/airplane/airplane_blur_00135.png,airplane,vehicle,air,blur,airplane_01315
pixelated/airplane/airplane_pixelated_00135.png,airplane,vehicle,air,pixelated,airplane_01315
noise/airplane/airplane_noise_00135.png,airplane,vehicle,air,noise,airplane_01315
clean/truck/truck_clean_00131.png,truck,vehicle,land,clean,truck_01316
blur/truck/truck_blur_00131.png,truck,vehicle,land,blur,truck_01316
pixelated/truck/truck_pixelated_00131.png,truck,vehicle,land,pixelated,truck_01316
noise/truck/truck_noise_00131.png,truck,vehicle,land,noise,truck_01316
clean/truck/truck_clean_00132.png,truck,vehicle,land,clean,truck_01317
blur/truck/truck_blur_00132.png,truck,vehicle,land,blur,truck_01317
pixelated/truck/truck_pixelated_00132.png,truck,vehicle,land,pixelated,truck_01317
noise/truck/truck_noise_00132.png,truck,vehicle,land,noise,truck_01317
clean/cat/cat_clean_00140.png,cat,animal,land,clean,cat_01318
blur/cat/cat_blur_00140.png,cat,animal,land,blur,cat_01318
pixelated/cat/cat_pixelated_00140.png,cat,animal,land,pixelated,cat_01318
noise/cat/cat_noise_00140.png,cat,animal,land,noise,cat_01318
clean/cat/cat_clean_00141.png,cat,animal,land,clean,cat_01319
blur/cat/cat_blur_00141.png,cat,animal,land,blur,cat_01319
pixelated/cat/cat_pixelated_00141.png,cat,animal,land,pixelated,cat_01319
noise/cat/cat_noise_00141.png,cat,animal,land,noise,cat_01319
clean/automobile/automobile_clean_00125.png,automobile,vehicle,land,clean,automobile_01320
blur/automobile/automobile_blur_00125.png,automobile,vehicle,land,blur,automobile_01320
pixelated/automobile/automobile_pixelated_00125.png,automobile,vehicle,land,pixelated,automobile_01320
noise/automobile/automobile_noise_00125.png,automobile,vehicle,land,noise,automobile_01320
clean/deer/deer_clean_00134.png,deer,animal,land,clean,deer_01321
blur/deer/deer_blur_00134.png,deer,animal,land,blur,deer_01321
pixelated/deer/deer_pixelated_00134.png,deer,animal,land,pixelated,deer_01321
noise/deer/deer_noise_00134.png,deer,animal,land,noise,deer_01321
clean/dog/dog_clean_00122.png,dog,animal,land,clean,dog_01322
blur/dog/dog_blur_00122.png,dog,animal,land,blur,dog_01322
pixelated/dog/dog_pixelated_00122.png,dog,animal,land,pixelated,dog_01322
noise/dog/dog_noise_00122.png,dog,animal,land,noise,dog_01322
clean/truck/truck_clean_00133.png,truck,vehicle,land,clean,truck_01323
blur/truck/truck_blur_00133.png,truck,vehicle,land,blur,truck_01323
pixelated/truck/truck_pixelated_00133.png,truck,vehicle,land,pixelated,truck_01323
noise/truck/truck_noise_00133.png,truck,vehicle,land,noise,truck_01323
clean/frog/frog_clean_00144.png,frog,animal,land,clean,frog_01324
blur/frog/frog_blur_00144.png,frog,animal,land,blur,frog_01324
pixelated/frog/frog_pixelated_00144.png,frog,animal,land,pixelated,frog_01324
noise/frog/frog_noise_00144.png,frog,animal,land,noise,frog_01324
clean/horse/horse_clean_00127.png,horse,animal,land,clean,horse_01325
blur/horse/horse_blur_00127.png,horse,animal,land,blur,horse_01325
pixelated/horse/horse_pixelated_00127.png,horse,animal,land,pixelated,horse_01325
noise/horse/horse_noise_00127.png,horse,animal,land,noise,horse_01325
clean/ship/ship_clean_00135.png,ship,vehicle,water,clean,ship_01326
blur/ship/ship_blur_00135.png,ship,vehicle,water,blur,ship_01326
pixelated/ship/ship_pixelated_00135.png,ship,vehicle,water,pixelated,ship_01326
noise/ship/ship_noise_00135.png,ship,vehicle,water,noise,ship_01326
clean/ship/ship_clean_00136.png,ship,vehicle,water,clean,ship_01327
blur/ship/ship_blur_00136.png,ship,vehicle,water,blur,ship_01327
pixelated/ship/ship_pixelated_00136.png,ship,vehicle,water,pixelated,ship_01327
noise/ship/ship_noise_00136.png,ship,vehicle,water,noise,ship_01327
clean/automobile/automobile_clean_00126.png,automobile,vehicle,land,clean,automobile_01328
blur/automobile/automobile_blur_00126.png,automobile,vehicle,land,blur,automobile_01328
pixelated/automobile/automobile_pixelated_00126.png,automobile,vehicle,land,pixelated,automobile_01328
noise/automobile/automobile_noise_00126.png,automobile,vehicle,land,noise,automobile_01328
clean/horse/horse_clean_00128.png,horse,animal,land,clean,horse_01329
blur/horse/horse_blur_00128.png,horse,animal,land,blur,horse_01329
pixelated/horse/horse_pixelated_00128.png,horse,animal,land,pixelated,horse_01329
noise/horse/horse_noise_00128.png,horse,animal,land,noise,horse_01329
clean/dog/dog_clean_00123.png,dog,animal,land,clean,dog_01330
blur/dog/dog_blur_00123.png,dog,animal,land,blur,dog_01330
pixelated/dog/dog_pixelated_00123.png,dog,animal,land,pixelated,dog_01330
noise/dog/dog_noise_00123.png,dog,animal,land,noise,dog_01330
clean/cat/cat_clean_00142.png,cat,animal,land,clean,cat_01331
blur/cat/cat_blur_00142.png,cat,animal,land,blur,cat_01331
pixelated/cat/cat_pixelated_00142.png,cat,animal,land,pixelated,cat_01331
noise/cat/cat_noise_00142.png,cat,animal,land,noise,cat_01331
clean/horse/horse_clean_00129.png,horse,animal,land,clean,horse_01332
blur/horse/horse_blur_00129.png,horse,animal,land,blur,horse_01332
pixelated/horse/horse_pixelated_00129.png,horse,animal,land,pixelated,horse_01332
noise/horse/horse_noise_00129.png,horse,animal,land,noise,horse_01332
clean/dog/dog_clean_00124.png,dog,animal,land,clean,dog_01333
blur/dog/dog_blur_00124.png,dog,animal,land,blur,dog_01333
pixelated/dog/dog_pixelated_00124.png,dog,animal,land,pixelated,dog_01333
noise/dog/dog_noise_00124.png,dog,animal,land,noise,dog_01333
clean/deer/deer_clean_00135.png,deer,animal,land,clean,deer_01334
blur/deer/deer_blur_00135.png,deer,animal,land,blur,deer_01334
pixelated/deer/deer_pixelated_00135.png,deer,animal,land,pixelated,deer_01334
noise/deer/deer_noise_00135.png,deer,animal,land,noise,deer_01334
clean/truck/truck_clean_00134.png,truck,vehicle,land,clean,truck_01335
blur/truck/truck_blur_00134.png,truck,vehicle,land,blur,truck_01335
pixelated/truck/truck_pixelated_00134.png,truck,vehicle,land,pixelated,truck_01335
noise/truck/truck_noise_00134.png,truck,vehicle,land,noise,truck_01335
clean/bird/bird_clean_00131.png,bird,animal,air,clean,bird_01336
blur/bird/bird_blur_00131.png,bird,animal,air,blur,bird_01336
pixelated/bird/bird_pixelated_00131.png,bird,animal,air,pixelated,bird_01336
noise/bird/bird_noise_00131.png,bird,animal,air,noise,bird_01336
clean/airplane/airplane_clean_00136.png,airplane,vehicle,air,clean,airplane_01337
blur/airplane/airplane_blur_00136.png,airplane,vehicle,air,blur,airplane_01337
pixelated/airplane/airplane_pixelated_00136.png,airplane,vehicle,air,pixelated,airplane_01337
noise/airplane/airplane_noise_00136.png,airplane,vehicle,air,noise,airplane_01337
clean/bird/bird_clean_00132.png,bird,animal,air,clean,bird_01338
blur/bird/bird_blur_00132.png,bird,animal,air,blur,bird_01338
pixelated/bird/bird_pixelated_00132.png,bird,animal,air,pixelated,bird_01338
noise/bird/bird_noise_00132.png,bird,animal,air,noise,bird_01338
clean/deer/deer_clean_00136.png,deer,animal,land,clean,deer_01339
blur/deer/deer_blur_00136.png,deer,animal,land,blur,deer_01339
pixelated/deer/deer_pixelated_00136.png,deer,animal,land,pixelated,deer_01339
noise/deer/deer_noise_00136.png,deer,animal,land,noise,deer_01339
clean/horse/horse_clean_00130.png,horse,animal,land,clean,horse_01340
blur/horse/horse_blur_00130.png,horse,animal,land,blur,horse_01340
pixelated/horse/horse_pixelated_00130.png,horse,animal,land,pixelated,horse_01340
noise/horse/horse_noise_00130.png,horse,animal,land,noise,horse_01340
clean/truck/truck_clean_00135.png,truck,vehicle,land,clean,truck_01341
blur/truck/truck_blur_00135.png,truck,vehicle,land,blur,truck_01341
pixelated/truck/truck_pixelated_00135.png,truck,vehicle,land,pixelated,truck_01341
noise/truck/truck_noise_00135.png,truck,vehicle,land,noise,truck_01341
clean/deer/deer_clean_00137.png,deer,animal,land,clean,deer_01342
blur/deer/deer_blur_00137.png,deer,animal,land,blur,deer_01342
pixelated/deer/deer_pixelated_00137.png,deer,animal,land,pixelated,deer_01342
noise/deer/deer_noise_00137.png,deer,animal,land,noise,deer_01342
clean/automobile/automobile_clean_00127.png,automobile,vehicle,land,clean,automobile_01343
blur/automobile/automobile_blur_00127.png,automobile,vehicle,land,blur,automobile_01343
pixelated/automobile/automobile_pixelated_00127.png,automobile,vehicle,land,pixelated,automobile_01343
noise/automobile/automobile_noise_00127.png,automobile,vehicle,land,noise,automobile_01343
clean/truck/truck_clean_00136.png,truck,vehicle,land,clean,truck_01344
blur/truck/truck_blur_00136.png,truck,vehicle,land,blur,truck_01344
pixelated/truck/truck_pixelated_00136.png,truck,vehicle,land,pixelated,truck_01344
noise/truck/truck_noise_00136.png,truck,vehicle,land,noise,truck_01344
clean/airplane/airplane_clean_00137.png,airplane,vehicle,air,clean,airplane_01345
blur/airplane/airplane_blur_00137.png,airplane,vehicle,air,blur,airplane_01345
pixelated/airplane/airplane_pixelated_00137.png,airplane,vehicle,air,pixelated,airplane_01345
noise/airplane/airplane_noise_00137.png,airplane,vehicle,air,noise,airplane_01345
clean/cat/cat_clean_00143.png,cat,animal,land,clean,cat_01346
blur/cat/cat_blur_00143.png,cat,animal,land,blur,cat_01346
pixelated/cat/cat_pixelated_00143.png,cat,animal,land,pixelated,cat_01346
noise/cat/cat_noise_00143.png,cat,animal,land,noise,cat_01346
clean/bird/bird_clean_00133.png,bird,animal,air,clean,bird_01347
blur/bird/bird_blur_00133.png,bird,animal,air,blur,bird_01347
pixelated/bird/bird_pixelated_00133.png,bird,animal,air,pixelated,bird_01347
noise/bird/bird_noise_00133.png,bird,animal,air,noise,bird_01347
clean/cat/cat_clean_00144.png,cat,animal,land,clean,cat_01348
blur/cat/cat_blur_00144.png,cat,animal,land,blur,cat_01348
pixelated/cat/cat_pixelated_00144.png,cat,animal,land,pixelated,cat_01348
noise/cat/cat_noise_00144.png,cat,animal,land,noise,cat_01348
clean/truck/truck_clean_00137.png,truck,vehicle,land,clean,truck_01349
blur/truck/truck_blur_00137.png,truck,vehicle,land,blur,truck_01349
pixelated/truck/truck_pixelated_00137.png,truck,vehicle,land,pixelated,truck_01349
noise/truck/truck_noise_00137.png,truck,vehicle,land,noise,truck_01349
clean/bird/bird_clean_00134.png,bird,animal,air,clean,bird_01350
blur/bird/bird_blur_00134.png,bird,animal,air,blur,bird_01350
pixelated/bird/bird_pixelated_00134.png,bird,animal,air,pixelated,bird_01350
noise/bird/bird_noise_00134.png,bird,animal,air,noise,bird_01350
clean/horse/horse_clean_00131.png,horse,animal,land,clean,horse_01351
blur/horse/horse_blur_00131.png,horse,animal,land,blur,horse_01351
pixelated/horse/horse_pixelated_00131.png,horse,animal,land,pixelated,horse_01351
noise/horse/horse_noise_00131.png,horse,animal,land,noise,horse_01351
clean/ship/ship_clean_00137.png,ship,vehicle,water,clean,ship_01352
blur/ship/ship_blur_00137.png,ship,vehicle,water,blur,ship_01352
pixelated/ship/ship_pixelated_00137.png,ship,vehicle,water,pixelated,ship_01352
noise/ship/ship_noise_00137.png,ship,vehicle,water,noise,ship_01352
clean/automobile/automobile_clean_00128.png,automobile,vehicle,land,clean,automobile_01353
blur/automobile/automobile_blur_00128.png,automobile,vehicle,land,blur,automobile_01353
pixelated/automobile/automobile_pixelated_00128.png,automobile,vehicle,land,pixelated,automobile_01353
noise/automobile/automobile_noise_00128.png,automobile,vehicle,land,noise,automobile_01353
clean/ship/ship_clean_00138.png,ship,vehicle,water,clean,ship_01354
blur/ship/ship_blur_00138.png,ship,vehicle,water,blur,ship_01354
pixelated/ship/ship_pixelated_00138.png,ship,vehicle,water,pixelated,ship_01354
noise/ship/ship_noise_00138.png,ship,vehicle,water,noise,ship_01354
clean/cat/cat_clean_00145.png,cat,animal,land,clean,cat_01355
blur/cat/cat_blur_00145.png,cat,animal,land,blur,cat_01355
pixelated/cat/cat_pixelated_00145.png,cat,animal,land,pixelated,cat_01355
noise/cat/cat_noise_00145.png,cat,animal,land,noise,cat_01355
clean/dog/dog_clean_00125.png,dog,animal,land,clean,dog_01356
blur/dog/dog_blur_00125.png,dog,animal,land,blur,dog_01356
pixelated/dog/dog_pixelated_00125.png,dog,animal,land,pixelated,dog_01356
noise/dog/dog_noise_00125.png,dog,animal,land,noise,dog_01356
clean/frog/frog_clean_00145.png,frog,animal,land,clean,frog_01357
blur/frog/frog_blur_00145.png,frog,animal,land,blur,frog_01357
pixelated/frog/frog_pixelated_00145.png,frog,animal,land,pixelated,frog_01357
noise/frog/frog_noise_00145.png,frog,animal,land,noise,frog_01357
clean/truck/truck_clean_00138.png,truck,vehicle,land,clean,truck_01358
blur/truck/truck_blur_00138.png,truck,vehicle,land,blur,truck_01358
pixelated/truck/truck_pixelated_00138.png,truck,vehicle,land,pixelated,truck_01358
noise/truck/truck_noise_00138.png,truck,vehicle,land,noise,truck_01358
clean/bird/bird_clean_00135.png,bird,animal,air,clean,bird_01359
blur/bird/bird_blur_00135.png,bird,animal,air,blur,bird_01359
pixelated/bird/bird_pixelated_00135.png,bird,animal,air,pixelated,bird_01359
noise/bird/bird_noise_00135.png,bird,animal,air,noise,bird_01359
clean/cat/cat_clean_00146.png,cat,animal,land,clean,cat_01360
blur/cat/cat_blur_00146.png,cat,animal,land,blur,cat_01360
pixelated/cat/cat_pixelated_00146.png,cat,animal,land,pixelated,cat_01360
noise/cat/cat_noise_00146.png,cat,animal,land,noise,cat_01360
clean/dog/dog_clean_00126.png,dog,animal,land,clean,dog_01361
blur/dog/dog_blur_00126.png,dog,animal,land,blur,dog_01361
pixelated/dog/dog_pixelated_00126.png,dog,animal,land,pixelated,dog_01361
noise/dog/dog_noise_00126.png,dog,animal,land,noise,dog_01361
clean/ship/ship_clean_00139.png,ship,vehicle,water,clean,ship_01362
blur/ship/ship_blur_00139.png,ship,vehicle,water,blur,ship_01362
pixelated/ship/ship_pixelated_00139.png,ship,vehicle,water,pixelated,ship_01362
noise/ship/ship_noise_00139.png,ship,vehicle,water,noise,ship_01362
clean/cat/cat_clean_00147.png,cat,animal,land,clean,cat_01363
blur/cat/cat_blur_00147.png,cat,animal,land,blur,cat_01363
pixelated/cat/cat_pixelated_00147.png,cat,animal,land,pixelated,cat_01363
noise/cat/cat_noise_00147.png,cat,animal,land,noise,cat_01363
clean/automobile/automobile_clean_00129.png,automobile,vehicle,land,clean,automobile_01364
blur/automobile/automobile_blur_00129.png,automobile,vehicle,land,blur,automobile_01364
pixelated/automobile/automobile_pixelated_00129.png,automobile,vehicle,land,pixelated,automobile_01364
noise/automobile/automobile_noise_00129.png,automobile,vehicle,land,noise,automobile_01364
clean/deer/deer_clean_00138.png,deer,animal,land,clean,deer_01365
blur/deer/deer_blur_00138.png,deer,animal,land,blur,deer_01365
pixelated/deer/deer_pixelated_00138.png,deer,animal,land,pixelated,deer_01365
noise/deer/deer_noise_00138.png,deer,animal,land,noise,deer_01365
clean/bird/bird_clean_00136.png,bird,animal,air,clean,bird_01366
blur/bird/bird_blur_00136.png,bird,animal,air,blur,bird_01366
pixelated/bird/bird_pixelated_00136.png,bird,animal,air,pixelated,bird_01366
noise/bird/bird_noise_00136.png,bird,animal,air,noise,bird_01366
clean/horse/horse_clean_00132.png,horse,animal,land,clean,horse_01367
blur/horse/horse_blur_00132.png,horse,animal,land,blur,horse_01367
pixelated/horse/horse_pixelated_00132.png,horse,animal,land,pixelated,horse_01367
noise/horse/horse_noise_00132.png,horse,animal,land,noise,horse_01367
clean/airplane/airplane_clean_00138.png,airplane,vehicle,air,clean,airplane_01368
blur/airplane/airplane_blur_00138.png,airplane,vehicle,air,blur,airplane_01368
pixelated/airplane/airplane_pixelated_00138.png,airplane,vehicle,air,pixelated,airplane_01368
noise/airplane/airplane_noise_00138.png,airplane,vehicle,air,noise,airplane_01368
clean/horse/horse_clean_00133.png,horse,animal,land,clean,horse_01369
blur/horse/horse_blur_00133.png,horse,animal,land,blur,horse_01369
pixelated/horse/horse_pixelated_00133.png,horse,animal,land,pixelated,horse_01369
noise/horse/horse_noise_00133.png,horse,animal,land,noise,horse_01369
clean/dog/dog_clean_00127.png,dog,animal,land,clean,dog_01370
blur/dog/dog_blur_00127.png,dog,animal,land,blur,dog_01370
pixelated/dog/dog_pixelated_00127.png,dog,animal,land,pixelated,dog_01370
noise/dog/dog_noise_00127.png,dog,animal,land,noise,dog_01370
clean/dog/dog_clean_00128.png,dog,animal,land,clean,dog_01371
blur/dog/dog_blur_00128.png,dog,animal,land,blur,dog_01371
pixelated/dog/dog_pixelated_00128.png,dog,animal,land,pixelated,dog_01371
noise/dog/dog_noise_00128.png,dog,animal,land,noise,dog_01371
clean/horse/horse_clean_00134.png,horse,animal,land,clean,horse_01372
blur/horse/horse_blur_00134.png,horse,animal,land,blur,horse_01372
pixelated/horse/horse_pixelated_00134.png,horse,animal,land,pixelated,horse_01372
noise/horse/horse_noise_00134.png,horse,animal,land,noise,horse_01372
clean/cat/cat_clean_00148.png,cat,animal,land,clean,cat_01373
blur/cat/cat_blur_00148.png,cat,animal,land,blur,cat_01373
pixelated/cat/cat_pixelated_00148.png,cat,animal,land,pixelated,cat_01373
noise/cat/cat_noise_00148.png,cat,animal,land,noise,cat_01373
clean/frog/frog_clean_00146.png,frog,animal,land,clean,frog_01374
blur/frog/frog_blur_00146.png,frog,animal,land,blur,frog_01374
pixelated/frog/frog_pixelated_00146.png,frog,animal,land,pixelated,frog_01374
noise/frog/frog_noise_00146.png,frog,animal,land,noise,frog_01374
clean/bird/bird_clean_00137.png,bird,animal,air,clean,bird_01375
blur/bird/bird_blur_00137.png,bird,animal,air,blur,bird_01375
pixelated/bird/bird_pixelated_00137.png,bird,animal,air,pixelated,bird_01375
noise/bird/bird_noise_00137.png,bird,animal,air,noise,bird_01375
clean/truck/truck_clean_00139.png,truck,vehicle,land,clean,truck_01376
blur/truck/truck_blur_00139.png,truck,vehicle,land,blur,truck_01376
pixelated/truck/truck_pixelated_00139.png,truck,vehicle,land,pixelated,truck_01376
noise/truck/truck_noise_00139.png,truck,vehicle,land,noise,truck_01376
clean/dog/dog_clean_00129.png,dog,animal,land,clean,dog_01377
blur/dog/dog_blur_00129.png,dog,animal,land,blur,dog_01377
pixelated/dog/dog_pixelated_00129.png,dog,animal,land,pixelated,dog_01377
noise/dog/dog_noise_00129.png,dog,animal,land,noise,dog_01377
clean/airplane/airplane_clean_00139.png,airplane,vehicle,air,clean,airplane_01378
blur/airplane/airplane_blur_00139.png,airplane,vehicle,air,blur,airplane_01378
pixelated/airplane/airplane_pixelated_00139.png,airplane,vehicle,air,pixelated,airplane_01378
noise/airplane/airplane_noise_00139.png,airplane,vehicle,air,noise,airplane_01378
clean/frog/frog_clean_00147.png,frog,animal,land,clean,frog_01379
blur/frog/frog_blur_00147.png,frog,animal,land,blur,frog_01379
pixelated/frog/frog_pixelated_00147.png,frog,animal,land,pixelated,frog_01379
noise/frog/frog_noise_00147.png,frog,animal,land,noise,frog_01379
clean/frog/frog_clean_00148.png,frog,animal,land,clean,frog_01380
blur/frog/frog_blur_00148.png,frog,animal,land,blur,frog_01380
pixelated/frog/frog_pixelated_00148.png,frog,animal,land,pixelated,frog_01380
noise/frog/frog_noise_00148.png,frog,animal,land,noise,frog_01380
clean/truck/truck_clean_00140.png,truck,vehicle,land,clean,truck_01381
blur/truck/truck_blur_00140.png,truck,vehicle,land,blur,truck_01381
pixelated/truck/truck_pixelated_00140.png,truck,vehicle,land,pixelated,truck_01381
noise/truck/truck_noise_00140.png,truck,vehicle,land,noise,truck_01381
clean/airplane/airplane_clean_00140.png,airplane,vehicle,air,clean,airplane_01382
blur/airplane/airplane_blur_00140.png,airplane,vehicle,air,blur,airplane_01382
pixelated/airplane/airplane_pixelated_00140.png,airplane,vehicle,air,pixelated,airplane_01382
noise/airplane/airplane_noise_00140.png,airplane,vehicle,air,noise,airplane_01382
clean/horse/horse_clean_00135.png,horse,animal,land,clean,horse_01383
blur/horse/horse_blur_00135.png,horse,animal,land,blur,horse_01383
pixelated/horse/horse_pixelated_00135.png,horse,animal,land,pixelated,horse_01383
noise/horse/horse_noise_00135.png,horse,animal,land,noise,horse_01383
clean/dog/dog_clean_00130.png,dog,animal,land,clean,dog_01384
blur/dog/dog_blur_00130.png,dog,animal,land,blur,dog_01384
pixelated/dog/dog_pixelated_00130.png,dog,animal,land,pixelated,dog_01384
noise/dog/dog_noise_00130.png,dog,animal,land,noise,dog_01384
clean/truck/truck_clean_00141.png,truck,vehicle,land,clean,truck_01385
blur/truck/truck_blur_00141.png,truck,vehicle,land,blur,truck_01385
pixelated/truck/truck_pixelated_00141.png,truck,vehicle,land,pixelated,truck_01385
noise/truck/truck_noise_00141.png,truck,vehicle,land,noise,truck_01385
clean/frog/frog_clean_00149.png,frog,animal,land,clean,frog_01386
blur/frog/frog_blur_00149.png,frog,animal,land,blur,frog_01386
pixelated/frog/frog_pixelated_00149.png,frog,animal,land,pixelated,frog_01386
noise/frog/frog_noise_00149.png,frog,animal,land,noise,frog_01386
clean/truck/truck_clean_00142.png,truck,vehicle,land,clean,truck_01387
blur/truck/truck_blur_00142.png,truck,vehicle,land,blur,truck_01387
pixelated/truck/truck_pixelated_00142.png,truck,vehicle,land,pixelated,truck_01387
noise/truck/truck_noise_00142.png,truck,vehicle,land,noise,truck_01387
clean/truck/truck_clean_00143.png,truck,vehicle,land,clean,truck_01388
blur/truck/truck_blur_00143.png,truck,vehicle,land,blur,truck_01388
pixelated/truck/truck_pixelated_00143.png,truck,vehicle,land,pixelated,truck_01388
noise/truck/truck_noise_00143.png,truck,vehicle,land,noise,truck_01388
clean/frog/frog_clean_00150.png,frog,animal,land,clean,frog_01389
blur/frog/frog_blur_00150.png,frog,animal,land,blur,frog_01389
pixelated/frog/frog_pixelated_00150.png,frog,animal,land,pixelated,frog_01389
noise/frog/frog_noise_00150.png,frog,animal,land,noise,frog_01389
clean/dog/dog_clean_00131.png,dog,animal,land,clean,dog_01390
blur/dog/dog_blur_00131.png,dog,animal,land,blur,dog_01390
pixelated/dog/dog_pixelated_00131.png,dog,animal,land,pixelated,dog_01390
noise/dog/dog_noise_00131.png,dog,animal,land,noise,dog_01390
clean/truck/truck_clean_00144.png,truck,vehicle,land,clean,truck_01391
blur/truck/truck_blur_00144.png,truck,vehicle,land,blur,truck_01391
pixelated/truck/truck_pixelated_00144.png,truck,vehicle,land,pixelated,truck_01391
noise/truck/truck_noise_00144.png,truck,vehicle,land,noise,truck_01391
clean/deer/deer_clean_00139.png,deer,animal,land,clean,deer_01392
blur/deer/deer_blur_00139.png,deer,animal,land,blur,deer_01392
pixelated/deer/deer_pixelated_00139.png,deer,animal,land,pixelated,deer_01392
noise/deer/deer_noise_00139.png,deer,animal,land,noise,deer_01392
clean/frog/frog_clean_00151.png,frog,animal,land,clean,frog_01393
blur/frog/frog_blur_00151.png,frog,animal,land,blur,frog_01393
pixelated/frog/frog_pixelated_00151.png,frog,animal,land,pixelated,frog_01393
noise/frog/frog_noise_00151.png,frog,animal,land,noise,frog_01393
clean/cat/cat_clean_00149.png,cat,animal,land,clean,cat_01394
blur/cat/cat_blur_00149.png,cat,animal,land,blur,cat_01394
pixelated/cat/cat_pixelated_00149.png,cat,animal,land,pixelated,cat_01394
noise/cat/cat_noise_00149.png,cat,animal,land,noise,cat_01394
clean/automobile/automobile_clean_00130.png,automobile,vehicle,land,clean,automobile_01395
blur/automobile/automobile_blur_00130.png,automobile,vehicle,land,blur,automobile_01395
pixelated/automobile/automobile_pixelated_00130.png,automobile,vehicle,land,pixelated,automobile_01395
noise/automobile/automobile_noise_00130.png,automobile,vehicle,land,noise,automobile_01395
clean/horse/horse_clean_00136.png,horse,animal,land,clean,horse_01396
blur/horse/horse_blur_00136.png,horse,animal,land,blur,horse_01396
pixelated/horse/horse_pixelated_00136.png,horse,animal,land,pixelated,horse_01396
noise/horse/horse_noise_00136.png,horse,animal,land,noise,horse_01396
clean/truck/truck_clean_00145.png,truck,vehicle,land,clean,truck_01397
blur/truck/truck_blur_00145.png,truck,vehicle,land,blur,truck_01397
pixelated/truck/truck_pixelated_00145.png,truck,vehicle,land,pixelated,truck_01397
noise/truck/truck_noise_00145.png,truck,vehicle,land,noise,truck_01397
clean/bird/bird_clean_00138.png,bird,animal,air,clean,bird_01398
blur/bird/bird_blur_00138.png,bird,animal,air,blur,bird_01398
pixelated/bird/bird_pixelated_00138.png,bird,animal,air,pixelated,bird_01398
noise/bird/bird_noise_00138.png,bird,animal,air,noise,bird_01398
clean/ship/ship_clean_00140.png,ship,vehicle,water,clean,ship_01399
blur/ship/ship_blur_00140.png,ship,vehicle,water,blur,ship_01399
pixelated/ship/ship_pixelated_00140.png,ship,vehicle,water,pixelated,ship_01399
noise/ship/ship_noise_00140.png,ship,vehicle,water,noise,ship_01399
clean/ship/ship_clean_00141.png,ship,vehicle,water,clean,ship_01400
blur/ship/ship_blur_00141.png,ship,vehicle,water,blur,ship_01400
pixelated/ship/ship_pixelated_00141.png,ship,vehicle,water,pixelated,ship_01400
noise/ship/ship_noise_00141.png,ship,vehicle,water,noise,ship_01400
clean/airplane/airplane_clean_00141.png,airplane,vehicle,air,clean,airplane_01401
blur/airplane/airplane_blur_00141.png,airplane,vehicle,air,blur,airplane_01401
pixelated/airplane/airplane_pixelated_00141.png,airplane,vehicle,air,pixelated,airplane_01401
noise/airplane/airplane_noise_00141.png,airplane,vehicle,air,noise,airplane_01401
clean/deer/deer_clean_00140.png,deer,animal,land,clean,deer_01402
blur/deer/deer_blur_00140.png,deer,animal,land,blur,deer_01402
pixelated/deer/deer_pixelated_00140.png,deer,animal,land,pixelated,deer_01402
noise/deer/deer_noise_00140.png,deer,animal,land,noise,deer_01402
clean/truck/truck_clean_00146.png,truck,vehicle,land,clean,truck_01403
blur/truck/truck_blur_00146.png,truck,vehicle,land,blur,truck_01403
pixelated/truck/truck_pixelated_00146.png,truck,vehicle,land,pixelated,truck_01403
noise/truck/truck_noise_00146.png,truck,vehicle,land,noise,truck_01403
clean/cat/cat_clean_00150.png,cat,animal,land,clean,cat_01404
blur/cat/cat_blur_00150.png,cat,animal,land,blur,cat_01404
pixelated/cat/cat_pixelated_00150.png,cat,animal,land,pixelated,cat_01404
noise/cat/cat_noise_00150.png,cat,animal,land,noise,cat_01404
clean/frog/frog_clean_00152.png,frog,animal,land,clean,frog_01405
blur/frog/frog_blur_00152.png,frog,animal,land,blur,frog_01405
pixelated/frog/frog_pixelated_00152.png,frog,animal,land,pixelated,frog_01405
noise/frog/frog_noise_00152.png,frog,animal,land,noise,frog_01405
clean/cat/cat_clean_00151.png,cat,animal,land,clean,cat_01406
blur/cat/cat_blur_00151.png,cat,animal,land,blur,cat_01406
pixelated/cat/cat_pixelated_00151.png,cat,animal,land,pixelated,cat_01406
noise/cat/cat_noise_00151.png,cat,animal,land,noise,cat_01406
clean/airplane/airplane_clean_00142.png,airplane,vehicle,air,clean,airplane_01407
blur/airplane/airplane_blur_00142.png,airplane,vehicle,air,blur,airplane_01407
pixelated/airplane/airplane_pixelated_00142.png,airplane,vehicle,air,pixelated,airplane_01407
noise/airplane/airplane_noise_00142.png,airplane,vehicle,air,noise,airplane_01407
clean/deer/deer_clean_00141.png,deer,animal,land,clean,deer_01408
blur/deer/deer_blur_00141.png,deer,animal,land,blur,deer_01408
pixelated/deer/deer_pixelated_00141.png,deer,animal,land,pixelated,deer_01408
noise/deer/deer_noise_00141.png,deer,animal,land,noise,deer_01408
clean/dog/dog_clean_00132.png,dog,animal,land,clean,dog_01409
blur/dog/dog_blur_00132.png,dog,animal,land,blur,dog_01409
pixelated/dog/dog_pixelated_00132.png,dog,animal,land,pixelated,dog_01409
noise/dog/dog_noise_00132.png,dog,animal,land,noise,dog_01409
clean/dog/dog_clean_00133.png,dog,animal,land,clean,dog_01410
blur/dog/dog_blur_00133.png,dog,animal,land,blur,dog_01410
pixelated/dog/dog_pixelated_00133.png,dog,animal,land,pixelated,dog_01410
noise/dog/dog_noise_00133.png,dog,animal,land,noise,dog_01410
clean/automobile/automobile_clean_00131.png,automobile,vehicle,land,clean,automobile_01411
blur/automobile/automobile_blur_00131.png,automobile,vehicle,land,blur,automobile_01411
pixelated/automobile/automobile_pixelated_00131.png,automobile,vehicle,land,pixelated,automobile_01411
noise/automobile/automobile_noise_00131.png,automobile,vehicle,land,noise,automobile_01411
clean/truck/truck_clean_00147.png,truck,vehicle,land,clean,truck_01412
blur/truck/truck_blur_00147.png,truck,vehicle,land,blur,truck_01412
pixelated/truck/truck_pixelated_00147.png,truck,vehicle,land,pixelated,truck_01412
noise/truck/truck_noise_00147.png,truck,vehicle,land,noise,truck_01412
clean/horse/horse_clean_00137.png,horse,animal,land,clean,horse_01413
blur/horse/horse_blur_00137.png,horse,animal,land,blur,horse_01413
pixelated/horse/horse_pixelated_00137.png,horse,animal,land,pixelated,horse_01413
noise/horse/horse_noise_00137.png,horse,animal,land,noise,horse_01413
clean/horse/horse_clean_00138.png,horse,animal,land,clean,horse_01414
blur/horse/horse_blur_00138.png,horse,animal,land,blur,horse_01414
pixelated/horse/horse_pixelated_00138.png,horse,animal,land,pixelated,horse_01414
noise/horse/horse_noise_00138.png,horse,animal,land,noise,horse_01414
clean/frog/frog_clean_00153.png,frog,animal,land,clean,frog_01415
blur/frog/frog_blur_00153.png,frog,animal,land,blur,frog_01415
pixelated/frog/frog_pixelated_00153.png,frog,animal,land,pixelated,frog_01415
noise/frog/frog_noise_00153.png,frog,animal,land,noise,frog_01415
clean/horse/horse_clean_00139.png,horse,animal,land,clean,horse_01416
blur/horse/horse_blur_00139.png,horse,animal,land,blur,horse_01416
pixelated/horse/horse_pixelated_00139.png,horse,animal,land,pixelated,horse_01416
noise/horse/horse_noise_00139.png,horse,animal,land,noise,horse_01416
clean/airplane/airplane_clean_00143.png,airplane,vehicle,air,clean,airplane_01417
blur/airplane/airplane_blur_00143.png,airplane,vehicle,air,blur,airplane_01417
pixelated/airplane/airplane_pixelated_00143.png,airplane,vehicle,air,pixelated,airplane_01417
noise/airplane/airplane_noise_00143.png,airplane,vehicle,air,noise,airplane_01417
clean/airplane/airplane_clean_00144.png,airplane,vehicle,air,clean,airplane_01418
blur/airplane/airplane_blur_00144.png,airplane,vehicle,air,blur,airplane_01418
pixelated/airplane/airplane_pixelated_00144.png,airplane,vehicle,air,pixelated,airplane_01418
noise/airplane/airplane_noise_00144.png,airplane,vehicle,air,noise,airplane_01418
clean/bird/bird_clean_00139.png,bird,animal,air,clean,bird_01419
blur/bird/bird_blur_00139.png,bird,animal,air,blur,bird_01419
pixelated/bird/bird_pixelated_00139.png,bird,animal,air,pixelated,bird_01419
noise/bird/bird_noise_00139.png,bird,animal,air,noise,bird_01419
clean/horse/horse_clean_00140.png,horse,animal,land,clean,horse_01420
blur/horse/horse_blur_00140.png,horse,animal,land,blur,horse_01420
pixelated/horse/horse_pixelated_00140.png,horse,animal,land,pixelated,horse_01420
noise/horse/horse_noise_00140.png,horse,animal,land,noise,horse_01420
clean/deer/deer_clean_00142.png,deer,animal,land,clean,deer_01421
blur/deer/deer_blur_00142.png,deer,animal,land,blur,deer_01421
pixelated/deer/deer_pixelated_00142.png,deer,animal,land,pixelated,deer_01421
noise/deer/deer_noise_00142.png,deer,animal,land,noise,deer_01421
clean/dog/dog_clean_00134.png,dog,animal,land,clean,dog_01422
blur/dog/dog_blur_00134.png,dog,animal,land,blur,dog_01422
pixelated/dog/dog_pixelated_00134.png,dog,animal,land,pixelated,dog_01422
noise/dog/dog_noise_00134.png,dog,animal,land,noise,dog_01422
clean/airplane/airplane_clean_00145.png,airplane,vehicle,air,clean,airplane_01423
blur/airplane/airplane_blur_00145.png,airplane,vehicle,air,blur,airplane_01423
pixelated/airplane/airplane_pixelated_00145.png,airplane,vehicle,air,pixelated,airplane_01423
noise/airplane/airplane_noise_00145.png,airplane,vehicle,air,noise,airplane_01423
clean/automobile/automobile_clean_00132.png,automobile,vehicle,land,clean,automobile_01424
blur/automobile/automobile_blur_00132.png,automobile,vehicle,land,blur,automobile_01424
pixelated/automobile/automobile_pixelated_00132.png,automobile,vehicle,land,pixelated,automobile_01424
noise/automobile/automobile_noise_00132.png,automobile,vehicle,land,noise,automobile_01424
clean/deer/deer_clean_00143.png,deer,animal,land,clean,deer_01425
blur/deer/deer_blur_00143.png,deer,animal,land,blur,deer_01425
pixelated/deer/deer_pixelated_00143.png,deer,animal,land,pixelated,deer_01425
noise/deer/deer_noise_00143.png,deer,animal,land,noise,deer_01425
clean/automobile/automobile_clean_00133.png,automobile,vehicle,land,clean,automobile_01426
blur/automobile/automobile_blur_00133.png,automobile,vehicle,land,blur,automobile_01426
pixelated/automobile/automobile_pixelated_00133.png,automobile,vehicle,land,pixelated,automobile_01426
noise/automobile/automobile_noise_00133.png,automobile,vehicle,land,noise,automobile_01426
clean/dog/dog_clean_00135.png,dog,animal,land,clean,dog_01427
blur/dog/dog_blur_00135.png,dog,animal,land,blur,dog_01427
pixelated/dog/dog_pixelated_00135.png,dog,animal,land,pixelated,dog_01427
noise/dog/dog_noise_00135.png,dog,animal,land,noise,dog_01427
clean/bird/bird_clean_00140.png,bird,animal,air,clean,bird_01428
blur/bird/bird_blur_00140.png,bird,animal,air,blur,bird_01428
pixelated/bird/bird_pixelated_00140.png,bird,animal,air,pixelated,bird_01428
noise/bird/bird_noise_00140.png,bird,animal,air,noise,bird_01428
clean/dog/dog_clean_00136.png,dog,animal,land,clean,dog_01429
blur/dog/dog_blur_00136.png,dog,animal,land,blur,dog_01429
pixelated/dog/dog_pixelated_00136.png,dog,animal,land,pixelated,dog_01429
noise/dog/dog_noise_00136.png,dog,animal,land,noise,dog_01429
clean/bird/bird_clean_00141.png,bird,animal,air,clean,bird_01430
blur/bird/bird_blur_00141.png,bird,animal,air,blur,bird_01430
pixelated/bird/bird_pixelated_00141.png,bird,animal,air,pixelated,bird_01430
noise/bird/bird_noise_00141.png,bird,animal,air,noise,bird_01430
clean/horse/horse_clean_00141.png,horse,animal,land,clean,horse_01431
blur/horse/horse_blur_00141.png,horse,animal,land,blur,horse_01431
pixelated/horse/horse_pixelated_00141.png,horse,animal,land,pixelated,horse_01431
noise/horse/horse_noise_00141.png,horse,animal,land,noise,horse_01431
clean/frog/frog_clean_00154.png,frog,animal,land,clean,frog_01432
blur/frog/frog_blur_00154.png,frog,animal,land,blur,frog_01432
pixelated/frog/frog_pixelated_00154.png,frog,animal,land,pixelated,frog_01432
noise/frog/frog_noise_00154.png,frog,animal,land,noise,frog_01432
clean/airplane/airplane_clean_00146.png,airplane,vehicle,air,clean,airplane_01433
blur/airplane/airplane_blur_00146.png,airplane,vehicle,air,blur,airplane_01433
pixelated/airplane/airplane_pixelated_00146.png,airplane,vehicle,air,pixelated,airplane_01433
noise/airplane/airplane_noise_00146.png,airplane,vehicle,air,noise,airplane_01433
clean/ship/ship_clean_00142.png,ship,vehicle,water,clean,ship_01434
blur/ship/ship_blur_00142.png,ship,vehicle,water,blur,ship_01434
pixelated/ship/ship_pixelated_00142.png,ship,vehicle,water,pixelated,ship_01434
noise/ship/ship_noise_00142.png,ship,vehicle,water,noise,ship_01434
clean/frog/frog_clean_00155.png,frog,animal,land,clean,frog_01435
blur/frog/frog_blur_00155.png,frog,animal,land,blur,frog_01435
pixelated/frog/frog_pixelated_00155.png,frog,animal,land,pixelated,frog_01435
noise/frog/frog_noise_00155.png,frog,animal,land,noise,frog_01435
clean/dog/dog_clean_00137.png,dog,animal,land,clean,dog_01436
blur/dog/dog_blur_00137.png,dog,animal,land,blur,dog_01436
pixelated/dog/dog_pixelated_00137.png,dog,animal,land,pixelated,dog_01436
noise/dog/dog_noise_00137.png,dog,animal,land,noise,dog_01436
clean/deer/deer_clean_00144.png,deer,animal,land,clean,deer_01437
blur/deer/deer_blur_00144.png,deer,animal,land,blur,deer_01437
pixelated/deer/deer_pixelated_00144.png,deer,animal,land,pixelated,deer_01437
noise/deer/deer_noise_00144.png,deer,animal,land,noise,deer_01437
clean/frog/frog_clean_00156.png,frog,animal,land,clean,frog_01438
blur/frog/frog_blur_00156.png,frog,animal,land,blur,frog_01438
pixelated/frog/frog_pixelated_00156.png,frog,animal,land,pixelated,frog_01438
noise/frog/frog_noise_00156.png,frog,animal,land,noise,frog_01438
clean/frog/frog_clean_00157.png,frog,animal,land,clean,frog_01439
blur/frog/frog_blur_00157.png,frog,animal,land,blur,frog_01439
pixelated/frog/frog_pixelated_00157.png,frog,animal,land,pixelated,frog_01439
noise/frog/frog_noise_00157.png,frog,animal,land,noise,frog_01439
clean/dog/dog_clean_00138.png,dog,animal,land,clean,dog_01440
blur/dog/dog_blur_00138.png,dog,animal,land,blur,dog_01440
pixelated/dog/dog_pixelated_00138.png,dog,animal,land,pixelated,dog_01440
noise/dog/dog_noise_00138.png,dog,animal,land,noise,dog_01440
clean/truck/truck_clean_00148.png,truck,vehicle,land,clean,truck_01441
blur/truck/truck_blur_00148.png,truck,vehicle,land,blur,truck_01441
pixelated/truck/truck_pixelated_00148.png,truck,vehicle,land,pixelated,truck_01441
noise/truck/truck_noise_00148.png,truck,vehicle,land,noise,truck_01441
clean/bird/bird_clean_00142.png,bird,animal,air,clean,bird_01442
blur/bird/bird_blur_00142.png,bird,animal,air,blur,bird_01442
pixelated/bird/bird_pixelated_00142.png,bird,animal,air,pixelated,bird_01442
noise/bird/bird_noise_00142.png,bird,animal,air,noise,bird_01442
clean/horse/horse_clean_00142.png,horse,animal,land,clean,horse_01443
blur/horse/horse_blur_00142.png,horse,animal,land,blur,horse_01443
pixelated/horse/horse_pixelated_00142.png,horse,animal,land,pixelated,horse_01443
noise/horse/horse_noise_00142.png,horse,animal,land,noise,horse_01443
clean/truck/truck_clean_00149.png,truck,vehicle,land,clean,truck_01444
blur/truck/truck_blur_00149.png,truck,vehicle,land,blur,truck_01444
pixelated/truck/truck_pixelated_00149.png,truck,vehicle,land,pixelated,truck_01444
noise/truck/truck_noise_00149.png,truck,vehicle,land,noise,truck_01444
clean/automobile/automobile_clean_00134.png,automobile,vehicle,land,clean,automobile_01445
blur/automobile/automobile_blur_00134.png,automobile,vehicle,land,blur,automobile_01445
pixelated/automobile/automobile_pixelated_00134.png,automobile,vehicle,land,pixelated,automobile_01445
noise/automobile/automobile_noise_00134.png,automobile,vehicle,land,noise,automobile_01445
clean/cat/cat_clean_00152.png,cat,animal,land,clean,cat_01446
blur/cat/cat_blur_00152.png,cat,animal,land,blur,cat_01446
pixelated/cat/cat_pixelated_00152.png,cat,animal,land,pixelated,cat_01446
noise/cat/cat_noise_00152.png,cat,animal,land,noise,cat_01446
clean/automobile/automobile_clean_00135.png,automobile,vehicle,land,clean,automobile_01447
blur/automobile/automobile_blur_00135.png,automobile,vehicle,land,blur,automobile_01447
pixelated/automobile/automobile_pixelated_00135.png,automobile,vehicle,land,pixelated,automobile_01447
noise/automobile/automobile_noise_00135.png,automobile,vehicle,land,noise,automobile_01447
clean/automobile/automobile_clean_00136.png,automobile,vehicle,land,clean,automobile_01448
blur/automobile/automobile_blur_00136.png,automobile,vehicle,land,blur,automobile_01448
pixelated/automobile/automobile_pixelated_00136.png,automobile,vehicle,land,pixelated,automobile_01448
noise/automobile/automobile_noise_00136.png,automobile,vehicle,land,noise,automobile_01448
clean/airplane/airplane_clean_00147.png,airplane,vehicle,air,clean,airplane_01449
blur/airplane/airplane_blur_00147.png,airplane,vehicle,air,blur,airplane_01449
pixelated/airplane/airplane_pixelated_00147.png,airplane,vehicle,air,pixelated,airplane_01449
noise/airplane/airplane_noise_00147.png,airplane,vehicle,air,noise,airplane_01449
clean/airplane/airplane_clean_00148.png,airplane,vehicle,air,clean,airplane_01450
blur/airplane/airplane_blur_00148.png,airplane,vehicle,air,blur,airplane_01450
pixelated/airplane/airplane_pixelated_00148.png,airplane,vehicle,air,pixelated,airplane_01450
noise/airplane/airplane_noise_00148.png,airplane,vehicle,air,noise,airplane_01450
clean/frog/frog_clean_00158.png,frog,animal,land,clean,frog_01451
blur/frog/frog_blur_00158.png,frog,animal,land,blur,frog_01451
pixelated/frog/frog_pixelated_00158.png,frog,animal,land,pixelated,frog_01451
noise/frog/frog_noise_00158.png,frog,animal,land,noise,frog_01451
clean/deer/deer_clean_00145.png,deer,animal,land,clean,deer_01452
blur/deer/deer_blur_00145.png,deer,animal,land,blur,deer_01452
pixelated/deer/deer_pixelated_00145.png,deer,animal,land,pixelated,deer_01452
noise/deer/deer_noise_00145.png,deer,animal,land,noise,deer_01452
clean/truck/truck_clean_00150.png,truck,vehicle,land,clean,truck_01453
blur/truck/truck_blur_00150.png,truck,vehicle,land,blur,truck_01453
pixelated/truck/truck_pixelated_00150.png,truck,vehicle,land,pixelated,truck_01453
noise/truck/truck_noise_00150.png,truck,vehicle,land,noise,truck_01453
clean/frog/frog_clean_00159.png,frog,animal,land,clean,frog_01454
blur/frog/frog_blur_00159.png,frog,animal,land,blur,frog_01454
pixelated/frog/frog_pixelated_00159.png,frog,animal,land,pixelated,frog_01454
noise/frog/frog_noise_00159.png,frog,animal,land,noise,frog_01454
clean/ship/ship_clean_00143.png,ship,vehicle,water,clean,ship_01455
blur/ship/ship_blur_00143.png,ship,vehicle,water,blur,ship_01455
pixelated/ship/ship_pixelated_00143.png,ship,vehicle,water,pixelated,ship_01455
noise/ship/ship_noise_00143.png,ship,vehicle,water,noise,ship_01455
clean/automobile/automobile_clean_00137.png,automobile,vehicle,land,clean,automobile_01456
blur/automobile/automobile_blur_00137.png,automobile,vehicle,land,blur,automobile_01456
pixelated/automobile/automobile_pixelated_00137.png,automobile,vehicle,land,pixelated,automobile_01456
noise/automobile/automobile_noise_00137.png,automobile,vehicle,land,noise,automobile_01456
clean/bird/bird_clean_00143.png,bird,animal,air,clean,bird_01457
blur/bird/bird_blur_00143.png,bird,animal,air,blur,bird_01457
pixelated/bird/bird_pixelated_00143.png,bird,animal,air,pixelated,bird_01457
noise/bird/bird_noise_00143.png,bird,animal,air,noise,bird_01457
clean/frog/frog_clean_00160.png,frog,animal,land,clean,frog_01458
blur/frog/frog_blur_00160.png,frog,animal,land,blur,frog_01458
pixelated/frog/frog_pixelated_00160.png,frog,animal,land,pixelated,frog_01458
noise/frog/frog_noise_00160.png,frog,animal,land,noise,frog_01458
clean/truck/truck_clean_00151.png,truck,vehicle,land,clean,truck_01459
blur/truck/truck_blur_00151.png,truck,vehicle,land,blur,truck_01459
pixelated/truck/truck_pixelated_00151.png,truck,vehicle,land,pixelated,truck_01459
noise/truck/truck_noise_00151.png,truck,vehicle,land,noise,truck_01459
clean/bird/bird_clean_00144.png,bird,animal,air,clean,bird_01460
blur/bird/bird_blur_00144.png,bird,animal,air,blur,bird_01460
pixelated/bird/bird_pixelated_00144.png,bird,animal,air,pixelated,bird_01460
noise/bird/bird_noise_00144.png,bird,animal,air,noise,bird_01460
clean/airplane/airplane_clean_00149.png,airplane,vehicle,air,clean,airplane_01461
blur/airplane/airplane_blur_00149.png,airplane,vehicle,air,blur,airplane_01461
pixelated/airplane/airplane_pixelated_00149.png,airplane,vehicle,air,pixelated,airplane_01461
noise/airplane/airplane_noise_00149.png,airplane,vehicle,air,noise,airplane_01461
clean/dog/dog_clean_00139.png,dog,animal,land,clean,dog_01462
blur/dog/dog_blur_00139.png,dog,animal,land,blur,dog_01462
pixelated/dog/dog_pixelated_00139.png,dog,animal,land,pixelated,dog_01462
noise/dog/dog_noise_00139.png,dog,animal,land,noise,dog_01462
clean/automobile/automobile_clean_00138.png,automobile,vehicle,land,clean,automobile_01463
blur/automobile/automobile_blur_00138.png,automobile,vehicle,land,blur,automobile_01463
pixelated/automobile/automobile_pixelated_00138.png,automobile,vehicle,land,pixelated,automobile_01463
noise/automobile/automobile_noise_00138.png,automobile,vehicle,land,noise,automobile_01463
clean/ship/ship_clean_00144.png,ship,vehicle,water,clean,ship_01464
blur/ship/ship_blur_00144.png,ship,vehicle,water,blur,ship_01464
pixelated/ship/ship_pixelated_00144.png,ship,vehicle,water,pixelated,ship_01464
noise/ship/ship_noise_00144.png,ship,vehicle,water,noise,ship_01464
clean/dog/dog_clean_00140.png,dog,animal,land,clean,dog_01465
blur/dog/dog_blur_00140.png,dog,animal,land,blur,dog_01465
pixelated/dog/dog_pixelated_00140.png,dog,animal,land,pixelated,dog_01465
noise/dog/dog_noise_00140.png,dog,animal,land,noise,dog_01465
clean/automobile/automobile_clean_00139.png,automobile,vehicle,land,clean,automobile_01466
blur/automobile/automobile_blur_00139.png,automobile,vehicle,land,blur,automobile_01466
pixelated/automobile/automobile_pixelated_00139.png,automobile,vehicle,land,pixelated,automobile_01466
noise/automobile/automobile_noise_00139.png,automobile,vehicle,land,noise,automobile_01466
clean/truck/truck_clean_00152.png,truck,vehicle,land,clean,truck_01467
blur/truck/truck_blur_00152.png,truck,vehicle,land,blur,truck_01467
pixelated/truck/truck_pixelated_00152.png,truck,vehicle,land,pixelated,truck_01467
noise/truck/truck_noise_00152.png,truck,vehicle,land,noise,truck_01467
clean/dog/dog_clean_00141.png,dog,animal,land,clean,dog_01468
blur/dog/dog_blur_00141.png,dog,animal,land,blur,dog_01468
pixelated/dog/dog_pixelated_00141.png,dog,animal,land,pixelated,dog_01468
noise/dog/dog_noise_00141.png,dog,animal,land,noise,dog_01468
clean/deer/deer_clean_00146.png,deer,animal,land,clean,deer_01469
blur/deer/deer_blur_00146.png,deer,animal,land,blur,deer_01469
pixelated/deer/deer_pixelated_00146.png,deer,animal,land,pixelated,deer_01469
noise/deer/deer_noise_00146.png,deer,animal,land,noise,deer_01469
clean/ship/ship_clean_00145.png,ship,vehicle,water,clean,ship_01470
blur/ship/ship_blur_00145.png,ship,vehicle,water,blur,ship_01470
pixelated/ship/ship_pixelated_00145.png,ship,vehicle,water,pixelated,ship_01470
noise/ship/ship_noise_00145.png,ship,vehicle,water,noise,ship_01470
clean/truck/truck_clean_00153.png,truck,vehicle,land,clean,truck_01471
blur/truck/truck_blur_00153.png,truck,vehicle,land,blur,truck_01471
pixelated/truck/truck_pixelated_00153.png,truck,vehicle,land,pixelated,truck_01471
noise/truck/truck_noise_00153.png,truck,vehicle,land,noise,truck_01471
clean/deer/deer_clean_00147.png,deer,animal,land,clean,deer_01472
blur/deer/deer_blur_00147.png,deer,animal,land,blur,deer_01472
pixelated/deer/deer_pixelated_00147.png,deer,animal,land,pixelated,deer_01472
noise/deer/deer_noise_00147.png,deer,animal,land,noise,deer_01472
clean/airplane/airplane_clean_00150.png,airplane,vehicle,air,clean,airplane_01473
blur/airplane/airplane_blur_00150.png,airplane,vehicle,air,blur,airplane_01473
pixelated/airplane/airplane_pixelated_00150.png,airplane,vehicle,air,pixelated,airplane_01473
noise/airplane/airplane_noise_00150.png,airplane,vehicle,air,noise,airplane_01473
clean/frog/frog_clean_00161.png,frog,animal,land,clean,frog_01474
blur/frog/frog_blur_00161.png,frog,animal,land,blur,frog_01474
pixelated/frog/frog_pixelated_00161.png,frog,animal,land,pixelated,frog_01474
noise/frog/frog_noise_00161.png,frog,animal,land,noise,frog_01474
clean/horse/horse_clean_00143.png,horse,animal,land,clean,horse_01475
blur/horse/horse_blur_00143.png,horse,animal,land,blur,horse_01475
pixelated/horse/horse_pixelated_00143.png,horse,animal,land,pixelated,horse_01475
noise/horse/horse_noise_00143.png,horse,animal,land,noise,horse_01475
clean/horse/horse_clean_00144.png,horse,animal,land,clean,horse_01476
blur/horse/horse_blur_00144.png,horse,animal,land,blur,horse_01476
pixelated/horse/horse_pixelated_00144.png,horse,animal,land,pixelated,horse_01476
noise/horse/horse_noise_00144.png,horse,animal,land,noise,horse_01476
clean/truck/truck_clean_00154.png,truck,vehicle,land,clean,truck_01477
blur/truck/truck_blur_00154.png,truck,vehicle,land,blur,truck_01477
pixelated/truck/truck_pixelated_00154.png,truck,vehicle,land,pixelated,truck_01477
noise/truck/truck_noise_00154.png,truck,vehicle,land,noise,truck_01477
clean/truck/truck_clean_00155.png,truck,vehicle,land,clean,truck_01478
blur/truck/truck_blur_00155.png,truck,vehicle,land,blur,truck_01478
pixelated/truck/truck_pixelated_00155.png,truck,vehicle,land,pixelated,truck_01478
noise/truck/truck_noise_00155.png,truck,vehicle,land,noise,truck_01478
clean/airplane/airplane_clean_00151.png,airplane,vehicle,air,clean,airplane_01479
blur/airplane/airplane_blur_00151.png,airplane,vehicle,air,blur,airplane_01479
pixelated/airplane/airplane_pixelated_00151.png,airplane,vehicle,air,pixelated,airplane_01479
noise/airplane/airplane_noise_00151.png,airplane,vehicle,air,noise,airplane_01479
clean/airplane/airplane_clean_00152.png,airplane,vehicle,air,clean,airplane_01480
blur/airplane/airplane_blur_00152.png,airplane,vehicle,air,blur,airplane_01480
pixelated/airplane/airplane_pixelated_00152.png,airplane,vehicle,air,pixelated,airplane_01480
noise/airplane/airplane_noise_00152.png,airplane,vehicle,air,noise,airplane_01480
clean/truck/truck_clean_00156.png,truck,vehicle,land,clean,truck_01481
blur/truck/truck_blur_00156.png,truck,vehicle,land,blur,truck_01481
pixelated/truck/truck_pixelated_00156.png,truck,vehicle,land,pixelated,truck_01481
noise/truck/truck_noise_00156.png,truck,vehicle,land,noise,truck_01481
clean/airplane/airplane_clean_00153.png,airplane,vehicle,air,clean,airplane_01482
blur/airplane/airplane_blur_00153.png,airplane,vehicle,air,blur,airplane_01482
pixelated/airplane/airplane_pixelated_00153.png,airplane,vehicle,air,pixelated,airplane_01482
noise/airplane/airplane_noise_00153.png,airplane,vehicle,air,noise,airplane_01482
clean/bird/bird_clean_00145.png,bird,animal,air,clean,bird_01483
blur/bird/bird_blur_00145.png,bird,animal,air,blur,bird_01483
pixelated/bird/bird_pixelated_00145.png,bird,animal,air,pixelated,bird_01483
noise/bird/bird_noise_00145.png,bird,animal,air,noise,bird_01483
clean/dog/dog_clean_00142.png,dog,animal,land,clean,dog_01484
blur/dog/dog_blur_00142.png,dog,animal,land,blur,dog_01484
pixelated/dog/dog_pixelated_00142.png,dog,animal,land,pixelated,dog_01484
noise/dog/dog_noise_00142.png,dog,animal,land,noise,dog_01484
clean/automobile/automobile_clean_00140.png,automobile,vehicle,land,clean,automobile_01485
blur/automobile/automobile_blur_00140.png,automobile,vehicle,land,blur,automobile_01485
pixelated/automobile/automobile_pixelated_00140.png,automobile,vehicle,land,pixelated,automobile_01485
noise/automobile/automobile_noise_00140.png,automobile,vehicle,land,noise,automobile_01485
clean/cat/cat_clean_00153.png,cat,animal,land,clean,cat_01486
blur/cat/cat_blur_00153.png,cat,animal,land,blur,cat_01486
pixelated/cat/cat_pixelated_00153.png,cat,animal,land,pixelated,cat_01486
noise/cat/cat_noise_00153.png,cat,animal,land,noise,cat_01486
clean/cat/cat_clean_00154.png,cat,animal,land,clean,cat_01487
blur/cat/cat_blur_00154.png,cat,animal,land,blur,cat_01487
pixelated/cat/cat_pixelated_00154.png,cat,animal,land,pixelated,cat_01487
noise/cat/cat_noise_00154.png,cat,animal,land,noise,cat_01487
clean/dog/dog_clean_00143.png,dog,animal,land,clean,dog_01488
blur/dog/dog_blur_00143.png,dog,animal,land,blur,dog_01488
pixelated/dog/dog_pixelated_00143.png,dog,animal,land,pixelated,dog_01488
noise/dog/dog_noise_00143.png,dog,animal,land,noise,dog_01488
clean/automobile/automobile_clean_00141.png,automobile,vehicle,land,clean,automobile_01489
blur/automobile/automobile_blur_00141.png,automobile,vehicle,land,blur,automobile_01489
pixelated/automobile/automobile_pixelated_00141.png,automobile,vehicle,land,pixelated,automobile_01489
noise/automobile/automobile_noise_00141.png,automobile,vehicle,land,noise,automobile_01489
clean/ship/ship_clean_00146.png,ship,vehicle,water,clean,ship_01490
blur/ship/ship_blur_00146.png,ship,vehicle,water,blur,ship_01490
pixelated/ship/ship_pixelated_00146.png,ship,vehicle,water,pixelated,ship_01490
noise/ship/ship_noise_00146.png,ship,vehicle,water,noise,ship_01490
clean/airplane/airplane_clean_00154.png,airplane,vehicle,air,clean,airplane_01491
blur/airplane/airplane_blur_00154.png,airplane,vehicle,air,blur,airplane_01491
pixelated/airplane/airplane_pixelated_00154.png,airplane,vehicle,air,pixelated,airplane_01491
noise/airplane/airplane_noise_00154.png,airplane,vehicle,air,noise,airplane_01491
clean/dog/dog_clean_00144.png,dog,animal,land,clean,dog_01492
blur/dog/dog_blur_00144.png,dog,animal,land,blur,dog_01492
pixelated/dog/dog_pixelated_00144.png,dog,animal,land,pixelated,dog_01492
noise/dog/dog_noise_00144.png,dog,animal,land,noise,dog_01492
clean/dog/dog_clean_00145.png,dog,animal,land,clean,dog_01493
blur/dog/dog_blur_00145.png,dog,animal,land,blur,dog_01493
pixelated/dog/dog_pixelated_00145.png,dog,animal,land,pixelated,dog_01493
noise/dog/dog_noise_00145.png,dog,animal,land,noise,dog_01493
clean/truck/truck_clean_00157.png,truck,vehicle,land,clean,truck_01494
blur/truck/truck_blur_00157.png,truck,vehicle,land,blur,truck_01494
pixelated/truck/truck_pixelated_00157.png,truck,vehicle,land,pixelated,truck_01494
noise/truck/truck_noise_00157.png,truck,vehicle,land,noise,truck_01494
clean/cat/cat_clean_00155.png,cat,animal,land,clean,cat_01495
blur/cat/cat_blur_00155.png,cat,animal,land,blur,cat_01495
pixelated/cat/cat_pixelated_00155.png,cat,animal,land,pixelated,cat_01495
noise/cat/cat_noise_00155.png,cat,animal,land,noise,cat_01495
clean/frog/frog_clean_00162.png,frog,animal,land,clean,frog_01496
blur/frog/frog_blur_00162.png,frog,animal,land,blur,frog_01496
pixelated/frog/frog_pixelated_00162.png,frog,animal,land,pixelated,frog_01496
noise/frog/frog_noise_00162.png,frog,animal,land,noise,frog_01496
clean/bird/bird_clean_00146.png,bird,animal,air,clean,bird_01497
blur/bird/bird_blur_00146.png,bird,animal,air,blur,bird_01497
pixelated/bird/bird_pixelated_00146.png,bird,animal,air,pixelated,bird_01497
noise/bird/bird_noise_00146.png,bird,animal,air,noise,bird_01497
clean/bird/bird_clean_00147.png,bird,animal,air,clean,bird_01498
blur/bird/bird_blur_00147.png,bird,animal,air,blur,bird_01498
pixelated/bird/bird_pixelated_00147.png,bird,animal,air,pixelated,bird_01498
noise/bird/bird_noise_00147.png,bird,animal,air,noise,bird_01498
clean/airplane/airplane_clean_00155.png,airplane,vehicle,air,clean,airplane_01499
blur/airplane/airplane_blur_00155.png,airplane,vehicle,air,blur,airplane_01499
pixelated/airplane/airplane_pixelated_00155.png,airplane,vehicle,air,pixelated,airplane_01499
noise/airplane/airplane_noise_00155.png,airplane,vehicle,air,noise,airplane_01499
clean/truck/truck_clean_00158.png,truck,vehicle,land,clean,truck_01500
blur/truck/truck_blur_00158.png,truck,vehicle,land,blur,truck_01500
pixelated/truck/truck_pixelated_00158.png,truck,vehicle,land,pixelated,truck_01500
noise/truck/truck_noise_00158.png,truck,vehicle,land,noise,truck_01500
clean/ship/ship_clean_00147.png,ship,vehicle,water,clean,ship_01501
blur/ship/ship_blur_00147.png,ship,vehicle,water,blur,ship_01501
pixelated/ship/ship_pixelated_00147.png,ship,vehicle,water,pixelated,ship_01501
noise/ship/ship_noise_00147.png,ship,vehicle,water,noise,ship_01501
clean/deer/deer_clean_00148.png,deer,animal,land,clean,deer_01502
blur/deer/deer_blur_00148.png,deer,animal,land,blur,deer_01502
pixelated/deer/deer_pixelated_00148.png,deer,animal,land,pixelated,deer_01502
noise/deer/deer_noise_00148.png,deer,animal,land,noise,deer_01502
clean/automobile/automobile_clean_00142.png,automobile,vehicle,land,clean,automobile_01503
blur/automobile/automobile_blur_00142.png,automobile,vehicle,land,blur,automobile_01503
pixelated/automobile/automobile_pixelated_00142.png,automobile,vehicle,land,pixelated,automobile_01503
noise/automobile/automobile_noise_00142.png,automobile,vehicle,land,noise,automobile_01503
clean/dog/dog_clean_00146.png,dog,animal,land,clean,dog_01504
blur/dog/dog_blur_00146.png,dog,animal,land,blur,dog_01504
pixelated/dog/dog_pixelated_00146.png,dog,animal,land,pixelated,dog_01504
noise/dog/dog_noise_00146.png,dog,animal,land,noise,dog_01504
clean/bird/bird_clean_00148.png,bird,animal,air,clean,bird_01505
blur/bird/bird_blur_00148.png,bird,animal,air,blur,bird_01505
pixelated/bird/bird_pixelated_00148.png,bird,animal,air,pixelated,bird_01505
noise/bird/bird_noise_00148.png,bird,animal,air,noise,bird_01505
clean/bird/bird_clean_00149.png,bird,animal,air,clean,bird_01506
blur/bird/bird_blur_00149.png,bird,animal,air,blur,bird_01506
pixelated/bird/bird_pixelated_00149.png,bird,animal,air,pixelated,bird_01506
noise/bird/bird_noise_00149.png,bird,animal,air,noise,bird_01506
clean/frog/frog_clean_00163.png,frog,animal,land,clean,frog_01507
blur/frog/frog_blur_00163.png,frog,animal,land,blur,frog_01507
pixelated/frog/frog_pixelated_00163.png,frog,animal,land,pixelated,frog_01507
noise/frog/frog_noise_00163.png,frog,animal,land,noise,frog_01507
clean/dog/dog_clean_00147.png,dog,animal,land,clean,dog_01508
blur/dog/dog_blur_00147.png,dog,animal,land,blur,dog_01508
pixelated/dog/dog_pixelated_00147.png,dog,animal,land,pixelated,dog_01508
noise/dog/dog_noise_00147.png,dog,animal,land,noise,dog_01508
clean/ship/ship_clean_00148.png,ship,vehicle,water,clean,ship_01509
blur/ship/ship_blur_00148.png,ship,vehicle,water,blur,ship_01509
pixelated/ship/ship_pixelated_00148.png,ship,vehicle,water,pixelated,ship_01509
noise/ship/ship_noise_00148.png,ship,vehicle,water,noise,ship_01509
clean/deer/deer_clean_00149.png,deer,animal,land,clean,deer_01510
blur/deer/deer_blur_00149.png,deer,animal,land,blur,deer_01510
pixelated/deer/deer_pixelated_00149.png,deer,animal,land,pixelated,deer_01510
noise/deer/deer_noise_00149.png,deer,animal,land,noise,deer_01510
clean/frog/frog_clean_00164.png,frog,animal,land,clean,frog_01511
blur/frog/frog_blur_00164.png,frog,animal,land,blur,frog_01511
pixelated/frog/frog_pixelated_00164.png,frog,animal,land,pixelated,frog_01511
noise/frog/frog_noise_00164.png,frog,animal,land,noise,frog_01511
clean/horse/horse_clean_00145.png,horse,animal,land,clean,horse_01512
blur/horse/horse_blur_00145.png,horse,animal,land,blur,horse_01512
pixelated/horse/horse_pixelated_00145.png,horse,animal,land,pixelated,horse_01512
noise/horse/horse_noise_00145.png,horse,animal,land,noise,horse_01512
clean/ship/ship_clean_00149.png,ship,vehicle,water,clean,ship_01513
blur/ship/ship_blur_00149.png,ship,vehicle,water,blur,ship_01513
pixelated/ship/ship_pixelated_00149.png,ship,vehicle,water,pixelated,ship_01513
noise/ship/ship_noise_00149.png,ship,vehicle,water,noise,ship_01513
clean/ship/ship_clean_00150.png,ship,vehicle,water,clean,ship_01514
blur/ship/ship_blur_00150.png,ship,vehicle,water,blur,ship_01514
pixelated/ship/ship_pixelated_00150.png,ship,vehicle,water,pixelated,ship_01514
noise/ship/ship_noise_00150.png,ship,vehicle,water,noise,ship_01514
clean/horse/horse_clean_00146.png,horse,animal,land,clean,horse_01515
blur/horse/horse_blur_00146.png,horse,animal,land,blur,horse_01515
pixelated/horse/horse_pixelated_00146.png,horse,animal,land,pixelated,horse_01515
noise/horse/horse_noise_00146.png,horse,animal,land,noise,horse_01515
clean/automobile/automobile_clean_00143.png,automobile,vehicle,land,clean,automobile_01516
blur/automobile/automobile_blur_00143.png,automobile,vehicle,land,blur,automobile_01516
pixelated/automobile/automobile_pixelated_00143.png,automobile,vehicle,land,pixelated,automobile_01516
noise/automobile/automobile_noise_00143.png,automobile,vehicle,land,noise,automobile_01516
clean/bird/bird_clean_00150.png,bird,animal,air,clean,bird_01517
blur/bird/bird_blur_00150.png,bird,animal,air,blur,bird_01517
pixelated/bird/bird_pixelated_00150.png,bird,animal,air,pixelated,bird_01517
noise/bird/bird_noise_00150.png,bird,animal,air,noise,bird_01517
clean/dog/dog_clean_00148.png,dog,animal,land,clean,dog_01518
blur/dog/dog_blur_00148.png,dog,animal,land,blur,dog_01518
pixelated/dog/dog_pixelated_00148.png,dog,animal,land,pixelated,dog_01518
noise/dog/dog_noise_00148.png,dog,animal,land,noise,dog_01518
clean/horse/horse_clean_00147.png,horse,animal,land,clean,horse_01519
blur/horse/horse_blur_00147.png,horse,animal,land,blur,horse_01519
pixelated/horse/horse_pixelated_00147.png,horse,animal,land,pixelated,horse_01519
noise/horse/horse_noise_00147.png,horse,animal,land,noise,horse_01519
clean/horse/horse_clean_00148.png,horse,animal,land,clean,horse_01520
blur/horse/horse_blur_00148.png,horse,animal,land,blur,horse_01520
pixelated/horse/horse_pixelated_00148.png,horse,animal,land,pixelated,horse_01520
noise/horse/horse_noise_00148.png,horse,animal,land,noise,horse_01520
clean/frog/frog_clean_00165.png,frog,animal,land,clean,frog_01521
blur/frog/frog_blur_00165.png,frog,animal,land,blur,frog_01521
pixelated/frog/frog_pixelated_00165.png,frog,animal,land,pixelated,frog_01521
noise/frog/frog_noise_00165.png,frog,animal,land,noise,frog_01521
clean/bird/bird_clean_00151.png,bird,animal,air,clean,bird_01522
blur/bird/bird_blur_00151.png,bird,animal,air,blur,bird_01522
pixelated/bird/bird_pixelated_00151.png,bird,animal,air,pixelated,bird_01522
noise/bird/bird_noise_00151.png,bird,animal,air,noise,bird_01522
clean/ship/ship_clean_00151.png,ship,vehicle,water,clean,ship_01523
blur/ship/ship_blur_00151.png,ship,vehicle,water,blur,ship_01523
pixelated/ship/ship_pixelated_00151.png,ship,vehicle,water,pixelated,ship_01523
noise/ship/ship_noise_00151.png,ship,vehicle,water,noise,ship_01523
clean/dog/dog_clean_00149.png,dog,animal,land,clean,dog_01524
blur/dog/dog_blur_00149.png,dog,animal,land,blur,dog_01524
pixelated/dog/dog_pixelated_00149.png,dog,animal,land,pixelated,dog_01524
noise/dog/dog_noise_00149.png,dog,animal,land,noise,dog_01524
clean/horse/horse_clean_00149.png,horse,animal,land,clean,horse_01525
blur/horse/horse_blur_00149.png,horse,animal,land,blur,horse_01525
pixelated/horse/horse_pixelated_00149.png,horse,animal,land,pixelated,horse_01525
noise/horse/horse_noise_00149.png,horse,animal,land,noise,horse_01525
clean/deer/deer_clean_00150.png,deer,animal,land,clean,deer_01526
blur/deer/deer_blur_00150.png,deer,animal,land,blur,deer_01526
pixelated/deer/deer_pixelated_00150.png,deer,animal,land,pixelated,deer_01526
noise/deer/deer_noise_00150.png,deer,animal,land,noise,deer_01526
clean/automobile/automobile_clean_00144.png,automobile,vehicle,land,clean,automobile_01527
blur/automobile/automobile_blur_00144.png,automobile,vehicle,land,blur,automobile_01527
pixelated/automobile/automobile_pixelated_00144.png,automobile,vehicle,land,pixelated,automobile_01527
noise/automobile/automobile_noise_00144.png,automobile,vehicle,land,noise,automobile_01527
clean/truck/truck_clean_00159.png,truck,vehicle,land,clean,truck_01528
blur/truck/truck_blur_00159.png,truck,vehicle,land,blur,truck_01528
pixelated/truck/truck_pixelated_00159.png,truck,vehicle,land,pixelated,truck_01528
noise/truck/truck_noise_00159.png,truck,vehicle,land,noise,truck_01528
clean/cat/cat_clean_00156.png,cat,animal,land,clean,cat_01529
blur/cat/cat_blur_00156.png,cat,animal,land,blur,cat_01529
pixelated/cat/cat_pixelated_00156.png,cat,animal,land,pixelated,cat_01529
noise/cat/cat_noise_00156.png,cat,animal,land,noise,cat_01529
clean/airplane/airplane_clean_00156.png,airplane,vehicle,air,clean,airplane_01530
blur/airplane/airplane_blur_00156.png,airplane,vehicle,air,blur,airplane_01530
pixelated/airplane/airplane_pixelated_00156.png,airplane,vehicle,air,pixelated,airplane_01530
noise/airplane/airplane_noise_00156.png,airplane,vehicle,air,noise,airplane_01530
clean/cat/cat_clean_00157.png,cat,animal,land,clean,cat_01531
blur/cat/cat_blur_00157.png,cat,animal,land,blur,cat_01531
pixelated/cat/cat_pixelated_00157.png,cat,animal,land,pixelated,cat_01531
noise/cat/cat_noise_00157.png,cat,animal,land,noise,cat_01531
clean/horse/horse_clean_00150.png,horse,animal,land,clean,horse_01532
blur/horse/horse_blur_00150.png,horse,animal,land,blur,horse_01532
pixelated/horse/horse_pixelated_00150.png,horse,animal,land,pixelated,horse_01532
noise/horse/horse_noise_00150.png,horse,animal,land,noise,horse_01532
clean/ship/ship_clean_00152.png,ship,vehicle,water,clean,ship_01533
blur/ship/ship_blur_00152.png,ship,vehicle,water,blur,ship_01533
pixelated/ship/ship_pixelated_00152.png,ship,vehicle,water,pixelated,ship_01533
noise/ship/ship_noise_00152.png,ship,vehicle,water,noise,ship_01533
clean/automobile/automobile_clean_00145.png,automobile,vehicle,land,clean,automobile_01534
blur/automobile/automobile_blur_00145.png,automobile,vehicle,land,blur,automobile_01534
pixelated/automobile/automobile_pixelated_00145.png,automobile,vehicle,land,pixelated,automobile_01534
noise/automobile/automobile_noise_00145.png,automobile,vehicle,land,noise,automobile_01534
clean/deer/deer_clean_00151.png,deer,animal,land,clean,deer_01535
blur/deer/deer_blur_00151.png,deer,animal,land,blur,deer_01535
pixelated/deer/deer_pixelated_00151.png,deer,animal,land,pixelated,deer_01535
noise/deer/deer_noise_00151.png,deer,animal,land,noise,deer_01535
clean/horse/horse_clean_00151.png,horse,animal,land,clean,horse_01536
blur/horse/horse_blur_00151.png,horse,animal,land,blur,horse_01536
pixelated/horse/horse_pixelated_00151.png,horse,animal,land,pixelated,horse_01536
noise/horse/horse_noise_00151.png,horse,animal,land,noise,horse_01536
clean/cat/cat_clean_00158.png,cat,animal,land,clean,cat_01537
blur/cat/cat_blur_00158.png,cat,animal,land,blur,cat_01537
pixelated/cat/cat_pixelated_00158.png,cat,animal,land,pixelated,cat_01537
noise/cat/cat_noise_00158.png,cat,animal,land,noise,cat_01537
clean/airplane/airplane_clean_00157.png,airplane,vehicle,air,clean,airplane_01538
blur/airplane/airplane_blur_00157.png,airplane,vehicle,air,blur,airplane_01538
pixelated/airplane/airplane_pixelated_00157.png,airplane,vehicle,air,pixelated,airplane_01538
noise/airplane/airplane_noise_00157.png,airplane,vehicle,air,noise,airplane_01538
clean/deer/deer_clean_00152.png,deer,animal,land,clean,deer_01539
blur/deer/deer_blur_00152.png,deer,animal,land,blur,deer_01539
pixelated/deer/deer_pixelated_00152.png,deer,animal,land,pixelated,deer_01539
noise/deer/deer_noise_00152.png,deer,animal,land,noise,deer_01539
clean/dog/dog_clean_00150.png,dog,animal,land,clean,dog_01540
blur/dog/dog_blur_00150.png,dog,animal,land,blur,dog_01540
pixelated/dog/dog_pixelated_00150.png,dog,animal,land,pixelated,dog_01540
noise/dog/dog_noise_00150.png,dog,animal,land,noise,dog_01540
clean/truck/truck_clean_00160.png,truck,vehicle,land,clean,truck_01541
blur/truck/truck_blur_00160.png,truck,vehicle,land,blur,truck_01541
pixelated/truck/truck_pixelated_00160.png,truck,vehicle,land,pixelated,truck_01541
noise/truck/truck_noise_00160.png,truck,vehicle,land,noise,truck_01541
clean/ship/ship_clean_00153.png,ship,vehicle,water,clean,ship_01542
blur/ship/ship_blur_00153.png,ship,vehicle,water,blur,ship_01542
pixelated/ship/ship_pixelated_00153.png,ship,vehicle,water,pixelated,ship_01542
noise/ship/ship_noise_00153.png,ship,vehicle,water,noise,ship_01542
clean/ship/ship_clean_00154.png,ship,vehicle,water,clean,ship_01543
blur/ship/ship_blur_00154.png,ship,vehicle,water,blur,ship_01543
pixelated/ship/ship_pixelated_00154.png,ship,vehicle,water,pixelated,ship_01543
noise/ship/ship_noise_00154.png,ship,vehicle,water,noise,ship_01543
clean/airplane/airplane_clean_00158.png,airplane,vehicle,air,clean,airplane_01544
blur/airplane/airplane_blur_00158.png,airplane,vehicle,air,blur,airplane_01544
pixelated/airplane/airplane_pixelated_00158.png,airplane,vehicle,air,pixelated,airplane_01544
noise/airplane/airplane_noise_00158.png,airplane,vehicle,air,noise,airplane_01544
clean/horse/horse_clean_00152.png,horse,animal,land,clean,horse_01545
blur/horse/horse_blur_00152.png,horse,animal,land,blur,horse_01545
pixelated/horse/horse_pixelated_00152.png,horse,animal,land,pixelated,horse_01545
noise/horse/horse_noise_00152.png,horse,animal,land,noise,horse_01545
clean/bird/bird_clean_00152.png,bird,animal,air,clean,bird_01546
blur/bird/bird_blur_00152.png,bird,animal,air,blur,bird_01546
pixelated/bird/bird_pixelated_00152.png,bird,animal,air,pixelated,bird_01546
noise/bird/bird_noise_00152.png,bird,animal,air,noise,bird_01546
clean/dog/dog_clean_00151.png,dog,animal,land,clean,dog_01547
blur/dog/dog_blur_00151.png,dog,animal,land,blur,dog_01547
pixelated/dog/dog_pixelated_00151.png,dog,animal,land,pixelated,dog_01547
noise/dog/dog_noise_00151.png,dog,animal,land,noise,dog_01547
clean/ship/ship_clean_00155.png,ship,vehicle,water,clean,ship_01548
blur/ship/ship_blur_00155.png,ship,vehicle,water,blur,ship_01548
pixelated/ship/ship_pixelated_00155.png,ship,vehicle,water,pixelated,ship_01548
noise/ship/ship_noise_00155.png,ship,vehicle,water,noise,ship_01548
clean/automobile/automobile_clean_00146.png,automobile,vehicle,land,clean,automobile_01549
blur/automobile/automobile_blur_00146.png,automobile,vehicle,land,blur,automobile_01549
pixelated/automobile/automobile_pixelated_00146.png,automobile,vehicle,land,pixelated,automobile_01549
noise/automobile/automobile_noise_00146.png,automobile,vehicle,land,noise,automobile_01549
clean/cat/cat_clean_00159.png,cat,animal,land,clean,cat_01550
blur/cat/cat_blur_00159.png,cat,animal,land,blur,cat_01550
pixelated/cat/cat_pixelated_00159.png,cat,animal,land,pixelated,cat_01550
noise/cat/cat_noise_00159.png,cat,animal,land,noise,cat_01550
clean/deer/deer_clean_00153.png,deer,animal,land,clean,deer_01551
blur/deer/deer_blur_00153.png,deer,animal,land,blur,deer_01551
pixelated/deer/deer_pixelated_00153.png,deer,animal,land,pixelated,deer_01551
noise/deer/deer_noise_00153.png,deer,animal,land,noise,deer_01551
clean/airplane/airplane_clean_00159.png,airplane,vehicle,air,clean,airplane_01552
blur/airplane/airplane_blur_00159.png,airplane,vehicle,air,blur,airplane_01552
pixelated/airplane/airplane_pixelated_00159.png,airplane,vehicle,air,pixelated,airplane_01552
noise/airplane/airplane_noise_00159.png,airplane,vehicle,air,noise,airplane_01552
clean/truck/truck_clean_00161.png,truck,vehicle,land,clean,truck_01553
blur/truck/truck_blur_00161.png,truck,vehicle,land,blur,truck_01553
pixelated/truck/truck_pixelated_00161.png,truck,vehicle,land,pixelated,truck_01553
noise/truck/truck_noise_00161.png,truck,vehicle,land,noise,truck_01553
clean/deer/deer_clean_00154.png,deer,animal,land,clean,deer_01554
blur/deer/deer_blur_00154.png,deer,animal,land,blur,deer_01554
pixelated/deer/deer_pixelated_00154.png,deer,animal,land,pixelated,deer_01554
noise/deer/deer_noise_00154.png,deer,animal,land,noise,deer_01554
clean/cat/cat_clean_00160.png,cat,animal,land,clean,cat_01555
blur/cat/cat_blur_00160.png,cat,animal,land,blur,cat_01555
pixelated/cat/cat_pixelated_00160.png,cat,animal,land,pixelated,cat_01555
noise/cat/cat_noise_00160.png,cat,animal,land,noise,cat_01555
clean/deer/deer_clean_00155.png,deer,animal,land,clean,deer_01556
blur/deer/deer_blur_00155.png,deer,animal,land,blur,deer_01556
pixelated/deer/deer_pixelated_00155.png,deer,animal,land,pixelated,deer_01556
noise/deer/deer_noise_00155.png,deer,animal,land,noise,deer_01556
clean/truck/truck_clean_00162.png,truck,vehicle,land,clean,truck_01557
blur/truck/truck_blur_00162.png,truck,vehicle,land,blur,truck_01557
pixelated/truck/truck_pixelated_00162.png,truck,vehicle,land,pixelated,truck_01557
noise/truck/truck_noise_00162.png,truck,vehicle,land,noise,truck_01557
clean/bird/bird_clean_00153.png,bird,animal,air,clean,bird_01558
blur/bird/bird_blur_00153.png,bird,animal,air,blur,bird_01558
pixelated/bird/bird_pixelated_00153.png,bird,animal,air,pixelated,bird_01558
noise/bird/bird_noise_00153.png,bird,animal,air,noise,bird_01558
clean/truck/truck_clean_00163.png,truck,vehicle,land,clean,truck_01559
blur/truck/truck_blur_00163.png,truck,vehicle,land,blur,truck_01559
pixelated/truck/truck_pixelated_00163.png,truck,vehicle,land,pixelated,truck_01559
noise/truck/truck_noise_00163.png,truck,vehicle,land,noise,truck_01559
clean/horse/horse_clean_00153.png,horse,animal,land,clean,horse_01560
blur/horse/horse_blur_00153.png,horse,animal,land,blur,horse_01560
pixelated/horse/horse_pixelated_00153.png,horse,animal,land,pixelated,horse_01560
noise/horse/horse_noise_00153.png,horse,animal,land,noise,horse_01560
clean/horse/horse_clean_00154.png,horse,animal,land,clean,horse_01561
blur/horse/horse_blur_00154.png,horse,animal,land,blur,horse_01561
pixelated/horse/horse_pixelated_00154.png,horse,animal,land,pixelated,horse_01561
noise/horse/horse_noise_00154.png,horse,animal,land,noise,horse_01561
clean/ship/ship_clean_00156.png,ship,vehicle,water,clean,ship_01562
blur/ship/ship_blur_00156.png,ship,vehicle,water,blur,ship_01562
pixelated/ship/ship_pixelated_00156.png,ship,vehicle,water,pixelated,ship_01562
noise/ship/ship_noise_00156.png,ship,vehicle,water,noise,ship_01562
clean/cat/cat_clean_00161.png,cat,animal,land,clean,cat_01563
blur/cat/cat_blur_00161.png,cat,animal,land,blur,cat_01563
pixelated/cat/cat_pixelated_00161.png,cat,animal,land,pixelated,cat_01563
noise/cat/cat_noise_00161.png,cat,animal,land,noise,cat_01563
clean/airplane/airplane_clean_00160.png,airplane,vehicle,air,clean,airplane_01564
blur/airplane/airplane_blur_00160.png,airplane,vehicle,air,blur,airplane_01564
pixelated/airplane/airplane_pixelated_00160.png,airplane,vehicle,air,pixelated,airplane_01564
noise/airplane/airplane_noise_00160.png,airplane,vehicle,air,noise,airplane_01564
clean/cat/cat_clean_00162.png,cat,animal,land,clean,cat_01565
blur/cat/cat_blur_00162.png,cat,animal,land,blur,cat_01565
pixelated/cat/cat_pixelated_00162.png,cat,animal,land,pixelated,cat_01565
noise/cat/cat_noise_00162.png,cat,animal,land,noise,cat_01565
clean/bird/bird_clean_00154.png,bird,animal,air,clean,bird_01566
blur/bird/bird_blur_00154.png,bird,animal,air,blur,bird_01566
pixelated/bird/bird_pixelated_00154.png,bird,animal,air,pixelated,bird_01566
noise/bird/bird_noise_00154.png,bird,animal,air,noise,bird_01566
clean/truck/truck_clean_00164.png,truck,vehicle,land,clean,truck_01567
blur/truck/truck_blur_00164.png,truck,vehicle,land,blur,truck_01567
pixelated/truck/truck_pixelated_00164.png,truck,vehicle,land,pixelated,truck_01567
noise/truck/truck_noise_00164.png,truck,vehicle,land,noise,truck_01567
clean/automobile/automobile_clean_00147.png,automobile,vehicle,land,clean,automobile_01568
blur/automobile/automobile_blur_00147.png,automobile,vehicle,land,blur,automobile_01568
pixelated/automobile/automobile_pixelated_00147.png,automobile,vehicle,land,pixelated,automobile_01568
noise/automobile/automobile_noise_00147.png,automobile,vehicle,land,noise,automobile_01568
clean/cat/cat_clean_00163.png,cat,animal,land,clean,cat_01569
blur/cat/cat_blur_00163.png,cat,animal,land,blur,cat_01569
pixelated/cat/cat_pixelated_00163.png,cat,animal,land,pixelated,cat_01569
noise/cat/cat_noise_00163.png,cat,animal,land,noise,cat_01569
clean/ship/ship_clean_00157.png,ship,vehicle,water,clean,ship_01570
blur/ship/ship_blur_00157.png,ship,vehicle,water,blur,ship_01570
pixelated/ship/ship_pixelated_00157.png,ship,vehicle,water,pixelated,ship_01570
noise/ship/ship_noise_00157.png,ship,vehicle,water,noise,ship_01570
clean/ship/ship_clean_00158.png,ship,vehicle,water,clean,ship_01571
blur/ship/ship_blur_00158.png,ship,vehicle,water,blur,ship_01571
pixelated/ship/ship_pixelated_00158.png,ship,vehicle,water,pixelated,ship_01571
noise/ship/ship_noise_00158.png,ship,vehicle,water,noise,ship_01571
clean/truck/truck_clean_00165.png,truck,vehicle,land,clean,truck_01572
blur/truck/truck_blur_00165.png,truck,vehicle,land,blur,truck_01572
pixelated/truck/truck_pixelated_00165.png,truck,vehicle,land,pixelated,truck_01572
noise/truck/truck_noise_00165.png,truck,vehicle,land,noise,truck_01572
clean/automobile/automobile_clean_00148.png,automobile,vehicle,land,clean,automobile_01573
blur/automobile/automobile_blur_00148.png,automobile,vehicle,land,blur,automobile_01573
pixelated/automobile/automobile_pixelated_00148.png,automobile,vehicle,land,pixelated,automobile_01573
noise/automobile/automobile_noise_00148.png,automobile,vehicle,land,noise,automobile_01573
clean/cat/cat_clean_00164.png,cat,animal,land,clean,cat_01574
blur/cat/cat_blur_00164.png,cat,animal,land,blur,cat_01574
pixelated/cat/cat_pixelated_00164.png,cat,animal,land,pixelated,cat_01574
noise/cat/cat_noise_00164.png,cat,animal,land,noise,cat_01574
clean/airplane/airplane_clean_00161.png,airplane,vehicle,air,clean,airplane_01575
blur/airplane/airplane_blur_00161.png,airplane,vehicle,air,blur,airplane_01575
pixelated/airplane/airplane_pixelated_00161.png,airplane,vehicle,air,pixelated,airplane_01575
noise/airplane/airplane_noise_00161.png,airplane,vehicle,air,noise,airplane_01575
clean/dog/dog_clean_00152.png,dog,animal,land,clean,dog_01576
blur/dog/dog_blur_00152.png,dog,animal,land,blur,dog_01576
pixelated/dog/dog_pixelated_00152.png,dog,animal,land,pixelated,dog_01576
noise/dog/dog_noise_00152.png,dog,animal,land,noise,dog_01576
clean/cat/cat_clean_00165.png,cat,animal,land,clean,cat_01577
blur/cat/cat_blur_00165.png,cat,animal,land,blur,cat_01577
pixelated/cat/cat_pixelated_00165.png,cat,animal,land,pixelated,cat_01577
noise/cat/cat_noise_00165.png,cat,animal,land,noise,cat_01577
clean/cat/cat_clean_00166.png,cat,animal,land,clean,cat_01578
blur/cat/cat_blur_00166.png,cat,animal,land,blur,cat_01578
pixelated/cat/cat_pixelated_00166.png,cat,animal,land,pixelated,cat_01578
noise/cat/cat_noise_00166.png,cat,animal,land,noise,cat_01578
clean/ship/ship_clean_00159.png,ship,vehicle,water,clean,ship_01579
blur/ship/ship_blur_00159.png,ship,vehicle,water,blur,ship_01579
pixelated/ship/ship_pixelated_00159.png,ship,vehicle,water,pixelated,ship_01579
noise/ship/ship_noise_00159.png,ship,vehicle,water,noise,ship_01579
clean/frog/frog_clean_00166.png,frog,animal,land,clean,frog_01580
blur/frog/frog_blur_00166.png,frog,animal,land,blur,frog_01580
pixelated/frog/frog_pixelated_00166.png,frog,animal,land,pixelated,frog_01580
noise/frog/frog_noise_00166.png,frog,animal,land,noise,frog_01580
clean/dog/dog_clean_00153.png,dog,animal,land,clean,dog_01581
blur/dog/dog_blur_00153.png,dog,animal,land,blur,dog_01581
pixelated/dog/dog_pixelated_00153.png,dog,animal,land,pixelated,dog_01581
noise/dog/dog_noise_00153.png,dog,animal,land,noise,dog_01581
clean/automobile/automobile_clean_00149.png,automobile,vehicle,land,clean,automobile_01582
blur/automobile/automobile_blur_00149.png,automobile,vehicle,land,blur,automobile_01582
pixelated/automobile/automobile_pixelated_00149.png,automobile,vehicle,land,pixelated,automobile_01582
noise/automobile/automobile_noise_00149.png,automobile,vehicle,land,noise,automobile_01582
clean/cat/cat_clean_00167.png,cat,animal,land,clean,cat_01583
blur/cat/cat_blur_00167.png,cat,animal,land,blur,cat_01583
pixelated/cat/cat_pixelated_00167.png,cat,animal,land,pixelated,cat_01583
noise/cat/cat_noise_00167.png,cat,animal,land,noise,cat_01583
clean/dog/dog_clean_00154.png,dog,animal,land,clean,dog_01584
blur/dog/dog_blur_00154.png,dog,animal,land,blur,dog_01584
pixelated/dog/dog_pixelated_00154.png,dog,animal,land,pixelated,dog_01584
noise/dog/dog_noise_00154.png,dog,animal,land,noise,dog_01584
clean/truck/truck_clean_00166.png,truck,vehicle,land,clean,truck_01585
blur/truck/truck_blur_00166.png,truck,vehicle,land,blur,truck_01585
pixelated/truck/truck_pixelated_00166.png,truck,vehicle,land,pixelated,truck_01585
noise/truck/truck_noise_00166.png,truck,vehicle,land,noise,truck_01585
clean/cat/cat_clean_00168.png,cat,animal,land,clean,cat_01586
blur/cat/cat_blur_00168.png,cat,animal,land,blur,cat_01586
pixelated/cat/cat_pixelated_00168.png,cat,animal,land,pixelated,cat_01586
noise/cat/cat_noise_00168.png,cat,animal,land,noise,cat_01586
clean/deer/deer_clean_00156.png,deer,animal,land,clean,deer_01587
blur/deer/deer_blur_00156.png,deer,animal,land,blur,deer_01587
pixelated/deer/deer_pixelated_00156.png,deer,animal,land,pixelated,deer_01587
noise/deer/deer_noise_00156.png,deer,animal,land,noise,deer_01587
clean/frog/frog_clean_00167.png,frog,animal,land,clean,frog_01588
blur/frog/frog_blur_00167.png,frog,animal,land,blur,frog_01588
pixelated/frog/frog_pixelated_00167.png,frog,animal,land,pixelated,frog_01588
noise/frog/frog_noise_00167.png,frog,animal,land,noise,frog_01588
clean/bird/bird_clean_00155.png,bird,animal,air,clean,bird_01589
blur/bird/bird_blur_00155.png,bird,animal,air,blur,bird_01589
pixelated/bird/bird_pixelated_00155.png,bird,animal,air,pixelated,bird_01589
noise/bird/bird_noise_00155.png,bird,animal,air,noise,bird_01589
clean/cat/cat_clean_00169.png,cat,animal,land,clean,cat_01590
blur/cat/cat_blur_00169.png,cat,animal,land,blur,cat_01590
pixelated/cat/cat_pixelated_00169.png,cat,animal,land,pixelated,cat_01590
noise/cat/cat_noise_00169.png,cat,animal,land,noise,cat_01590
clean/truck/truck_clean_00167.png,truck,vehicle,land,clean,truck_01591
blur/truck/truck_blur_00167.png,truck,vehicle,land,blur,truck_01591
pixelated/truck/truck_pixelated_00167.png,truck,vehicle,land,pixelated,truck_01591
noise/truck/truck_noise_00167.png,truck,vehicle,land,noise,truck_01591
clean/cat/cat_clean_00170.png,cat,animal,land,clean,cat_01592
blur/cat/cat_blur_00170.png,cat,animal,land,blur,cat_01592
pixelated/cat/cat_pixelated_00170.png,cat,animal,land,pixelated,cat_01592
noise/cat/cat_noise_00170.png,cat,animal,land,noise,cat_01592
clean/frog/frog_clean_00168.png,frog,animal,land,clean,frog_01593
blur/frog/frog_blur_00168.png,frog,animal,land,blur,frog_01593
pixelated/frog/frog_pixelated_00168.png,frog,animal,land,pixelated,frog_01593
noise/frog/frog_noise_00168.png,frog,animal,land,noise,frog_01593
clean/truck/truck_clean_00168.png,truck,vehicle,land,clean,truck_01594
blur/truck/truck_blur_00168.png,truck,vehicle,land,blur,truck_01594
pixelated/truck/truck_pixelated_00168.png,truck,vehicle,land,pixelated,truck_01594
noise/truck/truck_noise_00168.png,truck,vehicle,land,noise,truck_01594
clean/automobile/automobile_clean_00150.png,automobile,vehicle,land,clean,automobile_01595
blur/automobile/automobile_blur_00150.png,automobile,vehicle,land,blur,automobile_01595
pixelated/automobile/automobile_pixelated_00150.png,automobile,vehicle,land,pixelated,automobile_01595
noise/automobile/automobile_noise_00150.png,automobile,vehicle,land,noise,automobile_01595
clean/cat/cat_clean_00171.png,cat,animal,land,clean,cat_01596
blur/cat/cat_blur_00171.png,cat,animal,land,blur,cat_01596
pixelated/cat/cat_pixelated_00171.png,cat,animal,land,pixelated,cat_01596
noise/cat/cat_noise_00171.png,cat,animal,land,noise,cat_01596
clean/airplane/airplane_clean_00162.png,airplane,vehicle,air,clean,airplane_01597
blur/airplane/airplane_blur_00162.png,airplane,vehicle,air,blur,airplane_01597
pixelated/airplane/airplane_pixelated_00162.png,airplane,vehicle,air,pixelated,airplane_01597
noise/airplane/airplane_noise_00162.png,airplane,vehicle,air,noise,airplane_01597
clean/ship/ship_clean_00160.png,ship,vehicle,water,clean,ship_01598
blur/ship/ship_blur_00160.png,ship,vehicle,water,blur,ship_01598
pixelated/ship/ship_pixelated_00160.png,ship,vehicle,water,pixelated,ship_01598
noise/ship/ship_noise_00160.png,ship,vehicle,water,noise,ship_01598
clean/truck/truck_clean_00169.png,truck,vehicle,land,clean,truck_01599
blur/truck/truck_blur_00169.png,truck,vehicle,land,blur,truck_01599
pixelated/truck/truck_pixelated_00169.png,truck,vehicle,land,pixelated,truck_01599
noise/truck/truck_noise_00169.png,truck,vehicle,land,noise,truck_01599
clean/truck/truck_clean_00170.png,truck,vehicle,land,clean,truck_01600
blur/truck/truck_blur_00170.png,truck,vehicle,land,blur,truck_01600
pixelated/truck/truck_pixelated_00170.png,truck,vehicle,land,pixelated,truck_01600
noise/truck/truck_noise_00170.png,truck,vehicle,land,noise,truck_01600
clean/dog/dog_clean_00155.png,dog,animal,land,clean,dog_01601
blur/dog/dog_blur_00155.png,dog,animal,land,blur,dog_01601
pixelated/dog/dog_pixelated_00155.png,dog,animal,land,pixelated,dog_01601
noise/dog/dog_noise_00155.png,dog,animal,land,noise,dog_01601
clean/airplane/airplane_clean_00163.png,airplane,vehicle,air,clean,airplane_01602
blur/airplane/airplane_blur_00163.png,airplane,vehicle,air,blur,airplane_01602
pixelated/airplane/airplane_pixelated_00163.png,airplane,vehicle,air,pixelated,airplane_01602
noise/airplane/airplane_noise_00163.png,airplane,vehicle,air,noise,airplane_01602
clean/bird/bird_clean_00156.png,bird,animal,air,clean,bird_01603
blur/bird/bird_blur_00156.png,bird,animal,air,blur,bird_01603
pixelated/bird/bird_pixelated_00156.png,bird,animal,air,pixelated,bird_01603
noise/bird/bird_noise_00156.png,bird,animal,air,noise,bird_01603
clean/bird/bird_clean_00157.png,bird,animal,air,clean,bird_01604
blur/bird/bird_blur_00157.png,bird,animal,air,blur,bird_01604
pixelated/bird/bird_pixelated_00157.png,bird,animal,air,pixelated,bird_01604
noise/bird/bird_noise_00157.png,bird,animal,air,noise,bird_01604
clean/airplane/airplane_clean_00164.png,airplane,vehicle,air,clean,airplane_01605
blur/airplane/airplane_blur_00164.png,airplane,vehicle,air,blur,airplane_01605
pixelated/airplane/airplane_pixelated_00164.png,airplane,vehicle,air,pixelated,airplane_01605
noise/airplane/airplane_noise_00164.png,airplane,vehicle,air,noise,airplane_01605
clean/horse/horse_clean_00155.png,horse,animal,land,clean,horse_01606
blur/horse/horse_blur_00155.png,horse,animal,land,blur,horse_01606
pixelated/horse/horse_pixelated_00155.png,horse,animal,land,pixelated,horse_01606
noise/horse/horse_noise_00155.png,horse,animal,land,noise,horse_01606
clean/deer/deer_clean_00157.png,deer,animal,land,clean,deer_01607
blur/deer/deer_blur_00157.png,deer,animal,land,blur,deer_01607
pixelated/deer/deer_pixelated_00157.png,deer,animal,land,pixelated,deer_01607
noise/deer/deer_noise_00157.png,deer,animal,land,noise,deer_01607
clean/horse/horse_clean_00156.png,horse,animal,land,clean,horse_01608
blur/horse/horse_blur_00156.png,horse,animal,land,blur,horse_01608
pixelated/horse/horse_pixelated_00156.png,horse,animal,land,pixelated,horse_01608
noise/horse/horse_noise_00156.png,horse,animal,land,noise,horse_01608
clean/cat/cat_clean_00172.png,cat,animal,land,clean,cat_01609
blur/cat/cat_blur_00172.png,cat,animal,land,blur,cat_01609
pixelated/cat/cat_pixelated_00172.png,cat,animal,land,pixelated,cat_01609
noise/cat/cat_noise_00172.png,cat,animal,land,noise,cat_01609
clean/bird/bird_clean_00158.png,bird,animal,air,clean,bird_01610
blur/bird/bird_blur_00158.png,bird,animal,air,blur,bird_01610
pixelated/bird/bird_pixelated_00158.png,bird,animal,air,pixelated,bird_01610
noise/bird/bird_noise_00158.png,bird,animal,air,noise,bird_01610
clean/bird/bird_clean_00159.png,bird,animal,air,clean,bird_01611
blur/bird/bird_blur_00159.png,bird,animal,air,blur,bird_01611
pixelated/bird/bird_pixelated_00159.png,bird,animal,air,pixelated,bird_01611
noise/bird/bird_noise_00159.png,bird,animal,air,noise,bird_01611
clean/horse/horse_clean_00157.png,horse,animal,land,clean,horse_01612
blur/horse/horse_blur_00157.png,horse,animal,land,blur,horse_01612
pixelated/horse/horse_pixelated_00157.png,horse,animal,land,pixelated,horse_01612
noise/horse/horse_noise_00157.png,horse,animal,land,noise,horse_01612
clean/horse/horse_clean_00158.png,horse,animal,land,clean,horse_01613
blur/horse/horse_blur_00158.png,horse,animal,land,blur,horse_01613
pixelated/horse/horse_pixelated_00158.png,horse,animal,land,pixelated,horse_01613
noise/horse/horse_noise_00158.png,horse,animal,land,noise,horse_01613
clean/horse/horse_clean_00159.png,horse,animal,land,clean,horse_01614
blur/horse/horse_blur_00159.png,horse,animal,land,blur,horse_01614
pixelated/horse/horse_pixelated_00159.png,horse,animal,land,pixelated,horse_01614
noise/horse/horse_noise_00159.png,horse,animal,land,noise,horse_01614
clean/ship/ship_clean_00161.png,ship,vehicle,water,clean,ship_01615
blur/ship/ship_blur_00161.png,ship,vehicle,water,blur,ship_01615
pixelated/ship/ship_pixelated_00161.png,ship,vehicle,water,pixelated,ship_01615
noise/ship/ship_noise_00161.png,ship,vehicle,water,noise,ship_01615
clean/frog/frog_clean_00169.png,frog,animal,land,clean,frog_01616
blur/frog/frog_blur_00169.png,frog,animal,land,blur,frog_01616
pixelated/frog/frog_pixelated_00169.png,frog,animal,land,pixelated,frog_01616
noise/frog/frog_noise_00169.png,frog,animal,land,noise,frog_01616
clean/frog/frog_clean_00170.png,frog,animal,land,clean,frog_01617
blur/frog/frog_blur_00170.png,frog,animal,land,blur,frog_01617
pixelated/frog/frog_pixelated_00170.png,frog,animal,land,pixelated,frog_01617
noise/frog/frog_noise_00170.png,frog,animal,land,noise,frog_01617
clean/dog/dog_clean_00156.png,dog,animal,land,clean,dog_01618
blur/dog/dog_blur_00156.png,dog,animal,land,blur,dog_01618
pixelated/dog/dog_pixelated_00156.png,dog,animal,land,pixelated,dog_01618
noise/dog/dog_noise_00156.png,dog,animal,land,noise,dog_01618
clean/ship/ship_clean_00162.png,ship,vehicle,water,clean,ship_01619
blur/ship/ship_blur_00162.png,ship,vehicle,water,blur,ship_01619
pixelated/ship/ship_pixelated_00162.png,ship,vehicle,water,pixelated,ship_01619
noise/ship/ship_noise_00162.png,ship,vehicle,water,noise,ship_01619
clean/horse/horse_clean_00160.png,horse,animal,land,clean,horse_01620
blur/horse/horse_blur_00160.png,horse,animal,land,blur,horse_01620
pixelated/horse/horse_pixelated_00160.png,horse,animal,land,pixelated,horse_01620
noise/horse/horse_noise_00160.png,horse,animal,land,noise,horse_01620
clean/truck/truck_clean_00171.png,truck,vehicle,land,clean,truck_01621
blur/truck/truck_blur_00171.png,truck,vehicle,land,blur,truck_01621
pixelated/truck/truck_pixelated_00171.png,truck,vehicle,land,pixelated,truck_01621
noise/truck/truck_noise_00171.png,truck,vehicle,land,noise,truck_01621
clean/frog/frog_clean_00171.png,frog,animal,land,clean,frog_01622
blur/frog/frog_blur_00171.png,frog,animal,land,blur,frog_01622
pixelated/frog/frog_pixelated_00171.png,frog,animal,land,pixelated,frog_01622
noise/frog/frog_noise_00171.png,frog,animal,land,noise,frog_01622
clean/horse/horse_clean_00161.png,horse,animal,land,clean,horse_01623
blur/horse/horse_blur_00161.png,horse,animal,land,blur,horse_01623
pixelated/horse/horse_pixelated_00161.png,horse,animal,land,pixelated,horse_01623
noise/horse/horse_noise_00161.png,horse,animal,land,noise,horse_01623
clean/airplane/airplane_clean_00165.png,airplane,vehicle,air,clean,airplane_01624
blur/airplane/airplane_blur_00165.png,airplane,vehicle,air,blur,airplane_01624
pixelated/airplane/airplane_pixelated_00165.png,airplane,vehicle,air,pixelated,airplane_01624
noise/airplane/airplane_noise_00165.png,airplane,vehicle,air,noise,airplane_01624
clean/bird/bird_clean_00160.png,bird,animal,air,clean,bird_01625
blur/bird/bird_blur_00160.png,bird,animal,air,blur,bird_01625
pixelated/bird/bird_pixelated_00160.png,bird,animal,air,pixelated,bird_01625
noise/bird/bird_noise_00160.png,bird,animal,air,noise,bird_01625
clean/cat/cat_clean_00173.png,cat,animal,land,clean,cat_01626
blur/cat/cat_blur_00173.png,cat,animal,land,blur,cat_01626
pixelated/cat/cat_pixelated_00173.png,cat,animal,land,pixelated,cat_01626
noise/cat/cat_noise_00173.png,cat,animal,land,noise,cat_01626
clean/airplane/airplane_clean_00166.png,airplane,vehicle,air,clean,airplane_01627
blur/airplane/airplane_blur_00166.png,airplane,vehicle,air,blur,airplane_01627
pixelated/airplane/airplane_pixelated_00166.png,airplane,vehicle,air,pixelated,airplane_01627
noise/airplane/airplane_noise_00166.png,airplane,vehicle,air,noise,airplane_01627
clean/horse/horse_clean_00162.png,horse,animal,land,clean,horse_01628
blur/horse/horse_blur_00162.png,horse,animal,land,blur,horse_01628
pixelated/horse/horse_pixelated_00162.png,horse,animal,land,pixelated,horse_01628
noise/horse/horse_noise_00162.png,horse,animal,land,noise,horse_01628
clean/bird/bird_clean_00161.png,bird,animal,air,clean,bird_01629
blur/bird/bird_blur_00161.png,bird,animal,air,blur,bird_01629
pixelated/bird/bird_pixelated_00161.png,bird,animal,air,pixelated,bird_01629
noise/bird/bird_noise_00161.png,bird,animal,air,noise,bird_01629
clean/automobile/automobile_clean_00151.png,automobile,vehicle,land,clean,automobile_01630
blur/automobile/automobile_blur_00151.png,automobile,vehicle,land,blur,automobile_01630
pixelated/automobile/automobile_pixelated_00151.png,automobile,vehicle,land,pixelated,automobile_01630
noise/automobile/automobile_noise_00151.png,automobile,vehicle,land,noise,automobile_01630
clean/dog/dog_clean_00157.png,dog,animal,land,clean,dog_01631
blur/dog/dog_blur_00157.png,dog,animal,land,blur,dog_01631
pixelated/dog/dog_pixelated_00157.png,dog,animal,land,pixelated,dog_01631
noise/dog/dog_noise_00157.png,dog,animal,land,noise,dog_01631
clean/dog/dog_clean_00158.png,dog,animal,land,clean,dog_01632
blur/dog/dog_blur_00158.png,dog,animal,land,blur,dog_01632
pixelated/dog/dog_pixelated_00158.png,dog,animal,land,pixelated,dog_01632
noise/dog/dog_noise_00158.png,dog,animal,land,noise,dog_01632
clean/dog/dog_clean_00159.png,dog,animal,land,clean,dog_01633
blur/dog/dog_blur_00159.png,dog,animal,land,blur,dog_01633
pixelated/dog/dog_pixelated_00159.png,dog,animal,land,pixelated,dog_01633
noise/dog/dog_noise_00159.png,dog,animal,land,noise,dog_01633
clean/automobile/automobile_clean_00152.png,automobile,vehicle,land,clean,automobile_01634
blur/automobile/automobile_blur_00152.png,automobile,vehicle,land,blur,automobile_01634
pixelated/automobile/automobile_pixelated_00152.png,automobile,vehicle,land,pixelated,automobile_01634
noise/automobile/automobile_noise_00152.png,automobile,vehicle,land,noise,automobile_01634
clean/horse/horse_clean_00163.png,horse,animal,land,clean,horse_01635
blur/horse/horse_blur_00163.png,horse,animal,land,blur,horse_01635
pixelated/horse/horse_pixelated_00163.png,horse,animal,land,pixelated,horse_01635
noise/horse/horse_noise_00163.png,horse,animal,land,noise,horse_01635
clean/truck/truck_clean_00172.png,truck,vehicle,land,clean,truck_01636
blur/truck/truck_blur_00172.png,truck,vehicle,land,blur,truck_01636
pixelated/truck/truck_pixelated_00172.png,truck,vehicle,land,pixelated,truck_01636
noise/truck/truck_noise_00172.png,truck,vehicle,land,noise,truck_01636
clean/dog/dog_clean_00160.png,dog,animal,land,clean,dog_01637
blur/dog/dog_blur_00160.png,dog,animal,land,blur,dog_01637
pixelated/dog/dog_pixelated_00160.png,dog,animal,land,pixelated,dog_01637
noise/dog/dog_noise_00160.png,dog,animal,land,noise,dog_01637
clean/cat/cat_clean_00174.png,cat,animal,land,clean,cat_01638
blur/cat/cat_blur_00174.png,cat,animal,land,blur,cat_01638
pixelated/cat/cat_pixelated_00174.png,cat,animal,land,pixelated,cat_01638
noise/cat/cat_noise_00174.png,cat,animal,land,noise,cat_01638
clean/horse/horse_clean_00164.png,horse,animal,land,clean,horse_01639
blur/horse/horse_blur_00164.png,horse,animal,land,blur,horse_01639
pixelated/horse/horse_pixelated_00164.png,horse,animal,land,pixelated,horse_01639
noise/horse/horse_noise_00164.png,horse,animal,land,noise,horse_01639
clean/horse/horse_clean_00165.png,horse,animal,land,clean,horse_01640
blur/horse/horse_blur_00165.png,horse,animal,land,blur,horse_01640
pixelated/horse/horse_pixelated_00165.png,horse,animal,land,pixelated,horse_01640
noise/horse/horse_noise_00165.png,horse,animal,land,noise,horse_01640
clean/bird/bird_clean_00162.png,bird,animal,air,clean,bird_01641
blur/bird/bird_blur_00162.png,bird,animal,air,blur,bird_01641
pixelated/bird/bird_pixelated_00162.png,bird,animal,air,pixelated,bird_01641
noise/bird/bird_noise_00162.png,bird,animal,air,noise,bird_01641
clean/automobile/automobile_clean_00153.png,automobile,vehicle,land,clean,automobile_01642
blur/automobile/automobile_blur_00153.png,automobile,vehicle,land,blur,automobile_01642
pixelated/automobile/automobile_pixelated_00153.png,automobile,vehicle,land,pixelated,automobile_01642
noise/automobile/automobile_noise_00153.png,automobile,vehicle,land,noise,automobile_01642
clean/truck/truck_clean_00173.png,truck,vehicle,land,clean,truck_01643
blur/truck/truck_blur_00173.png,truck,vehicle,land,blur,truck_01643
pixelated/truck/truck_pixelated_00173.png,truck,vehicle,land,pixelated,truck_01643
noise/truck/truck_noise_00173.png,truck,vehicle,land,noise,truck_01643
clean/automobile/automobile_clean_00154.png,automobile,vehicle,land,clean,automobile_01644
blur/automobile/automobile_blur_00154.png,automobile,vehicle,land,blur,automobile_01644
pixelated/automobile/automobile_pixelated_00154.png,automobile,vehicle,land,pixelated,automobile_01644
noise/automobile/automobile_noise_00154.png,automobile,vehicle,land,noise,automobile_01644
clean/dog/dog_clean_00161.png,dog,animal,land,clean,dog_01645
blur/dog/dog_blur_00161.png,dog,animal,land,blur,dog_01645
pixelated/dog/dog_pixelated_00161.png,dog,animal,land,pixelated,dog_01645
noise/dog/dog_noise_00161.png,dog,animal,land,noise,dog_01645
clean/deer/deer_clean_00158.png,deer,animal,land,clean,deer_01646
blur/deer/deer_blur_00158.png,deer,animal,land,blur,deer_01646
pixelated/deer/deer_pixelated_00158.png,deer,animal,land,pixelated,deer_01646
noise/deer/deer_noise_00158.png,deer,animal,land,noise,deer_01646
clean/truck/truck_clean_00174.png,truck,vehicle,land,clean,truck_01647
blur/truck/truck_blur_00174.png,truck,vehicle,land,blur,truck_01647
pixelated/truck/truck_pixelated_00174.png,truck,vehicle,land,pixelated,truck_01647
noise/truck/truck_noise_00174.png,truck,vehicle,land,noise,truck_01647
clean/cat/cat_clean_00175.png,cat,animal,land,clean,cat_01648
blur/cat/cat_blur_00175.png,cat,animal,land,blur,cat_01648
pixelated/cat/cat_pixelated_00175.png,cat,animal,land,pixelated,cat_01648
noise/cat/cat_noise_00175.png,cat,animal,land,noise,cat_01648
clean/horse/horse_clean_00166.png,horse,animal,land,clean,horse_01649
blur/horse/horse_blur_00166.png,horse,animal,land,blur,horse_01649
pixelated/horse/horse_pixelated_00166.png,horse,animal,land,pixelated,horse_01649
noise/horse/horse_noise_00166.png,horse,animal,land,noise,horse_01649
clean/deer/deer_clean_00159.png,deer,animal,land,clean,deer_01650
blur/deer/deer_blur_00159.png,deer,animal,land,blur,deer_01650
pixelated/deer/deer_pixelated_00159.png,deer,animal,land,pixelated,deer_01650
noise/deer/deer_noise_00159.png,deer,animal,land,noise,deer_01650
clean/ship/ship_clean_00163.png,ship,vehicle,water,clean,ship_01651
blur/ship/ship_blur_00163.png,ship,vehicle,water,blur,ship_01651
pixelated/ship/ship_pixelated_00163.png,ship,vehicle,water,pixelated,ship_01651
noise/ship/ship_noise_00163.png,ship,vehicle,water,noise,ship_01651
clean/frog/frog_clean_00172.png,frog,animal,land,clean,frog_01652
blur/frog/frog_blur_00172.png,frog,animal,land,blur,frog_01652
pixelated/frog/frog_pixelated_00172.png,frog,animal,land,pixelated,frog_01652
noise/frog/frog_noise_00172.png,frog,animal,land,noise,frog_01652
clean/airplane/airplane_clean_00167.png,airplane,vehicle,air,clean,airplane_01653
blur/airplane/airplane_blur_00167.png,airplane,vehicle,air,blur,airplane_01653
pixelated/airplane/airplane_pixelated_00167.png,airplane,vehicle,air,pixelated,airplane_01653
noise/airplane/airplane_noise_00167.png,airplane,vehicle,air,noise,airplane_01653
clean/deer/deer_clean_00160.png,deer,animal,land,clean,deer_01654
blur/deer/deer_blur_00160.png,deer,animal,land,blur,deer_01654
pixelated/deer/deer_pixelated_00160.png,deer,animal,land,pixelated,deer_01654
noise/deer/deer_noise_00160.png,deer,animal,land,noise,deer_01654
clean/deer/deer_clean_00161.png,deer,animal,land,clean,deer_01655
blur/deer/deer_blur_00161.png,deer,animal,land,blur,deer_01655
pixelated/deer/deer_pixelated_00161.png,deer,animal,land,pixelated,deer_01655
noise/deer/deer_noise_00161.png,deer,animal,land,noise,deer_01655
clean/airplane/airplane_clean_00168.png,airplane,vehicle,air,clean,airplane_01656
blur/airplane/airplane_blur_00168.png,airplane,vehicle,air,blur,airplane_01656
pixelated/airplane/airplane_pixelated_00168.png,airplane,vehicle,air,pixelated,airplane_01656
noise/airplane/airplane_noise_00168.png,airplane,vehicle,air,noise,airplane_01656
clean/automobile/automobile_clean_00155.png,automobile,vehicle,land,clean,automobile_01657
blur/automobile/automobile_blur_00155.png,automobile,vehicle,land,blur,automobile_01657
pixelated/automobile/automobile_pixelated_00155.png,automobile,vehicle,land,pixelated,automobile_01657
noise/automobile/automobile_noise_00155.png,automobile,vehicle,land,noise,automobile_01657
clean/deer/deer_clean_00162.png,deer,animal,land,clean,deer_01658
blur/deer/deer_blur_00162.png,deer,animal,land,blur,deer_01658
pixelated/deer/deer_pixelated_00162.png,deer,animal,land,pixelated,deer_01658
noise/deer/deer_noise_00162.png,deer,animal,land,noise,deer_01658
clean/bird/bird_clean_00163.png,bird,animal,air,clean,bird_01659
blur/bird/bird_blur_00163.png,bird,animal,air,blur,bird_01659
pixelated/bird/bird_pixelated_00163.png,bird,animal,air,pixelated,bird_01659
noise/bird/bird_noise_00163.png,bird,animal,air,noise,bird_01659
clean/dog/dog_clean_00162.png,dog,animal,land,clean,dog_01660
blur/dog/dog_blur_00162.png,dog,animal,land,blur,dog_01660
pixelated/dog/dog_pixelated_00162.png,dog,animal,land,pixelated,dog_01660
noise/dog/dog_noise_00162.png,dog,animal,land,noise,dog_01660
clean/frog/frog_clean_00173.png,frog,animal,land,clean,frog_01661
blur/frog/frog_blur_00173.png,frog,animal,land,blur,frog_01661
pixelated/frog/frog_pixelated_00173.png,frog,animal,land,pixelated,frog_01661
noise/frog/frog_noise_00173.png,frog,animal,land,noise,frog_01661
clean/dog/dog_clean_00163.png,dog,animal,land,clean,dog_01662
blur/dog/dog_blur_00163.png,dog,animal,land,blur,dog_01662
pixelated/dog/dog_pixelated_00163.png,dog,animal,land,pixelated,dog_01662
noise/dog/dog_noise_00163.png,dog,animal,land,noise,dog_01662
clean/truck/truck_clean_00175.png,truck,vehicle,land,clean,truck_01663
blur/truck/truck_blur_00175.png,truck,vehicle,land,blur,truck_01663
pixelated/truck/truck_pixelated_00175.png,truck,vehicle,land,pixelated,truck_01663
noise/truck/truck_noise_00175.png,truck,vehicle,land,noise,truck_01663
clean/ship/ship_clean_00164.png,ship,vehicle,water,clean,ship_01664
blur/ship/ship_blur_00164.png,ship,vehicle,water,blur,ship_01664
pixelated/ship/ship_pixelated_00164.png,ship,vehicle,water,pixelated,ship_01664
noise/ship/ship_noise_00164.png,ship,vehicle,water,noise,ship_01664
clean/horse/horse_clean_00167.png,horse,animal,land,clean,horse_01665
blur/horse/horse_blur_00167.png,horse,animal,land,blur,horse_01665
pixelated/horse/horse_pixelated_00167.png,horse,animal,land,pixelated,horse_01665
noise/horse/horse_noise_00167.png,horse,animal,land,noise,horse_01665
clean/truck/truck_clean_00176.png,truck,vehicle,land,clean,truck_01666
blur/truck/truck_blur_00176.png,truck,vehicle,land,blur,truck_01666
pixelated/truck/truck_pixelated_00176.png,truck,vehicle,land,pixelated,truck_01666
noise/truck/truck_noise_00176.png,truck,vehicle,land,noise,truck_01666
clean/dog/dog_clean_00164.png,dog,animal,land,clean,dog_01667
blur/dog/dog_blur_00164.png,dog,animal,land,blur,dog_01667
pixelated/dog/dog_pixelated_00164.png,dog,animal,land,pixelated,dog_01667
noise/dog/dog_noise_00164.png,dog,animal,land,noise,dog_01667
clean/ship/ship_clean_00165.png,ship,vehicle,water,clean,ship_01668
blur/ship/ship_blur_00165.png,ship,vehicle,water,blur,ship_01668
pixelated/ship/ship_pixelated_00165.png,ship,vehicle,water,pixelated,ship_01668
noise/ship/ship_noise_00165.png,ship,vehicle,water,noise,ship_01668
clean/frog/frog_clean_00174.png,frog,animal,land,clean,frog_01669
blur/frog/frog_blur_00174.png,frog,animal,land,blur,frog_01669
pixelated/frog/frog_pixelated_00174.png,frog,animal,land,pixelated,frog_01669
noise/frog/frog_noise_00174.png,frog,animal,land,noise,frog_01669
clean/deer/deer_clean_00163.png,deer,animal,land,clean,deer_01670
blur/deer/deer_blur_00163.png,deer,animal,land,blur,deer_01670
pixelated/deer/deer_pixelated_00163.png,deer,animal,land,pixelated,deer_01670
noise/deer/deer_noise_00163.png,deer,animal,land,noise,deer_01670
clean/cat/cat_clean_00176.png,cat,animal,land,clean,cat_01671
blur/cat/cat_blur_00176.png,cat,animal,land,blur,cat_01671
pixelated/cat/cat_pixelated_00176.png,cat,animal,land,pixelated,cat_01671
noise/cat/cat_noise_00176.png,cat,animal,land,noise,cat_01671
clean/ship/ship_clean_00166.png,ship,vehicle,water,clean,ship_01672
blur/ship/ship_blur_00166.png,ship,vehicle,water,blur,ship_01672
pixelated/ship/ship_pixelated_00166.png,ship,vehicle,water,pixelated,ship_01672
noise/ship/ship_noise_00166.png,ship,vehicle,water,noise,ship_01672
clean/automobile/automobile_clean_00156.png,automobile,vehicle,land,clean,automobile_01673
blur/automobile/automobile_blur_00156.png,automobile,vehicle,land,blur,automobile_01673
pixelated/automobile/automobile_pixelated_00156.png,automobile,vehicle,land,pixelated,automobile_01673
noise/automobile/automobile_noise_00156.png,automobile,vehicle,land,noise,automobile_01673
clean/airplane/airplane_clean_00169.png,airplane,vehicle,air,clean,airplane_01674
blur/airplane/airplane_blur_00169.png,airplane,vehicle,air,blur,airplane_01674
pixelated/airplane/airplane_pixelated_00169.png,airplane,vehicle,air,pixelated,airplane_01674
noise/airplane/airplane_noise_00169.png,airplane,vehicle,air,noise,airplane_01674
clean/automobile/automobile_clean_00157.png,automobile,vehicle,land,clean,automobile_01675
blur/automobile/automobile_blur_00157.png,automobile,vehicle,land,blur,automobile_01675
pixelated/automobile/automobile_pixelated_00157.png,automobile,vehicle,land,pixelated,automobile_01675
noise/automobile/automobile_noise_00157.png,automobile,vehicle,land,noise,automobile_01675
clean/airplane/airplane_clean_00170.png,airplane,vehicle,air,clean,airplane_01676
blur/airplane/airplane_blur_00170.png,airplane,vehicle,air,blur,airplane_01676
pixelated/airplane/airplane_pixelated_00170.png,airplane,vehicle,air,pixelated,airplane_01676
noise/airplane/airplane_noise_00170.png,airplane,vehicle,air,noise,airplane_01676
clean/horse/horse_clean_00168.png,horse,animal,land,clean,horse_01677
blur/horse/horse_blur_00168.png,horse,animal,land,blur,horse_01677
pixelated/horse/horse_pixelated_00168.png,horse,animal,land,pixelated,horse_01677
noise/horse/horse_noise_00168.png,horse,animal,land,noise,horse_01677
clean/airplane/airplane_clean_00171.png,airplane,vehicle,air,clean,airplane_01678
blur/airplane/airplane_blur_00171.png,airplane,vehicle,air,blur,airplane_01678
pixelated/airplane/airplane_pixelated_00171.png,airplane,vehicle,air,pixelated,airplane_01678
noise/airplane/airplane_noise_00171.png,airplane,vehicle,air,noise,airplane_01678
clean/horse/horse_clean_00169.png,horse,animal,land,clean,horse_01679
blur/horse/horse_blur_00169.png,horse,animal,land,blur,horse_01679
pixelated/horse/horse_pixelated_00169.png,horse,animal,land,pixelated,horse_01679
noise/horse/horse_noise_00169.png,horse,animal,land,noise,horse_01679
clean/horse/horse_clean_00170.png,horse,animal,land,clean,horse_01680
blur/horse/horse_blur_00170.png,horse,animal,land,blur,horse_01680
pixelated/horse/horse_pixelated_00170.png,horse,animal,land,pixelated,horse_01680
noise/horse/horse_noise_00170.png,horse,animal,land,noise,horse_01680
clean/automobile/automobile_clean_00158.png,automobile,vehicle,land,clean,automobile_01681
blur/automobile/automobile_blur_00158.png,automobile,vehicle,land,blur,automobile_01681
pixelated/automobile/automobile_pixelated_00158.png,automobile,vehicle,land,pixelated,automobile_01681
noise/automobile/automobile_noise_00158.png,automobile,vehicle,land,noise,automobile_01681
clean/bird/bird_clean_00164.png,bird,animal,air,clean,bird_01682
blur/bird/bird_blur_00164.png,bird,animal,air,blur,bird_01682
pixelated/bird/bird_pixelated_00164.png,bird,animal,air,pixelated,bird_01682
noise/bird/bird_noise_00164.png,bird,animal,air,noise,bird_01682
clean/bird/bird_clean_00165.png,bird,animal,air,clean,bird_01683
blur/bird/bird_blur_00165.png,bird,animal,air,blur,bird_01683
pixelated/bird/bird_pixelated_00165.png,bird,animal,air,pixelated,bird_01683
noise/bird/bird_noise_00165.png,bird,animal,air,noise,bird_01683
clean/frog/frog_clean_00175.png,frog,animal,land,clean,frog_01684
blur/frog/frog_blur_00175.png,frog,animal,land,blur,frog_01684
pixelated/frog/frog_pixelated_00175.png,frog,animal,land,pixelated,frog_01684
noise/frog/frog_noise_00175.png,frog,animal,land,noise,frog_01684
clean/dog/dog_clean_00165.png,dog,animal,land,clean,dog_01685
blur/dog/dog_blur_00165.png,dog,animal,land,blur,dog_01685
pixelated/dog/dog_pixelated_00165.png,dog,animal,land,pixelated,dog_01685
noise/dog/dog_noise_00165.png,dog,animal,land,noise,dog_01685
clean/bird/bird_clean_00166.png,bird,animal,air,clean,bird_01686
blur/bird/bird_blur_00166.png,bird,animal,air,blur,bird_01686
pixelated/bird/bird_pixelated_00166.png,bird,animal,air,pixelated,bird_01686
noise/bird/bird_noise_00166.png,bird,animal,air,noise,bird_01686
clean/cat/cat_clean_00177.png,cat,animal,land,clean,cat_01687
blur/cat/cat_blur_00177.png,cat,animal,land,blur,cat_01687
pixelated/cat/cat_pixelated_00177.png,cat,animal,land,pixelated,cat_01687
noise/cat/cat_noise_00177.png,cat,animal,land,noise,cat_01687
clean/dog/dog_clean_00166.png,dog,animal,land,clean,dog_01688
blur/dog/dog_blur_00166.png,dog,animal,land,blur,dog_01688
pixelated/dog/dog_pixelated_00166.png,dog,animal,land,pixelated,dog_01688
noise/dog/dog_noise_00166.png,dog,animal,land,noise,dog_01688
clean/ship/ship_clean_00167.png,ship,vehicle,water,clean,ship_01689
blur/ship/ship_blur_00167.png,ship,vehicle,water,blur,ship_01689
pixelated/ship/ship_pixelated_00167.png,ship,vehicle,water,pixelated,ship_01689
noise/ship/ship_noise_00167.png,ship,vehicle,water,noise,ship_01689
clean/airplane/airplane_clean_00172.png,airplane,vehicle,air,clean,airplane_01690
blur/airplane/airplane_blur_00172.png,airplane,vehicle,air,blur,airplane_01690
pixelated/airplane/airplane_pixelated_00172.png,airplane,vehicle,air,pixelated,airplane_01690
noise/airplane/airplane_noise_00172.png,airplane,vehicle,air,noise,airplane_01690
clean/truck/truck_clean_00177.png,truck,vehicle,land,clean,truck_01691
blur/truck/truck_blur_00177.png,truck,vehicle,land,blur,truck_01691
pixelated/truck/truck_pixelated_00177.png,truck,vehicle,land,pixelated,truck_01691
noise/truck/truck_noise_00177.png,truck,vehicle,land,noise,truck_01691
clean/deer/deer_clean_00164.png,deer,animal,land,clean,deer_01692
blur/deer/deer_blur_00164.png,deer,animal,land,blur,deer_01692
pixelated/deer/deer_pixelated_00164.png,deer,animal,land,pixelated,deer_01692
noise/deer/deer_noise_00164.png,deer,animal,land,noise,deer_01692
clean/horse/horse_clean_00171.png,horse,animal,land,clean,horse_01693
blur/horse/horse_blur_00171.png,horse,animal,land,blur,horse_01693
pixelated/horse/horse_pixelated_00171.png,horse,animal,land,pixelated,horse_01693
noise/horse/horse_noise_00171.png,horse,animal,land,noise,horse_01693
clean/truck/truck_clean_00178.png,truck,vehicle,land,clean,truck_01694
blur/truck/truck_blur_00178.png,truck,vehicle,land,blur,truck_01694
pixelated/truck/truck_pixelated_00178.png,truck,vehicle,land,pixelated,truck_01694
noise/truck/truck_noise_00178.png,truck,vehicle,land,noise,truck_01694
clean/bird/bird_clean_00167.png,bird,animal,air,clean,bird_01695
blur/bird/bird_blur_00167.png,bird,animal,air,blur,bird_01695
pixelated/bird/bird_pixelated_00167.png,bird,animal,air,pixelated,bird_01695
noise/bird/bird_noise_00167.png,bird,animal,air,noise,bird_01695
clean/bird/bird_clean_00168.png,bird,animal,air,clean,bird_01696
blur/bird/bird_blur_00168.png,bird,animal,air,blur,bird_01696
pixelated/bird/bird_pixelated_00168.png,bird,animal,air,pixelated,bird_01696
noise/bird/bird_noise_00168.png,bird,animal,air,noise,bird_01696
clean/dog/dog_clean_00167.png,dog,animal,land,clean,dog_01697
blur/dog/dog_blur_00167.png,dog,animal,land,blur,dog_01697
pixelated/dog/dog_pixelated_00167.png,dog,animal,land,pixelated,dog_01697
noise/dog/dog_noise_00167.png,dog,animal,land,noise,dog_01697
clean/airplane/airplane_clean_00173.png,airplane,vehicle,air,clean,airplane_01698
blur/airplane/airplane_blur_00173.png,airplane,vehicle,air,blur,airplane_01698
pixelated/airplane/airplane_pixelated_00173.png,airplane,vehicle,air,pixelated,airplane_01698
noise/airplane/airplane_noise_00173.png,airplane,vehicle,air,noise,airplane_01698
clean/frog/frog_clean_00176.png,frog,animal,land,clean,frog_01699
blur/frog/frog_blur_00176.png,frog,animal,land,blur,frog_01699
pixelated/frog/frog_pixelated_00176.png,frog,animal,land,pixelated,frog_01699
noise/frog/frog_noise_00176.png,frog,animal,land,noise,frog_01699
clean/cat/cat_clean_00178.png,cat,animal,land,clean,cat_01700
blur/cat/cat_blur_00178.png,cat,animal,land,blur,cat_01700
pixelated/cat/cat_pixelated_00178.png,cat,animal,land,pixelated,cat_01700
noise/cat/cat_noise_00178.png,cat,animal,land,noise,cat_01700
clean/horse/horse_clean_00172.png,horse,animal,land,clean,horse_01701
blur/horse/horse_blur_00172.png,horse,animal,land,blur,horse_01701
pixelated/horse/horse_pixelated_00172.png,horse,animal,land,pixelated,horse_01701
noise/horse/horse_noise_00172.png,horse,animal,land,noise,horse_01701
clean/cat/cat_clean_00179.png,cat,animal,land,clean,cat_01702
blur/cat/cat_blur_00179.png,cat,animal,land,blur,cat_01702
pixelated/cat/cat_pixelated_00179.png,cat,animal,land,pixelated,cat_01702
noise/cat/cat_noise_00179.png,cat,animal,land,noise,cat_01702
clean/bird/bird_clean_00169.png,bird,animal,air,clean,bird_01703
blur/bird/bird_blur_00169.png,bird,animal,air,blur,bird_01703
pixelated/bird/bird_pixelated_00169.png,bird,animal,air,pixelated,bird_01703
noise/bird/bird_noise_00169.png,bird,animal,air,noise,bird_01703
clean/deer/deer_clean_00165.png,deer,animal,land,clean,deer_01704
blur/deer/deer_blur_00165.png,deer,animal,land,blur,deer_01704
pixelated/deer/deer_pixelated_00165.png,deer,animal,land,pixelated,deer_01704
noise/deer/deer_noise_00165.png,deer,animal,land,noise,deer_01704
clean/frog/frog_clean_00177.png,frog,animal,land,clean,frog_01705
blur/frog/frog_blur_00177.png,frog,animal,land,blur,frog_01705
pixelated/frog/frog_pixelated_00177.png,frog,animal,land,pixelated,frog_01705
noise/frog/frog_noise_00177.png,frog,animal,land,noise,frog_01705
clean/truck/truck_clean_00179.png,truck,vehicle,land,clean,truck_01706
blur/truck/truck_blur_00179.png,truck,vehicle,land,blur,truck_01706
pixelated/truck/truck_pixelated_00179.png,truck,vehicle,land,pixelated,truck_01706
noise/truck/truck_noise_00179.png,truck,vehicle,land,noise,truck_01706
clean/deer/deer_clean_00166.png,deer,animal,land,clean,deer_01707
blur/deer/deer_blur_00166.png,deer,animal,land,blur,deer_01707
pixelated/deer/deer_pixelated_00166.png,deer,animal,land,pixelated,deer_01707
noise/deer/deer_noise_00166.png,deer,animal,land,noise,deer_01707
clean/automobile/automobile_clean_00159.png,automobile,vehicle,land,clean,automobile_01708
blur/automobile/automobile_blur_00159.png,automobile,vehicle,land,blur,automobile_01708
pixelated/automobile/automobile_pixelated_00159.png,automobile,vehicle,land,pixelated,automobile_01708
noise/automobile/automobile_noise_00159.png,automobile,vehicle,land,noise,automobile_01708
clean/horse/horse_clean_00173.png,horse,animal,land,clean,horse_01709
blur/horse/horse_blur_00173.png,horse,animal,land,blur,horse_01709
pixelated/horse/horse_pixelated_00173.png,horse,animal,land,pixelated,horse_01709
noise/horse/horse_noise_00173.png,horse,animal,land,noise,horse_01709
clean/ship/ship_clean_00168.png,ship,vehicle,water,clean,ship_01710
blur/ship/ship_blur_00168.png,ship,vehicle,water,blur,ship_01710
pixelated/ship/ship_pixelated_00168.png,ship,vehicle,water,pixelated,ship_01710
noise/ship/ship_noise_00168.png,ship,vehicle,water,noise,ship_01710
clean/dog/dog_clean_00168.png,dog,animal,land,clean,dog_01711
blur/dog/dog_blur_00168.png,dog,animal,land,blur,dog_01711
pixelated/dog/dog_pixelated_00168.png,dog,animal,land,pixelated,dog_01711
noise/dog/dog_noise_00168.png,dog,animal,land,noise,dog_01711
clean/airplane/airplane_clean_00174.png,airplane,vehicle,air,clean,airplane_01712
blur/airplane/airplane_blur_00174.png,airplane,vehicle,air,blur,airplane_01712
pixelated/airplane/airplane_pixelated_00174.png,airplane,vehicle,air,pixelated,airplane_01712
noise/airplane/airplane_noise_00174.png,airplane,vehicle,air,noise,airplane_01712
clean/cat/cat_clean_00180.png,cat,animal,land,clean,cat_01713
blur/cat/cat_blur_00180.png,cat,animal,land,blur,cat_01713
pixelated/cat/cat_pixelated_00180.png,cat,animal,land,pixelated,cat_01713
noise/cat/cat_noise_00180.png,cat,animal,land,noise,cat_01713
clean/dog/dog_clean_00169.png,dog,animal,land,clean,dog_01714
blur/dog/dog_blur_00169.png,dog,animal,land,blur,dog_01714
pixelated/dog/dog_pixelated_00169.png,dog,animal,land,pixelated,dog_01714
noise/dog/dog_noise_00169.png,dog,animal,land,noise,dog_01714
clean/ship/ship_clean_00169.png,ship,vehicle,water,clean,ship_01715
blur/ship/ship_blur_00169.png,ship,vehicle,water,blur,ship_01715
pixelated/ship/ship_pixelated_00169.png,ship,vehicle,water,pixelated,ship_01715
noise/ship/ship_noise_00169.png,ship,vehicle,water,noise,ship_01715
clean/airplane/airplane_clean_00175.png,airplane,vehicle,air,clean,airplane_01716
blur/airplane/airplane_blur_00175.png,airplane,vehicle,air,blur,airplane_01716
pixelated/airplane/airplane_pixelated_00175.png,airplane,vehicle,air,pixelated,airplane_01716
noise/airplane/airplane_noise_00175.png,airplane,vehicle,air,noise,airplane_01716
clean/horse/horse_clean_00174.png,horse,animal,land,clean,horse_01717
blur/horse/horse_blur_00174.png,horse,animal,land,blur,horse_01717
pixelated/horse/horse_pixelated_00174.png,horse,animal,land,pixelated,horse_01717
noise/horse/horse_noise_00174.png,horse,animal,land,noise,horse_01717
clean/ship/ship_clean_00170.png,ship,vehicle,water,clean,ship_01718
blur/ship/ship_blur_00170.png,ship,vehicle,water,blur,ship_01718
pixelated/ship/ship_pixelated_00170.png,ship,vehicle,water,pixelated,ship_01718
noise/ship/ship_noise_00170.png,ship,vehicle,water,noise,ship_01718
clean/truck/truck_clean_00180.png,truck,vehicle,land,clean,truck_01719
blur/truck/truck_blur_00180.png,truck,vehicle,land,blur,truck_01719
pixelated/truck/truck_pixelated_00180.png,truck,vehicle,land,pixelated,truck_01719
noise/truck/truck_noise_00180.png,truck,vehicle,land,noise,truck_01719
clean/frog/frog_clean_00178.png,frog,animal,land,clean,frog_01720
blur/frog/frog_blur_00178.png,frog,animal,land,blur,frog_01720
pixelated/frog/frog_pixelated_00178.png,frog,animal,land,pixelated,frog_01720
noise/frog/frog_noise_00178.png,frog,animal,land,noise,frog_01720
clean/ship/ship_clean_00171.png,ship,vehicle,water,clean,ship_01721
blur/ship/ship_blur_00171.png,ship,vehicle,water,blur,ship_01721
pixelated/ship/ship_pixelated_00171.png,ship,vehicle,water,pixelated,ship_01721
noise/ship/ship_noise_00171.png,ship,vehicle,water,noise,ship_01721
clean/automobile/automobile_clean_00160.png,automobile,vehicle,land,clean,automobile_01722
blur/automobile/automobile_blur_00160.png,automobile,vehicle,land,blur,automobile_01722
pixelated/automobile/automobile_pixelated_00160.png,automobile,vehicle,land,pixelated,automobile_01722
noise/automobile/automobile_noise_00160.png,automobile,vehicle,land,noise,automobile_01722
clean/airplane/airplane_clean_00176.png,airplane,vehicle,air,clean,airplane_01723
blur/airplane/airplane_blur_00176.png,airplane,vehicle,air,blur,airplane_01723
pixelated/airplane/airplane_pixelated_00176.png,airplane,vehicle,air,pixelated,airplane_01723
noise/airplane/airplane_noise_00176.png,airplane,vehicle,air,noise,airplane_01723
clean/horse/horse_clean_00175.png,horse,animal,land,clean,horse_01724
blur/horse/horse_blur_00175.png,horse,animal,land,blur,horse_01724
pixelated/horse/horse_pixelated_00175.png,horse,animal,land,pixelated,horse_01724
noise/horse/horse_noise_00175.png,horse,animal,land,noise,horse_01724
clean/truck/truck_clean_00181.png,truck,vehicle,land,clean,truck_01725
blur/truck/truck_blur_00181.png,truck,vehicle,land,blur,truck_01725
pixelated/truck/truck_pixelated_00181.png,truck,vehicle,land,pixelated,truck_01725
noise/truck/truck_noise_00181.png,truck,vehicle,land,noise,truck_01725
clean/horse/horse_clean_00176.png,horse,animal,land,clean,horse_01726
blur/horse/horse_blur_00176.png,horse,animal,land,blur,horse_01726
pixelated/horse/horse_pixelated_00176.png,horse,animal,land,pixelated,horse_01726
noise/horse/horse_noise_00176.png,horse,animal,land,noise,horse_01726
clean/horse/horse_clean_00177.png,horse,animal,land,clean,horse_01727
blur/horse/horse_blur_00177.png,horse,animal,land,blur,horse_01727
pixelated/horse/horse_pixelated_00177.png,horse,animal,land,pixelated,horse_01727
noise/horse/horse_noise_00177.png,horse,animal,land,noise,horse_01727
clean/deer/deer_clean_00167.png,deer,animal,land,clean,deer_01728
blur/deer/deer_blur_00167.png,deer,animal,land,blur,deer_01728
pixelated/deer/deer_pixelated_00167.png,deer,animal,land,pixelated,deer_01728
noise/deer/deer_noise_00167.png,deer,animal,land,noise,deer_01728
clean/automobile/automobile_clean_00161.png,automobile,vehicle,land,clean,automobile_01729
blur/automobile/automobile_blur_00161.png,automobile,vehicle,land,blur,automobile_01729
pixelated/automobile/automobile_pixelated_00161.png,automobile,vehicle,land,pixelated,automobile_01729
noise/automobile/automobile_noise_00161.png,automobile,vehicle,land,noise,automobile_01729
clean/cat/cat_clean_00181.png,cat,animal,land,clean,cat_01730
blur/cat/cat_blur_00181.png,cat,animal,land,blur,cat_01730
pixelated/cat/cat_pixelated_00181.png,cat,animal,land,pixelated,cat_01730
noise/cat/cat_noise_00181.png,cat,animal,land,noise,cat_01730
clean/horse/horse_clean_00178.png,horse,animal,land,clean,horse_01731
blur/horse/horse_blur_00178.png,horse,animal,land,blur,horse_01731
pixelated/horse/horse_pixelated_00178.png,horse,animal,land,pixelated,horse_01731
noise/horse/horse_noise_00178.png,horse,animal,land,noise,horse_01731
clean/automobile/automobile_clean_00162.png,automobile,vehicle,land,clean,automobile_01732
blur/automobile/automobile_blur_00162.png,automobile,vehicle,land,blur,automobile_01732
pixelated/automobile/automobile_pixelated_00162.png,automobile,vehicle,land,pixelated,automobile_01732
noise/automobile/automobile_noise_00162.png,automobile,vehicle,land,noise,automobile_01732
clean/horse/horse_clean_00179.png,horse,animal,land,clean,horse_01733
blur/horse/horse_blur_00179.png,horse,animal,land,blur,horse_01733
pixelated/horse/horse_pixelated_00179.png,horse,animal,land,pixelated,horse_01733
noise/horse/horse_noise_00179.png,horse,animal,land,noise,horse_01733
clean/frog/frog_clean_00179.png,frog,animal,land,clean,frog_01734
blur/frog/frog_blur_00179.png,frog,animal,land,blur,frog_01734
pixelated/frog/frog_pixelated_00179.png,frog,animal,land,pixelated,frog_01734
noise/frog/frog_noise_00179.png,frog,animal,land,noise,frog_01734
clean/dog/dog_clean_00170.png,dog,animal,land,clean,dog_01735
blur/dog/dog_blur_00170.png,dog,animal,land,blur,dog_01735
pixelated/dog/dog_pixelated_00170.png,dog,animal,land,pixelated,dog_01735
noise/dog/dog_noise_00170.png,dog,animal,land,noise,dog_01735
clean/horse/horse_clean_00180.png,horse,animal,land,clean,horse_01736
blur/horse/horse_blur_00180.png,horse,animal,land,blur,horse_01736
pixelated/horse/horse_pixelated_00180.png,horse,animal,land,pixelated,horse_01736
noise/horse/horse_noise_00180.png,horse,animal,land,noise,horse_01736
clean/bird/bird_clean_00170.png,bird,animal,air,clean,bird_01737
blur/bird/bird_blur_00170.png,bird,animal,air,blur,bird_01737
pixelated/bird/bird_pixelated_00170.png,bird,animal,air,pixelated,bird_01737
noise/bird/bird_noise_00170.png,bird,animal,air,noise,bird_01737
clean/bird/bird_clean_00171.png,bird,animal,air,clean,bird_01738
blur/bird/bird_blur_00171.png,bird,animal,air,blur,bird_01738
pixelated/bird/bird_pixelated_00171.png,bird,animal,air,pixelated,bird_01738
noise/bird/bird_noise_00171.png,bird,animal,air,noise,bird_01738
clean/ship/ship_clean_00172.png,ship,vehicle,water,clean,ship_01739
blur/ship/ship_blur_00172.png,ship,vehicle,water,blur,ship_01739
pixelated/ship/ship_pixelated_00172.png,ship,vehicle,water,pixelated,ship_01739
noise/ship/ship_noise_00172.png,ship,vehicle,water,noise,ship_01739
clean/truck/truck_clean_00182.png,truck,vehicle,land,clean,truck_01740
blur/truck/truck_blur_00182.png,truck,vehicle,land,blur,truck_01740
pixelated/truck/truck_pixelated_00182.png,truck,vehicle,land,pixelated,truck_01740
noise/truck/truck_noise_00182.png,truck,vehicle,land,noise,truck_01740
clean/horse/horse_clean_00181.png,horse,animal,land,clean,horse_01741
blur/horse/horse_blur_00181.png,horse,animal,land,blur,horse_01741
pixelated/horse/horse_pixelated_00181.png,horse,animal,land,pixelated,horse_01741
noise/horse/horse_noise_00181.png,horse,animal,land,noise,horse_01741
clean/automobile/automobile_clean_00163.png,automobile,vehicle,land,clean,automobile_01742
blur/automobile/automobile_blur_00163.png,automobile,vehicle,land,blur,automobile_01742
pixelated/automobile/automobile_pixelated_00163.png,automobile,vehicle,land,pixelated,automobile_01742
noise/automobile/automobile_noise_00163.png,automobile,vehicle,land,noise,automobile_01742
clean/dog/dog_clean_00171.png,dog,animal,land,clean,dog_01743
blur/dog/dog_blur_00171.png,dog,animal,land,blur,dog_01743
pixelated/dog/dog_pixelated_00171.png,dog,animal,land,pixelated,dog_01743
noise/dog/dog_noise_00171.png,dog,animal,land,noise,dog_01743
clean/cat/cat_clean_00182.png,cat,animal,land,clean,cat_01744
blur/cat/cat_blur_00182.png,cat,animal,land,blur,cat_01744
pixelated/cat/cat_pixelated_00182.png,cat,animal,land,pixelated,cat_01744
noise/cat/cat_noise_00182.png,cat,animal,land,noise,cat_01744
clean/bird/bird_clean_00172.png,bird,animal,air,clean,bird_01745
blur/bird/bird_blur_00172.png,bird,animal,air,blur,bird_01745
pixelated/bird/bird_pixelated_00172.png,bird,animal,air,pixelated,bird_01745
noise/bird/bird_noise_00172.png,bird,animal,air,noise,bird_01745
clean/horse/horse_clean_00182.png,horse,animal,land,clean,horse_01746
blur/horse/horse_blur_00182.png,horse,animal,land,blur,horse_01746
pixelated/horse/horse_pixelated_00182.png,horse,animal,land,pixelated,horse_01746
noise/horse/horse_noise_00182.png,horse,animal,land,noise,horse_01746
clean/dog/dog_clean_00172.png,dog,animal,land,clean,dog_01747
blur/dog/dog_blur_00172.png,dog,animal,land,blur,dog_01747
pixelated/dog/dog_pixelated_00172.png,dog,animal,land,pixelated,dog_01747
noise/dog/dog_noise_00172.png,dog,animal,land,noise,dog_01747
clean/cat/cat_clean_00183.png,cat,animal,land,clean,cat_01748
blur/cat/cat_blur_00183.png,cat,animal,land,blur,cat_01748
pixelated/cat/cat_pixelated_00183.png,cat,animal,land,pixelated,cat_01748
noise/cat/cat_noise_00183.png,cat,animal,land,noise,cat_01748
clean/deer/deer_clean_00168.png,deer,animal,land,clean,deer_01749
blur/deer/deer_blur_00168.png,deer,animal,land,blur,deer_01749
pixelated/deer/deer_pixelated_00168.png,deer,animal,land,pixelated,deer_01749
noise/deer/deer_noise_00168.png,deer,animal,land,noise,deer_01749
clean/frog/frog_clean_00180.png,frog,animal,land,clean,frog_01750
blur/frog/frog_blur_00180.png,frog,animal,land,blur,frog_01750
pixelated/frog/frog_pixelated_00180.png,frog,animal,land,pixelated,frog_01750
noise/frog/frog_noise_00180.png,frog,animal,land,noise,frog_01750
clean/bird/bird_clean_00173.png,bird,animal,air,clean,bird_01751
blur/bird/bird_blur_00173.png,bird,animal,air,blur,bird_01751
pixelated/bird/bird_pixelated_00173.png,bird,animal,air,pixelated,bird_01751
noise/bird/bird_noise_00173.png,bird,animal,air,noise,bird_01751
clean/cat/cat_clean_00184.png,cat,animal,land,clean,cat_01752
blur/cat/cat_blur_00184.png,cat,animal,land,blur,cat_01752
pixelated/cat/cat_pixelated_00184.png,cat,animal,land,pixelated,cat_01752
noise/cat/cat_noise_00184.png,cat,animal,land,noise,cat_01752
clean/truck/truck_clean_00183.png,truck,vehicle,land,clean,truck_01753
blur/truck/truck_blur_00183.png,truck,vehicle,land,blur,truck_01753
pixelated/truck/truck_pixelated_00183.png,truck,vehicle,land,pixelated,truck_01753
noise/truck/truck_noise_00183.png,truck,vehicle,land,noise,truck_01753
clean/ship/ship_clean_00173.png,ship,vehicle,water,clean,ship_01754
blur/ship/ship_blur_00173.png,ship,vehicle,water,blur,ship_01754
pixelated/ship/ship_pixelated_00173.png,ship,vehicle,water,pixelated,ship_01754
noise/ship/ship_noise_00173.png,ship,vehicle,water,noise,ship_01754
clean/deer/deer_clean_00169.png,deer,animal,land,clean,deer_01755
blur/deer/deer_blur_00169.png,deer,animal,land,blur,deer_01755
pixelated/deer/deer_pixelated_00169.png,deer,animal,land,pixelated,deer_01755
noise/deer/deer_noise_00169.png,deer,animal,land,noise,deer_01755
clean/dog/dog_clean_00173.png,dog,animal,land,clean,dog_01756
blur/dog/dog_blur_00173.png,dog,animal,land,blur,dog_01756
pixelated/dog/dog_pixelated_00173.png,dog,animal,land,pixelated,dog_01756
noise/dog/dog_noise_00173.png,dog,animal,land,noise,dog_01756
clean/automobile/automobile_clean_00164.png,automobile,vehicle,land,clean,automobile_01757
blur/automobile/automobile_blur_00164.png,automobile,vehicle,land,blur,automobile_01757
pixelated/automobile/automobile_pixelated_00164.png,automobile,vehicle,land,pixelated,automobile_01757
noise/automobile/automobile_noise_00164.png,automobile,vehicle,land,noise,automobile_01757
clean/cat/cat_clean_00185.png,cat,animal,land,clean,cat_01758
blur/cat/cat_blur_00185.png,cat,animal,land,blur,cat_01758
pixelated/cat/cat_pixelated_00185.png,cat,animal,land,pixelated,cat_01758
noise/cat/cat_noise_00185.png,cat,animal,land,noise,cat_01758
clean/horse/horse_clean_00183.png,horse,animal,land,clean,horse_01759
blur/horse/horse_blur_00183.png,horse,animal,land,blur,horse_01759
pixelated/horse/horse_pixelated_00183.png,horse,animal,land,pixelated,horse_01759
noise/horse/horse_noise_00183.png,horse,animal,land,noise,horse_01759
clean/dog/dog_clean_00174.png,dog,animal,land,clean,dog_01760
blur/dog/dog_blur_00174.png,dog,animal,land,blur,dog_01760
pixelated/dog/dog_pixelated_00174.png,dog,animal,land,pixelated,dog_01760
noise/dog/dog_noise_00174.png,dog,animal,land,noise,dog_01760
clean/ship/ship_clean_00174.png,ship,vehicle,water,clean,ship_01761
blur/ship/ship_blur_00174.png,ship,vehicle,water,blur,ship_01761
pixelated/ship/ship_pixelated_00174.png,ship,vehicle,water,pixelated,ship_01761
noise/ship/ship_noise_00174.png,ship,vehicle,water,noise,ship_01761
clean/frog/frog_clean_00181.png,frog,animal,land,clean,frog_01762
blur/frog/frog_blur_00181.png,frog,animal,land,blur,frog_01762
pixelated/frog/frog_pixelated_00181.png,frog,animal,land,pixelated,frog_01762
noise/frog/frog_noise_00181.png,frog,animal,land,noise,frog_01762
clean/dog/dog_clean_00175.png,dog,animal,land,clean,dog_01763
blur/dog/dog_blur_00175.png,dog,animal,land,blur,dog_01763
pixelated/dog/dog_pixelated_00175.png,dog,animal,land,pixelated,dog_01763
noise/dog/dog_noise_00175.png,dog,animal,land,noise,dog_01763
clean/frog/frog_clean_00182.png,frog,animal,land,clean,frog_01764
blur/frog/frog_blur_00182.png,frog,animal,land,blur,frog_01764
pixelated/frog/frog_pixelated_00182.png,frog,animal,land,pixelated,frog_01764
noise/frog/frog_noise_00182.png,frog,animal,land,noise,frog_01764
clean/cat/cat_clean_00186.png,cat,animal,land,clean,cat_01765
blur/cat/cat_blur_00186.png,cat,animal,land,blur,cat_01765
pixelated/cat/cat_pixelated_00186.png,cat,animal,land,pixelated,cat_01765
noise/cat/cat_noise_00186.png,cat,animal,land,noise,cat_01765
clean/ship/ship_clean_00175.png,ship,vehicle,water,clean,ship_01766
blur/ship/ship_blur_00175.png,ship,vehicle,water,blur,ship_01766
pixelated/ship/ship_pixelated_00175.png,ship,vehicle,water,pixelated,ship_01766
noise/ship/ship_noise_00175.png,ship,vehicle,water,noise,ship_01766
clean/bird/bird_clean_00174.png,bird,animal,air,clean,bird_01767
blur/bird/bird_blur_00174.png,bird,animal,air,blur,bird_01767
pixelated/bird/bird_pixelated_00174.png,bird,animal,air,pixelated,bird_01767
noise/bird/bird_noise_00174.png,bird,animal,air,noise,bird_01767
clean/truck/truck_clean_00184.png,truck,vehicle,land,clean,truck_01768
blur/truck/truck_blur_00184.png,truck,vehicle,land,blur,truck_01768
pixelated/truck/truck_pixelated_00184.png,truck,vehicle,land,pixelated,truck_01768
noise/truck/truck_noise_00184.png,truck,vehicle,land,noise,truck_01768
clean/automobile/automobile_clean_00165.png,automobile,vehicle,land,clean,automobile_01769
blur/automobile/automobile_blur_00165.png,automobile,vehicle,land,blur,automobile_01769
pixelated/automobile/automobile_pixelated_00165.png,automobile,vehicle,land,pixelated,automobile_01769
noise/automobile/automobile_noise_00165.png,automobile,vehicle,land,noise,automobile_01769
clean/automobile/automobile_clean_00166.png,automobile,vehicle,land,clean,automobile_01770
blur/automobile/automobile_blur_00166.png,automobile,vehicle,land,blur,automobile_01770
pixelated/automobile/automobile_pixelated_00166.png,automobile,vehicle,land,pixelated,automobile_01770
noise/automobile/automobile_noise_00166.png,automobile,vehicle,land,noise,automobile_01770
clean/automobile/automobile_clean_00167.png,automobile,vehicle,land,clean,automobile_01771
blur/automobile/automobile_blur_00167.png,automobile,vehicle,land,blur,automobile_01771
pixelated/automobile/automobile_pixelated_00167.png,automobile,vehicle,land,pixelated,automobile_01771
noise/automobile/automobile_noise_00167.png,automobile,vehicle,land,noise,automobile_01771
clean/horse/horse_clean_00184.png,horse,animal,land,clean,horse_01772
blur/horse/horse_blur_00184.png,horse,animal,land,blur,horse_01772
pixelated/horse/horse_pixelated_00184.png,horse,animal,land,pixelated,horse_01772
noise/horse/horse_noise_00184.png,horse,animal,land,noise,horse_01772
clean/horse/horse_clean_00185.png,horse,animal,land,clean,horse_01773
blur/horse/horse_blur_00185.png,horse,animal,land,blur,horse_01773
pixelated/horse/horse_pixelated_00185.png,horse,animal,land,pixelated,horse_01773
noise/horse/horse_noise_00185.png,horse,animal,land,noise,horse_01773
clean/dog/dog_clean_00176.png,dog,animal,land,clean,dog_01774
blur/dog/dog_blur_00176.png,dog,animal,land,blur,dog_01774
pixelated/dog/dog_pixelated_00176.png,dog,animal,land,pixelated,dog_01774
noise/dog/dog_noise_00176.png,dog,animal,land,noise,dog_01774
clean/ship/ship_clean_00176.png,ship,vehicle,water,clean,ship_01775
blur/ship/ship_blur_00176.png,ship,vehicle,water,blur,ship_01775
pixelated/ship/ship_pixelated_00176.png,ship,vehicle,water,pixelated,ship_01775
noise/ship/ship_noise_00176.png,ship,vehicle,water,noise,ship_01775
clean/bird/bird_clean_00175.png,bird,animal,air,clean,bird_01776
blur/bird/bird_blur_00175.png,bird,animal,air,blur,bird_01776
pixelated/bird/bird_pixelated_00175.png,bird,animal,air,pixelated,bird_01776
noise/bird/bird_noise_00175.png,bird,animal,air,noise,bird_01776
clean/deer/deer_clean_00170.png,deer,animal,land,clean,deer_01777
blur/deer/deer_blur_00170.png,deer,animal,land,blur,deer_01777
pixelated/deer/deer_pixelated_00170.png,deer,animal,land,pixelated,deer_01777
noise/deer/deer_noise_00170.png,deer,animal,land,noise,deer_01777
clean/bird/bird_clean_00176.png,bird,animal,air,clean,bird_01778
blur/bird/bird_blur_00176.png,bird,animal,air,blur,bird_01778
pixelated/bird/bird_pixelated_00176.png,bird,animal,air,pixelated,bird_01778
noise/bird/bird_noise_00176.png,bird,animal,air,noise,bird_01778
clean/automobile/automobile_clean_00168.png,automobile,vehicle,land,clean,automobile_01779
blur/automobile/automobile_blur_00168.png,automobile,vehicle,land,blur,automobile_01779
pixelated/automobile/automobile_pixelated_00168.png,automobile,vehicle,land,pixelated,automobile_01779
noise/automobile/automobile_noise_00168.png,automobile,vehicle,land,noise,automobile_01779
clean/bird/bird_clean_00177.png,bird,animal,air,clean,bird_01780
blur/bird/bird_blur_00177.png,bird,animal,air,blur,bird_01780
pixelated/bird/bird_pixelated_00177.png,bird,animal,air,pixelated,bird_01780
noise/bird/bird_noise_00177.png,bird,animal,air,noise,bird_01780
clean/frog/frog_clean_00183.png,frog,animal,land,clean,frog_01781
blur/frog/frog_blur_00183.png,frog,animal,land,blur,frog_01781
pixelated/frog/frog_pixelated_00183.png,frog,animal,land,pixelated,frog_01781
noise/frog/frog_noise_00183.png,frog,animal,land,noise,frog_01781
clean/automobile/automobile_clean_00169.png,automobile,vehicle,land,clean,automobile_01782
blur/automobile/automobile_blur_00169.png,automobile,vehicle,land,blur,automobile_01782
pixelated/automobile/automobile_pixelated_00169.png,automobile,vehicle,land,pixelated,automobile_01782
noise/automobile/automobile_noise_00169.png,automobile,vehicle,land,noise,automobile_01782
clean/horse/horse_clean_00186.png,horse,animal,land,clean,horse_01783
blur/horse/horse_blur_00186.png,horse,animal,land,blur,horse_01783
pixelated/horse/horse_pixelated_00186.png,horse,animal,land,pixelated,horse_01783
noise/horse/horse_noise_00186.png,horse,animal,land,noise,horse_01783
clean/dog/dog_clean_00177.png,dog,animal,land,clean,dog_01784
blur/dog/dog_blur_00177.png,dog,animal,land,blur,dog_01784
pixelated/dog/dog_pixelated_00177.png,dog,animal,land,pixelated,dog_01784
noise/dog/dog_noise_00177.png,dog,animal,land,noise,dog_01784
clean/frog/frog_clean_00184.png,frog,animal,land,clean,frog_01785
blur/frog/frog_blur_00184.png,frog,animal,land,blur,frog_01785
pixelated/frog/frog_pixelated_00184.png,frog,animal,land,pixelated,frog_01785
noise/frog/frog_noise_00184.png,frog,animal,land,noise,frog_01785
clean/deer/deer_clean_00171.png,deer,animal,land,clean,deer_01786
blur/deer/deer_blur_00171.png,deer,animal,land,blur,deer_01786
pixelated/deer/deer_pixelated_00171.png,deer,animal,land,pixelated,deer_01786
noise/deer/deer_noise_00171.png,deer,animal,land,noise,deer_01786
clean/automobile/automobile_clean_00170.png,automobile,vehicle,land,clean,automobile_01787
blur/automobile/automobile_blur_00170.png,automobile,vehicle,land,blur,automobile_01787
pixelated/automobile/automobile_pixelated_00170.png,automobile,vehicle,land,pixelated,automobile_01787
noise/automobile/automobile_noise_00170.png,automobile,vehicle,land,noise,automobile_01787
clean/frog/frog_clean_00185.png,frog,animal,land,clean,frog_01788
blur/frog/frog_blur_00185.png,frog,animal,land,blur,frog_01788
pixelated/frog/frog_pixelated_00185.png,frog,animal,land,pixelated,frog_01788
noise/frog/frog_noise_00185.png,frog,animal,land,noise,frog_01788
clean/airplane/airplane_clean_00177.png,airplane,vehicle,air,clean,airplane_01789
blur/airplane/airplane_blur_00177.png,airplane,vehicle,air,blur,airplane_01789
pixelated/airplane/airplane_pixelated_00177.png,airplane,vehicle,air,pixelated,airplane_01789
noise/airplane/airplane_noise_00177.png,airplane,vehicle,air,noise,airplane_01789
clean/ship/ship_clean_00177.png,ship,vehicle,water,clean,ship_01790
blur/ship/ship_blur_00177.png,ship,vehicle,water,blur,ship_01790
pixelated/ship/ship_pixelated_00177.png,ship,vehicle,water,pixelated,ship_01790
noise/ship/ship_noise_00177.png,ship,vehicle,water,noise,ship_01790
clean/truck/truck_clean_00185.png,truck,vehicle,land,clean,truck_01791
blur/truck/truck_blur_00185.png,truck,vehicle,land,blur,truck_01791
pixelated/truck/truck_pixelated_00185.png,truck,vehicle,land,pixelated,truck_01791
noise/truck/truck_noise_00185.png,truck,vehicle,land,noise,truck_01791
clean/truck/truck_clean_00186.png,truck,vehicle,land,clean,truck_01792
blur/truck/truck_blur_00186.png,truck,vehicle,land,blur,truck_01792
pixelated/truck/truck_pixelated_00186.png,truck,vehicle,land,pixelated,truck_01792
noise/truck/truck_noise_00186.png,truck,vehicle,land,noise,truck_01792
clean/bird/bird_clean_00178.png,bird,animal,air,clean,bird_01793
blur/bird/bird_blur_00178.png,bird,animal,air,blur,bird_01793
pixelated/bird/bird_pixelated_00178.png,bird,animal,air,pixelated,bird_01793
noise/bird/bird_noise_00178.png,bird,animal,air,noise,bird_01793
clean/truck/truck_clean_00187.png,truck,vehicle,land,clean,truck_01794
blur/truck/truck_blur_00187.png,truck,vehicle,land,blur,truck_01794
pixelated/truck/truck_pixelated_00187.png,truck,vehicle,land,pixelated,truck_01794
noise/truck/truck_noise_00187.png,truck,vehicle,land,noise,truck_01794
clean/bird/bird_clean_00179.png,bird,animal,air,clean,bird_01795
blur/bird/bird_blur_00179.png,bird,animal,air,blur,bird_01795
pixelated/bird/bird_pixelated_00179.png,bird,animal,air,pixelated,bird_01795
noise/bird/bird_noise_00179.png,bird,animal,air,noise,bird_01795
clean/dog/dog_clean_00178.png,dog,animal,land,clean,dog_01796
blur/dog/dog_blur_00178.png,dog,animal,land,blur,dog_01796
pixelated/dog/dog_pixelated_00178.png,dog,animal,land,pixelated,dog_01796
noise/dog/dog_noise_00178.png,dog,animal,land,noise,dog_01796
clean/automobile/automobile_clean_00171.png,automobile,vehicle,land,clean,automobile_01797
blur/automobile/automobile_blur_00171.png,automobile,vehicle,land,blur,automobile_01797
pixelated/automobile/automobile_pixelated_00171.png,automobile,vehicle,land,pixelated,automobile_01797
noise/automobile/automobile_noise_00171.png,automobile,vehicle,land,noise,automobile_01797
clean/deer/deer_clean_00172.png,deer,animal,land,clean,deer_01798
blur/deer/deer_blur_00172.png,deer,animal,land,blur,deer_01798
pixelated/deer/deer_pixelated_00172.png,deer,animal,land,pixelated,deer_01798
noise/deer/deer_noise_00172.png,deer,animal,land,noise,deer_01798
clean/airplane/airplane_clean_00178.png,airplane,vehicle,air,clean,airplane_01799
blur/airplane/airplane_blur_00178.png,airplane,vehicle,air,blur,airplane_01799
pixelated/airplane/airplane_pixelated_00178.png,airplane,vehicle,air,pixelated,airplane_01799
noise/airplane/airplane_noise_00178.png,airplane,vehicle,air,noise,airplane_01799
clean/dog/dog_clean_00179.png,dog,animal,land,clean,dog_01800
blur/dog/dog_blur_00179.png,dog,animal,land,blur,dog_01800
pixelated/dog/dog_pixelated_00179.png,dog,animal,land,pixelated,dog_01800
noise/dog/dog_noise_00179.png,dog,animal,land,noise,dog_01800
clean/dog/dog_clean_00180.png,dog,animal,land,clean,dog_01801
blur/dog/dog_blur_00180.png,dog,animal,land,blur,dog_01801
pixelated/dog/dog_pixelated_00180.png,dog,animal,land,pixelated,dog_01801
noise/dog/dog_noise_00180.png,dog,animal,land,noise,dog_01801
clean/airplane/airplane_clean_00179.png,airplane,vehicle,air,clean,airplane_01802
blur/airplane/airplane_blur_00179.png,airplane,vehicle,air,blur,airplane_01802
pixelated/airplane/airplane_pixelated_00179.png,airplane,vehicle,air,pixelated,airplane_01802
noise/airplane/airplane_noise_00179.png,airplane,vehicle,air,noise,airplane_01802
clean/truck/truck_clean_00188.png,truck,vehicle,land,clean,truck_01803
blur/truck/truck_blur_00188.png,truck,vehicle,land,blur,truck_01803
pixelated/truck/truck_pixelated_00188.png,truck,vehicle,land,pixelated,truck_01803
noise/truck/truck_noise_00188.png,truck,vehicle,land,noise,truck_01803
clean/ship/ship_clean_00178.png,ship,vehicle,water,clean,ship_01804
blur/ship/ship_blur_00178.png,ship,vehicle,water,blur,ship_01804
pixelated/ship/ship_pixelated_00178.png,ship,vehicle,water,pixelated,ship_01804
noise/ship/ship_noise_00178.png,ship,vehicle,water,noise,ship_01804
clean/deer/deer_clean_00173.png,deer,animal,land,clean,deer_01805
blur/deer/deer_blur_00173.png,deer,animal,land,blur,deer_01805
pixelated/deer/deer_pixelated_00173.png,deer,animal,land,pixelated,deer_01805
noise/deer/deer_noise_00173.png,deer,animal,land,noise,deer_01805
clean/bird/bird_clean_00180.png,bird,animal,air,clean,bird_01806
blur/bird/bird_blur_00180.png,bird,animal,air,blur,bird_01806
pixelated/bird/bird_pixelated_00180.png,bird,animal,air,pixelated,bird_01806
noise/bird/bird_noise_00180.png,bird,animal,air,noise,bird_01806
clean/bird/bird_clean_00181.png,bird,animal,air,clean,bird_01807
blur/bird/bird_blur_00181.png,bird,animal,air,blur,bird_01807
pixelated/bird/bird_pixelated_00181.png,bird,animal,air,pixelated,bird_01807
noise/bird/bird_noise_00181.png,bird,animal,air,noise,bird_01807
clean/airplane/airplane_clean_00180.png,airplane,vehicle,air,clean,airplane_01808
blur/airplane/airplane_blur_00180.png,airplane,vehicle,air,blur,airplane_01808
pixelated/airplane/airplane_pixelated_00180.png,airplane,vehicle,air,pixelated,airplane_01808
noise/airplane/airplane_noise_00180.png,airplane,vehicle,air,noise,airplane_01808
clean/truck/truck_clean_00189.png,truck,vehicle,land,clean,truck_01809
blur/truck/truck_blur_00189.png,truck,vehicle,land,blur,truck_01809
pixelated/truck/truck_pixelated_00189.png,truck,vehicle,land,pixelated,truck_01809
noise/truck/truck_noise_00189.png,truck,vehicle,land,noise,truck_01809
clean/airplane/airplane_clean_00181.png,airplane,vehicle,air,clean,airplane_01810
blur/airplane/airplane_blur_00181.png,airplane,vehicle,air,blur,airplane_01810
pixelated/airplane/airplane_pixelated_00181.png,airplane,vehicle,air,pixelated,airplane_01810
noise/airplane/airplane_noise_00181.png,airplane,vehicle,air,noise,airplane_01810
clean/horse/horse_clean_00187.png,horse,animal,land,clean,horse_01811
blur/horse/horse_blur_00187.png,horse,animal,land,blur,horse_01811
pixelated/horse/horse_pixelated_00187.png,horse,animal,land,pixelated,horse_01811
noise/horse/horse_noise_00187.png,horse,animal,land,noise,horse_01811
clean/horse/horse_clean_00188.png,horse,animal,land,clean,horse_01812
blur/horse/horse_blur_00188.png,horse,animal,land,blur,horse_01812
pixelated/horse/horse_pixelated_00188.png,horse,animal,land,pixelated,horse_01812
noise/horse/horse_noise_00188.png,horse,animal,land,noise,horse_01812
clean/horse/horse_clean_00189.png,horse,animal,land,clean,horse_01813
blur/horse/horse_blur_00189.png,horse,animal,land,blur,horse_01813
pixelated/horse/horse_pixelated_00189.png,horse,animal,land,pixelated,horse_01813
noise/horse/horse_noise_00189.png,horse,animal,land,noise,horse_01813
clean/airplane/airplane_clean_00182.png,airplane,vehicle,air,clean,airplane_01814
blur/airplane/airplane_blur_00182.png,airplane,vehicle,air,blur,airplane_01814
pixelated/airplane/airplane_pixelated_00182.png,airplane,vehicle,air,pixelated,airplane_01814
noise/airplane/airplane_noise_00182.png,airplane,vehicle,air,noise,airplane_01814
clean/bird/bird_clean_00182.png,bird,animal,air,clean,bird_01815
blur/bird/bird_blur_00182.png,bird,animal,air,blur,bird_01815
pixelated/bird/bird_pixelated_00182.png,bird,animal,air,pixelated,bird_01815
noise/bird/bird_noise_00182.png,bird,animal,air,noise,bird_01815
clean/airplane/airplane_clean_00183.png,airplane,vehicle,air,clean,airplane_01816
blur/airplane/airplane_blur_00183.png,airplane,vehicle,air,blur,airplane_01816
pixelated/airplane/airplane_pixelated_00183.png,airplane,vehicle,air,pixelated,airplane_01816
noise/airplane/airplane_noise_00183.png,airplane,vehicle,air,noise,airplane_01816
clean/bird/bird_clean_00183.png,bird,animal,air,clean,bird_01817
blur/bird/bird_blur_00183.png,bird,animal,air,blur,bird_01817
pixelated/bird/bird_pixelated_00183.png,bird,animal,air,pixelated,bird_01817
noise/bird/bird_noise_00183.png,bird,animal,air,noise,bird_01817
clean/dog/dog_clean_00181.png,dog,animal,land,clean,dog_01818
blur/dog/dog_blur_00181.png,dog,animal,land,blur,dog_01818
pixelated/dog/dog_pixelated_00181.png,dog,animal,land,pixelated,dog_01818
noise/dog/dog_noise_00181.png,dog,animal,land,noise,dog_01818
clean/truck/truck_clean_00190.png,truck,vehicle,land,clean,truck_01819
blur/truck/truck_blur_00190.png,truck,vehicle,land,blur,truck_01819
pixelated/truck/truck_pixelated_00190.png,truck,vehicle,land,pixelated,truck_01819
noise/truck/truck_noise_00190.png,truck,vehicle,land,noise,truck_01819
clean/airplane/airplane_clean_00184.png,airplane,vehicle,air,clean,airplane_01820
blur/airplane/airplane_blur_00184.png,airplane,vehicle,air,blur,airplane_01820
pixelated/airplane/airplane_pixelated_00184.png,airplane,vehicle,air,pixelated,airplane_01820
noise/airplane/airplane_noise_00184.png,airplane,vehicle,air,noise,airplane_01820
clean/frog/frog_clean_00186.png,frog,animal,land,clean,frog_01821
blur/frog/frog_blur_00186.png,frog,animal,land,blur,frog_01821
pixelated/frog/frog_pixelated_00186.png,frog,animal,land,pixelated,frog_01821
noise/frog/frog_noise_00186.png,frog,animal,land,noise,frog_01821
clean/frog/frog_clean_00187.png,frog,animal,land,clean,frog_01822
blur/frog/frog_blur_00187.png,frog,animal,land,blur,frog_01822
pixelated/frog/frog_pixelated_00187.png,frog,animal,land,pixelated,frog_01822
noise/frog/frog_noise_00187.png,frog,animal,land,noise,frog_01822
clean/bird/bird_clean_00184.png,bird,animal,air,clean,bird_01823
blur/bird/bird_blur_00184.png,bird,animal,air,blur,bird_01823
pixelated/bird/bird_pixelated_00184.png,bird,animal,air,pixelated,bird_01823
noise/bird/bird_noise_00184.png,bird,animal,air,noise,bird_01823
clean/dog/dog_clean_00182.png,dog,animal,land,clean,dog_01824
blur/dog/dog_blur_00182.png,dog,animal,land,blur,dog_01824
pixelated/dog/dog_pixelated_00182.png,dog,animal,land,pixelated,dog_01824
noise/dog/dog_noise_00182.png,dog,animal,land,noise,dog_01824
clean/cat/cat_clean_00187.png,cat,animal,land,clean,cat_01825
blur/cat/cat_blur_00187.png,cat,animal,land,blur,cat_01825
pixelated/cat/cat_pixelated_00187.png,cat,animal,land,pixelated,cat_01825
noise/cat/cat_noise_00187.png,cat,animal,land,noise,cat_01825
clean/cat/cat_clean_00188.png,cat,animal,land,clean,cat_01826
blur/cat/cat_blur_00188.png,cat,animal,land,blur,cat_01826
pixelated/cat/cat_pixelated_00188.png,cat,animal,land,pixelated,cat_01826
noise/cat/cat_noise_00188.png,cat,animal,land,noise,cat_01826
clean/deer/deer_clean_00174.png,deer,animal,land,clean,deer_01827
blur/deer/deer_blur_00174.png,deer,animal,land,blur,deer_01827
pixelated/deer/deer_pixelated_00174.png,deer,animal,land,pixelated,deer_01827
noise/deer/deer_noise_00174.png,deer,animal,land,noise,deer_01827
clean/dog/dog_clean_00183.png,dog,animal,land,clean,dog_01828
blur/dog/dog_blur_00183.png,dog,animal,land,blur,dog_01828
pixelated/dog/dog_pixelated_00183.png,dog,animal,land,pixelated,dog_01828
noise/dog/dog_noise_00183.png,dog,animal,land,noise,dog_01828
clean/bird/bird_clean_00185.png,bird,animal,air,clean,bird_01829
blur/bird/bird_blur_00185.png,bird,animal,air,blur,bird_01829
pixelated/bird/bird_pixelated_00185.png,bird,animal,air,pixelated,bird_01829
noise/bird/bird_noise_00185.png,bird,animal,air,noise,bird_01829
clean/bird/bird_clean_00186.png,bird,animal,air,clean,bird_01830
blur/bird/bird_blur_00186.png,bird,animal,air,blur,bird_01830
pixelated/bird/bird_pixelated_00186.png,bird,animal,air,pixelated,bird_01830
noise/bird/bird_noise_00186.png,bird,animal,air,noise,bird_01830
clean/horse/horse_clean_00190.png,horse,animal,land,clean,horse_01831
blur/horse/horse_blur_00190.png,horse,animal,land,blur,horse_01831
pixelated/horse/horse_pixelated_00190.png,horse,animal,land,pixelated,horse_01831
noise/horse/horse_noise_00190.png,horse,animal,land,noise,horse_01831
clean/deer/deer_clean_00175.png,deer,animal,land,clean,deer_01832
blur/deer/deer_blur_00175.png,deer,animal,land,blur,deer_01832
pixelated/deer/deer_pixelated_00175.png,deer,animal,land,pixelated,deer_01832
noise/deer/deer_noise_00175.png,deer,animal,land,noise,deer_01832
clean/dog/dog_clean_00184.png,dog,animal,land,clean,dog_01833
blur/dog/dog_blur_00184.png,dog,animal,land,blur,dog_01833
pixelated/dog/dog_pixelated_00184.png,dog,animal,land,pixelated,dog_01833
noise/dog/dog_noise_00184.png,dog,animal,land,noise,dog_01833
clean/bird/bird_clean_00187.png,bird,animal,air,clean,bird_01834
blur/bird/bird_blur_00187.png,bird,animal,air,blur,bird_01834
pixelated/bird/bird_pixelated_00187.png,bird,animal,air,pixelated,bird_01834
noise/bird/bird_noise_00187.png,bird,animal,air,noise,bird_01834
clean/cat/cat_clean_00189.png,cat,animal,land,clean,cat_01835
blur/cat/cat_blur_00189.png,cat,animal,land,blur,cat_01835
pixelated/cat/cat_pixelated_00189.png,cat,animal,land,pixelated,cat_01835
noise/cat/cat_noise_00189.png,cat,animal,land,noise,cat_01835
clean/truck/truck_clean_00191.png,truck,vehicle,land,clean,truck_01836
blur/truck/truck_blur_00191.png,truck,vehicle,land,blur,truck_01836
pixelated/truck/truck_pixelated_00191.png,truck,vehicle,land,pixelated,truck_01836
noise/truck/truck_noise_00191.png,truck,vehicle,land,noise,truck_01836
clean/cat/cat_clean_00190.png,cat,animal,land,clean,cat_01837
blur/cat/cat_blur_00190.png,cat,animal,land,blur,cat_01837
pixelated/cat/cat_pixelated_00190.png,cat,animal,land,pixelated,cat_01837
noise/cat/cat_noise_00190.png,cat,animal,land,noise,cat_01837
clean/airplane/airplane_clean_00185.png,airplane,vehicle,air,clean,airplane_01838
blur/airplane/airplane_blur_00185.png,airplane,vehicle,air,blur,airplane_01838
pixelated/airplane/airplane_pixelated_00185.png,airplane,vehicle,air,pixelated,airplane_01838
noise/airplane/airplane_noise_00185.png,airplane,vehicle,air,noise,airplane_01838
clean/ship/ship_clean_00179.png,ship,vehicle,water,clean,ship_01839
blur/ship/ship_blur_00179.png,ship,vehicle,water,blur,ship_01839
pixelated/ship/ship_pixelated_00179.png,ship,vehicle,water,pixelated,ship_01839
noise/ship/ship_noise_00179.png,ship,vehicle,water,noise,ship_01839
clean/airplane/airplane_clean_00186.png,airplane,vehicle,air,clean,airplane_01840
blur/airplane/airplane_blur_00186.png,airplane,vehicle,air,blur,airplane_01840
pixelated/airplane/airplane_pixelated_00186.png,airplane,vehicle,air,pixelated,airplane_01840
noise/airplane/airplane_noise_00186.png,airplane,vehicle,air,noise,airplane_01840
clean/bird/bird_clean_00188.png,bird,animal,air,clean,bird_01841
blur/bird/bird_blur_00188.png,bird,animal,air,blur,bird_01841
pixelated/bird/bird_pixelated_00188.png,bird,animal,air,pixelated,bird_01841
noise/bird/bird_noise_00188.png,bird,animal,air,noise,bird_01841
clean/bird/bird_clean_00189.png,bird,animal,air,clean,bird_01842
blur/bird/bird_blur_00189.png,bird,animal,air,blur,bird_01842
pixelated/bird/bird_pixelated_00189.png,bird,animal,air,pixelated,bird_01842
noise/bird/bird_noise_00189.png,bird,animal,air,noise,bird_01842
clean/bird/bird_clean_00190.png,bird,animal,air,clean,bird_01843
blur/bird/bird_blur_00190.png,bird,animal,air,blur,bird_01843
pixelated/bird/bird_pixelated_00190.png,bird,animal,air,pixelated,bird_01843
noise/bird/bird_noise_00190.png,bird,animal,air,noise,bird_01843
clean/deer/deer_clean_00176.png,deer,animal,land,clean,deer_01844
blur/deer/deer_blur_00176.png,deer,animal,land,blur,deer_01844
pixelated/deer/deer_pixelated_00176.png,deer,animal,land,pixelated,deer_01844
noise/deer/deer_noise_00176.png,deer,animal,land,noise,deer_01844
clean/ship/ship_clean_00180.png,ship,vehicle,water,clean,ship_01845
blur/ship/ship_blur_00180.png,ship,vehicle,water,blur,ship_01845
pixelated/ship/ship_pixelated_00180.png,ship,vehicle,water,pixelated,ship_01845
noise/ship/ship_noise_00180.png,ship,vehicle,water,noise,ship_01845
clean/truck/truck_clean_00192.png,truck,vehicle,land,clean,truck_01846
blur/truck/truck_blur_00192.png,truck,vehicle,land,blur,truck_01846
pixelated/truck/truck_pixelated_00192.png,truck,vehicle,land,pixelated,truck_01846
noise/truck/truck_noise_00192.png,truck,vehicle,land,noise,truck_01846
clean/horse/horse_clean_00191.png,horse,animal,land,clean,horse_01847
blur/horse/horse_blur_00191.png,horse,animal,land,blur,horse_01847
pixelated/horse/horse_pixelated_00191.png,horse,animal,land,pixelated,horse_01847
noise/horse/horse_noise_00191.png,horse,animal,land,noise,horse_01847
clean/bird/bird_clean_00191.png,bird,animal,air,clean,bird_01848
blur/bird/bird_blur_00191.png,bird,animal,air,blur,bird_01848
pixelated/bird/bird_pixelated_00191.png,bird,animal,air,pixelated,bird_01848
noise/bird/bird_noise_00191.png,bird,animal,air,noise,bird_01848
clean/truck/truck_clean_00193.png,truck,vehicle,land,clean,truck_01849
blur/truck/truck_blur_00193.png,truck,vehicle,land,blur,truck_01849
pixelated/truck/truck_pixelated_00193.png,truck,vehicle,land,pixelated,truck_01849
noise/truck/truck_noise_00193.png,truck,vehicle,land,noise,truck_01849
clean/ship/ship_clean_00181.png,ship,vehicle,water,clean,ship_01850
blur/ship/ship_blur_00181.png,ship,vehicle,water,blur,ship_01850
pixelated/ship/ship_pixelated_00181.png,ship,vehicle,water,pixelated,ship_01850
noise/ship/ship_noise_00181.png,ship,vehicle,water,noise,ship_01850
clean/dog/dog_clean_00185.png,dog,animal,land,clean,dog_01851
blur/dog/dog_blur_00185.png,dog,animal,land,blur,dog_01851
pixelated/dog/dog_pixelated_00185.png,dog,animal,land,pixelated,dog_01851
noise/dog/dog_noise_00185.png,dog,animal,land,noise,dog_01851
clean/automobile/automobile_clean_00172.png,automobile,vehicle,land,clean,automobile_01852
blur/automobile/automobile_blur_00172.png,automobile,vehicle,land,blur,automobile_01852
pixelated/automobile/automobile_pixelated_00172.png,automobile,vehicle,land,pixelated,automobile_01852
noise/automobile/automobile_noise_00172.png,automobile,vehicle,land,noise,automobile_01852
clean/horse/horse_clean_00192.png,horse,animal,land,clean,horse_01853
blur/horse/horse_blur_00192.png,horse,animal,land,blur,horse_01853
pixelated/horse/horse_pixelated_00192.png,horse,animal,land,pixelated,horse_01853
noise/horse/horse_noise_00192.png,horse,animal,land,noise,horse_01853
clean/airplane/airplane_clean_00187.png,airplane,vehicle,air,clean,airplane_01854
blur/airplane/airplane_blur_00187.png,airplane,vehicle,air,blur,airplane_01854
pixelated/airplane/airplane_pixelated_00187.png,airplane,vehicle,air,pixelated,airplane_01854
noise/airplane/airplane_noise_00187.png,airplane,vehicle,air,noise,airplane_01854
clean/deer/deer_clean_00177.png,deer,animal,land,clean,deer_01855
blur/deer/deer_blur_00177.png,deer,animal,land,blur,deer_01855
pixelated/deer/deer_pixelated_00177.png,deer,animal,land,pixelated,deer_01855
noise/deer/deer_noise_00177.png,deer,animal,land,noise,deer_01855
clean/bird/bird_clean_00192.png,bird,animal,air,clean,bird_01856
blur/bird/bird_blur_00192.png,bird,animal,air,blur,bird_01856
pixelated/bird/bird_pixelated_00192.png,bird,animal,air,pixelated,bird_01856
noise/bird/bird_noise_00192.png,bird,animal,air,noise,bird_01856
clean/frog/frog_clean_00188.png,frog,animal,land,clean,frog_01857
blur/frog/frog_blur_00188.png,frog,animal,land,blur,frog_01857
pixelated/frog/frog_pixelated_00188.png,frog,animal,land,pixelated,frog_01857
noise/frog/frog_noise_00188.png,frog,animal,land,noise,frog_01857
clean/cat/cat_clean_00191.png,cat,animal,land,clean,cat_01858
blur/cat/cat_blur_00191.png,cat,animal,land,blur,cat_01858
pixelated/cat/cat_pixelated_00191.png,cat,animal,land,pixelated,cat_01858
noise/cat/cat_noise_00191.png,cat,animal,land,noise,cat_01858
clean/horse/horse_clean_00193.png,horse,animal,land,clean,horse_01859
blur/horse/horse_blur_00193.png,horse,animal,land,blur,horse_01859
pixelated/horse/horse_pixelated_00193.png,horse,animal,land,pixelated,horse_01859
noise/horse/horse_noise_00193.png,horse,animal,land,noise,horse_01859
clean/bird/bird_clean_00193.png,bird,animal,air,clean,bird_01860
blur/bird/bird_blur_00193.png,bird,animal,air,blur,bird_01860
pixelated/bird/bird_pixelated_00193.png,bird,animal,air,pixelated,bird_01860
noise/bird/bird_noise_00193.png,bird,animal,air,noise,bird_01860
clean/frog/frog_clean_00189.png,frog,animal,land,clean,frog_01861
blur/frog/frog_blur_00189.png,frog,animal,land,blur,frog_01861
pixelated/frog/frog_pixelated_00189.png,frog,animal,land,pixelated,frog_01861
noise/frog/frog_noise_00189.png,frog,animal,land,noise,frog_01861
clean/frog/frog_clean_00190.png,frog,animal,land,clean,frog_01862
blur/frog/frog_blur_00190.png,frog,animal,land,blur,frog_01862
pixelated/frog/frog_pixelated_00190.png,frog,animal,land,pixelated,frog_01862
noise/frog/frog_noise_00190.png,frog,animal,land,noise,frog_01862
clean/airplane/airplane_clean_00188.png,airplane,vehicle,air,clean,airplane_01863
blur/airplane/airplane_blur_00188.png,airplane,vehicle,air,blur,airplane_01863
pixelated/airplane/airplane_pixelated_00188.png,airplane,vehicle,air,pixelated,airplane_01863
noise/airplane/airplane_noise_00188.png,airplane,vehicle,air,noise,airplane_01863
clean/ship/ship_clean_00182.png,ship,vehicle,water,clean,ship_01864
blur/ship/ship_blur_00182.png,ship,vehicle,water,blur,ship_01864
pixelated/ship/ship_pixelated_00182.png,ship,vehicle,water,pixelated,ship_01864
noise/ship/ship_noise_00182.png,ship,vehicle,water,noise,ship_01864
clean/cat/cat_clean_00192.png,cat,animal,land,clean,cat_01865
blur/cat/cat_blur_00192.png,cat,animal,land,blur,cat_01865
pixelated/cat/cat_pixelated_00192.png,cat,animal,land,pixelated,cat_01865
noise/cat/cat_noise_00192.png,cat,animal,land,noise,cat_01865
clean/cat/cat_clean_00193.png,cat,animal,land,clean,cat_01866
blur/cat/cat_blur_00193.png,cat,animal,land,blur,cat_01866
pixelated/cat/cat_pixelated_00193.png,cat,animal,land,pixelated,cat_01866
noise/cat/cat_noise_00193.png,cat,animal,land,noise,cat_01866
clean/horse/horse_clean_00194.png,horse,animal,land,clean,horse_01867
blur/horse/horse_blur_00194.png,horse,animal,land,blur,horse_01867
pixelated/horse/horse_pixelated_00194.png,horse,animal,land,pixelated,horse_01867
noise/horse/horse_noise_00194.png,horse,animal,land,noise,horse_01867
clean/ship/ship_clean_00183.png,ship,vehicle,water,clean,ship_01868
blur/ship/ship_blur_00183.png,ship,vehicle,water,blur,ship_01868
pixelated/ship/ship_pixelated_00183.png,ship,vehicle,water,pixelated,ship_01868
noise/ship/ship_noise_00183.png,ship,vehicle,water,noise,ship_01868
clean/cat/cat_clean_00194.png,cat,animal,land,clean,cat_01869
blur/cat/cat_blur_00194.png,cat,animal,land,blur,cat_01869
pixelated/cat/cat_pixelated_00194.png,cat,animal,land,pixelated,cat_01869
noise/cat/cat_noise_00194.png,cat,animal,land,noise,cat_01869
clean/dog/dog_clean_00186.png,dog,animal,land,clean,dog_01870
blur/dog/dog_blur_00186.png,dog,animal,land,blur,dog_01870
pixelated/dog/dog_pixelated_00186.png,dog,animal,land,pixelated,dog_01870
noise/dog/dog_noise_00186.png,dog,animal,land,noise,dog_01870
clean/truck/truck_clean_00194.png,truck,vehicle,land,clean,truck_01871
blur/truck/truck_blur_00194.png,truck,vehicle,land,blur,truck_01871
pixelated/truck/truck_pixelated_00194.png,truck,vehicle,land,pixelated,truck_01871
noise/truck/truck_noise_00194.png,truck,vehicle,land,noise,truck_01871
clean/automobile/automobile_clean_00173.png,automobile,vehicle,land,clean,automobile_01872
blur/automobile/automobile_blur_00173.png,automobile,vehicle,land,blur,automobile_01872
pixelated/automobile/automobile_pixelated_00173.png,automobile,vehicle,land,pixelated,automobile_01872
noise/automobile/automobile_noise_00173.png,automobile,vehicle,land,noise,automobile_01872
clean/dog/dog_clean_00187.png,dog,animal,land,clean,dog_01873
blur/dog/dog_blur_00187.png,dog,animal,land,blur,dog_01873
pixelated/dog/dog_pixelated_00187.png,dog,animal,land,pixelated,dog_01873
noise/dog/dog_noise_00187.png,dog,animal,land,noise,dog_01873
clean/automobile/automobile_clean_00174.png,automobile,vehicle,land,clean,automobile_01874
blur/automobile/automobile_blur_00174.png,automobile,vehicle,land,blur,automobile_01874
pixelated/automobile/automobile_pixelated_00174.png,automobile,vehicle,land,pixelated,automobile_01874
noise/automobile/automobile_noise_00174.png,automobile,vehicle,land,noise,automobile_01874
clean/ship/ship_clean_00184.png,ship,vehicle,water,clean,ship_01875
blur/ship/ship_blur_00184.png,ship,vehicle,water,blur,ship_01875
pixelated/ship/ship_pixelated_00184.png,ship,vehicle,water,pixelated,ship_01875
noise/ship/ship_noise_00184.png,ship,vehicle,water,noise,ship_01875
clean/horse/horse_clean_00195.png,horse,animal,land,clean,horse_01876
blur/horse/horse_blur_00195.png,horse,animal,land,blur,horse_01876
pixelated/horse/horse_pixelated_00195.png,horse,animal,land,pixelated,horse_01876
noise/horse/horse_noise_00195.png,horse,animal,land,noise,horse_01876
clean/automobile/automobile_clean_00175.png,automobile,vehicle,land,clean,automobile_01877
blur/automobile/automobile_blur_00175.png,automobile,vehicle,land,blur,automobile_01877
pixelated/automobile/automobile_pixelated_00175.png,automobile,vehicle,land,pixelated,automobile_01877
noise/automobile/automobile_noise_00175.png,automobile,vehicle,land,noise,automobile_01877
clean/dog/dog_clean_00188.png,dog,animal,land,clean,dog_01878
blur/dog/dog_blur_00188.png,dog,animal,land,blur,dog_01878
pixelated/dog/dog_pixelated_00188.png,dog,animal,land,pixelated,dog_01878
noise/dog/dog_noise_00188.png,dog,animal,land,noise,dog_01878
clean/dog/dog_clean_00189.png,dog,animal,land,clean,dog_01879
blur/dog/dog_blur_00189.png,dog,animal,land,blur,dog_01879
pixelated/dog/dog_pixelated_00189.png,dog,animal,land,pixelated,dog_01879
noise/dog/dog_noise_00189.png,dog,animal,land,noise,dog_01879
clean/ship/ship_clean_00185.png,ship,vehicle,water,clean,ship_01880
blur/ship/ship_blur_00185.png,ship,vehicle,water,blur,ship_01880
pixelated/ship/ship_pixelated_00185.png,ship,vehicle,water,pixelated,ship_01880
noise/ship/ship_noise_00185.png,ship,vehicle,water,noise,ship_01880
clean/truck/truck_clean_00195.png,truck,vehicle,land,clean,truck_01881
blur/truck/truck_blur_00195.png,truck,vehicle,land,blur,truck_01881
pixelated/truck/truck_pixelated_00195.png,truck,vehicle,land,pixelated,truck_01881
noise/truck/truck_noise_00195.png,truck,vehicle,land,noise,truck_01881
clean/truck/truck_clean_00196.png,truck,vehicle,land,clean,truck_01882
blur/truck/truck_blur_00196.png,truck,vehicle,land,blur,truck_01882
pixelated/truck/truck_pixelated_00196.png,truck,vehicle,land,pixelated,truck_01882
noise/truck/truck_noise_00196.png,truck,vehicle,land,noise,truck_01882
clean/airplane/airplane_clean_00189.png,airplane,vehicle,air,clean,airplane_01883
blur/airplane/airplane_blur_00189.png,airplane,vehicle,air,blur,airplane_01883
pixelated/airplane/airplane_pixelated_00189.png,airplane,vehicle,air,pixelated,airplane_01883
noise/airplane/airplane_noise_00189.png,airplane,vehicle,air,noise,airplane_01883
clean/ship/ship_clean_00186.png,ship,vehicle,water,clean,ship_01884
blur/ship/ship_blur_00186.png,ship,vehicle,water,blur,ship_01884
pixelated/ship/ship_pixelated_00186.png,ship,vehicle,water,pixelated,ship_01884
noise/ship/ship_noise_00186.png,ship,vehicle,water,noise,ship_01884
clean/airplane/airplane_clean_00190.png,airplane,vehicle,air,clean,airplane_01885
blur/airplane/airplane_blur_00190.png,airplane,vehicle,air,blur,airplane_01885
pixelated/airplane/airplane_pixelated_00190.png,airplane,vehicle,air,pixelated,airplane_01885
noise/airplane/airplane_noise_00190.png,airplane,vehicle,air,noise,airplane_01885
clean/automobile/automobile_clean_00176.png,automobile,vehicle,land,clean,automobile_01886
blur/automobile/automobile_blur_00176.png,automobile,vehicle,land,blur,automobile_01886
pixelated/automobile/automobile_pixelated_00176.png,automobile,vehicle,land,pixelated,automobile_01886
noise/automobile/automobile_noise_00176.png,automobile,vehicle,land,noise,automobile_01886
clean/frog/frog_clean_00191.png,frog,animal,land,clean,frog_01887
blur/frog/frog_blur_00191.png,frog,animal,land,blur,frog_01887
pixelated/frog/frog_pixelated_00191.png,frog,animal,land,pixelated,frog_01887
noise/frog/frog_noise_00191.png,frog,animal,land,noise,frog_01887
clean/cat/cat_clean_00195.png,cat,animal,land,clean,cat_01888
blur/cat/cat_blur_00195.png,cat,animal,land,blur,cat_01888
pixelated/cat/cat_pixelated_00195.png,cat,animal,land,pixelated,cat_01888
noise/cat/cat_noise_00195.png,cat,animal,land,noise,cat_01888
clean/automobile/automobile_clean_00177.png,automobile,vehicle,land,clean,automobile_01889
blur/automobile/automobile_blur_00177.png,automobile,vehicle,land,blur,automobile_01889
pixelated/automobile/automobile_pixelated_00177.png,automobile,vehicle,land,pixelated,automobile_01889
noise/automobile/automobile_noise_00177.png,automobile,vehicle,land,noise,automobile_01889
clean/bird/bird_clean_00194.png,bird,animal,air,clean,bird_01890
blur/bird/bird_blur_00194.png,bird,animal,air,blur,bird_01890
pixelated/bird/bird_pixelated_00194.png,bird,animal,air,pixelated,bird_01890
noise/bird/bird_noise_00194.png,bird,animal,air,noise,bird_01890
clean/truck/truck_clean_00197.png,truck,vehicle,land,clean,truck_01891
blur/truck/truck_blur_00197.png,truck,vehicle,land,blur,truck_01891
pixelated/truck/truck_pixelated_00197.png,truck,vehicle,land,pixelated,truck_01891
noise/truck/truck_noise_00197.png,truck,vehicle,land,noise,truck_01891
clean/dog/dog_clean_00190.png,dog,animal,land,clean,dog_01892
blur/dog/dog_blur_00190.png,dog,animal,land,blur,dog_01892
pixelated/dog/dog_pixelated_00190.png,dog,animal,land,pixelated,dog_01892
noise/dog/dog_noise_00190.png,dog,animal,land,noise,dog_01892
clean/truck/truck_clean_00198.png,truck,vehicle,land,clean,truck_01893
blur/truck/truck_blur_00198.png,truck,vehicle,land,blur,truck_01893
pixelated/truck/truck_pixelated_00198.png,truck,vehicle,land,pixelated,truck_01893
noise/truck/truck_noise_00198.png,truck,vehicle,land,noise,truck_01893
clean/truck/truck_clean_00199.png,truck,vehicle,land,clean,truck_01894
blur/truck/truck_blur_00199.png,truck,vehicle,land,blur,truck_01894
pixelated/truck/truck_pixelated_00199.png,truck,vehicle,land,pixelated,truck_01894
noise/truck/truck_noise_00199.png,truck,vehicle,land,noise,truck_01894
clean/frog/frog_clean_00192.png,frog,animal,land,clean,frog_01895
blur/frog/frog_blur_00192.png,frog,animal,land,blur,frog_01895
pixelated/frog/frog_pixelated_00192.png,frog,animal,land,pixelated,frog_01895
noise/frog/frog_noise_00192.png,frog,animal,land,noise,frog_01895
clean/ship/ship_clean_00187.png,ship,vehicle,water,clean,ship_01896
blur/ship/ship_blur_00187.png,ship,vehicle,water,blur,ship_01896
pixelated/ship/ship_pixelated_00187.png,ship,vehicle,water,pixelated,ship_01896
noise/ship/ship_noise_00187.png,ship,vehicle,water,noise,ship_01896
clean/ship/ship_clean_00188.png,ship,vehicle,water,clean,ship_01897
blur/ship/ship_blur_00188.png,ship,vehicle,water,blur,ship_01897
pixelated/ship/ship_pixelated_00188.png,ship,vehicle,water,pixelated,ship_01897
noise/ship/ship_noise_00188.png,ship,vehicle,water,noise,ship_01897
clean/dog/dog_clean_00191.png,dog,animal,land,clean,dog_01898
blur/dog/dog_blur_00191.png,dog,animal,land,blur,dog_01898
pixelated/dog/dog_pixelated_00191.png,dog,animal,land,pixelated,dog_01898
noise/dog/dog_noise_00191.png,dog,animal,land,noise,dog_01898
clean/bird/bird_clean_00195.png,bird,animal,air,clean,bird_01899
blur/bird/bird_blur_00195.png,bird,animal,air,blur,bird_01899
pixelated/bird/bird_pixelated_00195.png,bird,animal,air,pixelated,bird_01899
noise/bird/bird_noise_00195.png,bird,animal,air,noise,bird_01899
clean/truck/truck_clean_00200.png,truck,vehicle,land,clean,truck_01900
blur/truck/truck_blur_00200.png,truck,vehicle,land,blur,truck_01900
pixelated/truck/truck_pixelated_00200.png,truck,vehicle,land,pixelated,truck_01900
noise/truck/truck_noise_00200.png,truck,vehicle,land,noise,truck_01900
clean/truck/truck_clean_00201.png,truck,vehicle,land,clean,truck_01901
blur/truck/truck_blur_00201.png,truck,vehicle,land,blur,truck_01901
pixelated/truck/truck_pixelated_00201.png,truck,vehicle,land,pixelated,truck_01901
noise/truck/truck_noise_00201.png,truck,vehicle,land,noise,truck_01901
clean/airplane/airplane_clean_00191.png,airplane,vehicle,air,clean,airplane_01902
blur/airplane/airplane_blur_00191.png,airplane,vehicle,air,blur,airplane_01902
pixelated/airplane/airplane_pixelated_00191.png,airplane,vehicle,air,pixelated,airplane_01902
noise/airplane/airplane_noise_00191.png,airplane,vehicle,air,noise,airplane_01902
clean/automobile/automobile_clean_00178.png,automobile,vehicle,land,clean,automobile_01903
blur/automobile/automobile_blur_00178.png,automobile,vehicle,land,blur,automobile_01903
pixelated/automobile/automobile_pixelated_00178.png,automobile,vehicle,land,pixelated,automobile_01903
noise/automobile/automobile_noise_00178.png,automobile,vehicle,land,noise,automobile_01903
clean/ship/ship_clean_00189.png,ship,vehicle,water,clean,ship_01904
blur/ship/ship_blur_00189.png,ship,vehicle,water,blur,ship_01904
pixelated/ship/ship_pixelated_00189.png,ship,vehicle,water,pixelated,ship_01904
noise/ship/ship_noise_00189.png,ship,vehicle,water,noise,ship_01904
clean/frog/frog_clean_00193.png,frog,animal,land,clean,frog_01905
blur/frog/frog_blur_00193.png,frog,animal,land,blur,frog_01905
pixelated/frog/frog_pixelated_00193.png,frog,animal,land,pixelated,frog_01905
noise/frog/frog_noise_00193.png,frog,animal,land,noise,frog_01905
clean/airplane/airplane_clean_00192.png,airplane,vehicle,air,clean,airplane_01906
blur/airplane/airplane_blur_00192.png,airplane,vehicle,air,blur,airplane_01906
pixelated/airplane/airplane_pixelated_00192.png,airplane,vehicle,air,pixelated,airplane_01906
noise/airplane/airplane_noise_00192.png,airplane,vehicle,air,noise,airplane_01906
clean/cat/cat_clean_00196.png,cat,animal,land,clean,cat_01907
blur/cat/cat_blur_00196.png,cat,animal,land,blur,cat_01907
pixelated/cat/cat_pixelated_00196.png,cat,animal,land,pixelated,cat_01907
noise/cat/cat_noise_00196.png,cat,animal,land,noise,cat_01907
clean/horse/horse_clean_00196.png,horse,animal,land,clean,horse_01908
blur/horse/horse_blur_00196.png,horse,animal,land,blur,horse_01908
pixelated/horse/horse_pixelated_00196.png,horse,animal,land,pixelated,horse_01908
noise/horse/horse_noise_00196.png,horse,animal,land,noise,horse_01908
clean/horse/horse_clean_00197.png,horse,animal,land,clean,horse_01909
blur/horse/horse_blur_00197.png,horse,animal,land,blur,horse_01909
pixelated/horse/horse_pixelated_00197.png,horse,animal,land,pixelated,horse_01909
noise/horse/horse_noise_00197.png,horse,animal,land,noise,horse_01909
clean/cat/cat_clean_00197.png,cat,animal,land,clean,cat_01910
blur/cat/cat_blur_00197.png,cat,animal,land,blur,cat_01910
pixelated/cat/cat_pixelated_00197.png,cat,animal,land,pixelated,cat_01910
noise/cat/cat_noise_00197.png,cat,animal,land,noise,cat_01910
clean/automobile/automobile_clean_00179.png,automobile,vehicle,land,clean,automobile_01911
blur/automobile/automobile_blur_00179.png,automobile,vehicle,land,blur,automobile_01911
pixelated/automobile/automobile_pixelated_00179.png,automobile,vehicle,land,pixelated,automobile_01911
noise/automobile/automobile_noise_00179.png,automobile,vehicle,land,noise,automobile_01911
clean/automobile/automobile_clean_00180.png,automobile,vehicle,land,clean,automobile_01912
blur/automobile/automobile_blur_00180.png,automobile,vehicle,land,blur,automobile_01912
pixelated/automobile/automobile_pixelated_00180.png,automobile,vehicle,land,pixelated,automobile_01912
noise/automobile/automobile_noise_00180.png,automobile,vehicle,land,noise,automobile_01912
clean/automobile/automobile_clean_00181.png,automobile,vehicle,land,clean,automobile_01913
blur/automobile/automobile_blur_00181.png,automobile,vehicle,land,blur,automobile_01913
pixelated/automobile/automobile_pixelated_00181.png,automobile,vehicle,land,pixelated,automobile_01913
noise/automobile/automobile_noise_00181.png,automobile,vehicle,land,noise,automobile_01913
clean/dog/dog_clean_00192.png,dog,animal,land,clean,dog_01914
blur/dog/dog_blur_00192.png,dog,animal,land,blur,dog_01914
pixelated/dog/dog_pixelated_00192.png,dog,animal,land,pixelated,dog_01914
noise/dog/dog_noise_00192.png,dog,animal,land,noise,dog_01914
clean/bird/bird_clean_00196.png,bird,animal,air,clean,bird_01915
blur/bird/bird_blur_00196.png,bird,animal,air,blur,bird_01915
pixelated/bird/bird_pixelated_00196.png,bird,animal,air,pixelated,bird_01915
noise/bird/bird_noise_00196.png,bird,animal,air,noise,bird_01915
clean/deer/deer_clean_00178.png,deer,animal,land,clean,deer_01916
blur/deer/deer_blur_00178.png,deer,animal,land,blur,deer_01916
pixelated/deer/deer_pixelated_00178.png,deer,animal,land,pixelated,deer_01916
noise/deer/deer_noise_00178.png,deer,animal,land,noise,deer_01916
clean/cat/cat_clean_00198.png,cat,animal,land,clean,cat_01917
blur/cat/cat_blur_00198.png,cat,animal,land,blur,cat_01917
pixelated/cat/cat_pixelated_00198.png,cat,animal,land,pixelated,cat_01917
noise/cat/cat_noise_00198.png,cat,animal,land,noise,cat_01917
clean/horse/horse_clean_00198.png,horse,animal,land,clean,horse_01918
blur/horse/horse_blur_00198.png,horse,animal,land,blur,horse_01918
pixelated/horse/horse_pixelated_00198.png,horse,animal,land,pixelated,horse_01918
noise/horse/horse_noise_00198.png,horse,animal,land,noise,horse_01918
clean/horse/horse_clean_00199.png,horse,animal,land,clean,horse_01919
blur/horse/horse_blur_00199.png,horse,animal,land,blur,horse_01919
pixelated/horse/horse_pixelated_00199.png,horse,animal,land,pixelated,horse_01919
noise/horse/horse_noise_00199.png,horse,animal,land,noise,horse_01919
clean/ship/ship_clean_00190.png,ship,vehicle,water,clean,ship_01920
blur/ship/ship_blur_00190.png,ship,vehicle,water,blur,ship_01920
pixelated/ship/ship_pixelated_00190.png,ship,vehicle,water,pixelated,ship_01920
noise/ship/ship_noise_00190.png,ship,vehicle,water,noise,ship_01920
clean/deer/deer_clean_00179.png,deer,animal,land,clean,deer_01921
blur/deer/deer_blur_00179.png,deer,animal,land,blur,deer_01921
pixelated/deer/deer_pixelated_00179.png,deer,animal,land,pixelated,deer_01921
noise/deer/deer_noise_00179.png,deer,animal,land,noise,deer_01921
clean/dog/dog_clean_00193.png,dog,animal,land,clean,dog_01922
blur/dog/dog_blur_00193.png,dog,animal,land,blur,dog_01922
pixelated/dog/dog_pixelated_00193.png,dog,animal,land,pixelated,dog_01922
noise/dog/dog_noise_00193.png,dog,animal,land,noise,dog_01922
clean/dog/dog_clean_00194.png,dog,animal,land,clean,dog_01923
blur/dog/dog_blur_00194.png,dog,animal,land,blur,dog_01923
pixelated/dog/dog_pixelated_00194.png,dog,animal,land,pixelated,dog_01923
noise/dog/dog_noise_00194.png,dog,animal,land,noise,dog_01923
clean/ship/ship_clean_00191.png,ship,vehicle,water,clean,ship_01924
blur/ship/ship_blur_00191.png,ship,vehicle,water,blur,ship_01924
pixelated/ship/ship_pixelated_00191.png,ship,vehicle,water,pixelated,ship_01924
noise/ship/ship_noise_00191.png,ship,vehicle,water,noise,ship_01924
clean/bird/bird_clean_00197.png,bird,animal,air,clean,bird_01925
blur/bird/bird_blur_00197.png,bird,animal,air,blur,bird_01925
pixelated/bird/bird_pixelated_00197.png,bird,animal,air,pixelated,bird_01925
noise/bird/bird_noise_00197.png,bird,animal,air,noise,bird_01925
clean/airplane/airplane_clean_00193.png,airplane,vehicle,air,clean,airplane_01926
blur/airplane/airplane_blur_00193.png,airplane,vehicle,air,blur,airplane_01926
pixelated/airplane/airplane_pixelated_00193.png,airplane,vehicle,air,pixelated,airplane_01926
noise/airplane/airplane_noise_00193.png,airplane,vehicle,air,noise,airplane_01926
clean/bird/bird_clean_00198.png,bird,animal,air,clean,bird_01927
blur/bird/bird_blur_00198.png,bird,animal,air,blur,bird_01927
pixelated/bird/bird_pixelated_00198.png,bird,animal,air,pixelated,bird_01927
noise/bird/bird_noise_00198.png,bird,animal,air,noise,bird_01927
clean/horse/horse_clean_00200.png,horse,animal,land,clean,horse_01928
blur/horse/horse_blur_00200.png,horse,animal,land,blur,horse_01928
pixelated/horse/horse_pixelated_00200.png,horse,animal,land,pixelated,horse_01928
noise/horse/horse_noise_00200.png,horse,animal,land,noise,horse_01928
clean/bird/bird_clean_00199.png,bird,animal,air,clean,bird_01929
blur/bird/bird_blur_00199.png,bird,animal,air,blur,bird_01929
pixelated/bird/bird_pixelated_00199.png,bird,animal,air,pixelated,bird_01929
noise/bird/bird_noise_00199.png,bird,animal,air,noise,bird_01929
clean/dog/dog_clean_00195.png,dog,animal,land,clean,dog_01930
blur/dog/dog_blur_00195.png,dog,animal,land,blur,dog_01930
pixelated/dog/dog_pixelated_00195.png,dog,animal,land,pixelated,dog_01930
noise/dog/dog_noise_00195.png,dog,animal,land,noise,dog_01930
clean/frog/frog_clean_00194.png,frog,animal,land,clean,frog_01931
blur/frog/frog_blur_00194.png,frog,animal,land,blur,frog_01931
pixelated/frog/frog_pixelated_00194.png,frog,animal,land,pixelated,frog_01931
noise/frog/frog_noise_00194.png,frog,animal,land,noise,frog_01931
clean/truck/truck_clean_00202.png,truck,vehicle,land,clean,truck_01932
blur/truck/truck_blur_00202.png,truck,vehicle,land,blur,truck_01932
pixelated/truck/truck_pixelated_00202.png,truck,vehicle,land,pixelated,truck_01932
noise/truck/truck_noise_00202.png,truck,vehicle,land,noise,truck_01932
clean/dog/dog_clean_00196.png,dog,animal,land,clean,dog_01933
blur/dog/dog_blur_00196.png,dog,animal,land,blur,dog_01933
pixelated/dog/dog_pixelated_00196.png,dog,animal,land,pixelated,dog_01933
noise/dog/dog_noise_00196.png,dog,animal,land,noise,dog_01933
clean/cat/cat_clean_00199.png,cat,animal,land,clean,cat_01934
blur/cat/cat_blur_00199.png,cat,animal,land,blur,cat_01934
pixelated/cat/cat_pixelated_00199.png,cat,animal,land,pixelated,cat_01934
noise/cat/cat_noise_00199.png,cat,animal,land,noise,cat_01934
clean/horse/horse_clean_00201.png,horse,animal,land,clean,horse_01935
blur/horse/horse_blur_00201.png,horse,animal,land,blur,horse_01935
pixelated/horse/horse_pixelated_00201.png,horse,animal,land,pixelated,horse_01935
noise/horse/horse_noise_00201.png,horse,animal,land,noise,horse_01935
clean/deer/deer_clean_00180.png,deer,animal,land,clean,deer_01936
blur/deer/deer_blur_00180.png,deer,animal,land,blur,deer_01936
pixelated/deer/deer_pixelated_00180.png,deer,animal,land,pixelated,deer_01936
noise/deer/deer_noise_00180.png,deer,animal,land,noise,deer_01936
clean/bird/bird_clean_00200.png,bird,animal,air,clean,bird_01937
blur/bird/bird_blur_00200.png,bird,animal,air,blur,bird_01937
pixelated/bird/bird_pixelated_00200.png,bird,animal,air,pixelated,bird_01937
noise/bird/bird_noise_00200.png,bird,animal,air,noise,bird_01937
clean/ship/ship_clean_00192.png,ship,vehicle,water,clean,ship_01938
blur/ship/ship_blur_00192.png,ship,vehicle,water,blur,ship_01938
pixelated/ship/ship_pixelated_00192.png,ship,vehicle,water,pixelated,ship_01938
noise/ship/ship_noise_00192.png,ship,vehicle,water,noise,ship_01938
clean/truck/truck_clean_00203.png,truck,vehicle,land,clean,truck_01939
blur/truck/truck_blur_00203.png,truck,vehicle,land,blur,truck_01939
pixelated/truck/truck_pixelated_00203.png,truck,vehicle,land,pixelated,truck_01939
noise/truck/truck_noise_00203.png,truck,vehicle,land,noise,truck_01939
clean/deer/deer_clean_00181.png,deer,animal,land,clean,deer_01940
blur/deer/deer_blur_00181.png,deer,animal,land,blur,deer_01940
pixelated/deer/deer_pixelated_00181.png,deer,animal,land,pixelated,deer_01940
noise/deer/deer_noise_00181.png,deer,animal,land,noise,deer_01940
clean/frog/frog_clean_00195.png,frog,animal,land,clean,frog_01941
blur/frog/frog_blur_00195.png,frog,animal,land,blur,frog_01941
pixelated/frog/frog_pixelated_00195.png,frog,animal,land,pixelated,frog_01941
noise/frog/frog_noise_00195.png,frog,animal,land,noise,frog_01941
clean/truck/truck_clean_00204.png,truck,vehicle,land,clean,truck_01942
blur/truck/truck_blur_00204.png,truck,vehicle,land,blur,truck_01942
pixelated/truck/truck_pixelated_00204.png,truck,vehicle,land,pixelated,truck_01942
noise/truck/truck_noise_00204.png,truck,vehicle,land,noise,truck_01942
clean/horse/horse_clean_00202.png,horse,animal,land,clean,horse_01943
blur/horse/horse_blur_00202.png,horse,animal,land,blur,horse_01943
pixelated/horse/horse_pixelated_00202.png,horse,animal,land,pixelated,horse_01943
noise/horse/horse_noise_00202.png,horse,animal,land,noise,horse_01943
clean/bird/bird_clean_00201.png,bird,animal,air,clean,bird_01944
blur/bird/bird_blur_00201.png,bird,animal,air,blur,bird_01944
pixelated/bird/bird_pixelated_00201.png,bird,animal,air,pixelated,bird_01944
noise/bird/bird_noise_00201.png,bird,animal,air,noise,bird_01944
clean/ship/ship_clean_00193.png,ship,vehicle,water,clean,ship_01945
blur/ship/ship_blur_00193.png,ship,vehicle,water,blur,ship_01945
pixelated/ship/ship_pixelated_00193.png,ship,vehicle,water,pixelated,ship_01945
noise/ship/ship_noise_00193.png,ship,vehicle,water,noise,ship_01945
clean/ship/ship_clean_00194.png,ship,vehicle,water,clean,ship_01946
blur/ship/ship_blur_00194.png,ship,vehicle,water,blur,ship_01946
pixelated/ship/ship_pixelated_00194.png,ship,vehicle,water,pixelated,ship_01946
noise/ship/ship_noise_00194.png,ship,vehicle,water,noise,ship_01946
clean/cat/cat_clean_00200.png,cat,animal,land,clean,cat_01947
blur/cat/cat_blur_00200.png,cat,animal,land,blur,cat_01947
pixelated/cat/cat_pixelated_00200.png,cat,animal,land,pixelated,cat_01947
noise/cat/cat_noise_00200.png,cat,animal,land,noise,cat_01947
clean/dog/dog_clean_00197.png,dog,animal,land,clean,dog_01948
blur/dog/dog_blur_00197.png,dog,animal,land,blur,dog_01948
pixelated/dog/dog_pixelated_00197.png,dog,animal,land,pixelated,dog_01948
noise/dog/dog_noise_00197.png,dog,animal,land,noise,dog_01948
clean/cat/cat_clean_00201.png,cat,animal,land,clean,cat_01949
blur/cat/cat_blur_00201.png,cat,animal,land,blur,cat_01949
pixelated/cat/cat_pixelated_00201.png,cat,animal,land,pixelated,cat_01949
noise/cat/cat_noise_00201.png,cat,animal,land,noise,cat_01949
clean/dog/dog_clean_00198.png,dog,animal,land,clean,dog_01950
blur/dog/dog_blur_00198.png,dog,animal,land,blur,dog_01950
pixelated/dog/dog_pixelated_00198.png,dog,animal,land,pixelated,dog_01950
noise/dog/dog_noise_00198.png,dog,animal,land,noise,dog_01950
clean/deer/deer_clean_00182.png,deer,animal,land,clean,deer_01951
blur/deer/deer_blur_00182.png,deer,animal,land,blur,deer_01951
pixelated/deer/deer_pixelated_00182.png,deer,animal,land,pixelated,deer_01951
noise/deer/deer_noise_00182.png,deer,animal,land,noise,deer_01951
clean/dog/dog_clean_00199.png,dog,animal,land,clean,dog_01952
blur/dog/dog_blur_00199.png,dog,animal,land,blur,dog_01952
pixelated/dog/dog_pixelated_00199.png,dog,animal,land,pixelated,dog_01952
noise/dog/dog_noise_00199.png,dog,animal,land,noise,dog_01952
clean/horse/horse_clean_00203.png,horse,animal,land,clean,horse_01953
blur/horse/horse_blur_00203.png,horse,animal,land,blur,horse_01953
pixelated/horse/horse_pixelated_00203.png,horse,animal,land,pixelated,horse_01953
noise/horse/horse_noise_00203.png,horse,animal,land,noise,horse_01953
clean/dog/dog_clean_00200.png,dog,animal,land,clean,dog_01954
blur/dog/dog_blur_00200.png,dog,animal,land,blur,dog_01954
pixelated/dog/dog_pixelated_00200.png,dog,animal,land,pixelated,dog_01954
noise/dog/dog_noise_00200.png,dog,animal,land,noise,dog_01954
clean/bird/bird_clean_00202.png,bird,animal,air,clean,bird_01955
blur/bird/bird_blur_00202.png,bird,animal,air,blur,bird_01955
pixelated/bird/bird_pixelated_00202.png,bird,animal,air,pixelated,bird_01955
noise/bird/bird_noise_00202.png,bird,animal,air,noise,bird_01955
clean/dog/dog_clean_00201.png,dog,animal,land,clean,dog_01956
blur/dog/dog_blur_00201.png,dog,animal,land,blur,dog_01956
pixelated/dog/dog_pixelated_00201.png,dog,animal,land,pixelated,dog_01956
noise/dog/dog_noise_00201.png,dog,animal,land,noise,dog_01956
clean/ship/ship_clean_00195.png,ship,vehicle,water,clean,ship_01957
blur/ship/ship_blur_00195.png,ship,vehicle,water,blur,ship_01957
pixelated/ship/ship_pixelated_00195.png,ship,vehicle,water,pixelated,ship_01957
noise/ship/ship_noise_00195.png,ship,vehicle,water,noise,ship_01957
clean/ship/ship_clean_00196.png,ship,vehicle,water,clean,ship_01958
blur/ship/ship_blur_00196.png,ship,vehicle,water,blur,ship_01958
pixelated/ship/ship_pixelated_00196.png,ship,vehicle,water,pixelated,ship_01958
noise/ship/ship_noise_00196.png,ship,vehicle,water,noise,ship_01958
clean/deer/deer_clean_00183.png,deer,animal,land,clean,deer_01959
blur/deer/deer_blur_00183.png,deer,animal,land,blur,deer_01959
pixelated/deer/deer_pixelated_00183.png,deer,animal,land,pixelated,deer_01959
noise/deer/deer_noise_00183.png,deer,animal,land,noise,deer_01959
clean/bird/bird_clean_00203.png,bird,animal,air,clean,bird_01960
blur/bird/bird_blur_00203.png,bird,animal,air,blur,bird_01960
pixelated/bird/bird_pixelated_00203.png,bird,animal,air,pixelated,bird_01960
noise/bird/bird_noise_00203.png,bird,animal,air,noise,bird_01960
clean/automobile/automobile_clean_00182.png,automobile,vehicle,land,clean,automobile_01961
blur/automobile/automobile_blur_00182.png,automobile,vehicle,land,blur,automobile_01961
pixelated/automobile/automobile_pixelated_00182.png,automobile,vehicle,land,pixelated,automobile_01961
noise/automobile/automobile_noise_00182.png,automobile,vehicle,land,noise,automobile_01961
clean/ship/ship_clean_00197.png,ship,vehicle,water,clean,ship_01962
blur/ship/ship_blur_00197.png,ship,vehicle,water,blur,ship_01962
pixelated/ship/ship_pixelated_00197.png,ship,vehicle,water,pixelated,ship_01962
noise/ship/ship_noise_00197.png,ship,vehicle,water,noise,ship_01962
clean/ship/ship_clean_00198.png,ship,vehicle,water,clean,ship_01963
blur/ship/ship_blur_00198.png,ship,vehicle,water,blur,ship_01963
pixelated/ship/ship_pixelated_00198.png,ship,vehicle,water,pixelated,ship_01963
noise/ship/ship_noise_00198.png,ship,vehicle,water,noise,ship_01963
clean/horse/horse_clean_00204.png,horse,animal,land,clean,horse_01964
blur/horse/horse_blur_00204.png,horse,animal,land,blur,horse_01964
pixelated/horse/horse_pixelated_00204.png,horse,animal,land,pixelated,horse_01964
noise/horse/horse_noise_00204.png,horse,animal,land,noise,horse_01964
clean/airplane/airplane_clean_00194.png,airplane,vehicle,air,clean,airplane_01965
blur/airplane/airplane_blur_00194.png,airplane,vehicle,air,blur,airplane_01965
pixelated/airplane/airplane_pixelated_00194.png,airplane,vehicle,air,pixelated,airplane_01965
noise/airplane/airplane_noise_00194.png,airplane,vehicle,air,noise,airplane_01965
clean/airplane/airplane_clean_00195.png,airplane,vehicle,air,clean,airplane_01966
blur/airplane/airplane_blur_00195.png,airplane,vehicle,air,blur,airplane_01966
pixelated/airplane/airplane_pixelated_00195.png,airplane,vehicle,air,pixelated,airplane_01966
noise/airplane/airplane_noise_00195.png,airplane,vehicle,air,noise,airplane_01966
clean/bird/bird_clean_00204.png,bird,animal,air,clean,bird_01967
blur/bird/bird_blur_00204.png,bird,animal,air,blur,bird_01967
pixelated/bird/bird_pixelated_00204.png,bird,animal,air,pixelated,bird_01967
noise/bird/bird_noise_00204.png,bird,animal,air,noise,bird_01967
clean/ship/ship_clean_00199.png,ship,vehicle,water,clean,ship_01968
blur/ship/ship_blur_00199.png,ship,vehicle,water,blur,ship_01968
pixelated/ship/ship_pixelated_00199.png,ship,vehicle,water,pixelated,ship_01968
noise/ship/ship_noise_00199.png,ship,vehicle,water,noise,ship_01968
clean/ship/ship_clean_00200.png,ship,vehicle,water,clean,ship_01969
blur/ship/ship_blur_00200.png,ship,vehicle,water,blur,ship_01969
pixelated/ship/ship_pixelated_00200.png,ship,vehicle,water,pixelated,ship_01969
noise/ship/ship_noise_00200.png,ship,vehicle,water,noise,ship_01969
clean/cat/cat_clean_00202.png,cat,animal,land,clean,cat_01970
blur/cat/cat_blur_00202.png,cat,animal,land,blur,cat_01970
pixelated/cat/cat_pixelated_00202.png,cat,animal,land,pixelated,cat_01970
noise/cat/cat_noise_00202.png,cat,animal,land,noise,cat_01970
clean/horse/horse_clean_00205.png,horse,animal,land,clean,horse_01971
blur/horse/horse_blur_00205.png,horse,animal,land,blur,horse_01971
pixelated/horse/horse_pixelated_00205.png,horse,animal,land,pixelated,horse_01971
noise/horse/horse_noise_00205.png,horse,animal,land,noise,horse_01971
clean/horse/horse_clean_00206.png,horse,animal,land,clean,horse_01972
blur/horse/horse_blur_00206.png,horse,animal,land,blur,horse_01972
pixelated/horse/horse_pixelated_00206.png,horse,animal,land,pixelated,horse_01972
noise/horse/horse_noise_00206.png,horse,animal,land,noise,horse_01972
clean/truck/truck_clean_00205.png,truck,vehicle,land,clean,truck_01973
blur/truck/truck_blur_00205.png,truck,vehicle,land,blur,truck_01973
pixelated/truck/truck_pixelated_00205.png,truck,vehicle,land,pixelated,truck_01973
noise/truck/truck_noise_00205.png,truck,vehicle,land,noise,truck_01973
clean/ship/ship_clean_00201.png,ship,vehicle,water,clean,ship_01974
blur/ship/ship_blur_00201.png,ship,vehicle,water,blur,ship_01974
pixelated/ship/ship_pixelated_00201.png,ship,vehicle,water,pixelated,ship_01974
noise/ship/ship_noise_00201.png,ship,vehicle,water,noise,ship_01974
clean/frog/frog_clean_00196.png,frog,animal,land,clean,frog_01975
blur/frog/frog_blur_00196.png,frog,animal,land,blur,frog_01975
pixelated/frog/frog_pixelated_00196.png,frog,animal,land,pixelated,frog_01975
noise/frog/frog_noise_00196.png,frog,animal,land,noise,frog_01975
clean/horse/horse_clean_00207.png,horse,animal,land,clean,horse_01976
blur/horse/horse_blur_00207.png,horse,animal,land,blur,horse_01976
pixelated/horse/horse_pixelated_00207.png,horse,animal,land,pixelated,horse_01976
noise/horse/horse_noise_00207.png,horse,animal,land,noise,horse_01976
clean/horse/horse_clean_00208.png,horse,animal,land,clean,horse_01977
blur/horse/horse_blur_00208.png,horse,animal,land,blur,horse_01977
pixelated/horse/horse_pixelated_00208.png,horse,animal,land,pixelated,horse_01977
noise/horse/horse_noise_00208.png,horse,animal,land,noise,horse_01977
clean/bird/bird_clean_00205.png,bird,animal,air,clean,bird_01978
blur/bird/bird_blur_00205.png,bird,animal,air,blur,bird_01978
pixelated/bird/bird_pixelated_00205.png,bird,animal,air,pixelated,bird_01978
noise/bird/bird_noise_00205.png,bird,animal,air,noise,bird_01978
clean/deer/deer_clean_00184.png,deer,animal,land,clean,deer_01979
blur/deer/deer_blur_00184.png,deer,animal,land,blur,deer_01979
pixelated/deer/deer_pixelated_00184.png,deer,animal,land,pixelated,deer_01979
noise/deer/deer_noise_00184.png,deer,animal,land,noise,deer_01979
clean/truck/truck_clean_00206.png,truck,vehicle,land,clean,truck_01980
blur/truck/truck_blur_00206.png,truck,vehicle,land,blur,truck_01980
pixelated/truck/truck_pixelated_00206.png,truck,vehicle,land,pixelated,truck_01980
noise/truck/truck_noise_00206.png,truck,vehicle,land,noise,truck_01980
clean/ship/ship_clean_00202.png,ship,vehicle,water,clean,ship_01981
blur/ship/ship_blur_00202.png,ship,vehicle,water,blur,ship_01981
pixelated/ship/ship_pixelated_00202.png,ship,vehicle,water,pixelated,ship_01981
noise/ship/ship_noise_00202.png,ship,vehicle,water,noise,ship_01981
clean/cat/cat_clean_00203.png,cat,animal,land,clean,cat_01982
blur/cat/cat_blur_00203.png,cat,animal,land,blur,cat_01982
pixelated/cat/cat_pixelated_00203.png,cat,animal,land,pixelated,cat_01982
noise/cat/cat_noise_00203.png,cat,animal,land,noise,cat_01982
clean/deer/deer_clean_00185.png,deer,animal,land,clean,deer_01983
blur/deer/deer_blur_00185.png,deer,animal,land,blur,deer_01983
pixelated/deer/deer_pixelated_00185.png,deer,animal,land,pixelated,deer_01983
noise/deer/deer_noise_00185.png,deer,animal,land,noise,deer_01983
clean/deer/deer_clean_00186.png,deer,animal,land,clean,deer_01984
blur/deer/deer_blur_00186.png,deer,animal,land,blur,deer_01984
pixelated/deer/deer_pixelated_00186.png,deer,animal,land,pixelated,deer_01984
noise/deer/deer_noise_00186.png,deer,animal,land,noise,deer_01984
clean/airplane/airplane_clean_00196.png,airplane,vehicle,air,clean,airplane_01985
blur/airplane/airplane_blur_00196.png,airplane,vehicle,air,blur,airplane_01985
pixelated/airplane/airplane_pixelated_00196.png,airplane,vehicle,air,pixelated,airplane_01985
noise/airplane/airplane_noise_00196.png,airplane,vehicle,air,noise,airplane_01985
clean/cat/cat_clean_00204.png,cat,animal,land,clean,cat_01986
blur/cat/cat_blur_00204.png,cat,animal,land,blur,cat_01986
pixelated/cat/cat_pixelated_00204.png,cat,animal,land,pixelated,cat_01986
noise/cat/cat_noise_00204.png,cat,animal,land,noise,cat_01986
clean/bird/bird_clean_00206.png,bird,animal,air,clean,bird_01987
blur/bird/bird_blur_00206.png,bird,animal,air,blur,bird_01987
pixelated/bird/bird_pixelated_00206.png,bird,animal,air,pixelated,bird_01987
noise/bird/bird_noise_00206.png,bird,animal,air,noise,bird_01987
clean/ship/ship_clean_00203.png,ship,vehicle,water,clean,ship_01988
blur/ship/ship_blur_00203.png,ship,vehicle,water,blur,ship_01988
pixelated/ship/ship_pixelated_00203.png,ship,vehicle,water,pixelated,ship_01988
noise/ship/ship_noise_00203.png,ship,vehicle,water,noise,ship_01988
clean/deer/deer_clean_00187.png,deer,animal,land,clean,deer_01989
blur/deer/deer_blur_00187.png,deer,animal,land,blur,deer_01989
pixelated/deer/deer_pixelated_00187.png,deer,animal,land,pixelated,deer_01989
noise/deer/deer_noise_00187.png,deer,animal,land,noise,deer_01989
clean/deer/deer_clean_00188.png,deer,animal,land,clean,deer_01990
blur/deer/deer_blur_00188.png,deer,animal,land,blur,deer_01990
pixelated/deer/deer_pixelated_00188.png,deer,animal,land,pixelated,deer_01990
noise/deer/deer_noise_00188.png,deer,animal,land,noise,deer_01990
clean/dog/dog_clean_00202.png,dog,animal,land,clean,dog_01991
blur/dog/dog_blur_00202.png,dog,animal,land,blur,dog_01991
pixelated/dog/dog_pixelated_00202.png,dog,animal,land,pixelated,dog_01991
noise/dog/dog_noise_00202.png,dog,animal,land,noise,dog_01991
clean/airplane/airplane_clean_00197.png,airplane,vehicle,air,clean,airplane_01992
blur/airplane/airplane_blur_00197.png,airplane,vehicle,air,blur,airplane_01992
pixelated/airplane/airplane_pixelated_00197.png,airplane,vehicle,air,pixelated,airplane_01992
noise/airplane/airplane_noise_00197.png,airplane,vehicle,air,noise,airplane_01992
clean/deer/deer_clean_00189.png,deer,animal,land,clean,deer_01993
blur/deer/deer_blur_00189.png,deer,animal,land,blur,deer_01993
pixelated/deer/deer_pixelated_00189.png,deer,animal,land,pixelated,deer_01993
noise/deer/deer_noise_00189.png,deer,animal,land,noise,deer_01993
clean/airplane/airplane_clean_00198.png,airplane,vehicle,air,clean,airplane_01994
blur/airplane/airplane_blur_00198.png,airplane,vehicle,air,blur,airplane_01994
pixelated/airplane/airplane_pixelated_00198.png,airplane,vehicle,air,pixelated,airplane_01994
noise/airplane/airplane_noise_00198.png,airplane,vehicle,air,noise,airplane_01994
clean/horse/horse_clean_00209.png,horse,animal,land,clean,horse_01995
blur/horse/horse_blur_00209.png,horse,animal,land,blur,horse_01995
pixelated/horse/horse_pixelated_00209.png,horse,animal,land,pixelated,horse_01995
noise/horse/horse_noise_00209.png,horse,animal,land,noise,horse_01995
clean/cat/cat_clean_00205.png,cat,animal,land,clean,cat_01996
blur/cat/cat_blur_00205.png,cat,animal,land,blur,cat_01996
pixelated/cat/cat_pixelated_00205.png,cat,animal,land,pixelated,cat_01996
noise/cat/cat_noise_00205.png,cat,animal,land,noise,cat_01996
clean/bird/bird_clean_00207.png,bird,animal,air,clean,bird_01997
blur/bird/bird_blur_00207.png,bird,animal,air,blur,bird_01997
pixelated/bird/bird_pixelated_00207.png,bird,animal,air,pixelated,bird_01997
noise/bird/bird_noise_00207.png,bird,animal,air,noise,bird_01997
clean/bird/bird_clean_00208.png,bird,animal,air,clean,bird_01998
blur/bird/bird_blur_00208.png,bird,animal,air,blur,bird_01998
pixelated/bird/bird_pixelated_00208.png,bird,animal,air,pixelated,bird_01998
noise/bird/bird_noise_00208.png,bird,animal,air,noise,bird_01998
clean/cat/cat_clean_00206.png,cat,animal,land,clean,cat_01999
blur/cat/cat_blur_00206.png,cat,animal,land,blur,cat_01999
pixelated/cat/cat_pixelated_00206.png,cat,animal,land,pixelated,cat_01999
noise/cat/cat_noise_00206.png,cat,animal,land,noise,cat_01999
clean/airplane/airplane_clean_00199.png,airplane,vehicle,air,clean,airplane_02000
blur/airplane/airplane_blur_00199.png,airplane,vehicle,air,blur,airplane_02000
pixelated/airplane/airplane_pixelated_00199.png,airplane,vehicle,air,pixelated,airplane_02000
noise/airplane/airplane_noise_00199.png,airplane,vehicle,air,noise,airplane_02000
clean/dog/dog_clean_00203.png,dog,animal,land,clean,dog_02001
blur/dog/dog_blur_00203.png,dog,animal,land,blur,dog_02001
pixelated/dog/dog_pixelated_00203.png,dog,animal,land,pixelated,dog_02001
noise/dog/dog_noise_00203.png,dog,animal,land,noise,dog_02001
clean/airplane/airplane_clean_00200.png,airplane,vehicle,air,clean,airplane_02002
blur/airplane/airplane_blur_00200.png,airplane,vehicle,air,blur,airplane_02002
pixelated/airplane/airplane_pixelated_00200.png,airplane,vehicle,air,pixelated,airplane_02002
noise/airplane/airplane_noise_00200.png,airplane,vehicle,air,noise,airplane_02002
clean/dog/dog_clean_00204.png,dog,animal,land,clean,dog_02003
blur/dog/dog_blur_00204.png,dog,animal,land,blur,dog_02003
pixelated/dog/dog_pixelated_00204.png,dog,animal,land,pixelated,dog_02003
noise/dog/dog_noise_00204.png,dog,animal,land,noise,dog_02003
clean/airplane/airplane_clean_00201.png,airplane,vehicle,air,clean,airplane_02004
blur/airplane/airplane_blur_00201.png,airplane,vehicle,air,blur,airplane_02004
pixelated/airplane/airplane_pixelated_00201.png,airplane,vehicle,air,pixelated,airplane_02004
noise/airplane/airplane_noise_00201.png,airplane,vehicle,air,noise,airplane_02004
clean/automobile/automobile_clean_00183.png,automobile,vehicle,land,clean,automobile_02005
blur/automobile/automobile_blur_00183.png,automobile,vehicle,land,blur,automobile_02005
pixelated/automobile/automobile_pixelated_00183.png,automobile,vehicle,land,pixelated,automobile_02005
noise/automobile/automobile_noise_00183.png,automobile,vehicle,land,noise,automobile_02005
clean/truck/truck_clean_00207.png,truck,vehicle,land,clean,truck_02006
blur/truck/truck_blur_00207.png,truck,vehicle,land,blur,truck_02006
pixelated/truck/truck_pixelated_00207.png,truck,vehicle,land,pixelated,truck_02006
noise/truck/truck_noise_00207.png,truck,vehicle,land,noise,truck_02006
clean/frog/frog_clean_00197.png,frog,animal,land,clean,frog_02007
blur/frog/frog_blur_00197.png,frog,animal,land,blur,frog_02007
pixelated/frog/frog_pixelated_00197.png,frog,animal,land,pixelated,frog_02007
noise/frog/frog_noise_00197.png,frog,animal,land,noise,frog_02007
clean/frog/frog_clean_00198.png,frog,animal,land,clean,frog_02008
blur/frog/frog_blur_00198.png,frog,animal,land,blur,frog_02008
pixelated/frog/frog_pixelated_00198.png,frog,animal,land,pixelated,frog_02008
noise/frog/frog_noise_00198.png,frog,animal,land,noise,frog_02008
clean/deer/deer_clean_00190.png,deer,animal,land,clean,deer_02009
blur/deer/deer_blur_00190.png,deer,animal,land,blur,deer_02009
pixelated/deer/deer_pixelated_00190.png,deer,animal,land,pixelated,deer_02009
noise/deer/deer_noise_00190.png,deer,animal,land,noise,deer_02009
clean/cat/cat_clean_00207.png,cat,animal,land,clean,cat_02010
blur/cat/cat_blur_00207.png,cat,animal,land,blur,cat_02010
pixelated/cat/cat_pixelated_00207.png,cat,animal,land,pixelated,cat_02010
noise/cat/cat_noise_00207.png,cat,animal,land,noise,cat_02010
clean/ship/ship_clean_00204.png,ship,vehicle,water,clean,ship_02011
blur/ship/ship_blur_00204.png,ship,vehicle,water,blur,ship_02011
pixelated/ship/ship_pixelated_00204.png,ship,vehicle,water,pixelated,ship_02011
noise/ship/ship_noise_00204.png,ship,vehicle,water,noise,ship_02011
clean/bird/bird_clean_00209.png,bird,animal,air,clean,bird_02012
blur/bird/bird_blur_00209.png,bird,animal,air,blur,bird_02012
pixelated/bird/bird_pixelated_00209.png,bird,animal,air,pixelated,bird_02012
noise/bird/bird_noise_00209.png,bird,animal,air,noise,bird_02012
clean/deer/deer_clean_00191.png,deer,animal,land,clean,deer_02013
blur/deer/deer_blur_00191.png,deer,animal,land,blur,deer_02013
pixelated/deer/deer_pixelated_00191.png,deer,animal,land,pixelated,deer_02013
noise/deer/deer_noise_00191.png,deer,animal,land,noise,deer_02013
clean/truck/truck_clean_00208.png,truck,vehicle,land,clean,truck_02014
blur/truck/truck_blur_00208.png,truck,vehicle,land,blur,truck_02014
pixelated/truck/truck_pixelated_00208.png,truck,vehicle,land,pixelated,truck_02014
noise/truck/truck_noise_00208.png,truck,vehicle,land,noise,truck_02014
clean/bird/bird_clean_00210.png,bird,animal,air,clean,bird_02015
blur/bird/bird_blur_00210.png,bird,animal,air,blur,bird_02015
pixelated/bird/bird_pixelated_00210.png,bird,animal,air,pixelated,bird_02015
noise/bird/bird_noise_00210.png,bird,animal,air,noise,bird_02015
clean/truck/truck_clean_00209.png,truck,vehicle,land,clean,truck_02016
blur/truck/truck_blur_00209.png,truck,vehicle,land,blur,truck_02016
pixelated/truck/truck_pixelated_00209.png,truck,vehicle,land,pixelated,truck_02016
noise/truck/truck_noise_00209.png,truck,vehicle,land,noise,truck_02016
clean/ship/ship_clean_00205.png,ship,vehicle,water,clean,ship_02017
blur/ship/ship_blur_00205.png,ship,vehicle,water,blur,ship_02017
pixelated/ship/ship_pixelated_00205.png,ship,vehicle,water,pixelated,ship_02017
noise/ship/ship_noise_00205.png,ship,vehicle,water,noise,ship_02017
clean/frog/frog_clean_00199.png,frog,animal,land,clean,frog_02018
blur/frog/frog_blur_00199.png,frog,animal,land,blur,frog_02018
pixelated/frog/frog_pixelated_00199.png,frog,animal,land,pixelated,frog_02018
noise/frog/frog_noise_00199.png,frog,animal,land,noise,frog_02018
clean/ship/ship_clean_00206.png,ship,vehicle,water,clean,ship_02019
blur/ship/ship_blur_00206.png,ship,vehicle,water,blur,ship_02019
pixelated/ship/ship_pixelated_00206.png,ship,vehicle,water,pixelated,ship_02019
noise/ship/ship_noise_00206.png,ship,vehicle,water,noise,ship_02019
clean/horse/horse_clean_00210.png,horse,animal,land,clean,horse_02020
blur/horse/horse_blur_00210.png,horse,animal,land,blur,horse_02020
pixelated/horse/horse_pixelated_00210.png,horse,animal,land,pixelated,horse_02020
noise/horse/horse_noise_00210.png,horse,animal,land,noise,horse_02020
clean/dog/dog_clean_00205.png,dog,animal,land,clean,dog_02021
blur/dog/dog_blur_00205.png,dog,animal,land,blur,dog_02021
pixelated/dog/dog_pixelated_00205.png,dog,animal,land,pixelated,dog_02021
noise/dog/dog_noise_00205.png,dog,animal,land,noise,dog_02021
clean/truck/truck_clean_00210.png,truck,vehicle,land,clean,truck_02022
blur/truck/truck_blur_00210.png,truck,vehicle,land,blur,truck_02022
pixelated/truck/truck_pixelated_00210.png,truck,vehicle,land,pixelated,truck_02022
noise/truck/truck_noise_00210.png,truck,vehicle,land,noise,truck_02022
clean/bird/bird_clean_00211.png,bird,animal,air,clean,bird_02023
blur/bird/bird_blur_00211.png,bird,animal,air,blur,bird_02023
pixelated/bird/bird_pixelated_00211.png,bird,animal,air,pixelated,bird_02023
noise/bird/bird_noise_00211.png,bird,animal,air,noise,bird_02023
clean/cat/cat_clean_00208.png,cat,animal,land,clean,cat_02024
blur/cat/cat_blur_00208.png,cat,animal,land,blur,cat_02024
pixelated/cat/cat_pixelated_00208.png,cat,animal,land,pixelated,cat_02024
noise/cat/cat_noise_00208.png,cat,animal,land,noise,cat_02024
clean/truck/truck_clean_00211.png,truck,vehicle,land,clean,truck_02025
blur/truck/truck_blur_00211.png,truck,vehicle,land,blur,truck_02025
pixelated/truck/truck_pixelated_00211.png,truck,vehicle,land,pixelated,truck_02025
noise/truck/truck_noise_00211.png,truck,vehicle,land,noise,truck_02025
clean/airplane/airplane_clean_00202.png,airplane,vehicle,air,clean,airplane_02026
blur/airplane/airplane_blur_00202.png,airplane,vehicle,air,blur,airplane_02026
pixelated/airplane/airplane_pixelated_00202.png,airplane,vehicle,air,pixelated,airplane_02026
noise/airplane/airplane_noise_00202.png,airplane,vehicle,air,noise,airplane_02026
clean/frog/frog_clean_00200.png,frog,animal,land,clean,frog_02027
blur/frog/frog_blur_00200.png,frog,animal,land,blur,frog_02027
pixelated/frog/frog_pixelated_00200.png,frog,animal,land,pixelated,frog_02027
noise/frog/frog_noise_00200.png,frog,animal,land,noise,frog_02027
clean/deer/deer_clean_00192.png,deer,animal,land,clean,deer_02028
blur/deer/deer_blur_00192.png,deer,animal,land,blur,deer_02028
pixelated/deer/deer_pixelated_00192.png,deer,animal,land,pixelated,deer_02028
noise/deer/deer_noise_00192.png,deer,animal,land,noise,deer_02028
clean/cat/cat_clean_00209.png,cat,animal,land,clean,cat_02029
blur/cat/cat_blur_00209.png,cat,animal,land,blur,cat_02029
pixelated/cat/cat_pixelated_00209.png,cat,animal,land,pixelated,cat_02029
noise/cat/cat_noise_00209.png,cat,animal,land,noise,cat_02029
clean/horse/horse_clean_00211.png,horse,animal,land,clean,horse_02030
blur/horse/horse_blur_00211.png,horse,animal,land,blur,horse_02030
pixelated/horse/horse_pixelated_00211.png,horse,animal,land,pixelated,horse_02030
noise/horse/horse_noise_00211.png,horse,animal,land,noise,horse_02030
clean/deer/deer_clean_00193.png,deer,animal,land,clean,deer_02031
blur/deer/deer_blur_00193.png,deer,animal,land,blur,deer_02031
pixelated/deer/deer_pixelated_00193.png,deer,animal,land,pixelated,deer_02031
noise/deer/deer_noise_00193.png,deer,animal,land,noise,deer_02031
clean/horse/horse_clean_00212.png,horse,animal,land,clean,horse_02032
blur/horse/horse_blur_00212.png,horse,animal,land,blur,horse_02032
pixelated/horse/horse_pixelated_00212.png,horse,animal,land,pixelated,horse_02032
noise/horse/horse_noise_00212.png,horse,animal,land,noise,horse_02032
clean/frog/frog_clean_00201.png,frog,animal,land,clean,frog_02033
blur/frog/frog_blur_00201.png,frog,animal,land,blur,frog_02033
pixelated/frog/frog_pixelated_00201.png,frog,animal,land,pixelated,frog_02033
noise/frog/frog_noise_00201.png,frog,animal,land,noise,frog_02033
clean/deer/deer_clean_00194.png,deer,animal,land,clean,deer_02034
blur/deer/deer_blur_00194.png,deer,animal,land,blur,deer_02034
pixelated/deer/deer_pixelated_00194.png,deer,animal,land,pixelated,deer_02034
noise/deer/deer_noise_00194.png,deer,animal,land,noise,deer_02034
clean/bird/bird_clean_00212.png,bird,animal,air,clean,bird_02035
blur/bird/bird_blur_00212.png,bird,animal,air,blur,bird_02035
pixelated/bird/bird_pixelated_00212.png,bird,animal,air,pixelated,bird_02035
noise/bird/bird_noise_00212.png,bird,animal,air,noise,bird_02035
clean/frog/frog_clean_00202.png,frog,animal,land,clean,frog_02036
blur/frog/frog_blur_00202.png,frog,animal,land,blur,frog_02036
pixelated/frog/frog_pixelated_00202.png,frog,animal,land,pixelated,frog_02036
noise/frog/frog_noise_00202.png,frog,animal,land,noise,frog_02036
clean/frog/frog_clean_00203.png,frog,animal,land,clean,frog_02037
blur/frog/frog_blur_00203.png,frog,animal,land,blur,frog_02037
pixelated/frog/frog_pixelated_00203.png,frog,animal,land,pixelated,frog_02037
noise/frog/frog_noise_00203.png,frog,animal,land,noise,frog_02037
clean/cat/cat_clean_00210.png,cat,animal,land,clean,cat_02038
blur/cat/cat_blur_00210.png,cat,animal,land,blur,cat_02038
pixelated/cat/cat_pixelated_00210.png,cat,animal,land,pixelated,cat_02038
noise/cat/cat_noise_00210.png,cat,animal,land,noise,cat_02038
clean/horse/horse_clean_00213.png,horse,animal,land,clean,horse_02039
blur/horse/horse_blur_00213.png,horse,animal,land,blur,horse_02039
pixelated/horse/horse_pixelated_00213.png,horse,animal,land,pixelated,horse_02039
noise/horse/horse_noise_00213.png,horse,animal,land,noise,horse_02039
clean/automobile/automobile_clean_00184.png,automobile,vehicle,land,clean,automobile_02040
blur/automobile/automobile_blur_00184.png,automobile,vehicle,land,blur,automobile_02040
pixelated/automobile/automobile_pixelated_00184.png,automobile,vehicle,land,pixelated,automobile_02040
noise/automobile/automobile_noise_00184.png,automobile,vehicle,land,noise,automobile_02040
clean/deer/deer_clean_00195.png,deer,animal,land,clean,deer_02041
blur/deer/deer_blur_00195.png,deer,animal,land,blur,deer_02041
pixelated/deer/deer_pixelated_00195.png,deer,animal,land,pixelated,deer_02041
noise/deer/deer_noise_00195.png,deer,animal,land,noise,deer_02041
clean/airplane/airplane_clean_00203.png,airplane,vehicle,air,clean,airplane_02042
blur/airplane/airplane_blur_00203.png,airplane,vehicle,air,blur,airplane_02042
pixelated/airplane/airplane_pixelated_00203.png,airplane,vehicle,air,pixelated,airplane_02042
noise/airplane/airplane_noise_00203.png,airplane,vehicle,air,noise,airplane_02042
clean/frog/frog_clean_00204.png,frog,animal,land,clean,frog_02043
blur/frog/frog_blur_00204.png,frog,animal,land,blur,frog_02043
pixelated/frog/frog_pixelated_00204.png,frog,animal,land,pixelated,frog_02043
noise/frog/frog_noise_00204.png,frog,animal,land,noise,frog_02043
clean/deer/deer_clean_00196.png,deer,animal,land,clean,deer_02044
blur/deer/deer_blur_00196.png,deer,animal,land,blur,deer_02044
pixelated/deer/deer_pixelated_00196.png,deer,animal,land,pixelated,deer_02044
noise/deer/deer_noise_00196.png,deer,animal,land,noise,deer_02044
clean/airplane/airplane_clean_00204.png,airplane,vehicle,air,clean,airplane_02045
blur/airplane/airplane_blur_00204.png,airplane,vehicle,air,blur,airplane_02045
pixelated/airplane/airplane_pixelated_00204.png,airplane,vehicle,air,pixelated,airplane_02045
noise/airplane/airplane_noise_00204.png,airplane,vehicle,air,noise,airplane_02045
clean/airplane/airplane_clean_00205.png,airplane,vehicle,air,clean,airplane_02046
blur/airplane/airplane_blur_00205.png,airplane,vehicle,air,blur,airplane_02046
pixelated/airplane/airplane_pixelated_00205.png,airplane,vehicle,air,pixelated,airplane_02046
noise/airplane/airplane_noise_00205.png,airplane,vehicle,air,noise,airplane_02046
clean/airplane/airplane_clean_00206.png,airplane,vehicle,air,clean,airplane_02047
blur/airplane/airplane_blur_00206.png,airplane,vehicle,air,blur,airplane_02047
pixelated/airplane/airplane_pixelated_00206.png,airplane,vehicle,air,pixelated,airplane_02047
noise/airplane/airplane_noise_00206.png,airplane,vehicle,air,noise,airplane_02047
clean/deer/deer_clean_00197.png,deer,animal,land,clean,deer_02048
blur/deer/deer_blur_00197.png,deer,animal,land,blur,deer_02048
pixelated/deer/deer_pixelated_00197.png,deer,animal,land,pixelated,deer_02048
noise/deer/deer_noise_00197.png,deer,animal,land,noise,deer_02048
clean/horse/horse_clean_00214.png,horse,animal,land,clean,horse_02049
blur/horse/horse_blur_00214.png,horse,animal,land,blur,horse_02049
pixelated/horse/horse_pixelated_00214.png,horse,animal,land,pixelated,horse_02049
noise/horse/horse_noise_00214.png,horse,animal,land,noise,horse_02049
clean/cat/cat_clean_00211.png,cat,animal,land,clean,cat_02050
blur/cat/cat_blur_00211.png,cat,animal,land,blur,cat_02050
pixelated/cat/cat_pixelated_00211.png,cat,animal,land,pixelated,cat_02050
noise/cat/cat_noise_00211.png,cat,animal,land,noise,cat_02050
clean/truck/truck_clean_00212.png,truck,vehicle,land,clean,truck_02051
blur/truck/truck_blur_00212.png,truck,vehicle,land,blur,truck_02051
pixelated/truck/truck_pixelated_00212.png,truck,vehicle,land,pixelated,truck_02051
noise/truck/truck_noise_00212.png,truck,vehicle,land,noise,truck_02051
clean/bird/bird_clean_00213.png,bird,animal,air,clean,bird_02052
blur/bird/bird_blur_00213.png,bird,animal,air,blur,bird_02052
pixelated/bird/bird_pixelated_00213.png,bird,animal,air,pixelated,bird_02052
noise/bird/bird_noise_00213.png,bird,animal,air,noise,bird_02052
clean/bird/bird_clean_00214.png,bird,animal,air,clean,bird_02053
blur/bird/bird_blur_00214.png,bird,animal,air,blur,bird_02053
pixelated/bird/bird_pixelated_00214.png,bird,animal,air,pixelated,bird_02053
noise/bird/bird_noise_00214.png,bird,animal,air,noise,bird_02053
clean/ship/ship_clean_00207.png,ship,vehicle,water,clean,ship_02054
blur/ship/ship_blur_00207.png,ship,vehicle,water,blur,ship_02054
pixelated/ship/ship_pixelated_00207.png,ship,vehicle,water,pixelated,ship_02054
noise/ship/ship_noise_00207.png,ship,vehicle,water,noise,ship_02054
clean/bird/bird_clean_00215.png,bird,animal,air,clean,bird_02055
blur/bird/bird_blur_00215.png,bird,animal,air,blur,bird_02055
pixelated/bird/bird_pixelated_00215.png,bird,animal,air,pixelated,bird_02055
noise/bird/bird_noise_00215.png,bird,animal,air,noise,bird_02055
clean/airplane/airplane_clean_00207.png,airplane,vehicle,air,clean,airplane_02056
blur/airplane/airplane_blur_00207.png,airplane,vehicle,air,blur,airplane_02056
pixelated/airplane/airplane_pixelated_00207.png,airplane,vehicle,air,pixelated,airplane_02056
noise/airplane/airplane_noise_00207.png,airplane,vehicle,air,noise,airplane_02056
clean/ship/ship_clean_00208.png,ship,vehicle,water,clean,ship_02057
blur/ship/ship_blur_00208.png,ship,vehicle,water,blur,ship_02057
pixelated/ship/ship_pixelated_00208.png,ship,vehicle,water,pixelated,ship_02057
noise/ship/ship_noise_00208.png,ship,vehicle,water,noise,ship_02057
clean/deer/deer_clean_00198.png,deer,animal,land,clean,deer_02058
blur/deer/deer_blur_00198.png,deer,animal,land,blur,deer_02058
pixelated/deer/deer_pixelated_00198.png,deer,animal,land,pixelated,deer_02058
noise/deer/deer_noise_00198.png,deer,animal,land,noise,deer_02058
clean/frog/frog_clean_00205.png,frog,animal,land,clean,frog_02059
blur/frog/frog_blur_00205.png,frog,animal,land,blur,frog_02059
pixelated/frog/frog_pixelated_00205.png,frog,animal,land,pixelated,frog_02059
noise/frog/frog_noise_00205.png,frog,animal,land,noise,frog_02059
clean/truck/truck_clean_00213.png,truck,vehicle,land,clean,truck_02060
blur/truck/truck_blur_00213.png,truck,vehicle,land,blur,truck_02060
pixelated/truck/truck_pixelated_00213.png,truck,vehicle,land,pixelated,truck_02060
noise/truck/truck_noise_00213.png,truck,vehicle,land,noise,truck_02060
clean/automobile/automobile_clean_00185.png,automobile,vehicle,land,clean,automobile_02061
blur/automobile/automobile_blur_00185.png,automobile,vehicle,land,blur,automobile_02061
pixelated/automobile/automobile_pixelated_00185.png,automobile,vehicle,land,pixelated,automobile_02061
noise/automobile/automobile_noise_00185.png,automobile,vehicle,land,noise,automobile_02061
clean/deer/deer_clean_00199.png,deer,animal,land,clean,deer_02062
blur/deer/deer_blur_00199.png,deer,animal,land,blur,deer_02062
pixelated/deer/deer_pixelated_00199.png,deer,animal,land,pixelated,deer_02062
noise/deer/deer_noise_00199.png,deer,animal,land,noise,deer_02062
clean/cat/cat_clean_00212.png,cat,animal,land,clean,cat_02063
blur/cat/cat_blur_00212.png,cat,animal,land,blur,cat_02063
pixelated/cat/cat_pixelated_00212.png,cat,animal,land,pixelated,cat_02063
noise/cat/cat_noise_00212.png,cat,animal,land,noise,cat_02063
clean/frog/frog_clean_00206.png,frog,animal,land,clean,frog_02064
blur/frog/frog_blur_00206.png,frog,animal,land,blur,frog_02064
pixelated/frog/frog_pixelated_00206.png,frog,animal,land,pixelated,frog_02064
noise/frog/frog_noise_00206.png,frog,animal,land,noise,frog_02064
clean/horse/horse_clean_00215.png,horse,animal,land,clean,horse_02065
blur/horse/horse_blur_00215.png,horse,animal,land,blur,horse_02065
pixelated/horse/horse_pixelated_00215.png,horse,animal,land,pixelated,horse_02065
noise/horse/horse_noise_00215.png,horse,animal,land,noise,horse_02065
clean/truck/truck_clean_00214.png,truck,vehicle,land,clean,truck_02066
blur/truck/truck_blur_00214.png,truck,vehicle,land,blur,truck_02066
pixelated/truck/truck_pixelated_00214.png,truck,vehicle,land,pixelated,truck_02066
noise/truck/truck_noise_00214.png,truck,vehicle,land,noise,truck_02066
clean/bird/bird_clean_00216.png,bird,animal,air,clean,bird_02067
blur/bird/bird_blur_00216.png,bird,animal,air,blur,bird_02067
pixelated/bird/bird_pixelated_00216.png,bird,animal,air,pixelated,bird_02067
noise/bird/bird_noise_00216.png,bird,animal,air,noise,bird_02067
clean/dog/dog_clean_00206.png,dog,animal,land,clean,dog_02068
blur/dog/dog_blur_00206.png,dog,animal,land,blur,dog_02068
pixelated/dog/dog_pixelated_00206.png,dog,animal,land,pixelated,dog_02068
noise/dog/dog_noise_00206.png,dog,animal,land,noise,dog_02068
clean/truck/truck_clean_00215.png,truck,vehicle,land,clean,truck_02069
blur/truck/truck_blur_00215.png,truck,vehicle,land,blur,truck_02069
pixelated/truck/truck_pixelated_00215.png,truck,vehicle,land,pixelated,truck_02069
noise/truck/truck_noise_00215.png,truck,vehicle,land,noise,truck_02069
clean/cat/cat_clean_00213.png,cat,animal,land,clean,cat_02070
blur/cat/cat_blur_00213.png,cat,animal,land,blur,cat_02070
pixelated/cat/cat_pixelated_00213.png,cat,animal,land,pixelated,cat_02070
noise/cat/cat_noise_00213.png,cat,animal,land,noise,cat_02070
clean/deer/deer_clean_00200.png,deer,animal,land,clean,deer_02071
blur/deer/deer_blur_00200.png,deer,animal,land,blur,deer_02071
pixelated/deer/deer_pixelated_00200.png,deer,animal,land,pixelated,deer_02071
noise/deer/deer_noise_00200.png,deer,animal,land,noise,deer_02071
clean/ship/ship_clean_00209.png,ship,vehicle,water,clean,ship_02072
blur/ship/ship_blur_00209.png,ship,vehicle,water,blur,ship_02072
pixelated/ship/ship_pixelated_00209.png,ship,vehicle,water,pixelated,ship_02072
noise/ship/ship_noise_00209.png,ship,vehicle,water,noise,ship_02072
clean/ship/ship_clean_00210.png,ship,vehicle,water,clean,ship_02073
blur/ship/ship_blur_00210.png,ship,vehicle,water,blur,ship_02073
pixelated/ship/ship_pixelated_00210.png,ship,vehicle,water,pixelated,ship_02073
noise/ship/ship_noise_00210.png,ship,vehicle,water,noise,ship_02073
clean/bird/bird_clean_00217.png,bird,animal,air,clean,bird_02074
blur/bird/bird_blur_00217.png,bird,animal,air,blur,bird_02074
pixelated/bird/bird_pixelated_00217.png,bird,animal,air,pixelated,bird_02074
noise/bird/bird_noise_00217.png,bird,animal,air,noise,bird_02074
clean/horse/horse_clean_00216.png,horse,animal,land,clean,horse_02075
blur/horse/horse_blur_00216.png,horse,animal,land,blur,horse_02075
pixelated/horse/horse_pixelated_00216.png,horse,animal,land,pixelated,horse_02075
noise/horse/horse_noise_00216.png,horse,animal,land,noise,horse_02075
clean/frog/frog_clean_00207.png,frog,animal,land,clean,frog_02076
blur/frog/frog_blur_00207.png,frog,animal,land,blur,frog_02076
pixelated/frog/frog_pixelated_00207.png,frog,animal,land,pixelated,frog_02076
noise/frog/frog_noise_00207.png,frog,animal,land,noise,frog_02076
clean/cat/cat_clean_00214.png,cat,animal,land,clean,cat_02077
blur/cat/cat_blur_00214.png,cat,animal,land,blur,cat_02077
pixelated/cat/cat_pixelated_00214.png,cat,animal,land,pixelated,cat_02077
noise/cat/cat_noise_00214.png,cat,animal,land,noise,cat_02077
clean/ship/ship_clean_00211.png,ship,vehicle,water,clean,ship_02078
blur/ship/ship_blur_00211.png,ship,vehicle,water,blur,ship_02078
pixelated/ship/ship_pixelated_00211.png,ship,vehicle,water,pixelated,ship_02078
noise/ship/ship_noise_00211.png,ship,vehicle,water,noise,ship_02078
clean/ship/ship_clean_00212.png,ship,vehicle,water,clean,ship_02079
blur/ship/ship_blur_00212.png,ship,vehicle,water,blur,ship_02079
pixelated/ship/ship_pixelated_00212.png,ship,vehicle,water,pixelated,ship_02079
noise/ship/ship_noise_00212.png,ship,vehicle,water,noise,ship_02079
clean/automobile/automobile_clean_00186.png,automobile,vehicle,land,clean,automobile_02080
blur/automobile/automobile_blur_00186.png,automobile,vehicle,land,blur,automobile_02080
pixelated/automobile/automobile_pixelated_00186.png,automobile,vehicle,land,pixelated,automobile_02080
noise/automobile/automobile_noise_00186.png,automobile,vehicle,land,noise,automobile_02080
clean/automobile/automobile_clean_00187.png,automobile,vehicle,land,clean,automobile_02081
blur/automobile/automobile_blur_00187.png,automobile,vehicle,land,blur,automobile_02081
pixelated/automobile/automobile_pixelated_00187.png,automobile,vehicle,land,pixelated,automobile_02081
noise/automobile/automobile_noise_00187.png,automobile,vehicle,land,noise,automobile_02081
clean/deer/deer_clean_00201.png,deer,animal,land,clean,deer_02082
blur/deer/deer_blur_00201.png,deer,animal,land,blur,deer_02082
pixelated/deer/deer_pixelated_00201.png,deer,animal,land,pixelated,deer_02082
noise/deer/deer_noise_00201.png,deer,animal,land,noise,deer_02082
clean/airplane/airplane_clean_00208.png,airplane,vehicle,air,clean,airplane_02083
blur/airplane/airplane_blur_00208.png,airplane,vehicle,air,blur,airplane_02083
pixelated/airplane/airplane_pixelated_00208.png,airplane,vehicle,air,pixelated,airplane_02083
noise/airplane/airplane_noise_00208.png,airplane,vehicle,air,noise,airplane_02083
clean/truck/truck_clean_00216.png,truck,vehicle,land,clean,truck_02084
blur/truck/truck_blur_00216.png,truck,vehicle,land,blur,truck_02084
pixelated/truck/truck_pixelated_00216.png,truck,vehicle,land,pixelated,truck_02084
noise/truck/truck_noise_00216.png,truck,vehicle,land,noise,truck_02084
clean/automobile/automobile_clean_00188.png,automobile,vehicle,land,clean,automobile_02085
blur/automobile/automobile_blur_00188.png,automobile,vehicle,land,blur,automobile_02085
pixelated/automobile/automobile_pixelated_00188.png,automobile,vehicle,land,pixelated,automobile_02085
noise/automobile/automobile_noise_00188.png,automobile,vehicle,land,noise,automobile_02085
clean/truck/truck_clean_00217.png,truck,vehicle,land,clean,truck_02086
blur/truck/truck_blur_00217.png,truck,vehicle,land,blur,truck_02086
pixelated/truck/truck_pixelated_00217.png,truck,vehicle,land,pixelated,truck_02086
noise/truck/truck_noise_00217.png,truck,vehicle,land,noise,truck_02086
clean/airplane/airplane_clean_00209.png,airplane,vehicle,air,clean,airplane_02087
blur/airplane/airplane_blur_00209.png,airplane,vehicle,air,blur,airplane_02087
pixelated/airplane/airplane_pixelated_00209.png,airplane,vehicle,air,pixelated,airplane_02087
noise/airplane/airplane_noise_00209.png,airplane,vehicle,air,noise,airplane_02087
clean/automobile/automobile_clean_00189.png,automobile,vehicle,land,clean,automobile_02088
blur/automobile/automobile_blur_00189.png,automobile,vehicle,land,blur,automobile_02088
pixelated/automobile/automobile_pixelated_00189.png,automobile,vehicle,land,pixelated,automobile_02088
noise/automobile/automobile_noise_00189.png,automobile,vehicle,land,noise,automobile_02088
clean/truck/truck_clean_00218.png,truck,vehicle,land,clean,truck_02089
blur/truck/truck_blur_00218.png,truck,vehicle,land,blur,truck_02089
pixelated/truck/truck_pixelated_00218.png,truck,vehicle,land,pixelated,truck_02089
noise/truck/truck_noise_00218.png,truck,vehicle,land,noise,truck_02089
clean/deer/deer_clean_00202.png,deer,animal,land,clean,deer_02090
blur/deer/deer_blur_00202.png,deer,animal,land,blur,deer_02090
pixelated/deer/deer_pixelated_00202.png,deer,animal,land,pixelated,deer_02090
noise/deer/deer_noise_00202.png,deer,animal,land,noise,deer_02090
clean/deer/deer_clean_00203.png,deer,animal,land,clean,deer_02091
blur/deer/deer_blur_00203.png,deer,animal,land,blur,deer_02091
pixelated/deer/deer_pixelated_00203.png,deer,animal,land,pixelated,deer_02091
noise/deer/deer_noise_00203.png,deer,animal,land,noise,deer_02091
clean/deer/deer_clean_00204.png,deer,animal,land,clean,deer_02092
blur/deer/deer_blur_00204.png,deer,animal,land,blur,deer_02092
pixelated/deer/deer_pixelated_00204.png,deer,animal,land,pixelated,deer_02092
noise/deer/deer_noise_00204.png,deer,animal,land,noise,deer_02092
clean/frog/frog_clean_00208.png,frog,animal,land,clean,frog_02093
blur/frog/frog_blur_00208.png,frog,animal,land,blur,frog_02093
pixelated/frog/frog_pixelated_00208.png,frog,animal,land,pixelated,frog_02093
noise/frog/frog_noise_00208.png,frog,animal,land,noise,frog_02093
clean/truck/truck_clean_00219.png,truck,vehicle,land,clean,truck_02094
blur/truck/truck_blur_00219.png,truck,vehicle,land,blur,truck_02094
pixelated/truck/truck_pixelated_00219.png,truck,vehicle,land,pixelated,truck_02094
noise/truck/truck_noise_00219.png,truck,vehicle,land,noise,truck_02094
clean/frog/frog_clean_00209.png,frog,animal,land,clean,frog_02095
blur/frog/frog_blur_00209.png,frog,animal,land,blur,frog_02095
pixelated/frog/frog_pixelated_00209.png,frog,animal,land,pixelated,frog_02095
noise/frog/frog_noise_00209.png,frog,animal,land,noise,frog_02095
clean/frog/frog_clean_00210.png,frog,animal,land,clean,frog_02096
blur/frog/frog_blur_00210.png,frog,animal,land,blur,frog_02096
pixelated/frog/frog_pixelated_00210.png,frog,animal,land,pixelated,frog_02096
noise/frog/frog_noise_00210.png,frog,animal,land,noise,frog_02096
clean/truck/truck_clean_00220.png,truck,vehicle,land,clean,truck_02097
blur/truck/truck_blur_00220.png,truck,vehicle,land,blur,truck_02097
pixelated/truck/truck_pixelated_00220.png,truck,vehicle,land,pixelated,truck_02097
noise/truck/truck_noise_00220.png,truck,vehicle,land,noise,truck_02097
clean/cat/cat_clean_00215.png,cat,animal,land,clean,cat_02098
blur/cat/cat_blur_00215.png,cat,animal,land,blur,cat_02098
pixelated/cat/cat_pixelated_00215.png,cat,animal,land,pixelated,cat_02098
noise/cat/cat_noise_00215.png,cat,animal,land,noise,cat_02098
clean/bird/bird_clean_00218.png,bird,animal,air,clean,bird_02099
blur/bird/bird_blur_00218.png,bird,animal,air,blur,bird_02099
pixelated/bird/bird_pixelated_00218.png,bird,animal,air,pixelated,bird_02099
noise/bird/bird_noise_00218.png,bird,animal,air,noise,bird_02099
clean/cat/cat_clean_00216.png,cat,animal,land,clean,cat_02100
blur/cat/cat_blur_00216.png,cat,animal,land,blur,cat_02100
pixelated/cat/cat_pixelated_00216.png,cat,animal,land,pixelated,cat_02100
noise/cat/cat_noise_00216.png,cat,animal,land,noise,cat_02100
clean/cat/cat_clean_00217.png,cat,animal,land,clean,cat_02101
blur/cat/cat_blur_00217.png,cat,animal,land,blur,cat_02101
pixelated/cat/cat_pixelated_00217.png,cat,animal,land,pixelated,cat_02101
noise/cat/cat_noise_00217.png,cat,animal,land,noise,cat_02101
clean/frog/frog_clean_00211.png,frog,animal,land,clean,frog_02102
blur/frog/frog_blur_00211.png,frog,animal,land,blur,frog_02102
pixelated/frog/frog_pixelated_00211.png,frog,animal,land,pixelated,frog_02102
noise/frog/frog_noise_00211.png,frog,animal,land,noise,frog_02102
clean/cat/cat_clean_00218.png,cat,animal,land,clean,cat_02103
blur/cat/cat_blur_00218.png,cat,animal,land,blur,cat_02103
pixelated/cat/cat_pixelated_00218.png,cat,animal,land,pixelated,cat_02103
noise/cat/cat_noise_00218.png,cat,animal,land,noise,cat_02103
clean/horse/horse_clean_00217.png,horse,animal,land,clean,horse_02104
blur/horse/horse_blur_00217.png,horse,animal,land,blur,horse_02104
pixelated/horse/horse_pixelated_00217.png,horse,animal,land,pixelated,horse_02104
noise/horse/horse_noise_00217.png,horse,animal,land,noise,horse_02104
clean/ship/ship_clean_00213.png,ship,vehicle,water,clean,ship_02105
blur/ship/ship_blur_00213.png,ship,vehicle,water,blur,ship_02105
pixelated/ship/ship_pixelated_00213.png,ship,vehicle,water,pixelated,ship_02105
noise/ship/ship_noise_00213.png,ship,vehicle,water,noise,ship_02105
clean/bird/bird_clean_00219.png,bird,animal,air,clean,bird_02106
blur/bird/bird_blur_00219.png,bird,animal,air,blur,bird_02106
pixelated/bird/bird_pixelated_00219.png,bird,animal,air,pixelated,bird_02106
noise/bird/bird_noise_00219.png,bird,animal,air,noise,bird_02106
clean/frog/frog_clean_00212.png,frog,animal,land,clean,frog_02107
blur/frog/frog_blur_00212.png,frog,animal,land,blur,frog_02107
pixelated/frog/frog_pixelated_00212.png,frog,animal,land,pixelated,frog_02107
noise/frog/frog_noise_00212.png,frog,animal,land,noise,frog_02107
clean/deer/deer_clean_00205.png,deer,animal,land,clean,deer_02108
blur/deer/deer_blur_00205.png,deer,animal,land,blur,deer_02108
pixelated/deer/deer_pixelated_00205.png,deer,animal,land,pixelated,deer_02108
noise/deer/deer_noise_00205.png,deer,animal,land,noise,deer_02108
clean/horse/horse_clean_00218.png,horse,animal,land,clean,horse_02109
blur/horse/horse_blur_00218.png,horse,animal,land,blur,horse_02109
pixelated/horse/horse_pixelated_00218.png,horse,animal,land,pixelated,horse_02109
noise/horse/horse_noise_00218.png,horse,animal,land,noise,horse_02109
clean/deer/deer_clean_00206.png,deer,animal,land,clean,deer_02110
blur/deer/deer_blur_00206.png,deer,animal,land,blur,deer_02110
pixelated/deer/deer_pixelated_00206.png,deer,animal,land,pixelated,deer_02110
noise/deer/deer_noise_00206.png,deer,animal,land,noise,deer_02110
clean/airplane/airplane_clean_00210.png,airplane,vehicle,air,clean,airplane_02111
blur/airplane/airplane_blur_00210.png,airplane,vehicle,air,blur,airplane_02111
pixelated/airplane/airplane_pixelated_00210.png,airplane,vehicle,air,pixelated,airplane_02111
noise/airplane/airplane_noise_00210.png,airplane,vehicle,air,noise,airplane_02111
clean/ship/ship_clean_00214.png,ship,vehicle,water,clean,ship_02112
blur/ship/ship_blur_00214.png,ship,vehicle,water,blur,ship_02112
pixelated/ship/ship_pixelated_00214.png,ship,vehicle,water,pixelated,ship_02112
noise/ship/ship_noise_00214.png,ship,vehicle,water,noise,ship_02112
clean/horse/horse_clean_00219.png,horse,animal,land,clean,horse_02113
blur/horse/horse_blur_00219.png,horse,animal,land,blur,horse_02113
pixelated/horse/horse_pixelated_00219.png,horse,animal,land,pixelated,horse_02113
noise/horse/horse_noise_00219.png,horse,animal,land,noise,horse_02113
clean/cat/cat_clean_00219.png,cat,animal,land,clean,cat_02114
blur/cat/cat_blur_00219.png,cat,animal,land,blur,cat_02114
pixelated/cat/cat_pixelated_00219.png,cat,animal,land,pixelated,cat_02114
noise/cat/cat_noise_00219.png,cat,animal,land,noise,cat_02114
clean/dog/dog_clean_00207.png,dog,animal,land,clean,dog_02115
blur/dog/dog_blur_00207.png,dog,animal,land,blur,dog_02115
pixelated/dog/dog_pixelated_00207.png,dog,animal,land,pixelated,dog_02115
noise/dog/dog_noise_00207.png,dog,animal,land,noise,dog_02115
clean/horse/horse_clean_00220.png,horse,animal,land,clean,horse_02116
blur/horse/horse_blur_00220.png,horse,animal,land,blur,horse_02116
pixelated/horse/horse_pixelated_00220.png,horse,animal,land,pixelated,horse_02116
noise/horse/horse_noise_00220.png,horse,animal,land,noise,horse_02116
clean/automobile/automobile_clean_00190.png,automobile,vehicle,land,clean,automobile_02117
blur/automobile/automobile_blur_00190.png,automobile,vehicle,land,blur,automobile_02117
pixelated/automobile/automobile_pixelated_00190.png,automobile,vehicle,land,pixelated,automobile_02117
noise/automobile/automobile_noise_00190.png,automobile,vehicle,land,noise,automobile_02117
clean/horse/horse_clean_00221.png,horse,animal,land,clean,horse_02118
blur/horse/horse_blur_00221.png,horse,animal,land,blur,horse_02118
pixelated/horse/horse_pixelated_00221.png,horse,animal,land,pixelated,horse_02118
noise/horse/horse_noise_00221.png,horse,animal,land,noise,horse_02118
clean/truck/truck_clean_00221.png,truck,vehicle,land,clean,truck_02119
blur/truck/truck_blur_00221.png,truck,vehicle,land,blur,truck_02119
pixelated/truck/truck_pixelated_00221.png,truck,vehicle,land,pixelated,truck_02119
noise/truck/truck_noise_00221.png,truck,vehicle,land,noise,truck_02119
clean/airplane/airplane_clean_00211.png,airplane,vehicle,air,clean,airplane_02120
blur/airplane/airplane_blur_00211.png,airplane,vehicle,air,blur,airplane_02120
pixelated/airplane/airplane_pixelated_00211.png,airplane,vehicle,air,pixelated,airplane_02120
noise/airplane/airplane_noise_00211.png,airplane,vehicle,air,noise,airplane_02120
clean/frog/frog_clean_00213.png,frog,animal,land,clean,frog_02121
blur/frog/frog_blur_00213.png,frog,animal,land,blur,frog_02121
pixelated/frog/frog_pixelated_00213.png,frog,animal,land,pixelated,frog_02121
noise/frog/frog_noise_00213.png,frog,animal,land,noise,frog_02121
clean/ship/ship_clean_00215.png,ship,vehicle,water,clean,ship_02122
blur/ship/ship_blur_00215.png,ship,vehicle,water,blur,ship_02122
pixelated/ship/ship_pixelated_00215.png,ship,vehicle,water,pixelated,ship_02122
noise/ship/ship_noise_00215.png,ship,vehicle,water,noise,ship_02122
clean/truck/truck_clean_00222.png,truck,vehicle,land,clean,truck_02123
blur/truck/truck_blur_00222.png,truck,vehicle,land,blur,truck_02123
pixelated/truck/truck_pixelated_00222.png,truck,vehicle,land,pixelated,truck_02123
noise/truck/truck_noise_00222.png,truck,vehicle,land,noise,truck_02123
clean/truck/truck_clean_00223.png,truck,vehicle,land,clean,truck_02124
blur/truck/truck_blur_00223.png,truck,vehicle,land,blur,truck_02124
pixelated/truck/truck_pixelated_00223.png,truck,vehicle,land,pixelated,truck_02124
noise/truck/truck_noise_00223.png,truck,vehicle,land,noise,truck_02124
clean/deer/deer_clean_00207.png,deer,animal,land,clean,deer_02125
blur/deer/deer_blur_00207.png,deer,animal,land,blur,deer_02125
pixelated/deer/deer_pixelated_00207.png,deer,animal,land,pixelated,deer_02125
noise/deer/deer_noise_00207.png,deer,animal,land,noise,deer_02125
clean/bird/bird_clean_00220.png,bird,animal,air,clean,bird_02126
blur/bird/bird_blur_00220.png,bird,animal,air,blur,bird_02126
pixelated/bird/bird_pixelated_00220.png,bird,animal,air,pixelated,bird_02126
noise/bird/bird_noise_00220.png,bird,animal,air,noise,bird_02126
clean/cat/cat_clean_00220.png,cat,animal,land,clean,cat_02127
blur/cat/cat_blur_00220.png,cat,animal,land,blur,cat_02127
pixelated/cat/cat_pixelated_00220.png,cat,animal,land,pixelated,cat_02127
noise/cat/cat_noise_00220.png,cat,animal,land,noise,cat_02127
clean/automobile/automobile_clean_00191.png,automobile,vehicle,land,clean,automobile_02128
blur/automobile/automobile_blur_00191.png,automobile,vehicle,land,blur,automobile_02128
pixelated/automobile/automobile_pixelated_00191.png,automobile,vehicle,land,pixelated,automobile_02128
noise/automobile/automobile_noise_00191.png,automobile,vehicle,land,noise,automobile_02128
clean/horse/horse_clean_00222.png,horse,animal,land,clean,horse_02129
blur/horse/horse_blur_00222.png,horse,animal,land,blur,horse_02129
pixelated/horse/horse_pixelated_00222.png,horse,animal,land,pixelated,horse_02129
noise/horse/horse_noise_00222.png,horse,animal,land,noise,horse_02129
clean/truck/truck_clean_00224.png,truck,vehicle,land,clean,truck_02130
blur/truck/truck_blur_00224.png,truck,vehicle,land,blur,truck_02130
pixelated/truck/truck_pixelated_00224.png,truck,vehicle,land,pixelated,truck_02130
noise/truck/truck_noise_00224.png,truck,vehicle,land,noise,truck_02130
clean/automobile/automobile_clean_00192.png,automobile,vehicle,land,clean,automobile_02131
blur/automobile/automobile_blur_00192.png,automobile,vehicle,land,blur,automobile_02131
pixelated/automobile/automobile_pixelated_00192.png,automobile,vehicle,land,pixelated,automobile_02131
noise/automobile/automobile_noise_00192.png,automobile,vehicle,land,noise,automobile_02131
clean/automobile/automobile_clean_00193.png,automobile,vehicle,land,clean,automobile_02132
blur/automobile/automobile_blur_00193.png,automobile,vehicle,land,blur,automobile_02132
pixelated/automobile/automobile_pixelated_00193.png,automobile,vehicle,land,pixelated,automobile_02132
noise/automobile/automobile_noise_00193.png,automobile,vehicle,land,noise,automobile_02132
clean/airplane/airplane_clean_00212.png,airplane,vehicle,air,clean,airplane_02133
blur/airplane/airplane_blur_00212.png,airplane,vehicle,air,blur,airplane_02133
pixelated/airplane/airplane_pixelated_00212.png,airplane,vehicle,air,pixelated,airplane_02133
noise/airplane/airplane_noise_00212.png,airplane,vehicle,air,noise,airplane_02133
clean/deer/deer_clean_00208.png,deer,animal,land,clean,deer_02134
blur/deer/deer_blur_00208.png,deer,animal,land,blur,deer_02134
pixelated/deer/deer_pixelated_00208.png,deer,animal,land,pixelated,deer_02134
noise/deer/deer_noise_00208.png,deer,animal,land,noise,deer_02134
clean/automobile/automobile_clean_00194.png,automobile,vehicle,land,clean,automobile_02135
blur/automobile/automobile_blur_00194.png,automobile,vehicle,land,blur,automobile_02135
pixelated/automobile/automobile_pixelated_00194.png,automobile,vehicle,land,pixelated,automobile_02135
noise/automobile/automobile_noise_00194.png,automobile,vehicle,land,noise,automobile_02135
clean/frog/frog_clean_00214.png,frog,animal,land,clean,frog_02136
blur/frog/frog_blur_00214.png,frog,animal,land,blur,frog_02136
pixelated/frog/frog_pixelated_00214.png,frog,animal,land,pixelated,frog_02136
noise/frog/frog_noise_00214.png,frog,animal,land,noise,frog_02136
clean/automobile/automobile_clean_00195.png,automobile,vehicle,land,clean,automobile_02137
blur/automobile/automobile_blur_00195.png,automobile,vehicle,land,blur,automobile_02137
pixelated/automobile/automobile_pixelated_00195.png,automobile,vehicle,land,pixelated,automobile_02137
noise/automobile/automobile_noise_00195.png,automobile,vehicle,land,noise,automobile_02137
clean/frog/frog_clean_00215.png,frog,animal,land,clean,frog_02138
blur/frog/frog_blur_00215.png,frog,animal,land,blur,frog_02138
pixelated/frog/frog_pixelated_00215.png,frog,animal,land,pixelated,frog_02138
noise/frog/frog_noise_00215.png,frog,animal,land,noise,frog_02138
clean/dog/dog_clean_00208.png,dog,animal,land,clean,dog_02139
blur/dog/dog_blur_00208.png,dog,animal,land,blur,dog_02139
pixelated/dog/dog_pixelated_00208.png,dog,animal,land,pixelated,dog_02139
noise/dog/dog_noise_00208.png,dog,animal,land,noise,dog_02139
clean/cat/cat_clean_00221.png,cat,animal,land,clean,cat_02140
blur/cat/cat_blur_00221.png,cat,animal,land,blur,cat_02140
pixelated/cat/cat_pixelated_00221.png,cat,animal,land,pixelated,cat_02140
noise/cat/cat_noise_00221.png,cat,animal,land,noise,cat_02140
clean/airplane/airplane_clean_00213.png,airplane,vehicle,air,clean,airplane_02141
blur/airplane/airplane_blur_00213.png,airplane,vehicle,air,blur,airplane_02141
pixelated/airplane/airplane_pixelated_00213.png,airplane,vehicle,air,pixelated,airplane_02141
noise/airplane/airplane_noise_00213.png,airplane,vehicle,air,noise,airplane_02141
clean/dog/dog_clean_00209.png,dog,animal,land,clean,dog_02142
blur/dog/dog_blur_00209.png,dog,animal,land,blur,dog_02142
pixelated/dog/dog_pixelated_00209.png,dog,animal,land,pixelated,dog_02142
noise/dog/dog_noise_00209.png,dog,animal,land,noise,dog_02142
clean/cat/cat_clean_00222.png,cat,animal,land,clean,cat_02143
blur/cat/cat_blur_00222.png,cat,animal,land,blur,cat_02143
pixelated/cat/cat_pixelated_00222.png,cat,animal,land,pixelated,cat_02143
noise/cat/cat_noise_00222.png,cat,animal,land,noise,cat_02143
clean/airplane/airplane_clean_00214.png,airplane,vehicle,air,clean,airplane_02144
blur/airplane/airplane_blur_00214.png,airplane,vehicle,air,blur,airplane_02144
pixelated/airplane/airplane_pixelated_00214.png,airplane,vehicle,air,pixelated,airplane_02144
noise/airplane/airplane_noise_00214.png,airplane,vehicle,air,noise,airplane_02144
clean/airplane/airplane_clean_00215.png,airplane,vehicle,air,clean,airplane_02145
blur/airplane/airplane_blur_00215.png,airplane,vehicle,air,blur,airplane_02145
pixelated/airplane/airplane_pixelated_00215.png,airplane,vehicle,air,pixelated,airplane_02145
noise/airplane/airplane_noise_00215.png,airplane,vehicle,air,noise,airplane_02145
clean/cat/cat_clean_00223.png,cat,animal,land,clean,cat_02146
blur/cat/cat_blur_00223.png,cat,animal,land,blur,cat_02146
pixelated/cat/cat_pixelated_00223.png,cat,animal,land,pixelated,cat_02146
noise/cat/cat_noise_00223.png,cat,animal,land,noise,cat_02146
clean/airplane/airplane_clean_00216.png,airplane,vehicle,air,clean,airplane_02147
blur/airplane/airplane_blur_00216.png,airplane,vehicle,air,blur,airplane_02147
pixelated/airplane/airplane_pixelated_00216.png,airplane,vehicle,air,pixelated,airplane_02147
noise/airplane/airplane_noise_00216.png,airplane,vehicle,air,noise,airplane_02147
clean/automobile/automobile_clean_00196.png,automobile,vehicle,land,clean,automobile_02148
blur/automobile/automobile_blur_00196.png,automobile,vehicle,land,blur,automobile_02148
pixelated/automobile/automobile_pixelated_00196.png,automobile,vehicle,land,pixelated,automobile_02148
noise/automobile/automobile_noise_00196.png,automobile,vehicle,land,noise,automobile_02148
clean/bird/bird_clean_00221.png,bird,animal,air,clean,bird_02149
blur/bird/bird_blur_00221.png,bird,animal,air,blur,bird_02149
pixelated/bird/bird_pixelated_00221.png,bird,animal,air,pixelated,bird_02149
noise/bird/bird_noise_00221.png,bird,animal,air,noise,bird_02149
clean/truck/truck_clean_00225.png,truck,vehicle,land,clean,truck_02150
blur/truck/truck_blur_00225.png,truck,vehicle,land,blur,truck_02150
pixelated/truck/truck_pixelated_00225.png,truck,vehicle,land,pixelated,truck_02150
noise/truck/truck_noise_00225.png,truck,vehicle,land,noise,truck_02150
clean/horse/horse_clean_00223.png,horse,animal,land,clean,horse_02151
blur/horse/horse_blur_00223.png,horse,animal,land,blur,horse_02151
pixelated/horse/horse_pixelated_00223.png,horse,animal,land,pixelated,horse_02151
noise/horse/horse_noise_00223.png,horse,animal,land,noise,horse_02151
clean/ship/ship_clean_00216.png,ship,vehicle,water,clean,ship_02152
blur/ship/ship_blur_00216.png,ship,vehicle,water,blur,ship_02152
pixelated/ship/ship_pixelated_00216.png,ship,vehicle,water,pixelated,ship_02152
noise/ship/ship_noise_00216.png,ship,vehicle,water,noise,ship_02152
clean/automobile/automobile_clean_00197.png,automobile,vehicle,land,clean,automobile_02153
blur/automobile/automobile_blur_00197.png,automobile,vehicle,land,blur,automobile_02153
pixelated/automobile/automobile_pixelated_00197.png,automobile,vehicle,land,pixelated,automobile_02153
noise/automobile/automobile_noise_00197.png,automobile,vehicle,land,noise,automobile_02153
clean/bird/bird_clean_00222.png,bird,animal,air,clean,bird_02154
blur/bird/bird_blur_00222.png,bird,animal,air,blur,bird_02154
pixelated/bird/bird_pixelated_00222.png,bird,animal,air,pixelated,bird_02154
noise/bird/bird_noise_00222.png,bird,animal,air,noise,bird_02154
clean/automobile/automobile_clean_00198.png,automobile,vehicle,land,clean,automobile_02155
blur/automobile/automobile_blur_00198.png,automobile,vehicle,land,blur,automobile_02155
pixelated/automobile/automobile_pixelated_00198.png,automobile,vehicle,land,pixelated,automobile_02155
noise/automobile/automobile_noise_00198.png,automobile,vehicle,land,noise,automobile_02155
clean/airplane/airplane_clean_00217.png,airplane,vehicle,air,clean,airplane_02156
blur/airplane/airplane_blur_00217.png,airplane,vehicle,air,blur,airplane_02156
pixelated/airplane/airplane_pixelated_00217.png,airplane,vehicle,air,pixelated,airplane_02156
noise/airplane/airplane_noise_00217.png,airplane,vehicle,air,noise,airplane_02156
clean/truck/truck_clean_00226.png,truck,vehicle,land,clean,truck_02157
blur/truck/truck_blur_00226.png,truck,vehicle,land,blur,truck_02157
pixelated/truck/truck_pixelated_00226.png,truck,vehicle,land,pixelated,truck_02157
noise/truck/truck_noise_00226.png,truck,vehicle,land,noise,truck_02157
clean/dog/dog_clean_00210.png,dog,animal,land,clean,dog_02158
blur/dog/dog_blur_00210.png,dog,animal,land,blur,dog_02158
pixelated/dog/dog_pixelated_00210.png,dog,animal,land,pixelated,dog_02158
noise/dog/dog_noise_00210.png,dog,animal,land,noise,dog_02158
clean/automobile/automobile_clean_00199.png,automobile,vehicle,land,clean,automobile_02159
blur/automobile/automobile_blur_00199.png,automobile,vehicle,land,blur,automobile_02159
pixelated/automobile/automobile_pixelated_00199.png,automobile,vehicle,land,pixelated,automobile_02159
noise/automobile/automobile_noise_00199.png,automobile,vehicle,land,noise,automobile_02159
clean/ship/ship_clean_00217.png,ship,vehicle,water,clean,ship_02160
blur/ship/ship_blur_00217.png,ship,vehicle,water,blur,ship_02160
pixelated/ship/ship_pixelated_00217.png,ship,vehicle,water,pixelated,ship_02160
noise/ship/ship_noise_00217.png,ship,vehicle,water,noise,ship_02160
clean/airplane/airplane_clean_00218.png,airplane,vehicle,air,clean,airplane_02161
blur/airplane/airplane_blur_00218.png,airplane,vehicle,air,blur,airplane_02161
pixelated/airplane/airplane_pixelated_00218.png,airplane,vehicle,air,pixelated,airplane_02161
noise/airplane/airplane_noise_00218.png,airplane,vehicle,air,noise,airplane_02161
clean/bird/bird_clean_00223.png,bird,animal,air,clean,bird_02162
blur/bird/bird_blur_00223.png,bird,animal,air,blur,bird_02162
pixelated/bird/bird_pixelated_00223.png,bird,animal,air,pixelated,bird_02162
noise/bird/bird_noise_00223.png,bird,animal,air,noise,bird_02162
clean/horse/horse_clean_00224.png,horse,animal,land,clean,horse_02163
blur/horse/horse_blur_00224.png,horse,animal,land,blur,horse_02163
pixelated/horse/horse_pixelated_00224.png,horse,animal,land,pixelated,horse_02163
noise/horse/horse_noise_00224.png,horse,animal,land,noise,horse_02163
clean/bird/bird_clean_00224.png,bird,animal,air,clean,bird_02164
blur/bird/bird_blur_00224.png,bird,animal,air,blur,bird_02164
pixelated/bird/bird_pixelated_00224.png,bird,animal,air,pixelated,bird_02164
noise/bird/bird_noise_00224.png,bird,animal,air,noise,bird_02164
clean/ship/ship_clean_00218.png,ship,vehicle,water,clean,ship_02165
blur/ship/ship_blur_00218.png,ship,vehicle,water,blur,ship_02165
pixelated/ship/ship_pixelated_00218.png,ship,vehicle,water,pixelated,ship_02165
noise/ship/ship_noise_00218.png,ship,vehicle,water,noise,ship_02165
clean/horse/horse_clean_00225.png,horse,animal,land,clean,horse_02166
blur/horse/horse_blur_00225.png,horse,animal,land,blur,horse_02166
pixelated/horse/horse_pixelated_00225.png,horse,animal,land,pixelated,horse_02166
noise/horse/horse_noise_00225.png,horse,animal,land,noise,horse_02166
clean/ship/ship_clean_00219.png,ship,vehicle,water,clean,ship_02167
blur/ship/ship_blur_00219.png,ship,vehicle,water,blur,ship_02167
pixelated/ship/ship_pixelated_00219.png,ship,vehicle,water,pixelated,ship_02167
noise/ship/ship_noise_00219.png,ship,vehicle,water,noise,ship_02167
clean/automobile/automobile_clean_00200.png,automobile,vehicle,land,clean,automobile_02168
blur/automobile/automobile_blur_00200.png,automobile,vehicle,land,blur,automobile_02168
pixelated/automobile/automobile_pixelated_00200.png,automobile,vehicle,land,pixelated,automobile_02168
noise/automobile/automobile_noise_00200.png,automobile,vehicle,land,noise,automobile_02168
clean/bird/bird_clean_00225.png,bird,animal,air,clean,bird_02169
blur/bird/bird_blur_00225.png,bird,animal,air,blur,bird_02169
pixelated/bird/bird_pixelated_00225.png,bird,animal,air,pixelated,bird_02169
noise/bird/bird_noise_00225.png,bird,animal,air,noise,bird_02169
clean/truck/truck_clean_00227.png,truck,vehicle,land,clean,truck_02170
blur/truck/truck_blur_00227.png,truck,vehicle,land,blur,truck_02170
pixelated/truck/truck_pixelated_00227.png,truck,vehicle,land,pixelated,truck_02170
noise/truck/truck_noise_00227.png,truck,vehicle,land,noise,truck_02170
clean/ship/ship_clean_00220.png,ship,vehicle,water,clean,ship_02171
blur/ship/ship_blur_00220.png,ship,vehicle,water,blur,ship_02171
pixelated/ship/ship_pixelated_00220.png,ship,vehicle,water,pixelated,ship_02171
noise/ship/ship_noise_00220.png,ship,vehicle,water,noise,ship_02171
clean/frog/frog_clean_00216.png,frog,animal,land,clean,frog_02172
blur/frog/frog_blur_00216.png,frog,animal,land,blur,frog_02172
pixelated/frog/frog_pixelated_00216.png,frog,animal,land,pixelated,frog_02172
noise/frog/frog_noise_00216.png,frog,animal,land,noise,frog_02172
clean/airplane/airplane_clean_00219.png,airplane,vehicle,air,clean,airplane_02173
blur/airplane/airplane_blur_00219.png,airplane,vehicle,air,blur,airplane_02173
pixelated/airplane/airplane_pixelated_00219.png,airplane,vehicle,air,pixelated,airplane_02173
noise/airplane/airplane_noise_00219.png,airplane,vehicle,air,noise,airplane_02173
clean/frog/frog_clean_00217.png,frog,animal,land,clean,frog_02174
blur/frog/frog_blur_00217.png,frog,animal,land,blur,frog_02174
pixelated/frog/frog_pixelated_00217.png,frog,animal,land,pixelated,frog_02174
noise/frog/frog_noise_00217.png,frog,animal,land,noise,frog_02174
clean/dog/dog_clean_00211.png,dog,animal,land,clean,dog_02175
blur/dog/dog_blur_00211.png,dog,animal,land,blur,dog_02175
pixelated/dog/dog_pixelated_00211.png,dog,animal,land,pixelated,dog_02175
noise/dog/dog_noise_00211.png,dog,animal,land,noise,dog_02175
clean/truck/truck_clean_00228.png,truck,vehicle,land,clean,truck_02176
blur/truck/truck_blur_00228.png,truck,vehicle,land,blur,truck_02176
pixelated/truck/truck_pixelated_00228.png,truck,vehicle,land,pixelated,truck_02176
noise/truck/truck_noise_00228.png,truck,vehicle,land,noise,truck_02176
clean/airplane/airplane_clean_00220.png,airplane,vehicle,air,clean,airplane_02177
blur/airplane/airplane_blur_00220.png,airplane,vehicle,air,blur,airplane_02177
pixelated/airplane/airplane_pixelated_00220.png,airplane,vehicle,air,pixelated,airplane_02177
noise/airplane/airplane_noise_00220.png,airplane,vehicle,air,noise,airplane_02177
clean/cat/cat_clean_00224.png,cat,animal,land,clean,cat_02178
blur/cat/cat_blur_00224.png,cat,animal,land,blur,cat_02178
pixelated/cat/cat_pixelated_00224.png,cat,animal,land,pixelated,cat_02178
noise/cat/cat_noise_00224.png,cat,animal,land,noise,cat_02178
clean/truck/truck_clean_00229.png,truck,vehicle,land,clean,truck_02179
blur/truck/truck_blur_00229.png,truck,vehicle,land,blur,truck_02179
pixelated/truck/truck_pixelated_00229.png,truck,vehicle,land,pixelated,truck_02179
noise/truck/truck_noise_00229.png,truck,vehicle,land,noise,truck_02179
clean/frog/frog_clean_00218.png,frog,animal,land,clean,frog_02180
blur/frog/frog_blur_00218.png,frog,animal,land,blur,frog_02180
pixelated/frog/frog_pixelated_00218.png,frog,animal,land,pixelated,frog_02180
noise/frog/frog_noise_00218.png,frog,animal,land,noise,frog_02180
clean/ship/ship_clean_00221.png,ship,vehicle,water,clean,ship_02181
blur/ship/ship_blur_00221.png,ship,vehicle,water,blur,ship_02181
pixelated/ship/ship_pixelated_00221.png,ship,vehicle,water,pixelated,ship_02181
noise/ship/ship_noise_00221.png,ship,vehicle,water,noise,ship_02181
clean/bird/bird_clean_00226.png,bird,animal,air,clean,bird_02182
blur/bird/bird_blur_00226.png,bird,animal,air,blur,bird_02182
pixelated/bird/bird_pixelated_00226.png,bird,animal,air,pixelated,bird_02182
noise/bird/bird_noise_00226.png,bird,animal,air,noise,bird_02182
clean/bird/bird_clean_00227.png,bird,animal,air,clean,bird_02183
blur/bird/bird_blur_00227.png,bird,animal,air,blur,bird_02183
pixelated/bird/bird_pixelated_00227.png,bird,animal,air,pixelated,bird_02183
noise/bird/bird_noise_00227.png,bird,animal,air,noise,bird_02183
clean/cat/cat_clean_00225.png,cat,animal,land,clean,cat_02184
blur/cat/cat_blur_00225.png,cat,animal,land,blur,cat_02184
pixelated/cat/cat_pixelated_00225.png,cat,animal,land,pixelated,cat_02184
noise/cat/cat_noise_00225.png,cat,animal,land,noise,cat_02184
clean/horse/horse_clean_00226.png,horse,animal,land,clean,horse_02185
blur/horse/horse_blur_00226.png,horse,animal,land,blur,horse_02185
pixelated/horse/horse_pixelated_00226.png,horse,animal,land,pixelated,horse_02185
noise/horse/horse_noise_00226.png,horse,animal,land,noise,horse_02185
clean/horse/horse_clean_00227.png,horse,animal,land,clean,horse_02186
blur/horse/horse_blur_00227.png,horse,animal,land,blur,horse_02186
pixelated/horse/horse_pixelated_00227.png,horse,animal,land,pixelated,horse_02186
noise/horse/horse_noise_00227.png,horse,animal,land,noise,horse_02186
clean/horse/horse_clean_00228.png,horse,animal,land,clean,horse_02187
blur/horse/horse_blur_00228.png,horse,animal,land,blur,horse_02187
pixelated/horse/horse_pixelated_00228.png,horse,animal,land,pixelated,horse_02187
noise/horse/horse_noise_00228.png,horse,animal,land,noise,horse_02187
clean/truck/truck_clean_00230.png,truck,vehicle,land,clean,truck_02188
blur/truck/truck_blur_00230.png,truck,vehicle,land,blur,truck_02188
pixelated/truck/truck_pixelated_00230.png,truck,vehicle,land,pixelated,truck_02188
noise/truck/truck_noise_00230.png,truck,vehicle,land,noise,truck_02188
clean/airplane/airplane_clean_00221.png,airplane,vehicle,air,clean,airplane_02189
blur/airplane/airplane_blur_00221.png,airplane,vehicle,air,blur,airplane_02189
pixelated/airplane/airplane_pixelated_00221.png,airplane,vehicle,air,pixelated,airplane_02189
noise/airplane/airplane_noise_00221.png,airplane,vehicle,air,noise,airplane_02189
clean/deer/deer_clean_00209.png,deer,animal,land,clean,deer_02190
blur/deer/deer_blur_00209.png,deer,animal,land,blur,deer_02190
pixelated/deer/deer_pixelated_00209.png,deer,animal,land,pixelated,deer_02190
noise/deer/deer_noise_00209.png,deer,animal,land,noise,deer_02190
clean/deer/deer_clean_00210.png,deer,animal,land,clean,deer_02191
blur/deer/deer_blur_00210.png,deer,animal,land,blur,deer_02191
pixelated/deer/deer_pixelated_00210.png,deer,animal,land,pixelated,deer_02191
noise/deer/deer_noise_00210.png,deer,animal,land,noise,deer_02191
clean/cat/cat_clean_00226.png,cat,animal,land,clean,cat_02192
blur/cat/cat_blur_00226.png,cat,animal,land,blur,cat_02192
pixelated/cat/cat_pixelated_00226.png,cat,animal,land,pixelated,cat_02192
noise/cat/cat_noise_00226.png,cat,animal,land,noise,cat_02192
clean/automobile/automobile_clean_00201.png,automobile,vehicle,land,clean,automobile_02193
blur/automobile/automobile_blur_00201.png,automobile,vehicle,land,blur,automobile_02193
pixelated/automobile/automobile_pixelated_00201.png,automobile,vehicle,land,pixelated,automobile_02193
noise/automobile/automobile_noise_00201.png,automobile,vehicle,land,noise,automobile_02193
clean/automobile/automobile_clean_00202.png,automobile,vehicle,land,clean,automobile_02194
blur/automobile/automobile_blur_00202.png,automobile,vehicle,land,blur,automobile_02194
pixelated/automobile/automobile_pixelated_00202.png,automobile,vehicle,land,pixelated,automobile_02194
noise/automobile/automobile_noise_00202.png,automobile,vehicle,land,noise,automobile_02194
clean/cat/cat_clean_00227.png,cat,animal,land,clean,cat_02195
blur/cat/cat_blur_00227.png,cat,animal,land,blur,cat_02195
pixelated/cat/cat_pixelated_00227.png,cat,animal,land,pixelated,cat_02195
noise/cat/cat_noise_00227.png,cat,animal,land,noise,cat_02195
clean/horse/horse_clean_00229.png,horse,animal,land,clean,horse_02196
blur/horse/horse_blur_00229.png,horse,animal,land,blur,horse_02196
pixelated/horse/horse_pixelated_00229.png,horse,animal,land,pixelated,horse_02196
noise/horse/horse_noise_00229.png,horse,animal,land,noise,horse_02196
clean/dog/dog_clean_00212.png,dog,animal,land,clean,dog_02197
blur/dog/dog_blur_00212.png,dog,animal,land,blur,dog_02197
pixelated/dog/dog_pixelated_00212.png,dog,animal,land,pixelated,dog_02197
noise/dog/dog_noise_00212.png,dog,animal,land,noise,dog_02197
clean/bird/bird_clean_00228.png,bird,animal,air,clean,bird_02198
blur/bird/bird_blur_00228.png,bird,animal,air,blur,bird_02198
pixelated/bird/bird_pixelated_00228.png,bird,animal,air,pixelated,bird_02198
noise/bird/bird_noise_00228.png,bird,animal,air,noise,bird_02198
clean/airplane/airplane_clean_00222.png,airplane,vehicle,air,clean,airplane_02199
blur/airplane/airplane_blur_00222.png,airplane,vehicle,air,blur,airplane_02199
pixelated/airplane/airplane_pixelated_00222.png,airplane,vehicle,air,pixelated,airplane_02199
noise/airplane/airplane_noise_00222.png,airplane,vehicle,air,noise,airplane_02199
clean/dog/dog_clean_00213.png,dog,animal,land,clean,dog_02200
blur/dog/dog_blur_00213.png,dog,animal,land,blur,dog_02200
pixelated/dog/dog_pixelated_00213.png,dog,animal,land,pixelated,dog_02200
noise/dog/dog_noise_00213.png,dog,animal,land,noise,dog_02200
clean/truck/truck_clean_00231.png,truck,vehicle,land,clean,truck_02201
blur/truck/truck_blur_00231.png,truck,vehicle,land,blur,truck_02201
pixelated/truck/truck_pixelated_00231.png,truck,vehicle,land,pixelated,truck_02201
noise/truck/truck_noise_00231.png,truck,vehicle,land,noise,truck_02201
clean/deer/deer_clean_00211.png,deer,animal,land,clean,deer_02202
blur/deer/deer_blur_00211.png,deer,animal,land,blur,deer_02202
pixelated/deer/deer_pixelated_00211.png,deer,animal,land,pixelated,deer_02202
noise/deer/deer_noise_00211.png,deer,animal,land,noise,deer_02202
clean/truck/truck_clean_00232.png,truck,vehicle,land,clean,truck_02203
blur/truck/truck_blur_00232.png,truck,vehicle,land,blur,truck_02203
pixelated/truck/truck_pixelated_00232.png,truck,vehicle,land,pixelated,truck_02203
noise/truck/truck_noise_00232.png,truck,vehicle,land,noise,truck_02203
clean/cat/cat_clean_00228.png,cat,animal,land,clean,cat_02204
blur/cat/cat_blur_00228.png,cat,animal,land,blur,cat_02204
pixelated/cat/cat_pixelated_00228.png,cat,animal,land,pixelated,cat_02204
noise/cat/cat_noise_00228.png,cat,animal,land,noise,cat_02204
clean/frog/frog_clean_00219.png,frog,animal,land,clean,frog_02205
blur/frog/frog_blur_00219.png,frog,animal,land,blur,frog_02205
pixelated/frog/frog_pixelated_00219.png,frog,animal,land,pixelated,frog_02205
noise/frog/frog_noise_00219.png,frog,animal,land,noise,frog_02205
clean/ship/ship_clean_00222.png,ship,vehicle,water,clean,ship_02206
blur/ship/ship_blur_00222.png,ship,vehicle,water,blur,ship_02206
pixelated/ship/ship_pixelated_00222.png,ship,vehicle,water,pixelated,ship_02206
noise/ship/ship_noise_00222.png,ship,vehicle,water,noise,ship_02206
clean/bird/bird_clean_00229.png,bird,animal,air,clean,bird_02207
blur/bird/bird_blur_00229.png,bird,animal,air,blur,bird_02207
pixelated/bird/bird_pixelated_00229.png,bird,animal,air,pixelated,bird_02207
noise/bird/bird_noise_00229.png,bird,animal,air,noise,bird_02207
clean/ship/ship_clean_00223.png,ship,vehicle,water,clean,ship_02208
blur/ship/ship_blur_00223.png,ship,vehicle,water,blur,ship_02208
pixelated/ship/ship_pixelated_00223.png,ship,vehicle,water,pixelated,ship_02208
noise/ship/ship_noise_00223.png,ship,vehicle,water,noise,ship_02208
clean/dog/dog_clean_00214.png,dog,animal,land,clean,dog_02209
blur/dog/dog_blur_00214.png,dog,animal,land,blur,dog_02209
pixelated/dog/dog_pixelated_00214.png,dog,animal,land,pixelated,dog_02209
noise/dog/dog_noise_00214.png,dog,animal,land,noise,dog_02209
clean/cat/cat_clean_00229.png,cat,animal,land,clean,cat_02210
blur/cat/cat_blur_00229.png,cat,animal,land,blur,cat_02210
pixelated/cat/cat_pixelated_00229.png,cat,animal,land,pixelated,cat_02210
noise/cat/cat_noise_00229.png,cat,animal,land,noise,cat_02210
clean/dog/dog_clean_00215.png,dog,animal,land,clean,dog_02211
blur/dog/dog_blur_00215.png,dog,animal,land,blur,dog_02211
pixelated/dog/dog_pixelated_00215.png,dog,animal,land,pixelated,dog_02211
noise/dog/dog_noise_00215.png,dog,animal,land,noise,dog_02211
clean/cat/cat_clean_00230.png,cat,animal,land,clean,cat_02212
blur/cat/cat_blur_00230.png,cat,animal,land,blur,cat_02212
pixelated/cat/cat_pixelated_00230.png,cat,animal,land,pixelated,cat_02212
noise/cat/cat_noise_00230.png,cat,animal,land,noise,cat_02212
clean/truck/truck_clean_00233.png,truck,vehicle,land,clean,truck_02213
blur/truck/truck_blur_00233.png,truck,vehicle,land,blur,truck_02213
pixelated/truck/truck_pixelated_00233.png,truck,vehicle,land,pixelated,truck_02213
noise/truck/truck_noise_00233.png,truck,vehicle,land,noise,truck_02213
clean/bird/bird_clean_00230.png,bird,animal,air,clean,bird_02214
blur/bird/bird_blur_00230.png,bird,animal,air,blur,bird_02214
pixelated/bird/bird_pixelated_00230.png,bird,animal,air,pixelated,bird_02214
noise/bird/bird_noise_00230.png,bird,animal,air,noise,bird_02214
clean/frog/frog_clean_00220.png,frog,animal,land,clean,frog_02215
blur/frog/frog_blur_00220.png,frog,animal,land,blur,frog_02215
pixelated/frog/frog_pixelated_00220.png,frog,animal,land,pixelated,frog_02215
noise/frog/frog_noise_00220.png,frog,animal,land,noise,frog_02215
clean/deer/deer_clean_00212.png,deer,animal,land,clean,deer_02216
blur/deer/deer_blur_00212.png,deer,animal,land,blur,deer_02216
pixelated/deer/deer_pixelated_00212.png,deer,animal,land,pixelated,deer_02216
noise/deer/deer_noise_00212.png,deer,animal,land,noise,deer_02216
clean/automobile/automobile_clean_00203.png,automobile,vehicle,land,clean,automobile_02217
blur/automobile/automobile_blur_00203.png,automobile,vehicle,land,blur,automobile_02217
pixelated/automobile/automobile_pixelated_00203.png,automobile,vehicle,land,pixelated,automobile_02217
noise/automobile/automobile_noise_00203.png,automobile,vehicle,land,noise,automobile_02217
clean/airplane/airplane_clean_00223.png,airplane,vehicle,air,clean,airplane_02218
blur/airplane/airplane_blur_00223.png,airplane,vehicle,air,blur,airplane_02218
pixelated/airplane/airplane_pixelated_00223.png,airplane,vehicle,air,pixelated,airplane_02218
noise/airplane/airplane_noise_00223.png,airplane,vehicle,air,noise,airplane_02218
clean/dog/dog_clean_00216.png,dog,animal,land,clean,dog_02219
blur/dog/dog_blur_00216.png,dog,animal,land,blur,dog_02219
pixelated/dog/dog_pixelated_00216.png,dog,animal,land,pixelated,dog_02219
noise/dog/dog_noise_00216.png,dog,animal,land,noise,dog_02219
clean/bird/bird_clean_00231.png,bird,animal,air,clean,bird_02220
blur/bird/bird_blur_00231.png,bird,animal,air,blur,bird_02220
pixelated/bird/bird_pixelated_00231.png,bird,animal,air,pixelated,bird_02220
noise/bird/bird_noise_00231.png,bird,animal,air,noise,bird_02220
clean/automobile/automobile_clean_00204.png,automobile,vehicle,land,clean,automobile_02221
blur/automobile/automobile_blur_00204.png,automobile,vehicle,land,blur,automobile_02221
pixelated/automobile/automobile_pixelated_00204.png,automobile,vehicle,land,pixelated,automobile_02221
noise/automobile/automobile_noise_00204.png,automobile,vehicle,land,noise,automobile_02221
clean/airplane/airplane_clean_00224.png,airplane,vehicle,air,clean,airplane_02222
blur/airplane/airplane_blur_00224.png,airplane,vehicle,air,blur,airplane_02222
pixelated/airplane/airplane_pixelated_00224.png,airplane,vehicle,air,pixelated,airplane_02222
noise/airplane/airplane_noise_00224.png,airplane,vehicle,air,noise,airplane_02222
clean/frog/frog_clean_00221.png,frog,animal,land,clean,frog_02223
blur/frog/frog_blur_00221.png,frog,animal,land,blur,frog_02223
pixelated/frog/frog_pixelated_00221.png,frog,animal,land,pixelated,frog_02223
noise/frog/frog_noise_00221.png,frog,animal,land,noise,frog_02223
clean/frog/frog_clean_00222.png,frog,animal,land,clean,frog_02224
blur/frog/frog_blur_00222.png,frog,animal,land,blur,frog_02224
pixelated/frog/frog_pixelated_00222.png,frog,animal,land,pixelated,frog_02224
noise/frog/frog_noise_00222.png,frog,animal,land,noise,frog_02224
clean/dog/dog_clean_00217.png,dog,animal,land,clean,dog_02225
blur/dog/dog_blur_00217.png,dog,animal,land,blur,dog_02225
pixelated/dog/dog_pixelated_00217.png,dog,animal,land,pixelated,dog_02225
noise/dog/dog_noise_00217.png,dog,animal,land,noise,dog_02225
clean/deer/deer_clean_00213.png,deer,animal,land,clean,deer_02226
blur/deer/deer_blur_00213.png,deer,animal,land,blur,deer_02226
pixelated/deer/deer_pixelated_00213.png,deer,animal,land,pixelated,deer_02226
noise/deer/deer_noise_00213.png,deer,animal,land,noise,deer_02226
clean/airplane/airplane_clean_00225.png,airplane,vehicle,air,clean,airplane_02227
blur/airplane/airplane_blur_00225.png,airplane,vehicle,air,blur,airplane_02227
pixelated/airplane/airplane_pixelated_00225.png,airplane,vehicle,air,pixelated,airplane_02227
noise/airplane/airplane_noise_00225.png,airplane,vehicle,air,noise,airplane_02227
clean/cat/cat_clean_00231.png,cat,animal,land,clean,cat_02228
blur/cat/cat_blur_00231.png,cat,animal,land,blur,cat_02228
pixelated/cat/cat_pixelated_00231.png,cat,animal,land,pixelated,cat_02228
noise/cat/cat_noise_00231.png,cat,animal,land,noise,cat_02228
clean/bird/bird_clean_00232.png,bird,animal,air,clean,bird_02229
blur/bird/bird_blur_00232.png,bird,animal,air,blur,bird_02229
pixelated/bird/bird_pixelated_00232.png,bird,animal,air,pixelated,bird_02229
noise/bird/bird_noise_00232.png,bird,animal,air,noise,bird_02229
clean/cat/cat_clean_00232.png,cat,animal,land,clean,cat_02230
blur/cat/cat_blur_00232.png,cat,animal,land,blur,cat_02230
pixelated/cat/cat_pixelated_00232.png,cat,animal,land,pixelated,cat_02230
noise/cat/cat_noise_00232.png,cat,animal,land,noise,cat_02230
clean/airplane/airplane_clean_00226.png,airplane,vehicle,air,clean,airplane_02231
blur/airplane/airplane_blur_00226.png,airplane,vehicle,air,blur,airplane_02231
pixelated/airplane/airplane_pixelated_00226.png,airplane,vehicle,air,pixelated,airplane_02231
noise/airplane/airplane_noise_00226.png,airplane,vehicle,air,noise,airplane_02231
clean/horse/horse_clean_00230.png,horse,animal,land,clean,horse_02232
blur/horse/horse_blur_00230.png,horse,animal,land,blur,horse_02232
pixelated/horse/horse_pixelated_00230.png,horse,animal,land,pixelated,horse_02232
noise/horse/horse_noise_00230.png,horse,animal,land,noise,horse_02232
clean/automobile/automobile_clean_00205.png,automobile,vehicle,land,clean,automobile_02233
blur/automobile/automobile_blur_00205.png,automobile,vehicle,land,blur,automobile_02233
pixelated/automobile/automobile_pixelated_00205.png,automobile,vehicle,land,pixelated,automobile_02233
noise/automobile/automobile_noise_00205.png,automobile,vehicle,land,noise,automobile_02233
clean/cat/cat_clean_00233.png,cat,animal,land,clean,cat_02234
blur/cat/cat_blur_00233.png,cat,animal,land,blur,cat_02234
pixelated/cat/cat_pixelated_00233.png,cat,animal,land,pixelated,cat_02234
noise/cat/cat_noise_00233.png,cat,animal,land,noise,cat_02234
clean/ship/ship_clean_00224.png,ship,vehicle,water,clean,ship_02235
blur/ship/ship_blur_00224.png,ship,vehicle,water,blur,ship_02235
pixelated/ship/ship_pixelated_00224.png,ship,vehicle,water,pixelated,ship_02235
noise/ship/ship_noise_00224.png,ship,vehicle,water,noise,ship_02235
clean/dog/dog_clean_00218.png,dog,animal,land,clean,dog_02236
blur/dog/dog_blur_00218.png,dog,animal,land,blur,dog_02236
pixelated/dog/dog_pixelated_00218.png,dog,animal,land,pixelated,dog_02236
noise/dog/dog_noise_00218.png,dog,animal,land,noise,dog_02236
clean/ship/ship_clean_00225.png,ship,vehicle,water,clean,ship_02237
blur/ship/ship_blur_00225.png,ship,vehicle,water,blur,ship_02237
pixelated/ship/ship_pixelated_00225.png,ship,vehicle,water,pixelated,ship_02237
noise/ship/ship_noise_00225.png,ship,vehicle,water,noise,ship_02237
clean/airplane/airplane_clean_00227.png,airplane,vehicle,air,clean,airplane_02238
blur/airplane/airplane_blur_00227.png,airplane,vehicle,air,blur,airplane_02238
pixelated/airplane/airplane_pixelated_00227.png,airplane,vehicle,air,pixelated,airplane_02238
noise/airplane/airplane_noise_00227.png,airplane,vehicle,air,noise,airplane_02238
clean/dog/dog_clean_00219.png,dog,animal,land,clean,dog_02239
blur/dog/dog_blur_00219.png,dog,animal,land,blur,dog_02239
pixelated/dog/dog_pixelated_00219.png,dog,animal,land,pixelated,dog_02239
noise/dog/dog_noise_00219.png,dog,animal,land,noise,dog_02239
clean/truck/truck_clean_00234.png,truck,vehicle,land,clean,truck_02240
blur/truck/truck_blur_00234.png,truck,vehicle,land,blur,truck_02240
pixelated/truck/truck_pixelated_00234.png,truck,vehicle,land,pixelated,truck_02240
noise/truck/truck_noise_00234.png,truck,vehicle,land,noise,truck_02240
clean/automobile/automobile_clean_00206.png,automobile,vehicle,land,clean,automobile_02241
blur/automobile/automobile_blur_00206.png,automobile,vehicle,land,blur,automobile_02241
pixelated/automobile/automobile_pixelated_00206.png,automobile,vehicle,land,pixelated,automobile_02241
noise/automobile/automobile_noise_00206.png,automobile,vehicle,land,noise,automobile_02241
clean/deer/deer_clean_00214.png,deer,animal,land,clean,deer_02242
blur/deer/deer_blur_00214.png,deer,animal,land,blur,deer_02242
pixelated/deer/deer_pixelated_00214.png,deer,animal,land,pixelated,deer_02242
noise/deer/deer_noise_00214.png,deer,animal,land,noise,deer_02242
clean/dog/dog_clean_00220.png,dog,animal,land,clean,dog_02243
blur/dog/dog_blur_00220.png,dog,animal,land,blur,dog_02243
pixelated/dog/dog_pixelated_00220.png,dog,animal,land,pixelated,dog_02243
noise/dog/dog_noise_00220.png,dog,animal,land,noise,dog_02243
clean/automobile/automobile_clean_00207.png,automobile,vehicle,land,clean,automobile_02244
blur/automobile/automobile_blur_00207.png,automobile,vehicle,land,blur,automobile_02244
pixelated/automobile/automobile_pixelated_00207.png,automobile,vehicle,land,pixelated,automobile_02244
noise/automobile/automobile_noise_00207.png,automobile,vehicle,land,noise,automobile_02244
clean/truck/truck_clean_00235.png,truck,vehicle,land,clean,truck_02245
blur/truck/truck_blur_00235.png,truck,vehicle,land,blur,truck_02245
pixelated/truck/truck_pixelated_00235.png,truck,vehicle,land,pixelated,truck_02245
noise/truck/truck_noise_00235.png,truck,vehicle,land,noise,truck_02245
clean/ship/ship_clean_00226.png,ship,vehicle,water,clean,ship_02246
blur/ship/ship_blur_00226.png,ship,vehicle,water,blur,ship_02246
pixelated/ship/ship_pixelated_00226.png,ship,vehicle,water,pixelated,ship_02246
noise/ship/ship_noise_00226.png,ship,vehicle,water,noise,ship_02246
clean/airplane/airplane_clean_00228.png,airplane,vehicle,air,clean,airplane_02247
blur/airplane/airplane_blur_00228.png,airplane,vehicle,air,blur,airplane_02247
pixelated/airplane/airplane_pixelated_00228.png,airplane,vehicle,air,pixelated,airplane_02247
noise/airplane/airplane_noise_00228.png,airplane,vehicle,air,noise,airplane_02247
clean/truck/truck_clean_00236.png,truck,vehicle,land,clean,truck_02248
blur/truck/truck_blur_00236.png,truck,vehicle,land,blur,truck_02248
pixelated/truck/truck_pixelated_00236.png,truck,vehicle,land,pixelated,truck_02248
noise/truck/truck_noise_00236.png,truck,vehicle,land,noise,truck_02248
clean/airplane/airplane_clean_00229.png,airplane,vehicle,air,clean,airplane_02249
blur/airplane/airplane_blur_00229.png,airplane,vehicle,air,blur,airplane_02249
pixelated/airplane/airplane_pixelated_00229.png,airplane,vehicle,air,pixelated,airplane_02249
noise/airplane/airplane_noise_00229.png,airplane,vehicle,air,noise,airplane_02249
clean/dog/dog_clean_00221.png,dog,animal,land,clean,dog_02250
blur/dog/dog_blur_00221.png,dog,animal,land,blur,dog_02250
pixelated/dog/dog_pixelated_00221.png,dog,animal,land,pixelated,dog_02250
noise/dog/dog_noise_00221.png,dog,animal,land,noise,dog_02250
clean/airplane/airplane_clean_00230.png,airplane,vehicle,air,clean,airplane_02251
blur/airplane/airplane_blur_00230.png,airplane,vehicle,air,blur,airplane_02251
pixelated/airplane/airplane_pixelated_00230.png,airplane,vehicle,air,pixelated,airplane_02251
noise/airplane/airplane_noise_00230.png,airplane,vehicle,air,noise,airplane_02251
clean/automobile/automobile_clean_00208.png,automobile,vehicle,land,clean,automobile_02252
blur/automobile/automobile_blur_00208.png,automobile,vehicle,land,blur,automobile_02252
pixelated/automobile/automobile_pixelated_00208.png,automobile,vehicle,land,pixelated,automobile_02252
noise/automobile/automobile_noise_00208.png,automobile,vehicle,land,noise,automobile_02252
clean/dog/dog_clean_00222.png,dog,animal,land,clean,dog_02253
blur/dog/dog_blur_00222.png,dog,animal,land,blur,dog_02253
pixelated/dog/dog_pixelated_00222.png,dog,animal,land,pixelated,dog_02253
noise/dog/dog_noise_00222.png,dog,animal,land,noise,dog_02253
clean/frog/frog_clean_00223.png,frog,animal,land,clean,frog_02254
blur/frog/frog_blur_00223.png,frog,animal,land,blur,frog_02254
pixelated/frog/frog_pixelated_00223.png,frog,animal,land,pixelated,frog_02254
noise/frog/frog_noise_00223.png,frog,animal,land,noise,frog_02254
clean/automobile/automobile_clean_00209.png,automobile,vehicle,land,clean,automobile_02255
blur/automobile/automobile_blur_00209.png,automobile,vehicle,land,blur,automobile_02255
pixelated/automobile/automobile_pixelated_00209.png,automobile,vehicle,land,pixelated,automobile_02255
noise/automobile/automobile_noise_00209.png,automobile,vehicle,land,noise,automobile_02255
clean/frog/frog_clean_00224.png,frog,animal,land,clean,frog_02256
blur/frog/frog_blur_00224.png,frog,animal,land,blur,frog_02256
pixelated/frog/frog_pixelated_00224.png,frog,animal,land,pixelated,frog_02256
noise/frog/frog_noise_00224.png,frog,animal,land,noise,frog_02256
clean/dog/dog_clean_00223.png,dog,animal,land,clean,dog_02257
blur/dog/dog_blur_00223.png,dog,animal,land,blur,dog_02257
pixelated/dog/dog_pixelated_00223.png,dog,animal,land,pixelated,dog_02257
noise/dog/dog_noise_00223.png,dog,animal,land,noise,dog_02257
clean/airplane/airplane_clean_00231.png,airplane,vehicle,air,clean,airplane_02258
blur/airplane/airplane_blur_00231.png,airplane,vehicle,air,blur,airplane_02258
pixelated/airplane/airplane_pixelated_00231.png,airplane,vehicle,air,pixelated,airplane_02258
noise/airplane/airplane_noise_00231.png,airplane,vehicle,air,noise,airplane_02258
clean/bird/bird_clean_00233.png,bird,animal,air,clean,bird_02259
blur/bird/bird_blur_00233.png,bird,animal,air,blur,bird_02259
pixelated/bird/bird_pixelated_00233.png,bird,animal,air,pixelated,bird_02259
noise/bird/bird_noise_00233.png,bird,animal,air,noise,bird_02259
clean/dog/dog_clean_00224.png,dog,animal,land,clean,dog_02260
blur/dog/dog_blur_00224.png,dog,animal,land,blur,dog_02260
pixelated/dog/dog_pixelated_00224.png,dog,animal,land,pixelated,dog_02260
noise/dog/dog_noise_00224.png,dog,animal,land,noise,dog_02260
clean/bird/bird_clean_00234.png,bird,animal,air,clean,bird_02261
blur/bird/bird_blur_00234.png,bird,animal,air,blur,bird_02261
pixelated/bird/bird_pixelated_00234.png,bird,animal,air,pixelated,bird_02261
noise/bird/bird_noise_00234.png,bird,animal,air,noise,bird_02261
clean/automobile/automobile_clean_00210.png,automobile,vehicle,land,clean,automobile_02262
blur/automobile/automobile_blur_00210.png,automobile,vehicle,land,blur,automobile_02262
pixelated/automobile/automobile_pixelated_00210.png,automobile,vehicle,land,pixelated,automobile_02262
noise/automobile/automobile_noise_00210.png,automobile,vehicle,land,noise,automobile_02262
clean/ship/ship_clean_00227.png,ship,vehicle,water,clean,ship_02263
blur/ship/ship_blur_00227.png,ship,vehicle,water,blur,ship_02263
pixelated/ship/ship_pixelated_00227.png,ship,vehicle,water,pixelated,ship_02263
noise/ship/ship_noise_00227.png,ship,vehicle,water,noise,ship_02263
clean/ship/ship_clean_00228.png,ship,vehicle,water,clean,ship_02264
blur/ship/ship_blur_00228.png,ship,vehicle,water,blur,ship_02264
pixelated/ship/ship_pixelated_00228.png,ship,vehicle,water,pixelated,ship_02264
noise/ship/ship_noise_00228.png,ship,vehicle,water,noise,ship_02264
clean/bird/bird_clean_00235.png,bird,animal,air,clean,bird_02265
blur/bird/bird_blur_00235.png,bird,animal,air,blur,bird_02265
pixelated/bird/bird_pixelated_00235.png,bird,animal,air,pixelated,bird_02265
noise/bird/bird_noise_00235.png,bird,animal,air,noise,bird_02265
clean/ship/ship_clean_00229.png,ship,vehicle,water,clean,ship_02266
blur/ship/ship_blur_00229.png,ship,vehicle,water,blur,ship_02266
pixelated/ship/ship_pixelated_00229.png,ship,vehicle,water,pixelated,ship_02266
noise/ship/ship_noise_00229.png,ship,vehicle,water,noise,ship_02266
clean/automobile/automobile_clean_00211.png,automobile,vehicle,land,clean,automobile_02267
blur/automobile/automobile_blur_00211.png,automobile,vehicle,land,blur,automobile_02267
pixelated/automobile/automobile_pixelated_00211.png,automobile,vehicle,land,pixelated,automobile_02267
noise/automobile/automobile_noise_00211.png,automobile,vehicle,land,noise,automobile_02267
clean/airplane/airplane_clean_00232.png,airplane,vehicle,air,clean,airplane_02268
blur/airplane/airplane_blur_00232.png,airplane,vehicle,air,blur,airplane_02268
pixelated/airplane/airplane_pixelated_00232.png,airplane,vehicle,air,pixelated,airplane_02268
noise/airplane/airplane_noise_00232.png,airplane,vehicle,air,noise,airplane_02268
clean/bird/bird_clean_00236.png,bird,animal,air,clean,bird_02269
blur/bird/bird_blur_00236.png,bird,animal,air,blur,bird_02269
pixelated/bird/bird_pixelated_00236.png,bird,animal,air,pixelated,bird_02269
noise/bird/bird_noise_00236.png,bird,animal,air,noise,bird_02269
clean/airplane/airplane_clean_00233.png,airplane,vehicle,air,clean,airplane_02270
blur/airplane/airplane_blur_00233.png,airplane,vehicle,air,blur,airplane_02270
pixelated/airplane/airplane_pixelated_00233.png,airplane,vehicle,air,pixelated,airplane_02270
noise/airplane/airplane_noise_00233.png,airplane,vehicle,air,noise,airplane_02270
clean/deer/deer_clean_00215.png,deer,animal,land,clean,deer_02271
blur/deer/deer_blur_00215.png,deer,animal,land,blur,deer_02271
pixelated/deer/deer_pixelated_00215.png,deer,animal,land,pixelated,deer_02271
noise/deer/deer_noise_00215.png,deer,animal,land,noise,deer_02271
clean/ship/ship_clean_00230.png,ship,vehicle,water,clean,ship_02272
blur/ship/ship_blur_00230.png,ship,vehicle,water,blur,ship_02272
pixelated/ship/ship_pixelated_00230.png,ship,vehicle,water,pixelated,ship_02272
noise/ship/ship_noise_00230.png,ship,vehicle,water,noise,ship_02272
clean/ship/ship_clean_00231.png,ship,vehicle,water,clean,ship_02273
blur/ship/ship_blur_00231.png,ship,vehicle,water,blur,ship_02273
pixelated/ship/ship_pixelated_00231.png,ship,vehicle,water,pixelated,ship_02273
noise/ship/ship_noise_00231.png,ship,vehicle,water,noise,ship_02273
clean/truck/truck_clean_00237.png,truck,vehicle,land,clean,truck_02274
blur/truck/truck_blur_00237.png,truck,vehicle,land,blur,truck_02274
pixelated/truck/truck_pixelated_00237.png,truck,vehicle,land,pixelated,truck_02274
noise/truck/truck_noise_00237.png,truck,vehicle,land,noise,truck_02274
clean/bird/bird_clean_00237.png,bird,animal,air,clean,bird_02275
blur/bird/bird_blur_00237.png,bird,animal,air,blur,bird_02275
pixelated/bird/bird_pixelated_00237.png,bird,animal,air,pixelated,bird_02275
noise/bird/bird_noise_00237.png,bird,animal,air,noise,bird_02275
clean/automobile/automobile_clean_00212.png,automobile,vehicle,land,clean,automobile_02276
blur/automobile/automobile_blur_00212.png,automobile,vehicle,land,blur,automobile_02276
pixelated/automobile/automobile_pixelated_00212.png,automobile,vehicle,land,pixelated,automobile_02276
noise/automobile/automobile_noise_00212.png,automobile,vehicle,land,noise,automobile_02276
clean/deer/deer_clean_00216.png,deer,animal,land,clean,deer_02277
blur/deer/deer_blur_00216.png,deer,animal,land,blur,deer_02277
pixelated/deer/deer_pixelated_00216.png,deer,animal,land,pixelated,deer_02277
noise/deer/deer_noise_00216.png,deer,animal,land,noise,deer_02277
clean/truck/truck_clean_00238.png,truck,vehicle,land,clean,truck_02278
blur/truck/truck_blur_00238.png,truck,vehicle,land,blur,truck_02278
pixelated/truck/truck_pixelated_00238.png,truck,vehicle,land,pixelated,truck_02278
noise/truck/truck_noise_00238.png,truck,vehicle,land,noise,truck_02278
clean/automobile/automobile_clean_00213.png,automobile,vehicle,land,clean,automobile_02279
blur/automobile/automobile_blur_00213.png,automobile,vehicle,land,blur,automobile_02279
pixelated/automobile/automobile_pixelated_00213.png,automobile,vehicle,land,pixelated,automobile_02279
noise/automobile/automobile_noise_00213.png,automobile,vehicle,land,noise,automobile_02279
clean/ship/ship_clean_00232.png,ship,vehicle,water,clean,ship_02280
blur/ship/ship_blur_00232.png,ship,vehicle,water,blur,ship_02280
pixelated/ship/ship_pixelated_00232.png,ship,vehicle,water,pixelated,ship_02280
noise/ship/ship_noise_00232.png,ship,vehicle,water,noise,ship_02280
clean/airplane/airplane_clean_00234.png,airplane,vehicle,air,clean,airplane_02281
blur/airplane/airplane_blur_00234.png,airplane,vehicle,air,blur,airplane_02281
pixelated/airplane/airplane_pixelated_00234.png,airplane,vehicle,air,pixelated,airplane_02281
noise/airplane/airplane_noise_00234.png,airplane,vehicle,air,noise,airplane_02281
clean/airplane/airplane_clean_00235.png,airplane,vehicle,air,clean,airplane_02282
blur/airplane/airplane_blur_00235.png,airplane,vehicle,air,blur,airplane_02282
pixelated/airplane/airplane_pixelated_00235.png,airplane,vehicle,air,pixelated,airplane_02282
noise/airplane/airplane_noise_00235.png,airplane,vehicle,air,noise,airplane_02282
clean/frog/frog_clean_00225.png,frog,animal,land,clean,frog_02283
blur/frog/frog_blur_00225.png,frog,animal,land,blur,frog_02283
pixelated/frog/frog_pixelated_00225.png,frog,animal,land,pixelated,frog_02283
noise/frog/frog_noise_00225.png,frog,animal,land,noise,frog_02283
clean/airplane/airplane_clean_00236.png,airplane,vehicle,air,clean,airplane_02284
blur/airplane/airplane_blur_00236.png,airplane,vehicle,air,blur,airplane_02284
pixelated/airplane/airplane_pixelated_00236.png,airplane,vehicle,air,pixelated,airplane_02284
noise/airplane/airplane_noise_00236.png,airplane,vehicle,air,noise,airplane_02284
clean/automobile/automobile_clean_00214.png,automobile,vehicle,land,clean,automobile_02285
blur/automobile/automobile_blur_00214.png,automobile,vehicle,land,blur,automobile_02285
pixelated/automobile/automobile_pixelated_00214.png,automobile,vehicle,land,pixelated,automobile_02285
noise/automobile/automobile_noise_00214.png,automobile,vehicle,land,noise,automobile_02285
clean/horse/horse_clean_00231.png,horse,animal,land,clean,horse_02286
blur/horse/horse_blur_00231.png,horse,animal,land,blur,horse_02286
pixelated/horse/horse_pixelated_00231.png,horse,animal,land,pixelated,horse_02286
noise/horse/horse_noise_00231.png,horse,animal,land,noise,horse_02286
clean/truck/truck_clean_00239.png,truck,vehicle,land,clean,truck_02287
blur/truck/truck_blur_00239.png,truck,vehicle,land,blur,truck_02287
pixelated/truck/truck_pixelated_00239.png,truck,vehicle,land,pixelated,truck_02287
noise/truck/truck_noise_00239.png,truck,vehicle,land,noise,truck_02287
clean/ship/ship_clean_00233.png,ship,vehicle,water,clean,ship_02288
blur/ship/ship_blur_00233.png,ship,vehicle,water,blur,ship_02288
pixelated/ship/ship_pixelated_00233.png,ship,vehicle,water,pixelated,ship_02288
noise/ship/ship_noise_00233.png,ship,vehicle,water,noise,ship_02288
clean/automobile/automobile_clean_00215.png,automobile,vehicle,land,clean,automobile_02289
blur/automobile/automobile_blur_00215.png,automobile,vehicle,land,blur,automobile_02289
pixelated/automobile/automobile_pixelated_00215.png,automobile,vehicle,land,pixelated,automobile_02289
noise/automobile/automobile_noise_00215.png,automobile,vehicle,land,noise,automobile_02289
clean/frog/frog_clean_00226.png,frog,animal,land,clean,frog_02290
blur/frog/frog_blur_00226.png,frog,animal,land,blur,frog_02290
pixelated/frog/frog_pixelated_00226.png,frog,animal,land,pixelated,frog_02290
noise/frog/frog_noise_00226.png,frog,animal,land,noise,frog_02290
clean/cat/cat_clean_00234.png,cat,animal,land,clean,cat_02291
blur/cat/cat_blur_00234.png,cat,animal,land,blur,cat_02291
pixelated/cat/cat_pixelated_00234.png,cat,animal,land,pixelated,cat_02291
noise/cat/cat_noise_00234.png,cat,animal,land,noise,cat_02291
clean/automobile/automobile_clean_00216.png,automobile,vehicle,land,clean,automobile_02292
blur/automobile/automobile_blur_00216.png,automobile,vehicle,land,blur,automobile_02292
pixelated/automobile/automobile_pixelated_00216.png,automobile,vehicle,land,pixelated,automobile_02292
noise/automobile/automobile_noise_00216.png,automobile,vehicle,land,noise,automobile_02292
clean/truck/truck_clean_00240.png,truck,vehicle,land,clean,truck_02293
blur/truck/truck_blur_00240.png,truck,vehicle,land,blur,truck_02293
pixelated/truck/truck_pixelated_00240.png,truck,vehicle,land,pixelated,truck_02293
noise/truck/truck_noise_00240.png,truck,vehicle,land,noise,truck_02293
clean/deer/deer_clean_00217.png,deer,animal,land,clean,deer_02294
blur/deer/deer_blur_00217.png,deer,animal,land,blur,deer_02294
pixelated/deer/deer_pixelated_00217.png,deer,animal,land,pixelated,deer_02294
noise/deer/deer_noise_00217.png,deer,animal,land,noise,deer_02294
clean/automobile/automobile_clean_00217.png,automobile,vehicle,land,clean,automobile_02295
blur/automobile/automobile_blur_00217.png,automobile,vehicle,land,blur,automobile_02295
pixelated/automobile/automobile_pixelated_00217.png,automobile,vehicle,land,pixelated,automobile_02295
noise/automobile/automobile_noise_00217.png,automobile,vehicle,land,noise,automobile_02295
clean/dog/dog_clean_00225.png,dog,animal,land,clean,dog_02296
blur/dog/dog_blur_00225.png,dog,animal,land,blur,dog_02296
pixelated/dog/dog_pixelated_00225.png,dog,animal,land,pixelated,dog_02296
noise/dog/dog_noise_00225.png,dog,animal,land,noise,dog_02296
clean/automobile/automobile_clean_00218.png,automobile,vehicle,land,clean,automobile_02297
blur/automobile/automobile_blur_00218.png,automobile,vehicle,land,blur,automobile_02297
pixelated/automobile/automobile_pixelated_00218.png,automobile,vehicle,land,pixelated,automobile_02297
noise/automobile/automobile_noise_00218.png,automobile,vehicle,land,noise,automobile_02297
clean/truck/truck_clean_00241.png,truck,vehicle,land,clean,truck_02298
blur/truck/truck_blur_00241.png,truck,vehicle,land,blur,truck_02298
pixelated/truck/truck_pixelated_00241.png,truck,vehicle,land,pixelated,truck_02298
noise/truck/truck_noise_00241.png,truck,vehicle,land,noise,truck_02298
clean/deer/deer_clean_00218.png,deer,animal,land,clean,deer_02299
blur/deer/deer_blur_00218.png,deer,animal,land,blur,deer_02299
pixelated/deer/deer_pixelated_00218.png,deer,animal,land,pixelated,deer_02299
noise/deer/deer_noise_00218.png,deer,animal,land,noise,deer_02299
clean/airplane/airplane_clean_00237.png,airplane,vehicle,air,clean,airplane_02300
blur/airplane/airplane_blur_00237.png,airplane,vehicle,air,blur,airplane_02300
pixelated/airplane/airplane_pixelated_00237.png,airplane,vehicle,air,pixelated,airplane_02300
noise/airplane/airplane_noise_00237.png,airplane,vehicle,air,noise,airplane_02300
clean/horse/horse_clean_00232.png,horse,animal,land,clean,horse_02301
blur/horse/horse_blur_00232.png,horse,animal,land,blur,horse_02301
pixelated/horse/horse_pixelated_00232.png,horse,animal,land,pixelated,horse_02301
noise/horse/horse_noise_00232.png,horse,animal,land,noise,horse_02301
clean/cat/cat_clean_00235.png,cat,animal,land,clean,cat_02302
blur/cat/cat_blur_00235.png,cat,animal,land,blur,cat_02302
pixelated/cat/cat_pixelated_00235.png,cat,animal,land,pixelated,cat_02302
noise/cat/cat_noise_00235.png,cat,animal,land,noise,cat_02302
clean/frog/frog_clean_00227.png,frog,animal,land,clean,frog_02303
blur/frog/frog_blur_00227.png,frog,animal,land,blur,frog_02303
pixelated/frog/frog_pixelated_00227.png,frog,animal,land,pixelated,frog_02303
noise/frog/frog_noise_00227.png,frog,animal,land,noise,frog_02303
clean/deer/deer_clean_00219.png,deer,animal,land,clean,deer_02304
blur/deer/deer_blur_00219.png,deer,animal,land,blur,deer_02304
pixelated/deer/deer_pixelated_00219.png,deer,animal,land,pixelated,deer_02304
noise/deer/deer_noise_00219.png,deer,animal,land,noise,deer_02304
clean/cat/cat_clean_00236.png,cat,animal,land,clean,cat_02305
blur/cat/cat_blur_00236.png,cat,animal,land,blur,cat_02305
pixelated/cat/cat_pixelated_00236.png,cat,animal,land,pixelated,cat_02305
noise/cat/cat_noise_00236.png,cat,animal,land,noise,cat_02305
clean/automobile/automobile_clean_00219.png,automobile,vehicle,land,clean,automobile_02306
blur/automobile/automobile_blur_00219.png,automobile,vehicle,land,blur,automobile_02306
pixelated/automobile/automobile_pixelated_00219.png,automobile,vehicle,land,pixelated,automobile_02306
noise/automobile/automobile_noise_00219.png,automobile,vehicle,land,noise,automobile_02306
clean/deer/deer_clean_00220.png,deer,animal,land,clean,deer_02307
blur/deer/deer_blur_00220.png,deer,animal,land,blur,deer_02307
pixelated/deer/deer_pixelated_00220.png,deer,animal,land,pixelated,deer_02307
noise/deer/deer_noise_00220.png,deer,animal,land,noise,deer_02307
clean/dog/dog_clean_00226.png,dog,animal,land,clean,dog_02308
blur/dog/dog_blur_00226.png,dog,animal,land,blur,dog_02308
pixelated/dog/dog_pixelated_00226.png,dog,animal,land,pixelated,dog_02308
noise/dog/dog_noise_00226.png,dog,animal,land,noise,dog_02308
clean/bird/bird_clean_00238.png,bird,animal,air,clean,bird_02309
blur/bird/bird_blur_00238.png,bird,animal,air,blur,bird_02309
pixelated/bird/bird_pixelated_00238.png,bird,animal,air,pixelated,bird_02309
noise/bird/bird_noise_00238.png,bird,animal,air,noise,bird_02309
clean/bird/bird_clean_00239.png,bird,animal,air,clean,bird_02310
blur/bird/bird_blur_00239.png,bird,animal,air,blur,bird_02310
pixelated/bird/bird_pixelated_00239.png,bird,animal,air,pixelated,bird_02310
noise/bird/bird_noise_00239.png,bird,animal,air,noise,bird_02310
clean/frog/frog_clean_00228.png,frog,animal,land,clean,frog_02311
blur/frog/frog_blur_00228.png,frog,animal,land,blur,frog_02311
pixelated/frog/frog_pixelated_00228.png,frog,animal,land,pixelated,frog_02311
noise/frog/frog_noise_00228.png,frog,animal,land,noise,frog_02311
clean/truck/truck_clean_00242.png,truck,vehicle,land,clean,truck_02312
blur/truck/truck_blur_00242.png,truck,vehicle,land,blur,truck_02312
pixelated/truck/truck_pixelated_00242.png,truck,vehicle,land,pixelated,truck_02312
noise/truck/truck_noise_00242.png,truck,vehicle,land,noise,truck_02312
clean/dog/dog_clean_00227.png,dog,animal,land,clean,dog_02313
blur/dog/dog_blur_00227.png,dog,animal,land,blur,dog_02313
pixelated/dog/dog_pixelated_00227.png,dog,animal,land,pixelated,dog_02313
noise/dog/dog_noise_00227.png,dog,animal,land,noise,dog_02313
clean/bird/bird_clean_00240.png,bird,animal,air,clean,bird_02314
blur/bird/bird_blur_00240.png,bird,animal,air,blur,bird_02314
pixelated/bird/bird_pixelated_00240.png,bird,animal,air,pixelated,bird_02314
noise/bird/bird_noise_00240.png,bird,animal,air,noise,bird_02314
clean/frog/frog_clean_00229.png,frog,animal,land,clean,frog_02315
blur/frog/frog_blur_00229.png,frog,animal,land,blur,frog_02315
pixelated/frog/frog_pixelated_00229.png,frog,animal,land,pixelated,frog_02315
noise/frog/frog_noise_00229.png,frog,animal,land,noise,frog_02315
clean/deer/deer_clean_00221.png,deer,animal,land,clean,deer_02316
blur/deer/deer_blur_00221.png,deer,animal,land,blur,deer_02316
pixelated/deer/deer_pixelated_00221.png,deer,animal,land,pixelated,deer_02316
noise/deer/deer_noise_00221.png,deer,animal,land,noise,deer_02316
clean/ship/ship_clean_00234.png,ship,vehicle,water,clean,ship_02317
blur/ship/ship_blur_00234.png,ship,vehicle,water,blur,ship_02317
pixelated/ship/ship_pixelated_00234.png,ship,vehicle,water,pixelated,ship_02317
noise/ship/ship_noise_00234.png,ship,vehicle,water,noise,ship_02317
clean/horse/horse_clean_00233.png,horse,animal,land,clean,horse_02318
blur/horse/horse_blur_00233.png,horse,animal,land,blur,horse_02318
pixelated/horse/horse_pixelated_00233.png,horse,animal,land,pixelated,horse_02318
noise/horse/horse_noise_00233.png,horse,animal,land,noise,horse_02318
clean/automobile/automobile_clean_00220.png,automobile,vehicle,land,clean,automobile_02319
blur/automobile/automobile_blur_00220.png,automobile,vehicle,land,blur,automobile_02319
pixelated/automobile/automobile_pixelated_00220.png,automobile,vehicle,land,pixelated,automobile_02319
noise/automobile/automobile_noise_00220.png,automobile,vehicle,land,noise,automobile_02319
clean/bird/bird_clean_00241.png,bird,animal,air,clean,bird_02320
blur/bird/bird_blur_00241.png,bird,animal,air,blur,bird_02320
pixelated/bird/bird_pixelated_00241.png,bird,animal,air,pixelated,bird_02320
noise/bird/bird_noise_00241.png,bird,animal,air,noise,bird_02320
clean/cat/cat_clean_00237.png,cat,animal,land,clean,cat_02321
blur/cat/cat_blur_00237.png,cat,animal,land,blur,cat_02321
pixelated/cat/cat_pixelated_00237.png,cat,animal,land,pixelated,cat_02321
noise/cat/cat_noise_00237.png,cat,animal,land,noise,cat_02321
clean/frog/frog_clean_00230.png,frog,animal,land,clean,frog_02322
blur/frog/frog_blur_00230.png,frog,animal,land,blur,frog_02322
pixelated/frog/frog_pixelated_00230.png,frog,animal,land,pixelated,frog_02322
noise/frog/frog_noise_00230.png,frog,animal,land,noise,frog_02322
clean/truck/truck_clean_00243.png,truck,vehicle,land,clean,truck_02323
blur/truck/truck_blur_00243.png,truck,vehicle,land,blur,truck_02323
pixelated/truck/truck_pixelated_00243.png,truck,vehicle,land,pixelated,truck_02323
noise/truck/truck_noise_00243.png,truck,vehicle,land,noise,truck_02323
clean/frog/frog_clean_00231.png,frog,animal,land,clean,frog_02324
blur/frog/frog_blur_00231.png,frog,animal,land,blur,frog_02324
pixelated/frog/frog_pixelated_00231.png,frog,animal,land,pixelated,frog_02324
noise/frog/frog_noise_00231.png,frog,animal,land,noise,frog_02324
clean/cat/cat_clean_00238.png,cat,animal,land,clean,cat_02325
blur/cat/cat_blur_00238.png,cat,animal,land,blur,cat_02325
pixelated/cat/cat_pixelated_00238.png,cat,animal,land,pixelated,cat_02325
noise/cat/cat_noise_00238.png,cat,animal,land,noise,cat_02325
clean/deer/deer_clean_00222.png,deer,animal,land,clean,deer_02326
blur/deer/deer_blur_00222.png,deer,animal,land,blur,deer_02326
pixelated/deer/deer_pixelated_00222.png,deer,animal,land,pixelated,deer_02326
noise/deer/deer_noise_00222.png,deer,animal,land,noise,deer_02326
clean/cat/cat_clean_00239.png,cat,animal,land,clean,cat_02327
blur/cat/cat_blur_00239.png,cat,animal,land,blur,cat_02327
pixelated/cat/cat_pixelated_00239.png,cat,animal,land,pixelated,cat_02327
noise/cat/cat_noise_00239.png,cat,animal,land,noise,cat_02327
clean/cat/cat_clean_00240.png,cat,animal,land,clean,cat_02328
blur/cat/cat_blur_00240.png,cat,animal,land,blur,cat_02328
pixelated/cat/cat_pixelated_00240.png,cat,animal,land,pixelated,cat_02328
noise/cat/cat_noise_00240.png,cat,animal,land,noise,cat_02328
clean/frog/frog_clean_00232.png,frog,animal,land,clean,frog_02329
blur/frog/frog_blur_00232.png,frog,animal,land,blur,frog_02329
pixelated/frog/frog_pixelated_00232.png,frog,animal,land,pixelated,frog_02329
noise/frog/frog_noise_00232.png,frog,animal,land,noise,frog_02329
clean/bird/bird_clean_00242.png,bird,animal,air,clean,bird_02330
blur/bird/bird_blur_00242.png,bird,animal,air,blur,bird_02330
pixelated/bird/bird_pixelated_00242.png,bird,animal,air,pixelated,bird_02330
noise/bird/bird_noise_00242.png,bird,animal,air,noise,bird_02330
clean/deer/deer_clean_00223.png,deer,animal,land,clean,deer_02331
blur/deer/deer_blur_00223.png,deer,animal,land,blur,deer_02331
pixelated/deer/deer_pixelated_00223.png,deer,animal,land,pixelated,deer_02331
noise/deer/deer_noise_00223.png,deer,animal,land,noise,deer_02331
clean/airplane/airplane_clean_00238.png,airplane,vehicle,air,clean,airplane_02332
blur/airplane/airplane_blur_00238.png,airplane,vehicle,air,blur,airplane_02332
pixelated/airplane/airplane_pixelated_00238.png,airplane,vehicle,air,pixelated,airplane_02332
noise/airplane/airplane_noise_00238.png,airplane,vehicle,air,noise,airplane_02332
clean/ship/ship_clean_00235.png,ship,vehicle,water,clean,ship_02333
blur/ship/ship_blur_00235.png,ship,vehicle,water,blur,ship_02333
pixelated/ship/ship_pixelated_00235.png,ship,vehicle,water,pixelated,ship_02333
noise/ship/ship_noise_00235.png,ship,vehicle,water,noise,ship_02333
clean/horse/horse_clean_00234.png,horse,animal,land,clean,horse_02334
blur/horse/horse_blur_00234.png,horse,animal,land,blur,horse_02334
pixelated/horse/horse_pixelated_00234.png,horse,animal,land,pixelated,horse_02334
noise/horse/horse_noise_00234.png,horse,animal,land,noise,horse_02334
clean/deer/deer_clean_00224.png,deer,animal,land,clean,deer_02335
blur/deer/deer_blur_00224.png,deer,animal,land,blur,deer_02335
pixelated/deer/deer_pixelated_00224.png,deer,animal,land,pixelated,deer_02335
noise/deer/deer_noise_00224.png,deer,animal,land,noise,deer_02335
clean/deer/deer_clean_00225.png,deer,animal,land,clean,deer_02336
blur/deer/deer_blur_00225.png,deer,animal,land,blur,deer_02336
pixelated/deer/deer_pixelated_00225.png,deer,animal,land,pixelated,deer_02336
noise/deer/deer_noise_00225.png,deer,animal,land,noise,deer_02336
clean/ship/ship_clean_00236.png,ship,vehicle,water,clean,ship_02337
blur/ship/ship_blur_00236.png,ship,vehicle,water,blur,ship_02337
pixelated/ship/ship_pixelated_00236.png,ship,vehicle,water,pixelated,ship_02337
noise/ship/ship_noise_00236.png,ship,vehicle,water,noise,ship_02337
clean/automobile/automobile_clean_00221.png,automobile,vehicle,land,clean,automobile_02338
blur/automobile/automobile_blur_00221.png,automobile,vehicle,land,blur,automobile_02338
pixelated/automobile/automobile_pixelated_00221.png,automobile,vehicle,land,pixelated,automobile_02338
noise/automobile/automobile_noise_00221.png,automobile,vehicle,land,noise,automobile_02338
clean/deer/deer_clean_00226.png,deer,animal,land,clean,deer_02339
blur/deer/deer_blur_00226.png,deer,animal,land,blur,deer_02339
pixelated/deer/deer_pixelated_00226.png,deer,animal,land,pixelated,deer_02339
noise/deer/deer_noise_00226.png,deer,animal,land,noise,deer_02339
clean/deer/deer_clean_00227.png,deer,animal,land,clean,deer_02340
blur/deer/deer_blur_00227.png,deer,animal,land,blur,deer_02340
pixelated/deer/deer_pixelated_00227.png,deer,animal,land,pixelated,deer_02340
noise/deer/deer_noise_00227.png,deer,animal,land,noise,deer_02340
clean/deer/deer_clean_00228.png,deer,animal,land,clean,deer_02341
blur/deer/deer_blur_00228.png,deer,animal,land,blur,deer_02341
pixelated/deer/deer_pixelated_00228.png,deer,animal,land,pixelated,deer_02341
noise/deer/deer_noise_00228.png,deer,animal,land,noise,deer_02341
clean/horse/horse_clean_00235.png,horse,animal,land,clean,horse_02342
blur/horse/horse_blur_00235.png,horse,animal,land,blur,horse_02342
pixelated/horse/horse_pixelated_00235.png,horse,animal,land,pixelated,horse_02342
noise/horse/horse_noise_00235.png,horse,animal,land,noise,horse_02342
clean/airplane/airplane_clean_00239.png,airplane,vehicle,air,clean,airplane_02343
blur/airplane/airplane_blur_00239.png,airplane,vehicle,air,blur,airplane_02343
pixelated/airplane/airplane_pixelated_00239.png,airplane,vehicle,air,pixelated,airplane_02343
noise/airplane/airplane_noise_00239.png,airplane,vehicle,air,noise,airplane_02343
clean/bird/bird_clean_00243.png,bird,animal,air,clean,bird_02344
blur/bird/bird_blur_00243.png,bird,animal,air,blur,bird_02344
pixelated/bird/bird_pixelated_00243.png,bird,animal,air,pixelated,bird_02344
noise/bird/bird_noise_00243.png,bird,animal,air,noise,bird_02344
clean/cat/cat_clean_00241.png,cat,animal,land,clean,cat_02345
blur/cat/cat_blur_00241.png,cat,animal,land,blur,cat_02345
pixelated/cat/cat_pixelated_00241.png,cat,animal,land,pixelated,cat_02345
noise/cat/cat_noise_00241.png,cat,animal,land,noise,cat_02345
clean/ship/ship_clean_00237.png,ship,vehicle,water,clean,ship_02346
blur/ship/ship_blur_00237.png,ship,vehicle,water,blur,ship_02346
pixelated/ship/ship_pixelated_00237.png,ship,vehicle,water,pixelated,ship_02346
noise/ship/ship_noise_00237.png,ship,vehicle,water,noise,ship_02346
clean/ship/ship_clean_00238.png,ship,vehicle,water,clean,ship_02347
blur/ship/ship_blur_00238.png,ship,vehicle,water,blur,ship_02347
pixelated/ship/ship_pixelated_00238.png,ship,vehicle,water,pixelated,ship_02347
noise/ship/ship_noise_00238.png,ship,vehicle,water,noise,ship_02347
clean/ship/ship_clean_00239.png,ship,vehicle,water,clean,ship_02348
blur/ship/ship_blur_00239.png,ship,vehicle,water,blur,ship_02348
pixelated/ship/ship_pixelated_00239.png,ship,vehicle,water,pixelated,ship_02348
noise/ship/ship_noise_00239.png,ship,vehicle,water,noise,ship_02348
clean/bird/bird_clean_00244.png,bird,animal,air,clean,bird_02349
blur/bird/bird_blur_00244.png,bird,animal,air,blur,bird_02349
pixelated/bird/bird_pixelated_00244.png,bird,animal,air,pixelated,bird_02349
noise/bird/bird_noise_00244.png,bird,animal,air,noise,bird_02349
clean/ship/ship_clean_00240.png,ship,vehicle,water,clean,ship_02350
blur/ship/ship_blur_00240.png,ship,vehicle,water,blur,ship_02350
pixelated/ship/ship_pixelated_00240.png,ship,vehicle,water,pixelated,ship_02350
noise/ship/ship_noise_00240.png,ship,vehicle,water,noise,ship_02350
clean/bird/bird_clean_00245.png,bird,animal,air,clean,bird_02351
blur/bird/bird_blur_00245.png,bird,animal,air,blur,bird_02351
pixelated/bird/bird_pixelated_00245.png,bird,animal,air,pixelated,bird_02351
noise/bird/bird_noise_00245.png,bird,animal,air,noise,bird_02351
clean/ship/ship_clean_00241.png,ship,vehicle,water,clean,ship_02352
blur/ship/ship_blur_00241.png,ship,vehicle,water,blur,ship_02352
pixelated/ship/ship_pixelated_00241.png,ship,vehicle,water,pixelated,ship_02352
noise/ship/ship_noise_00241.png,ship,vehicle,water,noise,ship_02352
clean/cat/cat_clean_00242.png,cat,animal,land,clean,cat_02353
blur/cat/cat_blur_00242.png,cat,animal,land,blur,cat_02353
pixelated/cat/cat_pixelated_00242.png,cat,animal,land,pixelated,cat_02353
noise/cat/cat_noise_00242.png,cat,animal,land,noise,cat_02353
clean/cat/cat_clean_00243.png,cat,animal,land,clean,cat_02354
blur/cat/cat_blur_00243.png,cat,animal,land,blur,cat_02354
pixelated/cat/cat_pixelated_00243.png,cat,animal,land,pixelated,cat_02354
noise/cat/cat_noise_00243.png,cat,animal,land,noise,cat_02354
clean/frog/frog_clean_00233.png,frog,animal,land,clean,frog_02355
blur/frog/frog_blur_00233.png,frog,animal,land,blur,frog_02355
pixelated/frog/frog_pixelated_00233.png,frog,animal,land,pixelated,frog_02355
noise/frog/frog_noise_00233.png,frog,animal,land,noise,frog_02355
clean/ship/ship_clean_00242.png,ship,vehicle,water,clean,ship_02356
blur/ship/ship_blur_00242.png,ship,vehicle,water,blur,ship_02356
pixelated/ship/ship_pixelated_00242.png,ship,vehicle,water,pixelated,ship_02356
noise/ship/ship_noise_00242.png,ship,vehicle,water,noise,ship_02356
clean/dog/dog_clean_00228.png,dog,animal,land,clean,dog_02357
blur/dog/dog_blur_00228.png,dog,animal,land,blur,dog_02357
pixelated/dog/dog_pixelated_00228.png,dog,animal,land,pixelated,dog_02357
noise/dog/dog_noise_00228.png,dog,animal,land,noise,dog_02357
clean/dog/dog_clean_00229.png,dog,animal,land,clean,dog_02358
blur/dog/dog_blur_00229.png,dog,animal,land,blur,dog_02358
pixelated/dog/dog_pixelated_00229.png,dog,animal,land,pixelated,dog_02358
noise/dog/dog_noise_00229.png,dog,animal,land,noise,dog_02358
clean/bird/bird_clean_00246.png,bird,animal,air,clean,bird_02359
blur/bird/bird_blur_00246.png,bird,animal,air,blur,bird_02359
pixelated/bird/bird_pixelated_00246.png,bird,animal,air,pixelated,bird_02359
noise/bird/bird_noise_00246.png,bird,animal,air,noise,bird_02359
clean/airplane/airplane_clean_00240.png,airplane,vehicle,air,clean,airplane_02360
blur/airplane/airplane_blur_00240.png,airplane,vehicle,air,blur,airplane_02360
pixelated/airplane/airplane_pixelated_00240.png,airplane,vehicle,air,pixelated,airplane_02360
noise/airplane/airplane_noise_00240.png,airplane,vehicle,air,noise,airplane_02360
clean/horse/horse_clean_00236.png,horse,animal,land,clean,horse_02361
blur/horse/horse_blur_00236.png,horse,animal,land,blur,horse_02361
pixelated/horse/horse_pixelated_00236.png,horse,animal,land,pixelated,horse_02361
noise/horse/horse_noise_00236.png,horse,animal,land,noise,horse_02361
clean/dog/dog_clean_00230.png,dog,animal,land,clean,dog_02362
blur/dog/dog_blur_00230.png,dog,animal,land,blur,dog_02362
pixelated/dog/dog_pixelated_00230.png,dog,animal,land,pixelated,dog_02362
noise/dog/dog_noise_00230.png,dog,animal,land,noise,dog_02362
clean/dog/dog_clean_00231.png,dog,animal,land,clean,dog_02363
blur/dog/dog_blur_00231.png,dog,animal,land,blur,dog_02363
pixelated/dog/dog_pixelated_00231.png,dog,animal,land,pixelated,dog_02363
noise/dog/dog_noise_00231.png,dog,animal,land,noise,dog_02363
clean/dog/dog_clean_00232.png,dog,animal,land,clean,dog_02364
blur/dog/dog_blur_00232.png,dog,animal,land,blur,dog_02364
pixelated/dog/dog_pixelated_00232.png,dog,animal,land,pixelated,dog_02364
noise/dog/dog_noise_00232.png,dog,animal,land,noise,dog_02364
clean/horse/horse_clean_00237.png,horse,animal,land,clean,horse_02365
blur/horse/horse_blur_00237.png,horse,animal,land,blur,horse_02365
pixelated/horse/horse_pixelated_00237.png,horse,animal,land,pixelated,horse_02365
noise/horse/horse_noise_00237.png,horse,animal,land,noise,horse_02365
clean/dog/dog_clean_00233.png,dog,animal,land,clean,dog_02366
blur/dog/dog_blur_00233.png,dog,animal,land,blur,dog_02366
pixelated/dog/dog_pixelated_00233.png,dog,animal,land,pixelated,dog_02366
noise/dog/dog_noise_00233.png,dog,animal,land,noise,dog_02366
clean/ship/ship_clean_00243.png,ship,vehicle,water,clean,ship_02367
blur/ship/ship_blur_00243.png,ship,vehicle,water,blur,ship_02367
pixelated/ship/ship_pixelated_00243.png,ship,vehicle,water,pixelated,ship_02367
noise/ship/ship_noise_00243.png,ship,vehicle,water,noise,ship_02367
clean/deer/deer_clean_00229.png,deer,animal,land,clean,deer_02368
blur/deer/deer_blur_00229.png,deer,animal,land,blur,deer_02368
pixelated/deer/deer_pixelated_00229.png,deer,animal,land,pixelated,deer_02368
noise/deer/deer_noise_00229.png,deer,animal,land,noise,deer_02368
clean/frog/frog_clean_00234.png,frog,animal,land,clean,frog_02369
blur/frog/frog_blur_00234.png,frog,animal,land,blur,frog_02369
pixelated/frog/frog_pixelated_00234.png,frog,animal,land,pixelated,frog_02369
noise/frog/frog_noise_00234.png,frog,animal,land,noise,frog_02369
clean/truck/truck_clean_00244.png,truck,vehicle,land,clean,truck_02370
blur/truck/truck_blur_00244.png,truck,vehicle,land,blur,truck_02370
pixelated/truck/truck_pixelated_00244.png,truck,vehicle,land,pixelated,truck_02370
noise/truck/truck_noise_00244.png,truck,vehicle,land,noise,truck_02370
clean/automobile/automobile_clean_00222.png,automobile,vehicle,land,clean,automobile_02371
blur/automobile/automobile_blur_00222.png,automobile,vehicle,land,blur,automobile_02371
pixelated/automobile/automobile_pixelated_00222.png,automobile,vehicle,land,pixelated,automobile_02371
noise/automobile/automobile_noise_00222.png,automobile,vehicle,land,noise,automobile_02371
clean/truck/truck_clean_00245.png,truck,vehicle,land,clean,truck_02372
blur/truck/truck_blur_00245.png,truck,vehicle,land,blur,truck_02372
pixelated/truck/truck_pixelated_00245.png,truck,vehicle,land,pixelated,truck_02372
noise/truck/truck_noise_00245.png,truck,vehicle,land,noise,truck_02372
clean/truck/truck_clean_00246.png,truck,vehicle,land,clean,truck_02373
blur/truck/truck_blur_00246.png,truck,vehicle,land,blur,truck_02373
pixelated/truck/truck_pixelated_00246.png,truck,vehicle,land,pixelated,truck_02373
noise/truck/truck_noise_00246.png,truck,vehicle,land,noise,truck_02373
clean/frog/frog_clean_00235.png,frog,animal,land,clean,frog_02374
blur/frog/frog_blur_00235.png,frog,animal,land,blur,frog_02374
pixelated/frog/frog_pixelated_00235.png,frog,animal,land,pixelated,frog_02374
noise/frog/frog_noise_00235.png,frog,animal,land,noise,frog_02374
clean/ship/ship_clean_00244.png,ship,vehicle,water,clean,ship_02375
blur/ship/ship_blur_00244.png,ship,vehicle,water,blur,ship_02375
pixelated/ship/ship_pixelated_00244.png,ship,vehicle,water,pixelated,ship_02375
noise/ship/ship_noise_00244.png,ship,vehicle,water,noise,ship_02375
clean/automobile/automobile_clean_00223.png,automobile,vehicle,land,clean,automobile_02376
blur/automobile/automobile_blur_00223.png,automobile,vehicle,land,blur,automobile_02376
pixelated/automobile/automobile_pixelated_00223.png,automobile,vehicle,land,pixelated,automobile_02376
noise/automobile/automobile_noise_00223.png,automobile,vehicle,land,noise,automobile_02376
clean/bird/bird_clean_00247.png,bird,animal,air,clean,bird_02377
blur/bird/bird_blur_00247.png,bird,animal,air,blur,bird_02377
pixelated/bird/bird_pixelated_00247.png,bird,animal,air,pixelated,bird_02377
noise/bird/bird_noise_00247.png,bird,animal,air,noise,bird_02377
clean/ship/ship_clean_00245.png,ship,vehicle,water,clean,ship_02378
blur/ship/ship_blur_00245.png,ship,vehicle,water,blur,ship_02378
pixelated/ship/ship_pixelated_00245.png,ship,vehicle,water,pixelated,ship_02378
noise/ship/ship_noise_00245.png,ship,vehicle,water,noise,ship_02378
clean/automobile/automobile_clean_00224.png,automobile,vehicle,land,clean,automobile_02379
blur/automobile/automobile_blur_00224.png,automobile,vehicle,land,blur,automobile_02379
pixelated/automobile/automobile_pixelated_00224.png,automobile,vehicle,land,pixelated,automobile_02379
noise/automobile/automobile_noise_00224.png,automobile,vehicle,land,noise,automobile_02379
clean/airplane/airplane_clean_00241.png,airplane,vehicle,air,clean,airplane_02380
blur/airplane/airplane_blur_00241.png,airplane,vehicle,air,blur,airplane_02380
pixelated/airplane/airplane_pixelated_00241.png,airplane,vehicle,air,pixelated,airplane_02380
noise/airplane/airplane_noise_00241.png,airplane,vehicle,air,noise,airplane_02380
clean/frog/frog_clean_00236.png,frog,animal,land,clean,frog_02381
blur/frog/frog_blur_00236.png,frog,animal,land,blur,frog_02381
pixelated/frog/frog_pixelated_00236.png,frog,animal,land,pixelated,frog_02381
noise/frog/frog_noise_00236.png,frog,animal,land,noise,frog_02381
clean/frog/frog_clean_00237.png,frog,animal,land,clean,frog_02382
blur/frog/frog_blur_00237.png,frog,animal,land,blur,frog_02382
pixelated/frog/frog_pixelated_00237.png,frog,animal,land,pixelated,frog_02382
noise/frog/frog_noise_00237.png,frog,animal,land,noise,frog_02382
clean/bird/bird_clean_00248.png,bird,animal,air,clean,bird_02383
blur/bird/bird_blur_00248.png,bird,animal,air,blur,bird_02383
pixelated/bird/bird_pixelated_00248.png,bird,animal,air,pixelated,bird_02383
noise/bird/bird_noise_00248.png,bird,animal,air,noise,bird_02383
clean/ship/ship_clean_00246.png,ship,vehicle,water,clean,ship_02384
blur/ship/ship_blur_00246.png,ship,vehicle,water,blur,ship_02384
pixelated/ship/ship_pixelated_00246.png,ship,vehicle,water,pixelated,ship_02384
noise/ship/ship_noise_00246.png,ship,vehicle,water,noise,ship_02384
clean/cat/cat_clean_00244.png,cat,animal,land,clean,cat_02385
blur/cat/cat_blur_00244.png,cat,animal,land,blur,cat_02385
pixelated/cat/cat_pixelated_00244.png,cat,animal,land,pixelated,cat_02385
noise/cat/cat_noise_00244.png,cat,animal,land,noise,cat_02385
clean/bird/bird_clean_00249.png,bird,animal,air,clean,bird_02386
blur/bird/bird_blur_00249.png,bird,animal,air,blur,bird_02386
pixelated/bird/bird_pixelated_00249.png,bird,animal,air,pixelated,bird_02386
noise/bird/bird_noise_00249.png,bird,animal,air,noise,bird_02386
clean/frog/frog_clean_00238.png,frog,animal,land,clean,frog_02387
blur/frog/frog_blur_00238.png,frog,animal,land,blur,frog_02387
pixelated/frog/frog_pixelated_00238.png,frog,animal,land,pixelated,frog_02387
noise/frog/frog_noise_00238.png,frog,animal,land,noise,frog_02387
clean/airplane/airplane_clean_00242.png,airplane,vehicle,air,clean,airplane_02388
blur/airplane/airplane_blur_00242.png,airplane,vehicle,air,blur,airplane_02388
pixelated/airplane/airplane_pixelated_00242.png,airplane,vehicle,air,pixelated,airplane_02388
noise/airplane/airplane_noise_00242.png,airplane,vehicle,air,noise,airplane_02388
clean/truck/truck_clean_00247.png,truck,vehicle,land,clean,truck_02389
blur/truck/truck_blur_00247.png,truck,vehicle,land,blur,truck_02389
pixelated/truck/truck_pixelated_00247.png,truck,vehicle,land,pixelated,truck_02389
noise/truck/truck_noise_00247.png,truck,vehicle,land,noise,truck_02389
clean/truck/truck_clean_00248.png,truck,vehicle,land,clean,truck_02390
blur/truck/truck_blur_00248.png,truck,vehicle,land,blur,truck_02390
pixelated/truck/truck_pixelated_00248.png,truck,vehicle,land,pixelated,truck_02390
noise/truck/truck_noise_00248.png,truck,vehicle,land,noise,truck_02390
clean/bird/bird_clean_00250.png,bird,animal,air,clean,bird_02391
blur/bird/bird_blur_00250.png,bird,animal,air,blur,bird_02391
pixelated/bird/bird_pixelated_00250.png,bird,animal,air,pixelated,bird_02391
noise/bird/bird_noise_00250.png,bird,animal,air,noise,bird_02391
clean/automobile/automobile_clean_00225.png,automobile,vehicle,land,clean,automobile_02392
blur/automobile/automobile_blur_00225.png,automobile,vehicle,land,blur,automobile_02392
pixelated/automobile/automobile_pixelated_00225.png,automobile,vehicle,land,pixelated,automobile_02392
noise/automobile/automobile_noise_00225.png,automobile,vehicle,land,noise,automobile_02392
clean/automobile/automobile_clean_00226.png,automobile,vehicle,land,clean,automobile_02393
blur/automobile/automobile_blur_00226.png,automobile,vehicle,land,blur,automobile_02393
pixelated/automobile/automobile_pixelated_00226.png,automobile,vehicle,land,pixelated,automobile_02393
noise/automobile/automobile_noise_00226.png,automobile,vehicle,land,noise,automobile_02393
clean/deer/deer_clean_00230.png,deer,animal,land,clean,deer_02394
blur/deer/deer_blur_00230.png,deer,animal,land,blur,deer_02394
pixelated/deer/deer_pixelated_00230.png,deer,animal,land,pixelated,deer_02394
noise/deer/deer_noise_00230.png,deer,animal,land,noise,deer_02394
clean/truck/truck_clean_00249.png,truck,vehicle,land,clean,truck_02395
blur/truck/truck_blur_00249.png,truck,vehicle,land,blur,truck_02395
pixelated/truck/truck_pixelated_00249.png,truck,vehicle,land,pixelated,truck_02395
noise/truck/truck_noise_00249.png,truck,vehicle,land,noise,truck_02395
clean/dog/dog_clean_00234.png,dog,animal,land,clean,dog_02396
blur/dog/dog_blur_00234.png,dog,animal,land,blur,dog_02396
pixelated/dog/dog_pixelated_00234.png,dog,animal,land,pixelated,dog_02396
noise/dog/dog_noise_00234.png,dog,animal,land,noise,dog_02396
clean/frog/frog_clean_00239.png,frog,animal,land,clean,frog_02397
blur/frog/frog_blur_00239.png,frog,animal,land,blur,frog_02397
pixelated/frog/frog_pixelated_00239.png,frog,animal,land,pixelated,frog_02397
noise/frog/frog_noise_00239.png,frog,animal,land,noise,frog_02397
clean/deer/deer_clean_00231.png,deer,animal,land,clean,deer_02398
blur/deer/deer_blur_00231.png,deer,animal,land,blur,deer_02398
pixelated/deer/deer_pixelated_00231.png,deer,animal,land,pixelated,deer_02398
noise/deer/deer_noise_00231.png,deer,animal,land,noise,deer_02398
clean/horse/horse_clean_00238.png,horse,animal,land,clean,horse_02399
blur/horse/horse_blur_00238.png,horse,animal,land,blur,horse_02399
pixelated/horse/horse_pixelated_00238.png,horse,animal,land,pixelated,horse_02399
noise/horse/horse_noise_00238.png,horse,animal,land,noise,horse_02399
clean/airplane/airplane_clean_00243.png,airplane,vehicle,air,clean,airplane_02400
blur/airplane/airplane_blur_00243.png,airplane,vehicle,air,blur,airplane_02400
pixelated/airplane/airplane_pixelated_00243.png,airplane,vehicle,air,pixelated,airplane_02400
noise/airplane/airplane_noise_00243.png,airplane,vehicle,air,noise,airplane_02400
clean/horse/horse_clean_00239.png,horse,animal,land,clean,horse_02401
blur/horse/horse_blur_00239.png,horse,animal,land,blur,horse_02401
pixelated/horse/horse_pixelated_00239.png,horse,animal,land,pixelated,horse_02401
noise/horse/horse_noise_00239.png,horse,animal,land,noise,horse_02401
clean/horse/horse_clean_00240.png,horse,animal,land,clean,horse_02402
blur/horse/horse_blur_00240.png,horse,animal,land,blur,horse_02402
pixelated/horse/horse_pixelated_00240.png,horse,animal,land,pixelated,horse_02402
noise/horse/horse_noise_00240.png,horse,animal,land,noise,horse_02402
clean/frog/frog_clean_00240.png,frog,animal,land,clean,frog_02403
blur/frog/frog_blur_00240.png,frog,animal,land,blur,frog_02403
pixelated/frog/frog_pixelated_00240.png,frog,animal,land,pixelated,frog_02403
noise/frog/frog_noise_00240.png,frog,animal,land,noise,frog_02403
clean/automobile/automobile_clean_00227.png,automobile,vehicle,land,clean,automobile_02404
blur/automobile/automobile_blur_00227.png,automobile,vehicle,land,blur,automobile_02404
pixelated/automobile/automobile_pixelated_00227.png,automobile,vehicle,land,pixelated,automobile_02404
noise/automobile/automobile_noise_00227.png,automobile,vehicle,land,noise,automobile_02404
clean/cat/cat_clean_00245.png,cat,animal,land,clean,cat_02405
blur/cat/cat_blur_00245.png,cat,animal,land,blur,cat_02405
pixelated/cat/cat_pixelated_00245.png,cat,animal,land,pixelated,cat_02405
noise/cat/cat_noise_00245.png,cat,animal,land,noise,cat_02405
clean/horse/horse_clean_00241.png,horse,animal,land,clean,horse_02406
blur/horse/horse_blur_00241.png,horse,animal,land,blur,horse_02406
pixelated/horse/horse_pixelated_00241.png,horse,animal,land,pixelated,horse_02406
noise/horse/horse_noise_00241.png,horse,animal,land,noise,horse_02406
clean/horse/horse_clean_00242.png,horse,animal,land,clean,horse_02407
blur/horse/horse_blur_00242.png,horse,animal,land,blur,horse_02407
pixelated/horse/horse_pixelated_00242.png,horse,animal,land,pixelated,horse_02407
noise/horse/horse_noise_00242.png,horse,animal,land,noise,horse_02407
clean/deer/deer_clean_00232.png,deer,animal,land,clean,deer_02408
blur/deer/deer_blur_00232.png,deer,animal,land,blur,deer_02408
pixelated/deer/deer_pixelated_00232.png,deer,animal,land,pixelated,deer_02408
noise/deer/deer_noise_00232.png,deer,animal,land,noise,deer_02408
clean/cat/cat_clean_00246.png,cat,animal,land,clean,cat_02409
blur/cat/cat_blur_00246.png,cat,animal,land,blur,cat_02409
pixelated/cat/cat_pixelated_00246.png,cat,animal,land,pixelated,cat_02409
noise/cat/cat_noise_00246.png,cat,animal,land,noise,cat_02409
clean/ship/ship_clean_00247.png,ship,vehicle,water,clean,ship_02410
blur/ship/ship_blur_00247.png,ship,vehicle,water,blur,ship_02410
pixelated/ship/ship_pixelated_00247.png,ship,vehicle,water,pixelated,ship_02410
noise/ship/ship_noise_00247.png,ship,vehicle,water,noise,ship_02410
clean/deer/deer_clean_00233.png,deer,animal,land,clean,deer_02411
blur/deer/deer_blur_00233.png,deer,animal,land,blur,deer_02411
pixelated/deer/deer_pixelated_00233.png,deer,animal,land,pixelated,deer_02411
noise/deer/deer_noise_00233.png,deer,animal,land,noise,deer_02411
clean/deer/deer_clean_00234.png,deer,animal,land,clean,deer_02412
blur/deer/deer_blur_00234.png,deer,animal,land,blur,deer_02412
pixelated/deer/deer_pixelated_00234.png,deer,animal,land,pixelated,deer_02412
noise/deer/deer_noise_00234.png,deer,animal,land,noise,deer_02412
clean/truck/truck_clean_00250.png,truck,vehicle,land,clean,truck_02413
blur/truck/truck_blur_00250.png,truck,vehicle,land,blur,truck_02413
pixelated/truck/truck_pixelated_00250.png,truck,vehicle,land,pixelated,truck_02413
noise/truck/truck_noise_00250.png,truck,vehicle,land,noise,truck_02413
clean/ship/ship_clean_00248.png,ship,vehicle,water,clean,ship_02414
blur/ship/ship_blur_00248.png,ship,vehicle,water,blur,ship_02414
pixelated/ship/ship_pixelated_00248.png,ship,vehicle,water,pixelated,ship_02414
noise/ship/ship_noise_00248.png,ship,vehicle,water,noise,ship_02414
clean/deer/deer_clean_00235.png,deer,animal,land,clean,deer_02415
blur/deer/deer_blur_00235.png,deer,animal,land,blur,deer_02415
pixelated/deer/deer_pixelated_00235.png,deer,animal,land,pixelated,deer_02415
noise/deer/deer_noise_00235.png,deer,animal,land,noise,deer_02415
clean/cat/cat_clean_00247.png,cat,animal,land,clean,cat_02416
blur/cat/cat_blur_00247.png,cat,animal,land,blur,cat_02416
pixelated/cat/cat_pixelated_00247.png,cat,animal,land,pixelated,cat_02416
noise/cat/cat_noise_00247.png,cat,animal,land,noise,cat_02416
clean/horse/horse_clean_00243.png,horse,animal,land,clean,horse_02417
blur/horse/horse_blur_00243.png,horse,animal,land,blur,horse_02417
pixelated/horse/horse_pixelated_00243.png,horse,animal,land,pixelated,horse_02417
noise/horse/horse_noise_00243.png,horse,animal,land,noise,horse_02417
clean/dog/dog_clean_00235.png,dog,animal,land,clean,dog_02418
blur/dog/dog_blur_00235.png,dog,animal,land,blur,dog_02418
pixelated/dog/dog_pixelated_00235.png,dog,animal,land,pixelated,dog_02418
noise/dog/dog_noise_00235.png,dog,animal,land,noise,dog_02418
clean/ship/ship_clean_00249.png,ship,vehicle,water,clean,ship_02419
blur/ship/ship_blur_00249.png,ship,vehicle,water,blur,ship_02419
pixelated/ship/ship_pixelated_00249.png,ship,vehicle,water,pixelated,ship_02419
noise/ship/ship_noise_00249.png,ship,vehicle,water,noise,ship_02419
clean/bird/bird_clean_00251.png,bird,animal,air,clean,bird_02420
blur/bird/bird_blur_00251.png,bird,animal,air,blur,bird_02420
pixelated/bird/bird_pixelated_00251.png,bird,animal,air,pixelated,bird_02420
noise/bird/bird_noise_00251.png,bird,animal,air,noise,bird_02420
clean/automobile/automobile_clean_00228.png,automobile,vehicle,land,clean,automobile_02421
blur/automobile/automobile_blur_00228.png,automobile,vehicle,land,blur,automobile_02421
pixelated/automobile/automobile_pixelated_00228.png,automobile,vehicle,land,pixelated,automobile_02421
noise/automobile/automobile_noise_00228.png,automobile,vehicle,land,noise,automobile_02421
clean/frog/frog_clean_00241.png,frog,animal,land,clean,frog_02422
blur/frog/frog_blur_00241.png,frog,animal,land,blur,frog_02422
pixelated/frog/frog_pixelated_00241.png,frog,animal,land,pixelated,frog_02422
noise/frog/frog_noise_00241.png,frog,animal,land,noise,frog_02422
clean/deer/deer_clean_00236.png,deer,animal,land,clean,deer_02423
blur/deer/deer_blur_00236.png,deer,animal,land,blur,deer_02423
pixelated/deer/deer_pixelated_00236.png,deer,animal,land,pixelated,deer_02423
noise/deer/deer_noise_00236.png,deer,animal,land,noise,deer_02423
clean/cat/cat_clean_00248.png,cat,animal,land,clean,cat_02424
blur/cat/cat_blur_00248.png,cat,animal,land,blur,cat_02424
pixelated/cat/cat_pixelated_00248.png,cat,animal,land,pixelated,cat_02424
noise/cat/cat_noise_00248.png,cat,animal,land,noise,cat_02424
clean/ship/ship_clean_00250.png,ship,vehicle,water,clean,ship_02425
blur/ship/ship_blur_00250.png,ship,vehicle,water,blur,ship_02425
pixelated/ship/ship_pixelated_00250.png,ship,vehicle,water,pixelated,ship_02425
noise/ship/ship_noise_00250.png,ship,vehicle,water,noise,ship_02425
clean/deer/deer_clean_00237.png,deer,animal,land,clean,deer_02426
blur/deer/deer_blur_00237.png,deer,animal,land,blur,deer_02426
pixelated/deer/deer_pixelated_00237.png,deer,animal,land,pixelated,deer_02426
noise/deer/deer_noise_00237.png,deer,animal,land,noise,deer_02426
clean/deer/deer_clean_00238.png,deer,animal,land,clean,deer_02427
blur/deer/deer_blur_00238.png,deer,animal,land,blur,deer_02427
pixelated/deer/deer_pixelated_00238.png,deer,animal,land,pixelated,deer_02427
noise/deer/deer_noise_00238.png,deer,animal,land,noise,deer_02427
clean/frog/frog_clean_00242.png,frog,animal,land,clean,frog_02428
blur/frog/frog_blur_00242.png,frog,animal,land,blur,frog_02428
pixelated/frog/frog_pixelated_00242.png,frog,animal,land,pixelated,frog_02428
noise/frog/frog_noise_00242.png,frog,animal,land,noise,frog_02428
clean/horse/horse_clean_00244.png,horse,animal,land,clean,horse_02429
blur/horse/horse_blur_00244.png,horse,animal,land,blur,horse_02429
pixelated/horse/horse_pixelated_00244.png,horse,animal,land,pixelated,horse_02429
noise/horse/horse_noise_00244.png,horse,animal,land,noise,horse_02429
clean/deer/deer_clean_00239.png,deer,animal,land,clean,deer_02430
blur/deer/deer_blur_00239.png,deer,animal,land,blur,deer_02430
pixelated/deer/deer_pixelated_00239.png,deer,animal,land,pixelated,deer_02430
noise/deer/deer_noise_00239.png,deer,animal,land,noise,deer_02430
clean/deer/deer_clean_00240.png,deer,animal,land,clean,deer_02431
blur/deer/deer_blur_00240.png,deer,animal,land,blur,deer_02431
pixelated/deer/deer_pixelated_00240.png,deer,animal,land,pixelated,deer_02431
noise/deer/deer_noise_00240.png,deer,animal,land,noise,deer_02431
clean/truck/truck_clean_00251.png,truck,vehicle,land,clean,truck_02432
blur/truck/truck_blur_00251.png,truck,vehicle,land,blur,truck_02432
pixelated/truck/truck_pixelated_00251.png,truck,vehicle,land,pixelated,truck_02432
noise/truck/truck_noise_00251.png,truck,vehicle,land,noise,truck_02432
clean/ship/ship_clean_00251.png,ship,vehicle,water,clean,ship_02433
blur/ship/ship_blur_00251.png,ship,vehicle,water,blur,ship_02433
pixelated/ship/ship_pixelated_00251.png,ship,vehicle,water,pixelated,ship_02433
noise/ship/ship_noise_00251.png,ship,vehicle,water,noise,ship_02433
clean/automobile/automobile_clean_00229.png,automobile,vehicle,land,clean,automobile_02434
blur/automobile/automobile_blur_00229.png,automobile,vehicle,land,blur,automobile_02434
pixelated/automobile/automobile_pixelated_00229.png,automobile,vehicle,land,pixelated,automobile_02434
noise/automobile/automobile_noise_00229.png,automobile,vehicle,land,noise,automobile_02434
clean/bird/bird_clean_00252.png,bird,animal,air,clean,bird_02435
blur/bird/bird_blur_00252.png,bird,animal,air,blur,bird_02435
pixelated/bird/bird_pixelated_00252.png,bird,animal,air,pixelated,bird_02435
noise/bird/bird_noise_00252.png,bird,animal,air,noise,bird_02435
clean/horse/horse_clean_00245.png,horse,animal,land,clean,horse_02436
blur/horse/horse_blur_00245.png,horse,animal,land,blur,horse_02436
pixelated/horse/horse_pixelated_00245.png,horse,animal,land,pixelated,horse_02436
noise/horse/horse_noise_00245.png,horse,animal,land,noise,horse_02436
clean/automobile/automobile_clean_00230.png,automobile,vehicle,land,clean,automobile_02437
blur/automobile/automobile_blur_00230.png,automobile,vehicle,land,blur,automobile_02437
pixelated/automobile/automobile_pixelated_00230.png,automobile,vehicle,land,pixelated,automobile_02437
noise/automobile/automobile_noise_00230.png,automobile,vehicle,land,noise,automobile_02437
clean/deer/deer_clean_00241.png,deer,animal,land,clean,deer_02438
blur/deer/deer_blur_00241.png,deer,animal,land,blur,deer_02438
pixelated/deer/deer_pixelated_00241.png,deer,animal,land,pixelated,deer_02438
noise/deer/deer_noise_00241.png,deer,animal,land,noise,deer_02438
clean/airplane/airplane_clean_00244.png,airplane,vehicle,air,clean,airplane_02439
blur/airplane/airplane_blur_00244.png,airplane,vehicle,air,blur,airplane_02439
pixelated/airplane/airplane_pixelated_00244.png,airplane,vehicle,air,pixelated,airplane_02439
noise/airplane/airplane_noise_00244.png,airplane,vehicle,air,noise,airplane_02439
clean/automobile/automobile_clean_00231.png,automobile,vehicle,land,clean,automobile_02440
blur/automobile/automobile_blur_00231.png,automobile,vehicle,land,blur,automobile_02440
pixelated/automobile/automobile_pixelated_00231.png,automobile,vehicle,land,pixelated,automobile_02440
noise/automobile/automobile_noise_00231.png,automobile,vehicle,land,noise,automobile_02440
clean/truck/truck_clean_00252.png,truck,vehicle,land,clean,truck_02441
blur/truck/truck_blur_00252.png,truck,vehicle,land,blur,truck_02441
pixelated/truck/truck_pixelated_00252.png,truck,vehicle,land,pixelated,truck_02441
noise/truck/truck_noise_00252.png,truck,vehicle,land,noise,truck_02441
clean/frog/frog_clean_00243.png,frog,animal,land,clean,frog_02442
blur/frog/frog_blur_00243.png,frog,animal,land,blur,frog_02442
pixelated/frog/frog_pixelated_00243.png,frog,animal,land,pixelated,frog_02442
noise/frog/frog_noise_00243.png,frog,animal,land,noise,frog_02442
clean/truck/truck_clean_00253.png,truck,vehicle,land,clean,truck_02443
blur/truck/truck_blur_00253.png,truck,vehicle,land,blur,truck_02443
pixelated/truck/truck_pixelated_00253.png,truck,vehicle,land,pixelated,truck_02443
noise/truck/truck_noise_00253.png,truck,vehicle,land,noise,truck_02443
clean/bird/bird_clean_00253.png,bird,animal,air,clean,bird_02444
blur/bird/bird_blur_00253.png,bird,animal,air,blur,bird_02444
pixelated/bird/bird_pixelated_00253.png,bird,animal,air,pixelated,bird_02444
noise/bird/bird_noise_00253.png,bird,animal,air,noise,bird_02444
clean/bird/bird_clean_00254.png,bird,animal,air,clean,bird_02445
blur/bird/bird_blur_00254.png,bird,animal,air,blur,bird_02445
pixelated/bird/bird_pixelated_00254.png,bird,animal,air,pixelated,bird_02445
noise/bird/bird_noise_00254.png,bird,animal,air,noise,bird_02445
clean/frog/frog_clean_00244.png,frog,animal,land,clean,frog_02446
blur/frog/frog_blur_00244.png,frog,animal,land,blur,frog_02446
pixelated/frog/frog_pixelated_00244.png,frog,animal,land,pixelated,frog_02446
noise/frog/frog_noise_00244.png,frog,animal,land,noise,frog_02446
clean/truck/truck_clean_00254.png,truck,vehicle,land,clean,truck_02447
blur/truck/truck_blur_00254.png,truck,vehicle,land,blur,truck_02447
pixelated/truck/truck_pixelated_00254.png,truck,vehicle,land,pixelated,truck_02447
noise/truck/truck_noise_00254.png,truck,vehicle,land,noise,truck_02447
clean/cat/cat_clean_00249.png,cat,animal,land,clean,cat_02448
blur/cat/cat_blur_00249.png,cat,animal,land,blur,cat_02448
pixelated/cat/cat_pixelated_00249.png,cat,animal,land,pixelated,cat_02448
noise/cat/cat_noise_00249.png,cat,animal,land,noise,cat_02448
clean/automobile/automobile_clean_00232.png,automobile,vehicle,land,clean,automobile_02449
blur/automobile/automobile_blur_00232.png,automobile,vehicle,land,blur,automobile_02449
pixelated/automobile/automobile_pixelated_00232.png,automobile,vehicle,land,pixelated,automobile_02449
noise/automobile/automobile_noise_00232.png,automobile,vehicle,land,noise,automobile_02449
clean/deer/deer_clean_00242.png,deer,animal,land,clean,deer_02450
blur/deer/deer_blur_00242.png,deer,animal,land,blur,deer_02450
pixelated/deer/deer_pixelated_00242.png,deer,animal,land,pixelated,deer_02450
noise/deer/deer_noise_00242.png,deer,animal,land,noise,deer_02450
clean/bird/bird_clean_00255.png,bird,animal,air,clean,bird_02451
blur/bird/bird_blur_00255.png,bird,animal,air,blur,bird_02451
pixelated/bird/bird_pixelated_00255.png,bird,animal,air,pixelated,bird_02451
noise/bird/bird_noise_00255.png,bird,animal,air,noise,bird_02451
clean/frog/frog_clean_00245.png,frog,animal,land,clean,frog_02452
blur/frog/frog_blur_00245.png,frog,animal,land,blur,frog_02452
pixelated/frog/frog_pixelated_00245.png,frog,animal,land,pixelated,frog_02452
noise/frog/frog_noise_00245.png,frog,animal,land,noise,frog_02452
clean/frog/frog_clean_00246.png,frog,animal,land,clean,frog_02453
blur/frog/frog_blur_00246.png,frog,animal,land,blur,frog_02453
pixelated/frog/frog_pixelated_00246.png,frog,animal,land,pixelated,frog_02453
noise/frog/frog_noise_00246.png,frog,animal,land,noise,frog_02453
clean/bird/bird_clean_00256.png,bird,animal,air,clean,bird_02454
blur/bird/bird_blur_00256.png,bird,animal,air,blur,bird_02454
pixelated/bird/bird_pixelated_00256.png,bird,animal,air,pixelated,bird_02454
noise/bird/bird_noise_00256.png,bird,animal,air,noise,bird_02454
clean/truck/truck_clean_00255.png,truck,vehicle,land,clean,truck_02455
blur/truck/truck_blur_00255.png,truck,vehicle,land,blur,truck_02455
pixelated/truck/truck_pixelated_00255.png,truck,vehicle,land,pixelated,truck_02455
noise/truck/truck_noise_00255.png,truck,vehicle,land,noise,truck_02455
clean/cat/cat_clean_00250.png,cat,animal,land,clean,cat_02456
blur/cat/cat_blur_00250.png,cat,animal,land,blur,cat_02456
pixelated/cat/cat_pixelated_00250.png,cat,animal,land,pixelated,cat_02456
noise/cat/cat_noise_00250.png,cat,animal,land,noise,cat_02456
clean/automobile/automobile_clean_00233.png,automobile,vehicle,land,clean,automobile_02457
blur/automobile/automobile_blur_00233.png,automobile,vehicle,land,blur,automobile_02457
pixelated/automobile/automobile_pixelated_00233.png,automobile,vehicle,land,pixelated,automobile_02457
noise/automobile/automobile_noise_00233.png,automobile,vehicle,land,noise,automobile_02457
clean/dog/dog_clean_00236.png,dog,animal,land,clean,dog_02458
blur/dog/dog_blur_00236.png,dog,animal,land,blur,dog_02458
pixelated/dog/dog_pixelated_00236.png,dog,animal,land,pixelated,dog_02458
noise/dog/dog_noise_00236.png,dog,animal,land,noise,dog_02458
clean/bird/bird_clean_00257.png,bird,animal,air,clean,bird_02459
blur/bird/bird_blur_00257.png,bird,animal,air,blur,bird_02459
pixelated/bird/bird_pixelated_00257.png,bird,animal,air,pixelated,bird_02459
noise/bird/bird_noise_00257.png,bird,animal,air,noise,bird_02459
clean/deer/deer_clean_00243.png,deer,animal,land,clean,deer_02460
blur/deer/deer_blur_00243.png,deer,animal,land,blur,deer_02460
pixelated/deer/deer_pixelated_00243.png,deer,animal,land,pixelated,deer_02460
noise/deer/deer_noise_00243.png,deer,animal,land,noise,deer_02460
clean/dog/dog_clean_00237.png,dog,animal,land,clean,dog_02461
blur/dog/dog_blur_00237.png,dog,animal,land,blur,dog_02461
pixelated/dog/dog_pixelated_00237.png,dog,animal,land,pixelated,dog_02461
noise/dog/dog_noise_00237.png,dog,animal,land,noise,dog_02461
clean/horse/horse_clean_00246.png,horse,animal,land,clean,horse_02462
blur/horse/horse_blur_00246.png,horse,animal,land,blur,horse_02462
pixelated/horse/horse_pixelated_00246.png,horse,animal,land,pixelated,horse_02462
noise/horse/horse_noise_00246.png,horse,animal,land,noise,horse_02462
clean/horse/horse_clean_00247.png,horse,animal,land,clean,horse_02463
blur/horse/horse_blur_00247.png,horse,animal,land,blur,horse_02463
pixelated/horse/horse_pixelated_00247.png,horse,animal,land,pixelated,horse_02463
noise/horse/horse_noise_00247.png,horse,animal,land,noise,horse_02463
clean/cat/cat_clean_00251.png,cat,animal,land,clean,cat_02464
blur/cat/cat_blur_00251.png,cat,animal,land,blur,cat_02464
pixelated/cat/cat_pixelated_00251.png,cat,animal,land,pixelated,cat_02464
noise/cat/cat_noise_00251.png,cat,animal,land,noise,cat_02464
clean/frog/frog_clean_00247.png,frog,animal,land,clean,frog_02465
blur/frog/frog_blur_00247.png,frog,animal,land,blur,frog_02465
pixelated/frog/frog_pixelated_00247.png,frog,animal,land,pixelated,frog_02465
noise/frog/frog_noise_00247.png,frog,animal,land,noise,frog_02465
clean/truck/truck_clean_00256.png,truck,vehicle,land,clean,truck_02466
blur/truck/truck_blur_00256.png,truck,vehicle,land,blur,truck_02466
pixelated/truck/truck_pixelated_00256.png,truck,vehicle,land,pixelated,truck_02466
noise/truck/truck_noise_00256.png,truck,vehicle,land,noise,truck_02466
clean/horse/horse_clean_00248.png,horse,animal,land,clean,horse_02467
blur/horse/horse_blur_00248.png,horse,animal,land,blur,horse_02467
pixelated/horse/horse_pixelated_00248.png,horse,animal,land,pixelated,horse_02467
noise/horse/horse_noise_00248.png,horse,animal,land,noise,horse_02467
clean/bird/bird_clean_00258.png,bird,animal,air,clean,bird_02468
blur/bird/bird_blur_00258.png,bird,animal,air,blur,bird_02468
pixelated/bird/bird_pixelated_00258.png,bird,animal,air,pixelated,bird_02468
noise/bird/bird_noise_00258.png,bird,animal,air,noise,bird_02468
clean/horse/horse_clean_00249.png,horse,animal,land,clean,horse_02469
blur/horse/horse_blur_00249.png,horse,animal,land,blur,horse_02469
pixelated/horse/horse_pixelated_00249.png,horse,animal,land,pixelated,horse_02469
noise/horse/horse_noise_00249.png,horse,animal,land,noise,horse_02469
clean/airplane/airplane_clean_00245.png,airplane,vehicle,air,clean,airplane_02470
blur/airplane/airplane_blur_00245.png,airplane,vehicle,air,blur,airplane_02470
pixelated/airplane/airplane_pixelated_00245.png,airplane,vehicle,air,pixelated,airplane_02470
noise/airplane/airplane_noise_00245.png,airplane,vehicle,air,noise,airplane_02470
clean/frog/frog_clean_00248.png,frog,animal,land,clean,frog_02471
blur/frog/frog_blur_00248.png,frog,animal,land,blur,frog_02471
pixelated/frog/frog_pixelated_00248.png,frog,animal,land,pixelated,frog_02471
noise/frog/frog_noise_00248.png,frog,animal,land,noise,frog_02471
clean/horse/horse_clean_00250.png,horse,animal,land,clean,horse_02472
blur/horse/horse_blur_00250.png,horse,animal,land,blur,horse_02472
pixelated/horse/horse_pixelated_00250.png,horse,animal,land,pixelated,horse_02472
noise/horse/horse_noise_00250.png,horse,animal,land,noise,horse_02472
clean/ship/ship_clean_00252.png,ship,vehicle,water,clean,ship_02473
blur/ship/ship_blur_00252.png,ship,vehicle,water,blur,ship_02473
pixelated/ship/ship_pixelated_00252.png,ship,vehicle,water,pixelated,ship_02473
noise/ship/ship_noise_00252.png,ship,vehicle,water,noise,ship_02473
clean/truck/truck_clean_00257.png,truck,vehicle,land,clean,truck_02474
blur/truck/truck_blur_00257.png,truck,vehicle,land,blur,truck_02474
pixelated/truck/truck_pixelated_00257.png,truck,vehicle,land,pixelated,truck_02474
noise/truck/truck_noise_00257.png,truck,vehicle,land,noise,truck_02474
clean/airplane/airplane_clean_00246.png,airplane,vehicle,air,clean,airplane_02475
blur/airplane/airplane_blur_00246.png,airplane,vehicle,air,blur,airplane_02475
pixelated/airplane/airplane_pixelated_00246.png,airplane,vehicle,air,pixelated,airplane_02475
noise/airplane/airplane_noise_00246.png,airplane,vehicle,air,noise,airplane_02475
clean/automobile/automobile_clean_00234.png,automobile,vehicle,land,clean,automobile_02476
blur/automobile/automobile_blur_00234.png,automobile,vehicle,land,blur,automobile_02476
pixelated/automobile/automobile_pixelated_00234.png,automobile,vehicle,land,pixelated,automobile_02476
noise/automobile/automobile_noise_00234.png,automobile,vehicle,land,noise,automobile_02476
clean/frog/frog_clean_00249.png,frog,animal,land,clean,frog_02477
blur/frog/frog_blur_00249.png,frog,animal,land,blur,frog_02477
pixelated/frog/frog_pixelated_00249.png,frog,animal,land,pixelated,frog_02477
noise/frog/frog_noise_00249.png,frog,animal,land,noise,frog_02477
clean/horse/horse_clean_00251.png,horse,animal,land,clean,horse_02478
blur/horse/horse_blur_00251.png,horse,animal,land,blur,horse_02478
pixelated/horse/horse_pixelated_00251.png,horse,animal,land,pixelated,horse_02478
noise/horse/horse_noise_00251.png,horse,animal,land,noise,horse_02478
clean/cat/cat_clean_00252.png,cat,animal,land,clean,cat_02479
blur/cat/cat_blur_00252.png,cat,animal,land,blur,cat_02479
pixelated/cat/cat_pixelated_00252.png,cat,animal,land,pixelated,cat_02479
noise/cat/cat_noise_00252.png,cat,animal,land,noise,cat_02479
clean/truck/truck_clean_00258.png,truck,vehicle,land,clean,truck_02480
blur/truck/truck_blur_00258.png,truck,vehicle,land,blur,truck_02480
pixelated/truck/truck_pixelated_00258.png,truck,vehicle,land,pixelated,truck_02480
noise/truck/truck_noise_00258.png,truck,vehicle,land,noise,truck_02480
clean/horse/horse_clean_00252.png,horse,animal,land,clean,horse_02481
blur/horse/horse_blur_00252.png,horse,animal,land,blur,horse_02481
pixelated/horse/horse_pixelated_00252.png,horse,animal,land,pixelated,horse_02481
noise/horse/horse_noise_00252.png,horse,animal,land,noise,horse_02481
clean/deer/deer_clean_00244.png,deer,animal,land,clean,deer_02482
blur/deer/deer_blur_00244.png,deer,animal,land,blur,deer_02482
pixelated/deer/deer_pixelated_00244.png,deer,animal,land,pixelated,deer_02482
noise/deer/deer_noise_00244.png,deer,animal,land,noise,deer_02482
clean/truck/truck_clean_00259.png,truck,vehicle,land,clean,truck_02483
blur/truck/truck_blur_00259.png,truck,vehicle,land,blur,truck_02483
pixelated/truck/truck_pixelated_00259.png,truck,vehicle,land,pixelated,truck_02483
noise/truck/truck_noise_00259.png,truck,vehicle,land,noise,truck_02483
clean/ship/ship_clean_00253.png,ship,vehicle,water,clean,ship_02484
blur/ship/ship_blur_00253.png,ship,vehicle,water,blur,ship_02484
pixelated/ship/ship_pixelated_00253.png,ship,vehicle,water,pixelated,ship_02484
noise/ship/ship_noise_00253.png,ship,vehicle,water,noise,ship_02484
clean/horse/horse_clean_00253.png,horse,animal,land,clean,horse_02485
blur/horse/horse_blur_00253.png,horse,animal,land,blur,horse_02485
pixelated/horse/horse_pixelated_00253.png,horse,animal,land,pixelated,horse_02485
noise/horse/horse_noise_00253.png,horse,animal,land,noise,horse_02485
clean/automobile/automobile_clean_00235.png,automobile,vehicle,land,clean,automobile_02486
blur/automobile/automobile_blur_00235.png,automobile,vehicle,land,blur,automobile_02486
pixelated/automobile/automobile_pixelated_00235.png,automobile,vehicle,land,pixelated,automobile_02486
noise/automobile/automobile_noise_00235.png,automobile,vehicle,land,noise,automobile_02486
clean/frog/frog_clean_00250.png,frog,animal,land,clean,frog_02487
blur/frog/frog_blur_00250.png,frog,animal,land,blur,frog_02487
pixelated/frog/frog_pixelated_00250.png,frog,animal,land,pixelated,frog_02487
noise/frog/frog_noise_00250.png,frog,animal,land,noise,frog_02487
clean/frog/frog_clean_00251.png,frog,animal,land,clean,frog_02488
blur/frog/frog_blur_00251.png,frog,animal,land,blur,frog_02488
pixelated/frog/frog_pixelated_00251.png,frog,animal,land,pixelated,frog_02488
noise/frog/frog_noise_00251.png,frog,animal,land,noise,frog_02488
clean/cat/cat_clean_00253.png,cat,animal,land,clean,cat_02489
blur/cat/cat_blur_00253.png,cat,animal,land,blur,cat_02489
pixelated/cat/cat_pixelated_00253.png,cat,animal,land,pixelated,cat_02489
noise/cat/cat_noise_00253.png,cat,animal,land,noise,cat_02489
clean/frog/frog_clean_00252.png,frog,animal,land,clean,frog_02490
blur/frog/frog_blur_00252.png,frog,animal,land,blur,frog_02490
pixelated/frog/frog_pixelated_00252.png,frog,animal,land,pixelated,frog_02490
noise/frog/frog_noise_00252.png,frog,animal,land,noise,frog_02490
clean/airplane/airplane_clean_00247.png,airplane,vehicle,air,clean,airplane_02491
blur/airplane/airplane_blur_00247.png,airplane,vehicle,air,blur,airplane_02491
pixelated/airplane/airplane_pixelated_00247.png,airplane,vehicle,air,pixelated,airplane_02491
noise/airplane/airplane_noise_00247.png,airplane,vehicle,air,noise,airplane_02491
clean/truck/truck_clean_00260.png,truck,vehicle,land,clean,truck_02492
blur/truck/truck_blur_00260.png,truck,vehicle,land,blur,truck_02492
pixelated/truck/truck_pixelated_00260.png,truck,vehicle,land,pixelated,truck_02492
noise/truck/truck_noise_00260.png,truck,vehicle,land,noise,truck_02492
clean/dog/dog_clean_00238.png,dog,animal,land,clean,dog_02493
blur/dog/dog_blur_00238.png,dog,animal,land,blur,dog_02493
pixelated/dog/dog_pixelated_00238.png,dog,animal,land,pixelated,dog_02493
noise/dog/dog_noise_00238.png,dog,animal,land,noise,dog_02493
clean/cat/cat_clean_00254.png,cat,animal,land,clean,cat_02494
blur/cat/cat_blur_00254.png,cat,animal,land,blur,cat_02494
pixelated/cat/cat_pixelated_00254.png,cat,animal,land,pixelated,cat_02494
noise/cat/cat_noise_00254.png,cat,animal,land,noise,cat_02494
clean/dog/dog_clean_00239.png,dog,animal,land,clean,dog_02495
blur/dog/dog_blur_00239.png,dog,animal,land,blur,dog_02495
pixelated/dog/dog_pixelated_00239.png,dog,animal,land,pixelated,dog_02495
noise/dog/dog_noise_00239.png,dog,animal,land,noise,dog_02495
clean/automobile/automobile_clean_00236.png,automobile,vehicle,land,clean,automobile_02496
blur/automobile/automobile_blur_00236.png,automobile,vehicle,land,blur,automobile_02496
pixelated/automobile/automobile_pixelated_00236.png,automobile,vehicle,land,pixelated,automobile_02496
noise/automobile/automobile_noise_00236.png,automobile,vehicle,land,noise,automobile_02496
clean/dog/dog_clean_00240.png,dog,animal,land,clean,dog_02497
blur/dog/dog_blur_00240.png,dog,animal,land,blur,dog_02497
pixelated/dog/dog_pixelated_00240.png,dog,animal,land,pixelated,dog_02497
noise/dog/dog_noise_00240.png,dog,animal,land,noise,dog_02497
clean/airplane/airplane_clean_00248.png,airplane,vehicle,air,clean,airplane_02498
blur/airplane/airplane_blur_00248.png,airplane,vehicle,air,blur,airplane_02498
pixelated/airplane/airplane_pixelated_00248.png,airplane,vehicle,air,pixelated,airplane_02498
noise/airplane/airplane_noise_00248.png,airplane,vehicle,air,noise,airplane_02498
clean/ship/ship_clean_00254.png,ship,vehicle,water,clean,ship_02499
blur/ship/ship_blur_00254.png,ship,vehicle,water,blur,ship_02499
pixelated/ship/ship_pixelated_00254.png,ship,vehicle,water,pixelated,ship_02499
noise/ship/ship_noise_00254.png,ship,vehicle,water,noise,ship_02499
clean/airplane/airplane_clean_00249.png,airplane,vehicle,air,clean,airplane_02500
blur/airplane/airplane_blur_00249.png,airplane,vehicle,air,blur,airplane_02500
pixelated/airplane/airplane_pixelated_00249.png,airplane,vehicle,air,pixelated,airplane_02500
noise/airplane/airplane_noise_00249.png,airplane,vehicle,air,noise,airplane_02500
clean/automobile/automobile_clean_00237.png,automobile,vehicle,land,clean,automobile_02501
blur/automobile/automobile_blur_00237.png,automobile,vehicle,land,blur,automobile_02501
pixelated/automobile/automobile_pixelated_00237.png,automobile,vehicle,land,pixelated,automobile_02501
noise/automobile/automobile_noise_00237.png,automobile,vehicle,land,noise,automobile_02501
clean/ship/ship_clean_00255.png,ship,vehicle,water,clean,ship_02502
blur/ship/ship_blur_00255.png,ship,vehicle,water,blur,ship_02502
pixelated/ship/ship_pixelated_00255.png,ship,vehicle,water,pixelated,ship_02502
noise/ship/ship_noise_00255.png,ship,vehicle,water,noise,ship_02502
clean/frog/frog_clean_00253.png,frog,animal,land,clean,frog_02503
blur/frog/frog_blur_00253.png,frog,animal,land,blur,frog_02503
pixelated/frog/frog_pixelated_00253.png,frog,animal,land,pixelated,frog_02503
noise/frog/frog_noise_00253.png,frog,animal,land,noise,frog_02503
clean/automobile/automobile_clean_00238.png,automobile,vehicle,land,clean,automobile_02504
blur/automobile/automobile_blur_00238.png,automobile,vehicle,land,blur,automobile_02504
pixelated/automobile/automobile_pixelated_00238.png,automobile,vehicle,land,pixelated,automobile_02504
noise/automobile/automobile_noise_00238.png,automobile,vehicle,land,noise,automobile_02504
clean/horse/horse_clean_00254.png,horse,animal,land,clean,horse_02505
blur/horse/horse_blur_00254.png,horse,animal,land,blur,horse_02505
pixelated/horse/horse_pixelated_00254.png,horse,animal,land,pixelated,horse_02505
noise/horse/horse_noise_00254.png,horse,animal,land,noise,horse_02505
clean/cat/cat_clean_00255.png,cat,animal,land,clean,cat_02506
blur/cat/cat_blur_00255.png,cat,animal,land,blur,cat_02506
pixelated/cat/cat_pixelated_00255.png,cat,animal,land,pixelated,cat_02506
noise/cat/cat_noise_00255.png,cat,animal,land,noise,cat_02506
clean/truck/truck_clean_00261.png,truck,vehicle,land,clean,truck_02507
blur/truck/truck_blur_00261.png,truck,vehicle,land,blur,truck_02507
pixelated/truck/truck_pixelated_00261.png,truck,vehicle,land,pixelated,truck_02507
noise/truck/truck_noise_00261.png,truck,vehicle,land,noise,truck_02507
clean/automobile/automobile_clean_00239.png,automobile,vehicle,land,clean,automobile_02508
blur/automobile/automobile_blur_00239.png,automobile,vehicle,land,blur,automobile_02508
pixelated/automobile/automobile_pixelated_00239.png,automobile,vehicle,land,pixelated,automobile_02508
noise/automobile/automobile_noise_00239.png,automobile,vehicle,land,noise,automobile_02508
clean/airplane/airplane_clean_00250.png,airplane,vehicle,air,clean,airplane_02509
blur/airplane/airplane_blur_00250.png,airplane,vehicle,air,blur,airplane_02509
pixelated/airplane/airplane_pixelated_00250.png,airplane,vehicle,air,pixelated,airplane_02509
noise/airplane/airplane_noise_00250.png,airplane,vehicle,air,noise,airplane_02509
clean/dog/dog_clean_00241.png,dog,animal,land,clean,dog_02510
blur/dog/dog_blur_00241.png,dog,animal,land,blur,dog_02510
pixelated/dog/dog_pixelated_00241.png,dog,animal,land,pixelated,dog_02510
noise/dog/dog_noise_00241.png,dog,animal,land,noise,dog_02510
clean/horse/horse_clean_00255.png,horse,animal,land,clean,horse_02511
blur/horse/horse_blur_00255.png,horse,animal,land,blur,horse_02511
pixelated/horse/horse_pixelated_00255.png,horse,animal,land,pixelated,horse_02511
noise/horse/horse_noise_00255.png,horse,animal,land,noise,horse_02511
clean/frog/frog_clean_00254.png,frog,animal,land,clean,frog_02512
blur/frog/frog_blur_00254.png,frog,animal,land,blur,frog_02512
pixelated/frog/frog_pixelated_00254.png,frog,animal,land,pixelated,frog_02512
noise/frog/frog_noise_00254.png,frog,animal,land,noise,frog_02512
clean/automobile/automobile_clean_00240.png,automobile,vehicle,land,clean,automobile_02513
blur/automobile/automobile_blur_00240.png,automobile,vehicle,land,blur,automobile_02513
pixelated/automobile/automobile_pixelated_00240.png,automobile,vehicle,land,pixelated,automobile_02513
noise/automobile/automobile_noise_00240.png,automobile,vehicle,land,noise,automobile_02513
clean/airplane/airplane_clean_00251.png,airplane,vehicle,air,clean,airplane_02514
blur/airplane/airplane_blur_00251.png,airplane,vehicle,air,blur,airplane_02514
pixelated/airplane/airplane_pixelated_00251.png,airplane,vehicle,air,pixelated,airplane_02514
noise/airplane/airplane_noise_00251.png,airplane,vehicle,air,noise,airplane_02514
clean/ship/ship_clean_00256.png,ship,vehicle,water,clean,ship_02515
blur/ship/ship_blur_00256.png,ship,vehicle,water,blur,ship_02515
pixelated/ship/ship_pixelated_00256.png,ship,vehicle,water,pixelated,ship_02515
noise/ship/ship_noise_00256.png,ship,vehicle,water,noise,ship_02515
clean/dog/dog_clean_00242.png,dog,animal,land,clean,dog_02516
blur/dog/dog_blur_00242.png,dog,animal,land,blur,dog_02516
pixelated/dog/dog_pixelated_00242.png,dog,animal,land,pixelated,dog_02516
noise/dog/dog_noise_00242.png,dog,animal,land,noise,dog_02516
clean/airplane/airplane_clean_00252.png,airplane,vehicle,air,clean,airplane_02517
blur/airplane/airplane_blur_00252.png,airplane,vehicle,air,blur,airplane_02517
pixelated/airplane/airplane_pixelated_00252.png,airplane,vehicle,air,pixelated,airplane_02517
noise/airplane/airplane_noise_00252.png,airplane,vehicle,air,noise,airplane_02517
clean/dog/dog_clean_00243.png,dog,animal,land,clean,dog_02518
blur/dog/dog_blur_00243.png,dog,animal,land,blur,dog_02518
pixelated/dog/dog_pixelated_00243.png,dog,animal,land,pixelated,dog_02518
noise/dog/dog_noise_00243.png,dog,animal,land,noise,dog_02518
clean/deer/deer_clean_00245.png,deer,animal,land,clean,deer_02519
blur/deer/deer_blur_00245.png,deer,animal,land,blur,deer_02519
pixelated/deer/deer_pixelated_00245.png,deer,animal,land,pixelated,deer_02519
noise/deer/deer_noise_00245.png,deer,animal,land,noise,deer_02519
clean/airplane/airplane_clean_00253.png,airplane,vehicle,air,clean,airplane_02520
blur/airplane/airplane_blur_00253.png,airplane,vehicle,air,blur,airplane_02520
pixelated/airplane/airplane_pixelated_00253.png,airplane,vehicle,air,pixelated,airplane_02520
noise/airplane/airplane_noise_00253.png,airplane,vehicle,air,noise,airplane_02520
clean/deer/deer_clean_00246.png,deer,animal,land,clean,deer_02521
blur/deer/deer_blur_00246.png,deer,animal,land,blur,deer_02521
pixelated/deer/deer_pixelated_00246.png,deer,animal,land,pixelated,deer_02521
noise/deer/deer_noise_00246.png,deer,animal,land,noise,deer_02521
clean/airplane/airplane_clean_00254.png,airplane,vehicle,air,clean,airplane_02522
blur/airplane/airplane_blur_00254.png,airplane,vehicle,air,blur,airplane_02522
pixelated/airplane/airplane_pixelated_00254.png,airplane,vehicle,air,pixelated,airplane_02522
noise/airplane/airplane_noise_00254.png,airplane,vehicle,air,noise,airplane_02522
clean/deer/deer_clean_00247.png,deer,animal,land,clean,deer_02523
blur/deer/deer_blur_00247.png,deer,animal,land,blur,deer_02523
pixelated/deer/deer_pixelated_00247.png,deer,animal,land,pixelated,deer_02523
noise/deer/deer_noise_00247.png,deer,animal,land,noise,deer_02523
clean/cat/cat_clean_00256.png,cat,animal,land,clean,cat_02524
blur/cat/cat_blur_00256.png,cat,animal,land,blur,cat_02524
pixelated/cat/cat_pixelated_00256.png,cat,animal,land,pixelated,cat_02524
noise/cat/cat_noise_00256.png,cat,animal,land,noise,cat_02524
clean/truck/truck_clean_00262.png,truck,vehicle,land,clean,truck_02525
blur/truck/truck_blur_00262.png,truck,vehicle,land,blur,truck_02525
pixelated/truck/truck_pixelated_00262.png,truck,vehicle,land,pixelated,truck_02525
noise/truck/truck_noise_00262.png,truck,vehicle,land,noise,truck_02525
clean/frog/frog_clean_00255.png,frog,animal,land,clean,frog_02526
blur/frog/frog_blur_00255.png,frog,animal,land,blur,frog_02526
pixelated/frog/frog_pixelated_00255.png,frog,animal,land,pixelated,frog_02526
noise/frog/frog_noise_00255.png,frog,animal,land,noise,frog_02526
clean/cat/cat_clean_00257.png,cat,animal,land,clean,cat_02527
blur/cat/cat_blur_00257.png,cat,animal,land,blur,cat_02527
pixelated/cat/cat_pixelated_00257.png,cat,animal,land,pixelated,cat_02527
noise/cat/cat_noise_00257.png,cat,animal,land,noise,cat_02527
clean/ship/ship_clean_00257.png,ship,vehicle,water,clean,ship_02528
blur/ship/ship_blur_00257.png,ship,vehicle,water,blur,ship_02528
pixelated/ship/ship_pixelated_00257.png,ship,vehicle,water,pixelated,ship_02528
noise/ship/ship_noise_00257.png,ship,vehicle,water,noise,ship_02528
clean/deer/deer_clean_00248.png,deer,animal,land,clean,deer_02529
blur/deer/deer_blur_00248.png,deer,animal,land,blur,deer_02529
pixelated/deer/deer_pixelated_00248.png,deer,animal,land,pixelated,deer_02529
noise/deer/deer_noise_00248.png,deer,animal,land,noise,deer_02529
clean/horse/horse_clean_00256.png,horse,animal,land,clean,horse_02530
blur/horse/horse_blur_00256.png,horse,animal,land,blur,horse_02530
pixelated/horse/horse_pixelated_00256.png,horse,animal,land,pixelated,horse_02530
noise/horse/horse_noise_00256.png,horse,animal,land,noise,horse_02530
clean/airplane/airplane_clean_00255.png,airplane,vehicle,air,clean,airplane_02531
blur/airplane/airplane_blur_00255.png,airplane,vehicle,air,blur,airplane_02531
pixelated/airplane/airplane_pixelated_00255.png,airplane,vehicle,air,pixelated,airplane_02531
noise/airplane/airplane_noise_00255.png,airplane,vehicle,air,noise,airplane_02531
clean/cat/cat_clean_00258.png,cat,animal,land,clean,cat_02532
blur/cat/cat_blur_00258.png,cat,animal,land,blur,cat_02532
pixelated/cat/cat_pixelated_00258.png,cat,animal,land,pixelated,cat_02532
noise/cat/cat_noise_00258.png,cat,animal,land,noise,cat_02532
clean/dog/dog_clean_00244.png,dog,animal,land,clean,dog_02533
blur/dog/dog_blur_00244.png,dog,animal,land,blur,dog_02533
pixelated/dog/dog_pixelated_00244.png,dog,animal,land,pixelated,dog_02533
noise/dog/dog_noise_00244.png,dog,animal,land,noise,dog_02533
clean/automobile/automobile_clean_00241.png,automobile,vehicle,land,clean,automobile_02534
blur/automobile/automobile_blur_00241.png,automobile,vehicle,land,blur,automobile_02534
pixelated/automobile/automobile_pixelated_00241.png,automobile,vehicle,land,pixelated,automobile_02534
noise/automobile/automobile_noise_00241.png,automobile,vehicle,land,noise,automobile_02534
clean/truck/truck_clean_00263.png,truck,vehicle,land,clean,truck_02535
blur/truck/truck_blur_00263.png,truck,vehicle,land,blur,truck_02535
pixelated/truck/truck_pixelated_00263.png,truck,vehicle,land,pixelated,truck_02535
noise/truck/truck_noise_00263.png,truck,vehicle,land,noise,truck_02535
clean/airplane/airplane_clean_00256.png,airplane,vehicle,air,clean,airplane_02536
blur/airplane/airplane_blur_00256.png,airplane,vehicle,air,blur,airplane_02536
pixelated/airplane/airplane_pixelated_00256.png,airplane,vehicle,air,pixelated,airplane_02536
noise/airplane/airplane_noise_00256.png,airplane,vehicle,air,noise,airplane_02536
clean/truck/truck_clean_00264.png,truck,vehicle,land,clean,truck_02537
blur/truck/truck_blur_00264.png,truck,vehicle,land,blur,truck_02537
pixelated/truck/truck_pixelated_00264.png,truck,vehicle,land,pixelated,truck_02537
noise/truck/truck_noise_00264.png,truck,vehicle,land,noise,truck_02537
clean/bird/bird_clean_00259.png,bird,animal,air,clean,bird_02538
blur/bird/bird_blur_00259.png,bird,animal,air,blur,bird_02538
pixelated/bird/bird_pixelated_00259.png,bird,animal,air,pixelated,bird_02538
noise/bird/bird_noise_00259.png,bird,animal,air,noise,bird_02538
clean/deer/deer_clean_00249.png,deer,animal,land,clean,deer_02539
blur/deer/deer_blur_00249.png,deer,animal,land,blur,deer_02539
pixelated/deer/deer_pixelated_00249.png,deer,animal,land,pixelated,deer_02539
noise/deer/deer_noise_00249.png,deer,animal,land,noise,deer_02539
clean/ship/ship_clean_00258.png,ship,vehicle,water,clean,ship_02540
blur/ship/ship_blur_00258.png,ship,vehicle,water,blur,ship_02540
pixelated/ship/ship_pixelated_00258.png,ship,vehicle,water,pixelated,ship_02540
noise/ship/ship_noise_00258.png,ship,vehicle,water,noise,ship_02540
clean/dog/dog_clean_00245.png,dog,animal,land,clean,dog_02541
blur/dog/dog_blur_00245.png,dog,animal,land,blur,dog_02541
pixelated/dog/dog_pixelated_00245.png,dog,animal,land,pixelated,dog_02541
noise/dog/dog_noise_00245.png,dog,animal,land,noise,dog_02541
clean/airplane/airplane_clean_00257.png,airplane,vehicle,air,clean,airplane_02542
blur/airplane/airplane_blur_00257.png,airplane,vehicle,air,blur,airplane_02542
pixelated/airplane/airplane_pixelated_00257.png,airplane,vehicle,air,pixelated,airplane_02542
noise/airplane/airplane_noise_00257.png,airplane,vehicle,air,noise,airplane_02542
clean/truck/truck_clean_00265.png,truck,vehicle,land,clean,truck_02543
blur/truck/truck_blur_00265.png,truck,vehicle,land,blur,truck_02543
pixelated/truck/truck_pixelated_00265.png,truck,vehicle,land,pixelated,truck_02543
noise/truck/truck_noise_00265.png,truck,vehicle,land,noise,truck_02543
clean/automobile/automobile_clean_00242.png,automobile,vehicle,land,clean,automobile_02544
blur/automobile/automobile_blur_00242.png,automobile,vehicle,land,blur,automobile_02544
pixelated/automobile/automobile_pixelated_00242.png,automobile,vehicle,land,pixelated,automobile_02544
noise/automobile/automobile_noise_00242.png,automobile,vehicle,land,noise,automobile_02544
clean/truck/truck_clean_00266.png,truck,vehicle,land,clean,truck_02545
blur/truck/truck_blur_00266.png,truck,vehicle,land,blur,truck_02545
pixelated/truck/truck_pixelated_00266.png,truck,vehicle,land,pixelated,truck_02545
noise/truck/truck_noise_00266.png,truck,vehicle,land,noise,truck_02545
clean/bird/bird_clean_00260.png,bird,animal,air,clean,bird_02546
blur/bird/bird_blur_00260.png,bird,animal,air,blur,bird_02546
pixelated/bird/bird_pixelated_00260.png,bird,animal,air,pixelated,bird_02546
noise/bird/bird_noise_00260.png,bird,animal,air,noise,bird_02546
clean/airplane/airplane_clean_00258.png,airplane,vehicle,air,clean,airplane_02547
blur/airplane/airplane_blur_00258.png,airplane,vehicle,air,blur,airplane_02547
pixelated/airplane/airplane_pixelated_00258.png,airplane,vehicle,air,pixelated,airplane_02547
noise/airplane/airplane_noise_00258.png,airplane,vehicle,air,noise,airplane_02547
clean/deer/deer_clean_00250.png,deer,animal,land,clean,deer_02548
blur/deer/deer_blur_00250.png,deer,animal,land,blur,deer_02548
pixelated/deer/deer_pixelated_00250.png,deer,animal,land,pixelated,deer_02548
noise/deer/deer_noise_00250.png,deer,animal,land,noise,deer_02548
clean/ship/ship_clean_00259.png,ship,vehicle,water,clean,ship_02549
blur/ship/ship_blur_00259.png,ship,vehicle,water,blur,ship_02549
pixelated/ship/ship_pixelated_00259.png,ship,vehicle,water,pixelated,ship_02549
noise/ship/ship_noise_00259.png,ship,vehicle,water,noise,ship_02549
clean/ship/ship_clean_00260.png,ship,vehicle,water,clean,ship_02550
blur/ship/ship_blur_00260.png,ship,vehicle,water,blur,ship_02550
pixelated/ship/ship_pixelated_00260.png,ship,vehicle,water,pixelated,ship_02550
noise/ship/ship_noise_00260.png,ship,vehicle,water,noise,ship_02550
clean/cat/cat_clean_00259.png,cat,animal,land,clean,cat_02551
blur/cat/cat_blur_00259.png,cat,animal,land,blur,cat_02551
pixelated/cat/cat_pixelated_00259.png,cat,animal,land,pixelated,cat_02551
noise/cat/cat_noise_00259.png,cat,animal,land,noise,cat_02551
clean/horse/horse_clean_00257.png,horse,animal,land,clean,horse_02552
blur/horse/horse_blur_00257.png,horse,animal,land,blur,horse_02552
pixelated/horse/horse_pixelated_00257.png,horse,animal,land,pixelated,horse_02552
noise/horse/horse_noise_00257.png,horse,animal,land,noise,horse_02552
clean/frog/frog_clean_00256.png,frog,animal,land,clean,frog_02553
blur/frog/frog_blur_00256.png,frog,animal,land,blur,frog_02553
pixelated/frog/frog_pixelated_00256.png,frog,animal,land,pixelated,frog_02553
noise/frog/frog_noise_00256.png,frog,animal,land,noise,frog_02553
clean/dog/dog_clean_00246.png,dog,animal,land,clean,dog_02554
blur/dog/dog_blur_00246.png,dog,animal,land,blur,dog_02554
pixelated/dog/dog_pixelated_00246.png,dog,animal,land,pixelated,dog_02554
noise/dog/dog_noise_00246.png,dog,animal,land,noise,dog_02554
clean/automobile/automobile_clean_00243.png,automobile,vehicle,land,clean,automobile_02555
blur/automobile/automobile_blur_00243.png,automobile,vehicle,land,blur,automobile_02555
pixelated/automobile/automobile_pixelated_00243.png,automobile,vehicle,land,pixelated,automobile_02555
noise/automobile/automobile_noise_00243.png,automobile,vehicle,land,noise,automobile_02555
clean/frog/frog_clean_00257.png,frog,animal,land,clean,frog_02556
blur/frog/frog_blur_00257.png,frog,animal,land,blur,frog_02556
pixelated/frog/frog_pixelated_00257.png,frog,animal,land,pixelated,frog_02556
noise/frog/frog_noise_00257.png,frog,animal,land,noise,frog_02556
clean/automobile/automobile_clean_00244.png,automobile,vehicle,land,clean,automobile_02557
blur/automobile/automobile_blur_00244.png,automobile,vehicle,land,blur,automobile_02557
pixelated/automobile/automobile_pixelated_00244.png,automobile,vehicle,land,pixelated,automobile_02557
noise/automobile/automobile_noise_00244.png,automobile,vehicle,land,noise,automobile_02557
clean/deer/deer_clean_00251.png,deer,animal,land,clean,deer_02558
blur/deer/deer_blur_00251.png,deer,animal,land,blur,deer_02558
pixelated/deer/deer_pixelated_00251.png,deer,animal,land,pixelated,deer_02558
noise/deer/deer_noise_00251.png,deer,animal,land,noise,deer_02558
clean/airplane/airplane_clean_00259.png,airplane,vehicle,air,clean,airplane_02559
blur/airplane/airplane_blur_00259.png,airplane,vehicle,air,blur,airplane_02559
pixelated/airplane/airplane_pixelated_00259.png,airplane,vehicle,air,pixelated,airplane_02559
noise/airplane/airplane_noise_00259.png,airplane,vehicle,air,noise,airplane_02559
clean/deer/deer_clean_00252.png,deer,animal,land,clean,deer_02560
blur/deer/deer_blur_00252.png,deer,animal,land,blur,deer_02560
pixelated/deer/deer_pixelated_00252.png,deer,animal,land,pixelated,deer_02560
noise/deer/deer_noise_00252.png,deer,animal,land,noise,deer_02560
clean/deer/deer_clean_00253.png,deer,animal,land,clean,deer_02561
blur/deer/deer_blur_00253.png,deer,animal,land,blur,deer_02561
pixelated/deer/deer_pixelated_00253.png,deer,animal,land,pixelated,deer_02561
noise/deer/deer_noise_00253.png,deer,animal,land,noise,deer_02561
clean/deer/deer_clean_00254.png,deer,animal,land,clean,deer_02562
blur/deer/deer_blur_00254.png,deer,animal,land,blur,deer_02562
pixelated/deer/deer_pixelated_00254.png,deer,animal,land,pixelated,deer_02562
noise/deer/deer_noise_00254.png,deer,animal,land,noise,deer_02562
clean/airplane/airplane_clean_00260.png,airplane,vehicle,air,clean,airplane_02563
blur/airplane/airplane_blur_00260.png,airplane,vehicle,air,blur,airplane_02563
pixelated/airplane/airplane_pixelated_00260.png,airplane,vehicle,air,pixelated,airplane_02563
noise/airplane/airplane_noise_00260.png,airplane,vehicle,air,noise,airplane_02563
clean/cat/cat_clean_00260.png,cat,animal,land,clean,cat_02564
blur/cat/cat_blur_00260.png,cat,animal,land,blur,cat_02564
pixelated/cat/cat_pixelated_00260.png,cat,animal,land,pixelated,cat_02564
noise/cat/cat_noise_00260.png,cat,animal,land,noise,cat_02564
clean/ship/ship_clean_00261.png,ship,vehicle,water,clean,ship_02565
blur/ship/ship_blur_00261.png,ship,vehicle,water,blur,ship_02565
pixelated/ship/ship_pixelated_00261.png,ship,vehicle,water,pixelated,ship_02565
noise/ship/ship_noise_00261.png,ship,vehicle,water,noise,ship_02565
clean/airplane/airplane_clean_00261.png,airplane,vehicle,air,clean,airplane_02566
blur/airplane/airplane_blur_00261.png,airplane,vehicle,air,blur,airplane_02566
pixelated/airplane/airplane_pixelated_00261.png,airplane,vehicle,air,pixelated,airplane_02566
noise/airplane/airplane_noise_00261.png,airplane,vehicle,air,noise,airplane_02566
clean/automobile/automobile_clean_00245.png,automobile,vehicle,land,clean,automobile_02567
blur/automobile/automobile_blur_00245.png,automobile,vehicle,land,blur,automobile_02567
pixelated/automobile/automobile_pixelated_00245.png,automobile,vehicle,land,pixelated,automobile_02567
noise/automobile/automobile_noise_00245.png,automobile,vehicle,land,noise,automobile_02567
clean/automobile/automobile_clean_00246.png,automobile,vehicle,land,clean,automobile_02568
blur/automobile/automobile_blur_00246.png,automobile,vehicle,land,blur,automobile_02568
pixelated/automobile/automobile_pixelated_00246.png,automobile,vehicle,land,pixelated,automobile_02568
noise/automobile/automobile_noise_00246.png,automobile,vehicle,land,noise,automobile_02568
clean/frog/frog_clean_00258.png,frog,animal,land,clean,frog_02569
blur/frog/frog_blur_00258.png,frog,animal,land,blur,frog_02569
pixelated/frog/frog_pixelated_00258.png,frog,animal,land,pixelated,frog_02569
noise/frog/frog_noise_00258.png,frog,animal,land,noise,frog_02569
clean/frog/frog_clean_00259.png,frog,animal,land,clean,frog_02570
blur/frog/frog_blur_00259.png,frog,animal,land,blur,frog_02570
pixelated/frog/frog_pixelated_00259.png,frog,animal,land,pixelated,frog_02570
noise/frog/frog_noise_00259.png,frog,animal,land,noise,frog_02570
clean/airplane/airplane_clean_00262.png,airplane,vehicle,air,clean,airplane_02571
blur/airplane/airplane_blur_00262.png,airplane,vehicle,air,blur,airplane_02571
pixelated/airplane/airplane_pixelated_00262.png,airplane,vehicle,air,pixelated,airplane_02571
noise/airplane/airplane_noise_00262.png,airplane,vehicle,air,noise,airplane_02571
clean/cat/cat_clean_00261.png,cat,animal,land,clean,cat_02572
blur/cat/cat_blur_00261.png,cat,animal,land,blur,cat_02572
pixelated/cat/cat_pixelated_00261.png,cat,animal,land,pixelated,cat_02572
noise/cat/cat_noise_00261.png,cat,animal,land,noise,cat_02572
clean/automobile/automobile_clean_00247.png,automobile,vehicle,land,clean,automobile_02573
blur/automobile/automobile_blur_00247.png,automobile,vehicle,land,blur,automobile_02573
pixelated/automobile/automobile_pixelated_00247.png,automobile,vehicle,land,pixelated,automobile_02573
noise/automobile/automobile_noise_00247.png,automobile,vehicle,land,noise,automobile_02573
clean/deer/deer_clean_00255.png,deer,animal,land,clean,deer_02574
blur/deer/deer_blur_00255.png,deer,animal,land,blur,deer_02574
pixelated/deer/deer_pixelated_00255.png,deer,animal,land,pixelated,deer_02574
noise/deer/deer_noise_00255.png,deer,animal,land,noise,deer_02574
clean/automobile/automobile_clean_00248.png,automobile,vehicle,land,clean,automobile_02575
blur/automobile/automobile_blur_00248.png,automobile,vehicle,land,blur,automobile_02575
pixelated/automobile/automobile_pixelated_00248.png,automobile,vehicle,land,pixelated,automobile_02575
noise/automobile/automobile_noise_00248.png,automobile,vehicle,land,noise,automobile_02575
clean/ship/ship_clean_00262.png,ship,vehicle,water,clean,ship_02576
blur/ship/ship_blur_00262.png,ship,vehicle,water,blur,ship_02576
pixelated/ship/ship_pixelated_00262.png,ship,vehicle,water,pixelated,ship_02576
noise/ship/ship_noise_00262.png,ship,vehicle,water,noise,ship_02576
clean/airplane/airplane_clean_00263.png,airplane,vehicle,air,clean,airplane_02577
blur/airplane/airplane_blur_00263.png,airplane,vehicle,air,blur,airplane_02577
pixelated/airplane/airplane_pixelated_00263.png,airplane,vehicle,air,pixelated,airplane_02577
noise/airplane/airplane_noise_00263.png,airplane,vehicle,air,noise,airplane_02577
clean/truck/truck_clean_00267.png,truck,vehicle,land,clean,truck_02578
blur/truck/truck_blur_00267.png,truck,vehicle,land,blur,truck_02578
pixelated/truck/truck_pixelated_00267.png,truck,vehicle,land,pixelated,truck_02578
noise/truck/truck_noise_00267.png,truck,vehicle,land,noise,truck_02578
clean/dog/dog_clean_00247.png,dog,animal,land,clean,dog_02579
blur/dog/dog_blur_00247.png,dog,animal,land,blur,dog_02579
pixelated/dog/dog_pixelated_00247.png,dog,animal,land,pixelated,dog_02579
noise/dog/dog_noise_00247.png,dog,animal,land,noise,dog_02579
clean/deer/deer_clean_00256.png,deer,animal,land,clean,deer_02580
blur/deer/deer_blur_00256.png,deer,animal,land,blur,deer_02580
pixelated/deer/deer_pixelated_00256.png,deer,animal,land,pixelated,deer_02580
noise/deer/deer_noise_00256.png,deer,animal,land,noise,deer_02580
clean/truck/truck_clean_00268.png,truck,vehicle,land,clean,truck_02581
blur/truck/truck_blur_00268.png,truck,vehicle,land,blur,truck_02581
pixelated/truck/truck_pixelated_00268.png,truck,vehicle,land,pixelated,truck_02581
noise/truck/truck_noise_00268.png,truck,vehicle,land,noise,truck_02581
clean/frog/frog_clean_00260.png,frog,animal,land,clean,frog_02582
blur/frog/frog_blur_00260.png,frog,animal,land,blur,frog_02582
pixelated/frog/frog_pixelated_00260.png,frog,animal,land,pixelated,frog_02582
noise/frog/frog_noise_00260.png,frog,animal,land,noise,frog_02582
clean/frog/frog_clean_00261.png,frog,animal,land,clean,frog_02583
blur/frog/frog_blur_00261.png,frog,animal,land,blur,frog_02583
pixelated/frog/frog_pixelated_00261.png,frog,animal,land,pixelated,frog_02583
noise/frog/frog_noise_00261.png,frog,animal,land,noise,frog_02583
clean/horse/horse_clean_00258.png,horse,animal,land,clean,horse_02584
blur/horse/horse_blur_00258.png,horse,animal,land,blur,horse_02584
pixelated/horse/horse_pixelated_00258.png,horse,animal,land,pixelated,horse_02584
noise/horse/horse_noise_00258.png,horse,animal,land,noise,horse_02584
clean/frog/frog_clean_00262.png,frog,animal,land,clean,frog_02585
blur/frog/frog_blur_00262.png,frog,animal,land,blur,frog_02585
pixelated/frog/frog_pixelated_00262.png,frog,animal,land,pixelated,frog_02585
noise/frog/frog_noise_00262.png,frog,animal,land,noise,frog_02585
clean/bird/bird_clean_00261.png,bird,animal,air,clean,bird_02586
blur/bird/bird_blur_00261.png,bird,animal,air,blur,bird_02586
pixelated/bird/bird_pixelated_00261.png,bird,animal,air,pixelated,bird_02586
noise/bird/bird_noise_00261.png,bird,animal,air,noise,bird_02586
clean/automobile/automobile_clean_00249.png,automobile,vehicle,land,clean,automobile_02587
blur/automobile/automobile_blur_00249.png,automobile,vehicle,land,blur,automobile_02587
pixelated/automobile/automobile_pixelated_00249.png,automobile,vehicle,land,pixelated,automobile_02587
noise/automobile/automobile_noise_00249.png,automobile,vehicle,land,noise,automobile_02587
clean/airplane/airplane_clean_00264.png,airplane,vehicle,air,clean,airplane_02588
blur/airplane/airplane_blur_00264.png,airplane,vehicle,air,blur,airplane_02588
pixelated/airplane/airplane_pixelated_00264.png,airplane,vehicle,air,pixelated,airplane_02588
noise/airplane/airplane_noise_00264.png,airplane,vehicle,air,noise,airplane_02588
clean/automobile/automobile_clean_00250.png,automobile,vehicle,land,clean,automobile_02589
blur/automobile/automobile_blur_00250.png,automobile,vehicle,land,blur,automobile_02589
pixelated/automobile/automobile_pixelated_00250.png,automobile,vehicle,land,pixelated,automobile_02589
noise/automobile/automobile_noise_00250.png,automobile,vehicle,land,noise,automobile_02589
clean/horse/horse_clean_00259.png,horse,animal,land,clean,horse_02590
blur/horse/horse_blur_00259.png,horse,animal,land,blur,horse_02590
pixelated/horse/horse_pixelated_00259.png,horse,animal,land,pixelated,horse_02590
noise/horse/horse_noise_00259.png,horse,animal,land,noise,horse_02590
clean/bird/bird_clean_00262.png,bird,animal,air,clean,bird_02591
blur/bird/bird_blur_00262.png,bird,animal,air,blur,bird_02591
pixelated/bird/bird_pixelated_00262.png,bird,animal,air,pixelated,bird_02591
noise/bird/bird_noise_00262.png,bird,animal,air,noise,bird_02591
clean/deer/deer_clean_00257.png,deer,animal,land,clean,deer_02592
blur/deer/deer_blur_00257.png,deer,animal,land,blur,deer_02592
pixelated/deer/deer_pixelated_00257.png,deer,animal,land,pixelated,deer_02592
noise/deer/deer_noise_00257.png,deer,animal,land,noise,deer_02592
clean/deer/deer_clean_00258.png,deer,animal,land,clean,deer_02593
blur/deer/deer_blur_00258.png,deer,animal,land,blur,deer_02593
pixelated/deer/deer_pixelated_00258.png,deer,animal,land,pixelated,deer_02593
noise/deer/deer_noise_00258.png,deer,animal,land,noise,deer_02593
clean/dog/dog_clean_00248.png,dog,animal,land,clean,dog_02594
blur/dog/dog_blur_00248.png,dog,animal,land,blur,dog_02594
pixelated/dog/dog_pixelated_00248.png,dog,animal,land,pixelated,dog_02594
noise/dog/dog_noise_00248.png,dog,animal,land,noise,dog_02594
clean/deer/deer_clean_00259.png,deer,animal,land,clean,deer_02595
blur/deer/deer_blur_00259.png,deer,animal,land,blur,deer_02595
pixelated/deer/deer_pixelated_00259.png,deer,animal,land,pixelated,deer_02595
noise/deer/deer_noise_00259.png,deer,animal,land,noise,deer_02595
clean/truck/truck_clean_00269.png,truck,vehicle,land,clean,truck_02596
blur/truck/truck_blur_00269.png,truck,vehicle,land,blur,truck_02596
pixelated/truck/truck_pixelated_00269.png,truck,vehicle,land,pixelated,truck_02596
noise/truck/truck_noise_00269.png,truck,vehicle,land,noise,truck_02596
clean/bird/bird_clean_00263.png,bird,animal,air,clean,bird_02597
blur/bird/bird_blur_00263.png,bird,animal,air,blur,bird_02597
pixelated/bird/bird_pixelated_00263.png,bird,animal,air,pixelated,bird_02597
noise/bird/bird_noise_00263.png,bird,animal,air,noise,bird_02597
clean/deer/deer_clean_00260.png,deer,animal,land,clean,deer_02598
blur/deer/deer_blur_00260.png,deer,animal,land,blur,deer_02598
pixelated/deer/deer_pixelated_00260.png,deer,animal,land,pixelated,deer_02598
noise/deer/deer_noise_00260.png,deer,animal,land,noise,deer_02598
clean/airplane/airplane_clean_00265.png,airplane,vehicle,air,clean,airplane_02599
blur/airplane/airplane_blur_00265.png,airplane,vehicle,air,blur,airplane_02599
pixelated/airplane/airplane_pixelated_00265.png,airplane,vehicle,air,pixelated,airplane_02599
noise/airplane/airplane_noise_00265.png,airplane,vehicle,air,noise,airplane_02599
clean/dog/dog_clean_00249.png,dog,animal,land,clean,dog_02600
blur/dog/dog_blur_00249.png,dog,animal,land,blur,dog_02600
pixelated/dog/dog_pixelated_00249.png,dog,animal,land,pixelated,dog_02600
noise/dog/dog_noise_00249.png,dog,animal,land,noise,dog_02600
clean/dog/dog_clean_00250.png,dog,animal,land,clean,dog_02601
blur/dog/dog_blur_00250.png,dog,animal,land,blur,dog_02601
pixelated/dog/dog_pixelated_00250.png,dog,animal,land,pixelated,dog_02601
noise/dog/dog_noise_00250.png,dog,animal,land,noise,dog_02601
clean/frog/frog_clean_00263.png,frog,animal,land,clean,frog_02602
blur/frog/frog_blur_00263.png,frog,animal,land,blur,frog_02602
pixelated/frog/frog_pixelated_00263.png,frog,animal,land,pixelated,frog_02602
noise/frog/frog_noise_00263.png,frog,animal,land,noise,frog_02602
clean/airplane/airplane_clean_00266.png,airplane,vehicle,air,clean,airplane_02603
blur/airplane/airplane_blur_00266.png,airplane,vehicle,air,blur,airplane_02603
pixelated/airplane/airplane_pixelated_00266.png,airplane,vehicle,air,pixelated,airplane_02603
noise/airplane/airplane_noise_00266.png,airplane,vehicle,air,noise,airplane_02603
clean/cat/cat_clean_00262.png,cat,animal,land,clean,cat_02604
blur/cat/cat_blur_00262.png,cat,animal,land,blur,cat_02604
pixelated/cat/cat_pixelated_00262.png,cat,animal,land,pixelated,cat_02604
noise/cat/cat_noise_00262.png,cat,animal,land,noise,cat_02604
clean/automobile/automobile_clean_00251.png,automobile,vehicle,land,clean,automobile_02605
blur/automobile/automobile_blur_00251.png,automobile,vehicle,land,blur,automobile_02605
pixelated/automobile/automobile_pixelated_00251.png,automobile,vehicle,land,pixelated,automobile_02605
noise/automobile/automobile_noise_00251.png,automobile,vehicle,land,noise,automobile_02605
clean/automobile/automobile_clean_00252.png,automobile,vehicle,land,clean,automobile_02606
blur/automobile/automobile_blur_00252.png,automobile,vehicle,land,blur,automobile_02606
pixelated/automobile/automobile_pixelated_00252.png,automobile,vehicle,land,pixelated,automobile_02606
noise/automobile/automobile_noise_00252.png,automobile,vehicle,land,noise,automobile_02606
clean/automobile/automobile_clean_00253.png,automobile,vehicle,land,clean,automobile_02607
blur/automobile/automobile_blur_00253.png,automobile,vehicle,land,blur,automobile_02607
pixelated/automobile/automobile_pixelated_00253.png,automobile,vehicle,land,pixelated,automobile_02607
noise/automobile/automobile_noise_00253.png,automobile,vehicle,land,noise,automobile_02607
clean/ship/ship_clean_00263.png,ship,vehicle,water,clean,ship_02608
blur/ship/ship_blur_00263.png,ship,vehicle,water,blur,ship_02608
pixelated/ship/ship_pixelated_00263.png,ship,vehicle,water,pixelated,ship_02608
noise/ship/ship_noise_00263.png,ship,vehicle,water,noise,ship_02608
clean/ship/ship_clean_00264.png,ship,vehicle,water,clean,ship_02609
blur/ship/ship_blur_00264.png,ship,vehicle,water,blur,ship_02609
pixelated/ship/ship_pixelated_00264.png,ship,vehicle,water,pixelated,ship_02609
noise/ship/ship_noise_00264.png,ship,vehicle,water,noise,ship_02609
clean/ship/ship_clean_00265.png,ship,vehicle,water,clean,ship_02610
blur/ship/ship_blur_00265.png,ship,vehicle,water,blur,ship_02610
pixelated/ship/ship_pixelated_00265.png,ship,vehicle,water,pixelated,ship_02610
noise/ship/ship_noise_00265.png,ship,vehicle,water,noise,ship_02610
clean/truck/truck_clean_00270.png,truck,vehicle,land,clean,truck_02611
blur/truck/truck_blur_00270.png,truck,vehicle,land,blur,truck_02611
pixelated/truck/truck_pixelated_00270.png,truck,vehicle,land,pixelated,truck_02611
noise/truck/truck_noise_00270.png,truck,vehicle,land,noise,truck_02611
clean/deer/deer_clean_00261.png,deer,animal,land,clean,deer_02612
blur/deer/deer_blur_00261.png,deer,animal,land,blur,deer_02612
pixelated/deer/deer_pixelated_00261.png,deer,animal,land,pixelated,deer_02612
noise/deer/deer_noise_00261.png,deer,animal,land,noise,deer_02612
clean/dog/dog_clean_00251.png,dog,animal,land,clean,dog_02613
blur/dog/dog_blur_00251.png,dog,animal,land,blur,dog_02613
pixelated/dog/dog_pixelated_00251.png,dog,animal,land,pixelated,dog_02613
noise/dog/dog_noise_00251.png,dog,animal,land,noise,dog_02613
clean/cat/cat_clean_00263.png,cat,animal,land,clean,cat_02614
blur/cat/cat_blur_00263.png,cat,animal,land,blur,cat_02614
pixelated/cat/cat_pixelated_00263.png,cat,animal,land,pixelated,cat_02614
noise/cat/cat_noise_00263.png,cat,animal,land,noise,cat_02614
clean/cat/cat_clean_00264.png,cat,animal,land,clean,cat_02615
blur/cat/cat_blur_00264.png,cat,animal,land,blur,cat_02615
pixelated/cat/cat_pixelated_00264.png,cat,animal,land,pixelated,cat_02615
noise/cat/cat_noise_00264.png,cat,animal,land,noise,cat_02615
clean/truck/truck_clean_00271.png,truck,vehicle,land,clean,truck_02616
blur/truck/truck_blur_00271.png,truck,vehicle,land,blur,truck_02616
pixelated/truck/truck_pixelated_00271.png,truck,vehicle,land,pixelated,truck_02616
noise/truck/truck_noise_00271.png,truck,vehicle,land,noise,truck_02616
clean/cat/cat_clean_00265.png,cat,animal,land,clean,cat_02617
blur/cat/cat_blur_00265.png,cat,animal,land,blur,cat_02617
pixelated/cat/cat_pixelated_00265.png,cat,animal,land,pixelated,cat_02617
noise/cat/cat_noise_00265.png,cat,animal,land,noise,cat_02617
clean/bird/bird_clean_00264.png,bird,animal,air,clean,bird_02618
blur/bird/bird_blur_00264.png,bird,animal,air,blur,bird_02618
pixelated/bird/bird_pixelated_00264.png,bird,animal,air,pixelated,bird_02618
noise/bird/bird_noise_00264.png,bird,animal,air,noise,bird_02618
clean/dog/dog_clean_00252.png,dog,animal,land,clean,dog_02619
blur/dog/dog_blur_00252.png,dog,animal,land,blur,dog_02619
pixelated/dog/dog_pixelated_00252.png,dog,animal,land,pixelated,dog_02619
noise/dog/dog_noise_00252.png,dog,animal,land,noise,dog_02619
clean/dog/dog_clean_00253.png,dog,animal,land,clean,dog_02620
blur/dog/dog_blur_00253.png,dog,animal,land,blur,dog_02620
pixelated/dog/dog_pixelated_00253.png,dog,animal,land,pixelated,dog_02620
noise/dog/dog_noise_00253.png,dog,animal,land,noise,dog_02620
clean/frog/frog_clean_00264.png,frog,animal,land,clean,frog_02621
blur/frog/frog_blur_00264.png,frog,animal,land,blur,frog_02621
pixelated/frog/frog_pixelated_00264.png,frog,animal,land,pixelated,frog_02621
noise/frog/frog_noise_00264.png,frog,animal,land,noise,frog_02621
clean/cat/cat_clean_00266.png,cat,animal,land,clean,cat_02622
blur/cat/cat_blur_00266.png,cat,animal,land,blur,cat_02622
pixelated/cat/cat_pixelated_00266.png,cat,animal,land,pixelated,cat_02622
noise/cat/cat_noise_00266.png,cat,animal,land,noise,cat_02622
clean/dog/dog_clean_00254.png,dog,animal,land,clean,dog_02623
blur/dog/dog_blur_00254.png,dog,animal,land,blur,dog_02623
pixelated/dog/dog_pixelated_00254.png,dog,animal,land,pixelated,dog_02623
noise/dog/dog_noise_00254.png,dog,animal,land,noise,dog_02623
clean/frog/frog_clean_00265.png,frog,animal,land,clean,frog_02624
blur/frog/frog_blur_00265.png,frog,animal,land,blur,frog_02624
pixelated/frog/frog_pixelated_00265.png,frog,animal,land,pixelated,frog_02624
noise/frog/frog_noise_00265.png,frog,animal,land,noise,frog_02624
clean/deer/deer_clean_00262.png,deer,animal,land,clean,deer_02625
blur/deer/deer_blur_00262.png,deer,animal,land,blur,deer_02625
pixelated/deer/deer_pixelated_00262.png,deer,animal,land,pixelated,deer_02625
noise/deer/deer_noise_00262.png,deer,animal,land,noise,deer_02625
clean/airplane/airplane_clean_00267.png,airplane,vehicle,air,clean,airplane_02626
blur/airplane/airplane_blur_00267.png,airplane,vehicle,air,blur,airplane_02626
pixelated/airplane/airplane_pixelated_00267.png,airplane,vehicle,air,pixelated,airplane_02626
noise/airplane/airplane_noise_00267.png,airplane,vehicle,air,noise,airplane_02626
clean/bird/bird_clean_00265.png,bird,animal,air,clean,bird_02627
blur/bird/bird_blur_00265.png,bird,animal,air,blur,bird_02627
pixelated/bird/bird_pixelated_00265.png,bird,animal,air,pixelated,bird_02627
noise/bird/bird_noise_00265.png,bird,animal,air,noise,bird_02627
clean/truck/truck_clean_00272.png,truck,vehicle,land,clean,truck_02628
blur/truck/truck_blur_00272.png,truck,vehicle,land,blur,truck_02628
pixelated/truck/truck_pixelated_00272.png,truck,vehicle,land,pixelated,truck_02628
noise/truck/truck_noise_00272.png,truck,vehicle,land,noise,truck_02628
clean/dog/dog_clean_00255.png,dog,animal,land,clean,dog_02629
blur/dog/dog_blur_00255.png,dog,animal,land,blur,dog_02629
pixelated/dog/dog_pixelated_00255.png,dog,animal,land,pixelated,dog_02629
noise/dog/dog_noise_00255.png,dog,animal,land,noise,dog_02629
clean/cat/cat_clean_00267.png,cat,animal,land,clean,cat_02630
blur/cat/cat_blur_00267.png,cat,animal,land,blur,cat_02630
pixelated/cat/cat_pixelated_00267.png,cat,animal,land,pixelated,cat_02630
noise/cat/cat_noise_00267.png,cat,animal,land,noise,cat_02630
clean/truck/truck_clean_00273.png,truck,vehicle,land,clean,truck_02631
blur/truck/truck_blur_00273.png,truck,vehicle,land,blur,truck_02631
pixelated/truck/truck_pixelated_00273.png,truck,vehicle,land,pixelated,truck_02631
noise/truck/truck_noise_00273.png,truck,vehicle,land,noise,truck_02631
clean/deer/deer_clean_00263.png,deer,animal,land,clean,deer_02632
blur/deer/deer_blur_00263.png,deer,animal,land,blur,deer_02632
pixelated/deer/deer_pixelated_00263.png,deer,animal,land,pixelated,deer_02632
noise/deer/deer_noise_00263.png,deer,animal,land,noise,deer_02632
clean/bird/bird_clean_00266.png,bird,animal,air,clean,bird_02633
blur/bird/bird_blur_00266.png,bird,animal,air,blur,bird_02633
pixelated/bird/bird_pixelated_00266.png,bird,animal,air,pixelated,bird_02633
noise/bird/bird_noise_00266.png,bird,animal,air,noise,bird_02633
clean/bird/bird_clean_00267.png,bird,animal,air,clean,bird_02634
blur/bird/bird_blur_00267.png,bird,animal,air,blur,bird_02634
pixelated/bird/bird_pixelated_00267.png,bird,animal,air,pixelated,bird_02634
noise/bird/bird_noise_00267.png,bird,animal,air,noise,bird_02634
clean/bird/bird_clean_00268.png,bird,animal,air,clean,bird_02635
blur/bird/bird_blur_00268.png,bird,animal,air,blur,bird_02635
pixelated/bird/bird_pixelated_00268.png,bird,animal,air,pixelated,bird_02635
noise/bird/bird_noise_00268.png,bird,animal,air,noise,bird_02635
clean/bird/bird_clean_00269.png,bird,animal,air,clean,bird_02636
blur/bird/bird_blur_00269.png,bird,animal,air,blur,bird_02636
pixelated/bird/bird_pixelated_00269.png,bird,animal,air,pixelated,bird_02636
noise/bird/bird_noise_00269.png,bird,animal,air,noise,bird_02636
clean/frog/frog_clean_00266.png,frog,animal,land,clean,frog_02637
blur/frog/frog_blur_00266.png,frog,animal,land,blur,frog_02637
pixelated/frog/frog_pixelated_00266.png,frog,animal,land,pixelated,frog_02637
noise/frog/frog_noise_00266.png,frog,animal,land,noise,frog_02637
clean/deer/deer_clean_00264.png,deer,animal,land,clean,deer_02638
blur/deer/deer_blur_00264.png,deer,animal,land,blur,deer_02638
pixelated/deer/deer_pixelated_00264.png,deer,animal,land,pixelated,deer_02638
noise/deer/deer_noise_00264.png,deer,animal,land,noise,deer_02638
clean/bird/bird_clean_00270.png,bird,animal,air,clean,bird_02639
blur/bird/bird_blur_00270.png,bird,animal,air,blur,bird_02639
pixelated/bird/bird_pixelated_00270.png,bird,animal,air,pixelated,bird_02639
noise/bird/bird_noise_00270.png,bird,animal,air,noise,bird_02639
clean/ship/ship_clean_00266.png,ship,vehicle,water,clean,ship_02640
blur/ship/ship_blur_00266.png,ship,vehicle,water,blur,ship_02640
pixelated/ship/ship_pixelated_00266.png,ship,vehicle,water,pixelated,ship_02640
noise/ship/ship_noise_00266.png,ship,vehicle,water,noise,ship_02640
clean/cat/cat_clean_00268.png,cat,animal,land,clean,cat_02641
blur/cat/cat_blur_00268.png,cat,animal,land,blur,cat_02641
pixelated/cat/cat_pixelated_00268.png,cat,animal,land,pixelated,cat_02641
noise/cat/cat_noise_00268.png,cat,animal,land,noise,cat_02641
clean/dog/dog_clean_00256.png,dog,animal,land,clean,dog_02642
blur/dog/dog_blur_00256.png,dog,animal,land,blur,dog_02642
pixelated/dog/dog_pixelated_00256.png,dog,animal,land,pixelated,dog_02642
noise/dog/dog_noise_00256.png,dog,animal,land,noise,dog_02642
clean/ship/ship_clean_00267.png,ship,vehicle,water,clean,ship_02643
blur/ship/ship_blur_00267.png,ship,vehicle,water,blur,ship_02643
pixelated/ship/ship_pixelated_00267.png,ship,vehicle,water,pixelated,ship_02643
noise/ship/ship_noise_00267.png,ship,vehicle,water,noise,ship_02643
clean/horse/horse_clean_00260.png,horse,animal,land,clean,horse_02644
blur/horse/horse_blur_00260.png,horse,animal,land,blur,horse_02644
pixelated/horse/horse_pixelated_00260.png,horse,animal,land,pixelated,horse_02644
noise/horse/horse_noise_00260.png,horse,animal,land,noise,horse_02644
clean/automobile/automobile_clean_00254.png,automobile,vehicle,land,clean,automobile_02645
blur/automobile/automobile_blur_00254.png,automobile,vehicle,land,blur,automobile_02645
pixelated/automobile/automobile_pixelated_00254.png,automobile,vehicle,land,pixelated,automobile_02645
noise/automobile/automobile_noise_00254.png,automobile,vehicle,land,noise,automobile_02645
clean/cat/cat_clean_00269.png,cat,animal,land,clean,cat_02646
blur/cat/cat_blur_00269.png,cat,animal,land,blur,cat_02646
pixelated/cat/cat_pixelated_00269.png,cat,animal,land,pixelated,cat_02646
noise/cat/cat_noise_00269.png,cat,animal,land,noise,cat_02646
clean/bird/bird_clean_00271.png,bird,animal,air,clean,bird_02647
blur/bird/bird_blur_00271.png,bird,animal,air,blur,bird_02647
pixelated/bird/bird_pixelated_00271.png,bird,animal,air,pixelated,bird_02647
noise/bird/bird_noise_00271.png,bird,animal,air,noise,bird_02647
clean/frog/frog_clean_00267.png,frog,animal,land,clean,frog_02648
blur/frog/frog_blur_00267.png,frog,animal,land,blur,frog_02648
pixelated/frog/frog_pixelated_00267.png,frog,animal,land,pixelated,frog_02648
noise/frog/frog_noise_00267.png,frog,animal,land,noise,frog_02648
clean/horse/horse_clean_00261.png,horse,animal,land,clean,horse_02649
blur/horse/horse_blur_00261.png,horse,animal,land,blur,horse_02649
pixelated/horse/horse_pixelated_00261.png,horse,animal,land,pixelated,horse_02649
noise/horse/horse_noise_00261.png,horse,animal,land,noise,horse_02649
clean/deer/deer_clean_00265.png,deer,animal,land,clean,deer_02650
blur/deer/deer_blur_00265.png,deer,animal,land,blur,deer_02650
pixelated/deer/deer_pixelated_00265.png,deer,animal,land,pixelated,deer_02650
noise/deer/deer_noise_00265.png,deer,animal,land,noise,deer_02650
clean/dog/dog_clean_00257.png,dog,animal,land,clean,dog_02651
blur/dog/dog_blur_00257.png,dog,animal,land,blur,dog_02651
pixelated/dog/dog_pixelated_00257.png,dog,animal,land,pixelated,dog_02651
noise/dog/dog_noise_00257.png,dog,animal,land,noise,dog_02651
clean/bird/bird_clean_00272.png,bird,animal,air,clean,bird_02652
blur/bird/bird_blur_00272.png,bird,animal,air,blur,bird_02652
pixelated/bird/bird_pixelated_00272.png,bird,animal,air,pixelated,bird_02652
noise/bird/bird_noise_00272.png,bird,animal,air,noise,bird_02652
clean/frog/frog_clean_00268.png,frog,animal,land,clean,frog_02653
blur/frog/frog_blur_00268.png,frog,animal,land,blur,frog_02653
pixelated/frog/frog_pixelated_00268.png,frog,animal,land,pixelated,frog_02653
noise/frog/frog_noise_00268.png,frog,animal,land,noise,frog_02653
clean/cat/cat_clean_00270.png,cat,animal,land,clean,cat_02654
blur/cat/cat_blur_00270.png,cat,animal,land,blur,cat_02654
pixelated/cat/cat_pixelated_00270.png,cat,animal,land,pixelated,cat_02654
noise/cat/cat_noise_00270.png,cat,animal,land,noise,cat_02654
clean/truck/truck_clean_00274.png,truck,vehicle,land,clean,truck_02655
blur/truck/truck_blur_00274.png,truck,vehicle,land,blur,truck_02655
pixelated/truck/truck_pixelated_00274.png,truck,vehicle,land,pixelated,truck_02655
noise/truck/truck_noise_00274.png,truck,vehicle,land,noise,truck_02655
clean/dog/dog_clean_00258.png,dog,animal,land,clean,dog_02656
blur/dog/dog_blur_00258.png,dog,animal,land,blur,dog_02656
pixelated/dog/dog_pixelated_00258.png,dog,animal,land,pixelated,dog_02656
noise/dog/dog_noise_00258.png,dog,animal,land,noise,dog_02656
clean/cat/cat_clean_00271.png,cat,animal,land,clean,cat_02657
blur/cat/cat_blur_00271.png,cat,animal,land,blur,cat_02657
pixelated/cat/cat_pixelated_00271.png,cat,animal,land,pixelated,cat_02657
noise/cat/cat_noise_00271.png,cat,animal,land,noise,cat_02657
clean/horse/horse_clean_00262.png,horse,animal,land,clean,horse_02658
blur/horse/horse_blur_00262.png,horse,animal,land,blur,horse_02658
pixelated/horse/horse_pixelated_00262.png,horse,animal,land,pixelated,horse_02658
noise/horse/horse_noise_00262.png,horse,animal,land,noise,horse_02658
clean/deer/deer_clean_00266.png,deer,animal,land,clean,deer_02659
blur/deer/deer_blur_00266.png,deer,animal,land,blur,deer_02659
pixelated/deer/deer_pixelated_00266.png,deer,animal,land,pixelated,deer_02659
noise/deer/deer_noise_00266.png,deer,animal,land,noise,deer_02659
clean/deer/deer_clean_00267.png,deer,animal,land,clean,deer_02660
blur/deer/deer_blur_00267.png,deer,animal,land,blur,deer_02660
pixelated/deer/deer_pixelated_00267.png,deer,animal,land,pixelated,deer_02660
noise/deer/deer_noise_00267.png,deer,animal,land,noise,deer_02660
clean/horse/horse_clean_00263.png,horse,animal,land,clean,horse_02661
blur/horse/horse_blur_00263.png,horse,animal,land,blur,horse_02661
pixelated/horse/horse_pixelated_00263.png,horse,animal,land,pixelated,horse_02661
noise/horse/horse_noise_00263.png,horse,animal,land,noise,horse_02661
clean/dog/dog_clean_00259.png,dog,animal,land,clean,dog_02662
blur/dog/dog_blur_00259.png,dog,animal,land,blur,dog_02662
pixelated/dog/dog_pixelated_00259.png,dog,animal,land,pixelated,dog_02662
noise/dog/dog_noise_00259.png,dog,animal,land,noise,dog_02662
clean/dog/dog_clean_00260.png,dog,animal,land,clean,dog_02663
blur/dog/dog_blur_00260.png,dog,animal,land,blur,dog_02663
pixelated/dog/dog_pixelated_00260.png,dog,animal,land,pixelated,dog_02663
noise/dog/dog_noise_00260.png,dog,animal,land,noise,dog_02663
clean/horse/horse_clean_00264.png,horse,animal,land,clean,horse_02664
blur/horse/horse_blur_00264.png,horse,animal,land,blur,horse_02664
pixelated/horse/horse_pixelated_00264.png,horse,animal,land,pixelated,horse_02664
noise/horse/horse_noise_00264.png,horse,animal,land,noise,horse_02664
clean/ship/ship_clean_00268.png,ship,vehicle,water,clean,ship_02665
blur/ship/ship_blur_00268.png,ship,vehicle,water,blur,ship_02665
pixelated/ship/ship_pixelated_00268.png,ship,vehicle,water,pixelated,ship_02665
noise/ship/ship_noise_00268.png,ship,vehicle,water,noise,ship_02665
clean/truck/truck_clean_00275.png,truck,vehicle,land,clean,truck_02666
blur/truck/truck_blur_00275.png,truck,vehicle,land,blur,truck_02666
pixelated/truck/truck_pixelated_00275.png,truck,vehicle,land,pixelated,truck_02666
noise/truck/truck_noise_00275.png,truck,vehicle,land,noise,truck_02666
clean/horse/horse_clean_00265.png,horse,animal,land,clean,horse_02667
blur/horse/horse_blur_00265.png,horse,animal,land,blur,horse_02667
pixelated/horse/horse_pixelated_00265.png,horse,animal,land,pixelated,horse_02667
noise/horse/horse_noise_00265.png,horse,animal,land,noise,horse_02667
clean/cat/cat_clean_00272.png,cat,animal,land,clean,cat_02668
blur/cat/cat_blur_00272.png,cat,animal,land,blur,cat_02668
pixelated/cat/cat_pixelated_00272.png,cat,animal,land,pixelated,cat_02668
noise/cat/cat_noise_00272.png,cat,animal,land,noise,cat_02668
clean/ship/ship_clean_00269.png,ship,vehicle,water,clean,ship_02669
blur/ship/ship_blur_00269.png,ship,vehicle,water,blur,ship_02669
pixelated/ship/ship_pixelated_00269.png,ship,vehicle,water,pixelated,ship_02669
noise/ship/ship_noise_00269.png,ship,vehicle,water,noise,ship_02669
clean/horse/horse_clean_00266.png,horse,animal,land,clean,horse_02670
blur/horse/horse_blur_00266.png,horse,animal,land,blur,horse_02670
pixelated/horse/horse_pixelated_00266.png,horse,animal,land,pixelated,horse_02670
noise/horse/horse_noise_00266.png,horse,animal,land,noise,horse_02670
clean/ship/ship_clean_00270.png,ship,vehicle,water,clean,ship_02671
blur/ship/ship_blur_00270.png,ship,vehicle,water,blur,ship_02671
pixelated/ship/ship_pixelated_00270.png,ship,vehicle,water,pixelated,ship_02671
noise/ship/ship_noise_00270.png,ship,vehicle,water,noise,ship_02671
clean/deer/deer_clean_00268.png,deer,animal,land,clean,deer_02672
blur/deer/deer_blur_00268.png,deer,animal,land,blur,deer_02672
pixelated/deer/deer_pixelated_00268.png,deer,animal,land,pixelated,deer_02672
noise/deer/deer_noise_00268.png,deer,animal,land,noise,deer_02672
clean/bird/bird_clean_00273.png,bird,animal,air,clean,bird_02673
blur/bird/bird_blur_00273.png,bird,animal,air,blur,bird_02673
pixelated/bird/bird_pixelated_00273.png,bird,animal,air,pixelated,bird_02673
noise/bird/bird_noise_00273.png,bird,animal,air,noise,bird_02673
clean/automobile/automobile_clean_00255.png,automobile,vehicle,land,clean,automobile_02674
blur/automobile/automobile_blur_00255.png,automobile,vehicle,land,blur,automobile_02674
pixelated/automobile/automobile_pixelated_00255.png,automobile,vehicle,land,pixelated,automobile_02674
noise/automobile/automobile_noise_00255.png,automobile,vehicle,land,noise,automobile_02674
clean/dog/dog_clean_00261.png,dog,animal,land,clean,dog_02675
blur/dog/dog_blur_00261.png,dog,animal,land,blur,dog_02675
pixelated/dog/dog_pixelated_00261.png,dog,animal,land,pixelated,dog_02675
noise/dog/dog_noise_00261.png,dog,animal,land,noise,dog_02675
clean/dog/dog_clean_00262.png,dog,animal,land,clean,dog_02676
blur/dog/dog_blur_00262.png,dog,animal,land,blur,dog_02676
pixelated/dog/dog_pixelated_00262.png,dog,animal,land,pixelated,dog_02676
noise/dog/dog_noise_00262.png,dog,animal,land,noise,dog_02676
clean/dog/dog_clean_00263.png,dog,animal,land,clean,dog_02677
blur/dog/dog_blur_00263.png,dog,animal,land,blur,dog_02677
pixelated/dog/dog_pixelated_00263.png,dog,animal,land,pixelated,dog_02677
noise/dog/dog_noise_00263.png,dog,animal,land,noise,dog_02677
clean/dog/dog_clean_00264.png,dog,animal,land,clean,dog_02678
blur/dog/dog_blur_00264.png,dog,animal,land,blur,dog_02678
pixelated/dog/dog_pixelated_00264.png,dog,animal,land,pixelated,dog_02678
noise/dog/dog_noise_00264.png,dog,animal,land,noise,dog_02678
clean/bird/bird_clean_00274.png,bird,animal,air,clean,bird_02679
blur/bird/bird_blur_00274.png,bird,animal,air,blur,bird_02679
pixelated/bird/bird_pixelated_00274.png,bird,animal,air,pixelated,bird_02679
noise/bird/bird_noise_00274.png,bird,animal,air,noise,bird_02679
clean/airplane/airplane_clean_00268.png,airplane,vehicle,air,clean,airplane_02680
blur/airplane/airplane_blur_00268.png,airplane,vehicle,air,blur,airplane_02680
pixelated/airplane/airplane_pixelated_00268.png,airplane,vehicle,air,pixelated,airplane_02680
noise/airplane/airplane_noise_00268.png,airplane,vehicle,air,noise,airplane_02680
clean/automobile/automobile_clean_00256.png,automobile,vehicle,land,clean,automobile_02681
blur/automobile/automobile_blur_00256.png,automobile,vehicle,land,blur,automobile_02681
pixelated/automobile/automobile_pixelated_00256.png,automobile,vehicle,land,pixelated,automobile_02681
noise/automobile/automobile_noise_00256.png,automobile,vehicle,land,noise,automobile_02681
clean/ship/ship_clean_00271.png,ship,vehicle,water,clean,ship_02682
blur/ship/ship_blur_00271.png,ship,vehicle,water,blur,ship_02682
pixelated/ship/ship_pixelated_00271.png,ship,vehicle,water,pixelated,ship_02682
noise/ship/ship_noise_00271.png,ship,vehicle,water,noise,ship_02682
clean/automobile/automobile_clean_00257.png,automobile,vehicle,land,clean,automobile_02683
blur/automobile/automobile_blur_00257.png,automobile,vehicle,land,blur,automobile_02683
pixelated/automobile/automobile_pixelated_00257.png,automobile,vehicle,land,pixelated,automobile_02683
noise/automobile/automobile_noise_00257.png,automobile,vehicle,land,noise,automobile_02683
clean/frog/frog_clean_00269.png,frog,animal,land,clean,frog_02684
blur/frog/frog_blur_00269.png,frog,animal,land,blur,frog_02684
pixelated/frog/frog_pixelated_00269.png,frog,animal,land,pixelated,frog_02684
noise/frog/frog_noise_00269.png,frog,animal,land,noise,frog_02684
clean/dog/dog_clean_00265.png,dog,animal,land,clean,dog_02685
blur/dog/dog_blur_00265.png,dog,animal,land,blur,dog_02685
pixelated/dog/dog_pixelated_00265.png,dog,animal,land,pixelated,dog_02685
noise/dog/dog_noise_00265.png,dog,animal,land,noise,dog_02685
clean/bird/bird_clean_00275.png,bird,animal,air,clean,bird_02686
blur/bird/bird_blur_00275.png,bird,animal,air,blur,bird_02686
pixelated/bird/bird_pixelated_00275.png,bird,animal,air,pixelated,bird_02686
noise/bird/bird_noise_00275.png,bird,animal,air,noise,bird_02686
clean/dog/dog_clean_00266.png,dog,animal,land,clean,dog_02687
blur/dog/dog_blur_00266.png,dog,animal,land,blur,dog_02687
pixelated/dog/dog_pixelated_00266.png,dog,animal,land,pixelated,dog_02687
noise/dog/dog_noise_00266.png,dog,animal,land,noise,dog_02687
clean/deer/deer_clean_00269.png,deer,animal,land,clean,deer_02688
blur/deer/deer_blur_00269.png,deer,animal,land,blur,deer_02688
pixelated/deer/deer_pixelated_00269.png,deer,animal,land,pixelated,deer_02688
noise/deer/deer_noise_00269.png,deer,animal,land,noise,deer_02688
clean/ship/ship_clean_00272.png,ship,vehicle,water,clean,ship_02689
blur/ship/ship_blur_00272.png,ship,vehicle,water,blur,ship_02689
pixelated/ship/ship_pixelated_00272.png,ship,vehicle,water,pixelated,ship_02689
noise/ship/ship_noise_00272.png,ship,vehicle,water,noise,ship_02689
clean/horse/horse_clean_00267.png,horse,animal,land,clean,horse_02690
blur/horse/horse_blur_00267.png,horse,animal,land,blur,horse_02690
pixelated/horse/horse_pixelated_00267.png,horse,animal,land,pixelated,horse_02690
noise/horse/horse_noise_00267.png,horse,animal,land,noise,horse_02690
clean/bird/bird_clean_00276.png,bird,animal,air,clean,bird_02691
blur/bird/bird_blur_00276.png,bird,animal,air,blur,bird_02691
pixelated/bird/bird_pixelated_00276.png,bird,animal,air,pixelated,bird_02691
noise/bird/bird_noise_00276.png,bird,animal,air,noise,bird_02691
clean/deer/deer_clean_00270.png,deer,animal,land,clean,deer_02692
blur/deer/deer_blur_00270.png,deer,animal,land,blur,deer_02692
pixelated/deer/deer_pixelated_00270.png,deer,animal,land,pixelated,deer_02692
noise/deer/deer_noise_00270.png,deer,animal,land,noise,deer_02692
clean/airplane/airplane_clean_00269.png,airplane,vehicle,air,clean,airplane_02693
blur/airplane/airplane_blur_00269.png,airplane,vehicle,air,blur,airplane_02693
pixelated/airplane/airplane_pixelated_00269.png,airplane,vehicle,air,pixelated,airplane_02693
noise/airplane/airplane_noise_00269.png,airplane,vehicle,air,noise,airplane_02693
clean/truck/truck_clean_00276.png,truck,vehicle,land,clean,truck_02694
blur/truck/truck_blur_00276.png,truck,vehicle,land,blur,truck_02694
pixelated/truck/truck_pixelated_00276.png,truck,vehicle,land,pixelated,truck_02694
noise/truck/truck_noise_00276.png,truck,vehicle,land,noise,truck_02694
clean/frog/frog_clean_00270.png,frog,animal,land,clean,frog_02695
blur/frog/frog_blur_00270.png,frog,animal,land,blur,frog_02695
pixelated/frog/frog_pixelated_00270.png,frog,animal,land,pixelated,frog_02695
noise/frog/frog_noise_00270.png,frog,animal,land,noise,frog_02695
clean/dog/dog_clean_00267.png,dog,animal,land,clean,dog_02696
blur/dog/dog_blur_00267.png,dog,animal,land,blur,dog_02696
pixelated/dog/dog_pixelated_00267.png,dog,animal,land,pixelated,dog_02696
noise/dog/dog_noise_00267.png,dog,animal,land,noise,dog_02696
clean/airplane/airplane_clean_00270.png,airplane,vehicle,air,clean,airplane_02697
blur/airplane/airplane_blur_00270.png,airplane,vehicle,air,blur,airplane_02697
pixelated/airplane/airplane_pixelated_00270.png,airplane,vehicle,air,pixelated,airplane_02697
noise/airplane/airplane_noise_00270.png,airplane,vehicle,air,noise,airplane_02697
clean/truck/truck_clean_00277.png,truck,vehicle,land,clean,truck_02698
blur/truck/truck_blur_00277.png,truck,vehicle,land,blur,truck_02698
pixelated/truck/truck_pixelated_00277.png,truck,vehicle,land,pixelated,truck_02698
noise/truck/truck_noise_00277.png,truck,vehicle,land,noise,truck_02698
clean/automobile/automobile_clean_00258.png,automobile,vehicle,land,clean,automobile_02699
blur/automobile/automobile_blur_00258.png,automobile,vehicle,land,blur,automobile_02699
pixelated/automobile/automobile_pixelated_00258.png,automobile,vehicle,land,pixelated,automobile_02699
noise/automobile/automobile_noise_00258.png,automobile,vehicle,land,noise,automobile_02699
clean/truck/truck_clean_00278.png,truck,vehicle,land,clean,truck_02700
blur/truck/truck_blur_00278.png,truck,vehicle,land,blur,truck_02700
pixelated/truck/truck_pixelated_00278.png,truck,vehicle,land,pixelated,truck_02700
noise/truck/truck_noise_00278.png,truck,vehicle,land,noise,truck_02700
clean/airplane/airplane_clean_00271.png,airplane,vehicle,air,clean,airplane_02701
blur/airplane/airplane_blur_00271.png,airplane,vehicle,air,blur,airplane_02701
pixelated/airplane/airplane_pixelated_00271.png,airplane,vehicle,air,pixelated,airplane_02701
noise/airplane/airplane_noise_00271.png,airplane,vehicle,air,noise,airplane_02701
clean/deer/deer_clean_00271.png,deer,animal,land,clean,deer_02702
blur/deer/deer_blur_00271.png,deer,animal,land,blur,deer_02702
pixelated/deer/deer_pixelated_00271.png,deer,animal,land,pixelated,deer_02702
noise/deer/deer_noise_00271.png,deer,animal,land,noise,deer_02702
clean/dog/dog_clean_00268.png,dog,animal,land,clean,dog_02703
blur/dog/dog_blur_00268.png,dog,animal,land,blur,dog_02703
pixelated/dog/dog_pixelated_00268.png,dog,animal,land,pixelated,dog_02703
noise/dog/dog_noise_00268.png,dog,animal,land,noise,dog_02703
clean/dog/dog_clean_00269.png,dog,animal,land,clean,dog_02704
blur/dog/dog_blur_00269.png,dog,animal,land,blur,dog_02704
pixelated/dog/dog_pixelated_00269.png,dog,animal,land,pixelated,dog_02704
noise/dog/dog_noise_00269.png,dog,animal,land,noise,dog_02704
clean/bird/bird_clean_00277.png,bird,animal,air,clean,bird_02705
blur/bird/bird_blur_00277.png,bird,animal,air,blur,bird_02705
pixelated/bird/bird_pixelated_00277.png,bird,animal,air,pixelated,bird_02705
noise/bird/bird_noise_00277.png,bird,animal,air,noise,bird_02705
clean/dog/dog_clean_00270.png,dog,animal,land,clean,dog_02706
blur/dog/dog_blur_00270.png,dog,animal,land,blur,dog_02706
pixelated/dog/dog_pixelated_00270.png,dog,animal,land,pixelated,dog_02706
noise/dog/dog_noise_00270.png,dog,animal,land,noise,dog_02706
clean/horse/horse_clean_00268.png,horse,animal,land,clean,horse_02707
blur/horse/horse_blur_00268.png,horse,animal,land,blur,horse_02707
pixelated/horse/horse_pixelated_00268.png,horse,animal,land,pixelated,horse_02707
noise/horse/horse_noise_00268.png,horse,animal,land,noise,horse_02707
clean/airplane/airplane_clean_00272.png,airplane,vehicle,air,clean,airplane_02708
blur/airplane/airplane_blur_00272.png,airplane,vehicle,air,blur,airplane_02708
pixelated/airplane/airplane_pixelated_00272.png,airplane,vehicle,air,pixelated,airplane_02708
noise/airplane/airplane_noise_00272.png,airplane,vehicle,air,noise,airplane_02708
clean/automobile/automobile_clean_00259.png,automobile,vehicle,land,clean,automobile_02709
blur/automobile/automobile_blur_00259.png,automobile,vehicle,land,blur,automobile_02709
pixelated/automobile/automobile_pixelated_00259.png,automobile,vehicle,land,pixelated,automobile_02709
noise/automobile/automobile_noise_00259.png,automobile,vehicle,land,noise,automobile_02709
clean/dog/dog_clean_00271.png,dog,animal,land,clean,dog_02710
blur/dog/dog_blur_00271.png,dog,animal,land,blur,dog_02710
pixelated/dog/dog_pixelated_00271.png,dog,animal,land,pixelated,dog_02710
noise/dog/dog_noise_00271.png,dog,animal,land,noise,dog_02710
clean/airplane/airplane_clean_00273.png,airplane,vehicle,air,clean,airplane_02711
blur/airplane/airplane_blur_00273.png,airplane,vehicle,air,blur,airplane_02711
pixelated/airplane/airplane_pixelated_00273.png,airplane,vehicle,air,pixelated,airplane_02711
noise/airplane/airplane_noise_00273.png,airplane,vehicle,air,noise,airplane_02711
clean/frog/frog_clean_00271.png,frog,animal,land,clean,frog_02712
blur/frog/frog_blur_00271.png,frog,animal,land,blur,frog_02712
pixelated/frog/frog_pixelated_00271.png,frog,animal,land,pixelated,frog_02712
noise/frog/frog_noise_00271.png,frog,animal,land,noise,frog_02712
clean/ship/ship_clean_00273.png,ship,vehicle,water,clean,ship_02713
blur/ship/ship_blur_00273.png,ship,vehicle,water,blur,ship_02713
pixelated/ship/ship_pixelated_00273.png,ship,vehicle,water,pixelated,ship_02713
noise/ship/ship_noise_00273.png,ship,vehicle,water,noise,ship_02713
clean/deer/deer_clean_00272.png,deer,animal,land,clean,deer_02714
blur/deer/deer_blur_00272.png,deer,animal,land,blur,deer_02714
pixelated/deer/deer_pixelated_00272.png,deer,animal,land,pixelated,deer_02714
noise/deer/deer_noise_00272.png,deer,animal,land,noise,deer_02714
clean/dog/dog_clean_00272.png,dog,animal,land,clean,dog_02715
blur/dog/dog_blur_00272.png,dog,animal,land,blur,dog_02715
pixelated/dog/dog_pixelated_00272.png,dog,animal,land,pixelated,dog_02715
noise/dog/dog_noise_00272.png,dog,animal,land,noise,dog_02715
clean/deer/deer_clean_00273.png,deer,animal,land,clean,deer_02716
blur/deer/deer_blur_00273.png,deer,animal,land,blur,deer_02716
pixelated/deer/deer_pixelated_00273.png,deer,animal,land,pixelated,deer_02716
noise/deer/deer_noise_00273.png,deer,animal,land,noise,deer_02716
clean/deer/deer_clean_00274.png,deer,animal,land,clean,deer_02717
blur/deer/deer_blur_00274.png,deer,animal,land,blur,deer_02717
pixelated/deer/deer_pixelated_00274.png,deer,animal,land,pixelated,deer_02717
noise/deer/deer_noise_00274.png,deer,animal,land,noise,deer_02717
clean/deer/deer_clean_00275.png,deer,animal,land,clean,deer_02718
blur/deer/deer_blur_00275.png,deer,animal,land,blur,deer_02718
pixelated/deer/deer_pixelated_00275.png,deer,animal,land,pixelated,deer_02718
noise/deer/deer_noise_00275.png,deer,animal,land,noise,deer_02718
clean/ship/ship_clean_00274.png,ship,vehicle,water,clean,ship_02719
blur/ship/ship_blur_00274.png,ship,vehicle,water,blur,ship_02719
pixelated/ship/ship_pixelated_00274.png,ship,vehicle,water,pixelated,ship_02719
noise/ship/ship_noise_00274.png,ship,vehicle,water,noise,ship_02719
clean/bird/bird_clean_00278.png,bird,animal,air,clean,bird_02720
blur/bird/bird_blur_00278.png,bird,animal,air,blur,bird_02720
pixelated/bird/bird_pixelated_00278.png,bird,animal,air,pixelated,bird_02720
noise/bird/bird_noise_00278.png,bird,animal,air,noise,bird_02720
clean/horse/horse_clean_00269.png,horse,animal,land,clean,horse_02721
blur/horse/horse_blur_00269.png,horse,animal,land,blur,horse_02721
pixelated/horse/horse_pixelated_00269.png,horse,animal,land,pixelated,horse_02721
noise/horse/horse_noise_00269.png,horse,animal,land,noise,horse_02721
clean/automobile/automobile_clean_00260.png,automobile,vehicle,land,clean,automobile_02722
blur/automobile/automobile_blur_00260.png,automobile,vehicle,land,blur,automobile_02722
pixelated/automobile/automobile_pixelated_00260.png,automobile,vehicle,land,pixelated,automobile_02722
noise/automobile/automobile_noise_00260.png,automobile,vehicle,land,noise,automobile_02722
clean/cat/cat_clean_00273.png,cat,animal,land,clean,cat_02723
blur/cat/cat_blur_00273.png,cat,animal,land,blur,cat_02723
pixelated/cat/cat_pixelated_00273.png,cat,animal,land,pixelated,cat_02723
noise/cat/cat_noise_00273.png,cat,animal,land,noise,cat_02723
clean/automobile/automobile_clean_00261.png,automobile,vehicle,land,clean,automobile_02724
blur/automobile/automobile_blur_00261.png,automobile,vehicle,land,blur,automobile_02724
pixelated/automobile/automobile_pixelated_00261.png,automobile,vehicle,land,pixelated,automobile_02724
noise/automobile/automobile_noise_00261.png,automobile,vehicle,land,noise,automobile_02724
clean/ship/ship_clean_00275.png,ship,vehicle,water,clean,ship_02725
blur/ship/ship_blur_00275.png,ship,vehicle,water,blur,ship_02725
pixelated/ship/ship_pixelated_00275.png,ship,vehicle,water,pixelated,ship_02725
noise/ship/ship_noise_00275.png,ship,vehicle,water,noise,ship_02725
clean/airplane/airplane_clean_00274.png,airplane,vehicle,air,clean,airplane_02726
blur/airplane/airplane_blur_00274.png,airplane,vehicle,air,blur,airplane_02726
pixelated/airplane/airplane_pixelated_00274.png,airplane,vehicle,air,pixelated,airplane_02726
noise/airplane/airplane_noise_00274.png,airplane,vehicle,air,noise,airplane_02726
clean/airplane/airplane_clean_00275.png,airplane,vehicle,air,clean,airplane_02727
blur/airplane/airplane_blur_00275.png,airplane,vehicle,air,blur,airplane_02727
pixelated/airplane/airplane_pixelated_00275.png,airplane,vehicle,air,pixelated,airplane_02727
noise/airplane/airplane_noise_00275.png,airplane,vehicle,air,noise,airplane_02727
clean/dog/dog_clean_00273.png,dog,animal,land,clean,dog_02728
blur/dog/dog_blur_00273.png,dog,animal,land,blur,dog_02728
pixelated/dog/dog_pixelated_00273.png,dog,animal,land,pixelated,dog_02728
noise/dog/dog_noise_00273.png,dog,animal,land,noise,dog_02728
clean/truck/truck_clean_00279.png,truck,vehicle,land,clean,truck_02729
blur/truck/truck_blur_00279.png,truck,vehicle,land,blur,truck_02729
pixelated/truck/truck_pixelated_00279.png,truck,vehicle,land,pixelated,truck_02729
noise/truck/truck_noise_00279.png,truck,vehicle,land,noise,truck_02729
clean/horse/horse_clean_00270.png,horse,animal,land,clean,horse_02730
blur/horse/horse_blur_00270.png,horse,animal,land,blur,horse_02730
pixelated/horse/horse_pixelated_00270.png,horse,animal,land,pixelated,horse_02730
noise/horse/horse_noise_00270.png,horse,animal,land,noise,horse_02730
clean/automobile/automobile_clean_00262.png,automobile,vehicle,land,clean,automobile_02731
blur/automobile/automobile_blur_00262.png,automobile,vehicle,land,blur,automobile_02731
pixelated/automobile/automobile_pixelated_00262.png,automobile,vehicle,land,pixelated,automobile_02731
noise/automobile/automobile_noise_00262.png,automobile,vehicle,land,noise,automobile_02731
clean/airplane/airplane_clean_00276.png,airplane,vehicle,air,clean,airplane_02732
blur/airplane/airplane_blur_00276.png,airplane,vehicle,air,blur,airplane_02732
pixelated/airplane/airplane_pixelated_00276.png,airplane,vehicle,air,pixelated,airplane_02732
noise/airplane/airplane_noise_00276.png,airplane,vehicle,air,noise,airplane_02732
clean/truck/truck_clean_00280.png,truck,vehicle,land,clean,truck_02733
blur/truck/truck_blur_00280.png,truck,vehicle,land,blur,truck_02733
pixelated/truck/truck_pixelated_00280.png,truck,vehicle,land,pixelated,truck_02733
noise/truck/truck_noise_00280.png,truck,vehicle,land,noise,truck_02733
clean/bird/bird_clean_00279.png,bird,animal,air,clean,bird_02734
blur/bird/bird_blur_00279.png,bird,animal,air,blur,bird_02734
pixelated/bird/bird_pixelated_00279.png,bird,animal,air,pixelated,bird_02734
noise/bird/bird_noise_00279.png,bird,animal,air,noise,bird_02734
clean/deer/deer_clean_00276.png,deer,animal,land,clean,deer_02735
blur/deer/deer_blur_00276.png,deer,animal,land,blur,deer_02735
pixelated/deer/deer_pixelated_00276.png,deer,animal,land,pixelated,deer_02735
noise/deer/deer_noise_00276.png,deer,animal,land,noise,deer_02735
clean/ship/ship_clean_00276.png,ship,vehicle,water,clean,ship_02736
blur/ship/ship_blur_00276.png,ship,vehicle,water,blur,ship_02736
pixelated/ship/ship_pixelated_00276.png,ship,vehicle,water,pixelated,ship_02736
noise/ship/ship_noise_00276.png,ship,vehicle,water,noise,ship_02736
clean/horse/horse_clean_00271.png,horse,animal,land,clean,horse_02737
blur/horse/horse_blur_00271.png,horse,animal,land,blur,horse_02737
pixelated/horse/horse_pixelated_00271.png,horse,animal,land,pixelated,horse_02737
noise/horse/horse_noise_00271.png,horse,animal,land,noise,horse_02737
clean/bird/bird_clean_00280.png,bird,animal,air,clean,bird_02738
blur/bird/bird_blur_00280.png,bird,animal,air,blur,bird_02738
pixelated/bird/bird_pixelated_00280.png,bird,animal,air,pixelated,bird_02738
noise/bird/bird_noise_00280.png,bird,animal,air,noise,bird_02738
clean/truck/truck_clean_00281.png,truck,vehicle,land,clean,truck_02739
blur/truck/truck_blur_00281.png,truck,vehicle,land,blur,truck_02739
pixelated/truck/truck_pixelated_00281.png,truck,vehicle,land,pixelated,truck_02739
noise/truck/truck_noise_00281.png,truck,vehicle,land,noise,truck_02739
clean/deer/deer_clean_00277.png,deer,animal,land,clean,deer_02740
blur/deer/deer_blur_00277.png,deer,animal,land,blur,deer_02740
pixelated/deer/deer_pixelated_00277.png,deer,animal,land,pixelated,deer_02740
noise/deer/deer_noise_00277.png,deer,animal,land,noise,deer_02740
clean/automobile/automobile_clean_00263.png,automobile,vehicle,land,clean,automobile_02741
blur/automobile/automobile_blur_00263.png,automobile,vehicle,land,blur,automobile_02741
pixelated/automobile/automobile_pixelated_00263.png,automobile,vehicle,land,pixelated,automobile_02741
noise/automobile/automobile_noise_00263.png,automobile,vehicle,land,noise,automobile_02741
clean/deer/deer_clean_00278.png,deer,animal,land,clean,deer_02742
blur/deer/deer_blur_00278.png,deer,animal,land,blur,deer_02742
pixelated/deer/deer_pixelated_00278.png,deer,animal,land,pixelated,deer_02742
noise/deer/deer_noise_00278.png,deer,animal,land,noise,deer_02742
clean/dog/dog_clean_00274.png,dog,animal,land,clean,dog_02743
blur/dog/dog_blur_00274.png,dog,animal,land,blur,dog_02743
pixelated/dog/dog_pixelated_00274.png,dog,animal,land,pixelated,dog_02743
noise/dog/dog_noise_00274.png,dog,animal,land,noise,dog_02743
clean/automobile/automobile_clean_00264.png,automobile,vehicle,land,clean,automobile_02744
blur/automobile/automobile_blur_00264.png,automobile,vehicle,land,blur,automobile_02744
pixelated/automobile/automobile_pixelated_00264.png,automobile,vehicle,land,pixelated,automobile_02744
noise/automobile/automobile_noise_00264.png,automobile,vehicle,land,noise,automobile_02744
clean/ship/ship_clean_00277.png,ship,vehicle,water,clean,ship_02745
blur/ship/ship_blur_00277.png,ship,vehicle,water,blur,ship_02745
pixelated/ship/ship_pixelated_00277.png,ship,vehicle,water,pixelated,ship_02745
noise/ship/ship_noise_00277.png,ship,vehicle,water,noise,ship_02745
clean/bird/bird_clean_00281.png,bird,animal,air,clean,bird_02746
blur/bird/bird_blur_00281.png,bird,animal,air,blur,bird_02746
pixelated/bird/bird_pixelated_00281.png,bird,animal,air,pixelated,bird_02746
noise/bird/bird_noise_00281.png,bird,animal,air,noise,bird_02746
clean/automobile/automobile_clean_00265.png,automobile,vehicle,land,clean,automobile_02747
blur/automobile/automobile_blur_00265.png,automobile,vehicle,land,blur,automobile_02747
pixelated/automobile/automobile_pixelated_00265.png,automobile,vehicle,land,pixelated,automobile_02747
noise/automobile/automobile_noise_00265.png,automobile,vehicle,land,noise,automobile_02747
clean/ship/ship_clean_00278.png,ship,vehicle,water,clean,ship_02748
blur/ship/ship_blur_00278.png,ship,vehicle,water,blur,ship_02748
pixelated/ship/ship_pixelated_00278.png,ship,vehicle,water,pixelated,ship_02748
noise/ship/ship_noise_00278.png,ship,vehicle,water,noise,ship_02748
clean/dog/dog_clean_00275.png,dog,animal,land,clean,dog_02749
blur/dog/dog_blur_00275.png,dog,animal,land,blur,dog_02749
pixelated/dog/dog_pixelated_00275.png,dog,animal,land,pixelated,dog_02749
noise/dog/dog_noise_00275.png,dog,animal,land,noise,dog_02749
clean/cat/cat_clean_00274.png,cat,animal,land,clean,cat_02750
blur/cat/cat_blur_00274.png,cat,animal,land,blur,cat_02750
pixelated/cat/cat_pixelated_00274.png,cat,animal,land,pixelated,cat_02750
noise/cat/cat_noise_00274.png,cat,animal,land,noise,cat_02750
clean/dog/dog_clean_00276.png,dog,animal,land,clean,dog_02751
blur/dog/dog_blur_00276.png,dog,animal,land,blur,dog_02751
pixelated/dog/dog_pixelated_00276.png,dog,animal,land,pixelated,dog_02751
noise/dog/dog_noise_00276.png,dog,animal,land,noise,dog_02751
clean/dog/dog_clean_00277.png,dog,animal,land,clean,dog_02752
blur/dog/dog_blur_00277.png,dog,animal,land,blur,dog_02752
pixelated/dog/dog_pixelated_00277.png,dog,animal,land,pixelated,dog_02752
noise/dog/dog_noise_00277.png,dog,animal,land,noise,dog_02752
clean/dog/dog_clean_00278.png,dog,animal,land,clean,dog_02753
blur/dog/dog_blur_00278.png,dog,animal,land,blur,dog_02753
pixelated/dog/dog_pixelated_00278.png,dog,animal,land,pixelated,dog_02753
noise/dog/dog_noise_00278.png,dog,animal,land,noise,dog_02753
clean/frog/frog_clean_00272.png,frog,animal,land,clean,frog_02754
blur/frog/frog_blur_00272.png,frog,animal,land,blur,frog_02754
pixelated/frog/frog_pixelated_00272.png,frog,animal,land,pixelated,frog_02754
noise/frog/frog_noise_00272.png,frog,animal,land,noise,frog_02754
clean/deer/deer_clean_00279.png,deer,animal,land,clean,deer_02755
blur/deer/deer_blur_00279.png,deer,animal,land,blur,deer_02755
pixelated/deer/deer_pixelated_00279.png,deer,animal,land,pixelated,deer_02755
noise/deer/deer_noise_00279.png,deer,animal,land,noise,deer_02755
clean/automobile/automobile_clean_00266.png,automobile,vehicle,land,clean,automobile_02756
blur/automobile/automobile_blur_00266.png,automobile,vehicle,land,blur,automobile_02756
pixelated/automobile/automobile_pixelated_00266.png,automobile,vehicle,land,pixelated,automobile_02756
noise/automobile/automobile_noise_00266.png,automobile,vehicle,land,noise,automobile_02756
clean/horse/horse_clean_00272.png,horse,animal,land,clean,horse_02757
blur/horse/horse_blur_00272.png,horse,animal,land,blur,horse_02757
pixelated/horse/horse_pixelated_00272.png,horse,animal,land,pixelated,horse_02757
noise/horse/horse_noise_00272.png,horse,animal,land,noise,horse_02757
clean/truck/truck_clean_00282.png,truck,vehicle,land,clean,truck_02758
blur/truck/truck_blur_00282.png,truck,vehicle,land,blur,truck_02758
pixelated/truck/truck_pixelated_00282.png,truck,vehicle,land,pixelated,truck_02758
noise/truck/truck_noise_00282.png,truck,vehicle,land,noise,truck_02758
clean/deer/deer_clean_00280.png,deer,animal,land,clean,deer_02759
blur/deer/deer_blur_00280.png,deer,animal,land,blur,deer_02759
pixelated/deer/deer_pixelated_00280.png,deer,animal,land,pixelated,deer_02759
noise/deer/deer_noise_00280.png,deer,animal,land,noise,deer_02759
clean/cat/cat_clean_00275.png,cat,animal,land,clean,cat_02760
blur/cat/cat_blur_00275.png,cat,animal,land,blur,cat_02760
pixelated/cat/cat_pixelated_00275.png,cat,animal,land,pixelated,cat_02760
noise/cat/cat_noise_00275.png,cat,animal,land,noise,cat_02760
clean/automobile/automobile_clean_00267.png,automobile,vehicle,land,clean,automobile_02761
blur/automobile/automobile_blur_00267.png,automobile,vehicle,land,blur,automobile_02761
pixelated/automobile/automobile_pixelated_00267.png,automobile,vehicle,land,pixelated,automobile_02761
noise/automobile/automobile_noise_00267.png,automobile,vehicle,land,noise,automobile_02761
clean/cat/cat_clean_00276.png,cat,animal,land,clean,cat_02762
blur/cat/cat_blur_00276.png,cat,animal,land,blur,cat_02762
pixelated/cat/cat_pixelated_00276.png,cat,animal,land,pixelated,cat_02762
noise/cat/cat_noise_00276.png,cat,animal,land,noise,cat_02762
clean/automobile/automobile_clean_00268.png,automobile,vehicle,land,clean,automobile_02763
blur/automobile/automobile_blur_00268.png,automobile,vehicle,land,blur,automobile_02763
pixelated/automobile/automobile_pixelated_00268.png,automobile,vehicle,land,pixelated,automobile_02763
noise/automobile/automobile_noise_00268.png,automobile,vehicle,land,noise,automobile_02763
clean/horse/horse_clean_00273.png,horse,animal,land,clean,horse_02764
blur/horse/horse_blur_00273.png,horse,animal,land,blur,horse_02764
pixelated/horse/horse_pixelated_00273.png,horse,animal,land,pixelated,horse_02764
noise/horse/horse_noise_00273.png,horse,animal,land,noise,horse_02764
clean/deer/deer_clean_00281.png,deer,animal,land,clean,deer_02765
blur/deer/deer_blur_00281.png,deer,animal,land,blur,deer_02765
pixelated/deer/deer_pixelated_00281.png,deer,animal,land,pixelated,deer_02765
noise/deer/deer_noise_00281.png,deer,animal,land,noise,deer_02765
clean/truck/truck_clean_00283.png,truck,vehicle,land,clean,truck_02766
blur/truck/truck_blur_00283.png,truck,vehicle,land,blur,truck_02766
pixelated/truck/truck_pixelated_00283.png,truck,vehicle,land,pixelated,truck_02766
noise/truck/truck_noise_00283.png,truck,vehicle,land,noise,truck_02766
clean/cat/cat_clean_00277.png,cat,animal,land,clean,cat_02767
blur/cat/cat_blur_00277.png,cat,animal,land,blur,cat_02767
pixelated/cat/cat_pixelated_00277.png,cat,animal,land,pixelated,cat_02767
noise/cat/cat_noise_00277.png,cat,animal,land,noise,cat_02767
clean/horse/horse_clean_00274.png,horse,animal,land,clean,horse_02768
blur/horse/horse_blur_00274.png,horse,animal,land,blur,horse_02768
pixelated/horse/horse_pixelated_00274.png,horse,animal,land,pixelated,horse_02768
noise/horse/horse_noise_00274.png,horse,animal,land,noise,horse_02768
clean/frog/frog_clean_00273.png,frog,animal,land,clean,frog_02769
blur/frog/frog_blur_00273.png,frog,animal,land,blur,frog_02769
pixelated/frog/frog_pixelated_00273.png,frog,animal,land,pixelated,frog_02769
noise/frog/frog_noise_00273.png,frog,animal,land,noise,frog_02769
clean/frog/frog_clean_00274.png,frog,animal,land,clean,frog_02770
blur/frog/frog_blur_00274.png,frog,animal,land,blur,frog_02770
pixelated/frog/frog_pixelated_00274.png,frog,animal,land,pixelated,frog_02770
noise/frog/frog_noise_00274.png,frog,animal,land,noise,frog_02770
clean/deer/deer_clean_00282.png,deer,animal,land,clean,deer_02771
blur/deer/deer_blur_00282.png,deer,animal,land,blur,deer_02771
pixelated/deer/deer_pixelated_00282.png,deer,animal,land,pixelated,deer_02771
noise/deer/deer_noise_00282.png,deer,animal,land,noise,deer_02771
clean/cat/cat_clean_00278.png,cat,animal,land,clean,cat_02772
blur/cat/cat_blur_00278.png,cat,animal,land,blur,cat_02772
pixelated/cat/cat_pixelated_00278.png,cat,animal,land,pixelated,cat_02772
noise/cat/cat_noise_00278.png,cat,animal,land,noise,cat_02772
clean/cat/cat_clean_00279.png,cat,animal,land,clean,cat_02773
blur/cat/cat_blur_00279.png,cat,animal,land,blur,cat_02773
pixelated/cat/cat_pixelated_00279.png,cat,animal,land,pixelated,cat_02773
noise/cat/cat_noise_00279.png,cat,animal,land,noise,cat_02773
clean/ship/ship_clean_00279.png,ship,vehicle,water,clean,ship_02774
blur/ship/ship_blur_00279.png,ship,vehicle,water,blur,ship_02774
pixelated/ship/ship_pixelated_00279.png,ship,vehicle,water,pixelated,ship_02774
noise/ship/ship_noise_00279.png,ship,vehicle,water,noise,ship_02774
clean/automobile/automobile_clean_00269.png,automobile,vehicle,land,clean,automobile_02775
blur/automobile/automobile_blur_00269.png,automobile,vehicle,land,blur,automobile_02775
pixelated/automobile/automobile_pixelated_00269.png,automobile,vehicle,land,pixelated,automobile_02775
noise/automobile/automobile_noise_00269.png,automobile,vehicle,land,noise,automobile_02775
clean/truck/truck_clean_00284.png,truck,vehicle,land,clean,truck_02776
blur/truck/truck_blur_00284.png,truck,vehicle,land,blur,truck_02776
pixelated/truck/truck_pixelated_00284.png,truck,vehicle,land,pixelated,truck_02776
noise/truck/truck_noise_00284.png,truck,vehicle,land,noise,truck_02776
clean/deer/deer_clean_00283.png,deer,animal,land,clean,deer_02777
blur/deer/deer_blur_00283.png,deer,animal,land,blur,deer_02777
pixelated/deer/deer_pixelated_00283.png,deer,animal,land,pixelated,deer_02777
noise/deer/deer_noise_00283.png,deer,animal,land,noise,deer_02777
clean/cat/cat_clean_00280.png,cat,animal,land,clean,cat_02778
blur/cat/cat_blur_00280.png,cat,animal,land,blur,cat_02778
pixelated/cat/cat_pixelated_00280.png,cat,animal,land,pixelated,cat_02778
noise/cat/cat_noise_00280.png,cat,animal,land,noise,cat_02778
clean/frog/frog_clean_00275.png,frog,animal,land,clean,frog_02779
blur/frog/frog_blur_00275.png,frog,animal,land,blur,frog_02779
pixelated/frog/frog_pixelated_00275.png,frog,animal,land,pixelated,frog_02779
noise/frog/frog_noise_00275.png,frog,animal,land,noise,frog_02779
clean/frog/frog_clean_00276.png,frog,animal,land,clean,frog_02780
blur/frog/frog_blur_00276.png,frog,animal,land,blur,frog_02780
pixelated/frog/frog_pixelated_00276.png,frog,animal,land,pixelated,frog_02780
noise/frog/frog_noise_00276.png,frog,animal,land,noise,frog_02780
clean/automobile/automobile_clean_00270.png,automobile,vehicle,land,clean,automobile_02781
blur/automobile/automobile_blur_00270.png,automobile,vehicle,land,blur,automobile_02781
pixelated/automobile/automobile_pixelated_00270.png,automobile,vehicle,land,pixelated,automobile_02781
noise/automobile/automobile_noise_00270.png,automobile,vehicle,land,noise,automobile_02781
clean/truck/truck_clean_00285.png,truck,vehicle,land,clean,truck_02782
blur/truck/truck_blur_00285.png,truck,vehicle,land,blur,truck_02782
pixelated/truck/truck_pixelated_00285.png,truck,vehicle,land,pixelated,truck_02782
noise/truck/truck_noise_00285.png,truck,vehicle,land,noise,truck_02782
clean/bird/bird_clean_00282.png,bird,animal,air,clean,bird_02783
blur/bird/bird_blur_00282.png,bird,animal,air,blur,bird_02783
pixelated/bird/bird_pixelated_00282.png,bird,animal,air,pixelated,bird_02783
noise/bird/bird_noise_00282.png,bird,animal,air,noise,bird_02783
clean/cat/cat_clean_00281.png,cat,animal,land,clean,cat_02784
blur/cat/cat_blur_00281.png,cat,animal,land,blur,cat_02784
pixelated/cat/cat_pixelated_00281.png,cat,animal,land,pixelated,cat_02784
noise/cat/cat_noise_00281.png,cat,animal,land,noise,cat_02784
clean/horse/horse_clean_00275.png,horse,animal,land,clean,horse_02785
blur/horse/horse_blur_00275.png,horse,animal,land,blur,horse_02785
pixelated/horse/horse_pixelated_00275.png,horse,animal,land,pixelated,horse_02785
noise/horse/horse_noise_00275.png,horse,animal,land,noise,horse_02785
clean/dog/dog_clean_00279.png,dog,animal,land,clean,dog_02786
blur/dog/dog_blur_00279.png,dog,animal,land,blur,dog_02786
pixelated/dog/dog_pixelated_00279.png,dog,animal,land,pixelated,dog_02786
noise/dog/dog_noise_00279.png,dog,animal,land,noise,dog_02786
clean/airplane/airplane_clean_00277.png,airplane,vehicle,air,clean,airplane_02787
blur/airplane/airplane_blur_00277.png,airplane,vehicle,air,blur,airplane_02787
pixelated/airplane/airplane_pixelated_00277.png,airplane,vehicle,air,pixelated,airplane_02787
noise/airplane/airplane_noise_00277.png,airplane,vehicle,air,noise,airplane_02787
clean/ship/ship_clean_00280.png,ship,vehicle,water,clean,ship_02788
blur/ship/ship_blur_00280.png,ship,vehicle,water,blur,ship_02788
pixelated/ship/ship_pixelated_00280.png,ship,vehicle,water,pixelated,ship_02788
noise/ship/ship_noise_00280.png,ship,vehicle,water,noise,ship_02788
clean/automobile/automobile_clean_00271.png,automobile,vehicle,land,clean,automobile_02789
blur/automobile/automobile_blur_00271.png,automobile,vehicle,land,blur,automobile_02789
pixelated/automobile/automobile_pixelated_00271.png,automobile,vehicle,land,pixelated,automobile_02789
noise/automobile/automobile_noise_00271.png,automobile,vehicle,land,noise,automobile_02789
clean/horse/horse_clean_00276.png,horse,animal,land,clean,horse_02790
blur/horse/horse_blur_00276.png,horse,animal,land,blur,horse_02790
pixelated/horse/horse_pixelated_00276.png,horse,animal,land,pixelated,horse_02790
noise/horse/horse_noise_00276.png,horse,animal,land,noise,horse_02790
clean/cat/cat_clean_00282.png,cat,animal,land,clean,cat_02791
blur/cat/cat_blur_00282.png,cat,animal,land,blur,cat_02791
pixelated/cat/cat_pixelated_00282.png,cat,animal,land,pixelated,cat_02791
noise/cat/cat_noise_00282.png,cat,animal,land,noise,cat_02791
clean/frog/frog_clean_00277.png,frog,animal,land,clean,frog_02792
blur/frog/frog_blur_00277.png,frog,animal,land,blur,frog_02792
pixelated/frog/frog_pixelated_00277.png,frog,animal,land,pixelated,frog_02792
noise/frog/frog_noise_00277.png,frog,animal,land,noise,frog_02792
clean/airplane/airplane_clean_00278.png,airplane,vehicle,air,clean,airplane_02793
blur/airplane/airplane_blur_00278.png,airplane,vehicle,air,blur,airplane_02793
pixelated/airplane/airplane_pixelated_00278.png,airplane,vehicle,air,pixelated,airplane_02793
noise/airplane/airplane_noise_00278.png,airplane,vehicle,air,noise,airplane_02793
clean/horse/horse_clean_00277.png,horse,animal,land,clean,horse_02794
blur/horse/horse_blur_00277.png,horse,animal,land,blur,horse_02794
pixelated/horse/horse_pixelated_00277.png,horse,animal,land,pixelated,horse_02794
noise/horse/horse_noise_00277.png,horse,animal,land,noise,horse_02794
clean/bird/bird_clean_00283.png,bird,animal,air,clean,bird_02795
blur/bird/bird_blur_00283.png,bird,animal,air,blur,bird_02795
pixelated/bird/bird_pixelated_00283.png,bird,animal,air,pixelated,bird_02795
noise/bird/bird_noise_00283.png,bird,animal,air,noise,bird_02795
clean/frog/frog_clean_00278.png,frog,animal,land,clean,frog_02796
blur/frog/frog_blur_00278.png,frog,animal,land,blur,frog_02796
pixelated/frog/frog_pixelated_00278.png,frog,animal,land,pixelated,frog_02796
noise/frog/frog_noise_00278.png,frog,animal,land,noise,frog_02796
clean/cat/cat_clean_00283.png,cat,animal,land,clean,cat_02797
blur/cat/cat_blur_00283.png,cat,animal,land,blur,cat_02797
pixelated/cat/cat_pixelated_00283.png,cat,animal,land,pixelated,cat_02797
noise/cat/cat_noise_00283.png,cat,animal,land,noise,cat_02797
clean/cat/cat_clean_00284.png,cat,animal,land,clean,cat_02798
blur/cat/cat_blur_00284.png,cat,animal,land,blur,cat_02798
pixelated/cat/cat_pixelated_00284.png,cat,animal,land,pixelated,cat_02798
noise/cat/cat_noise_00284.png,cat,animal,land,noise,cat_02798
clean/deer/deer_clean_00284.png,deer,animal,land,clean,deer_02799
blur/deer/deer_blur_00284.png,deer,animal,land,blur,deer_02799
pixelated/deer/deer_pixelated_00284.png,deer,animal,land,pixelated,deer_02799
noise/deer/deer_noise_00284.png,deer,animal,land,noise,deer_02799
clean/horse/horse_clean_00278.png,horse,animal,land,clean,horse_02800
blur/horse/horse_blur_00278.png,horse,animal,land,blur,horse_02800
pixelated/horse/horse_pixelated_00278.png,horse,animal,land,pixelated,horse_02800
noise/horse/horse_noise_00278.png,horse,animal,land,noise,horse_02800
clean/ship/ship_clean_00281.png,ship,vehicle,water,clean,ship_02801
blur/ship/ship_blur_00281.png,ship,vehicle,water,blur,ship_02801
pixelated/ship/ship_pixelated_00281.png,ship,vehicle,water,pixelated,ship_02801
noise/ship/ship_noise_00281.png,ship,vehicle,water,noise,ship_02801
clean/truck/truck_clean_00286.png,truck,vehicle,land,clean,truck_02802
blur/truck/truck_blur_00286.png,truck,vehicle,land,blur,truck_02802
pixelated/truck/truck_pixelated_00286.png,truck,vehicle,land,pixelated,truck_02802
noise/truck/truck_noise_00286.png,truck,vehicle,land,noise,truck_02802
clean/frog/frog_clean_00279.png,frog,animal,land,clean,frog_02803
blur/frog/frog_blur_00279.png,frog,animal,land,blur,frog_02803
pixelated/frog/frog_pixelated_00279.png,frog,animal,land,pixelated,frog_02803
noise/frog/frog_noise_00279.png,frog,animal,land,noise,frog_02803
clean/cat/cat_clean_00285.png,cat,animal,land,clean,cat_02804
blur/cat/cat_blur_00285.png,cat,animal,land,blur,cat_02804
pixelated/cat/cat_pixelated_00285.png,cat,animal,land,pixelated,cat_02804
noise/cat/cat_noise_00285.png,cat,animal,land,noise,cat_02804
clean/bird/bird_clean_00284.png,bird,animal,air,clean,bird_02805
blur/bird/bird_blur_00284.png,bird,animal,air,blur,bird_02805
pixelated/bird/bird_pixelated_00284.png,bird,animal,air,pixelated,bird_02805
noise/bird/bird_noise_00284.png,bird,animal,air,noise,bird_02805
clean/ship/ship_clean_00282.png,ship,vehicle,water,clean,ship_02806
blur/ship/ship_blur_00282.png,ship,vehicle,water,blur,ship_02806
pixelated/ship/ship_pixelated_00282.png,ship,vehicle,water,pixelated,ship_02806
noise/ship/ship_noise_00282.png,ship,vehicle,water,noise,ship_02806
clean/dog/dog_clean_00280.png,dog,animal,land,clean,dog_02807
blur/dog/dog_blur_00280.png,dog,animal,land,blur,dog_02807
pixelated/dog/dog_pixelated_00280.png,dog,animal,land,pixelated,dog_02807
noise/dog/dog_noise_00280.png,dog,animal,land,noise,dog_02807
clean/deer/deer_clean_00285.png,deer,animal,land,clean,deer_02808
blur/deer/deer_blur_00285.png,deer,animal,land,blur,deer_02808
pixelated/deer/deer_pixelated_00285.png,deer,animal,land,pixelated,deer_02808
noise/deer/deer_noise_00285.png,deer,animal,land,noise,deer_02808
clean/airplane/airplane_clean_00279.png,airplane,vehicle,air,clean,airplane_02809
blur/airplane/airplane_blur_00279.png,airplane,vehicle,air,blur,airplane_02809
pixelated/airplane/airplane_pixelated_00279.png,airplane,vehicle,air,pixelated,airplane_02809
noise/airplane/airplane_noise_00279.png,airplane,vehicle,air,noise,airplane_02809
clean/deer/deer_clean_00286.png,deer,animal,land,clean,deer_02810
blur/deer/deer_blur_00286.png,deer,animal,land,blur,deer_02810
pixelated/deer/deer_pixelated_00286.png,deer,animal,land,pixelated,deer_02810
noise/deer/deer_noise_00286.png,deer,animal,land,noise,deer_02810
clean/airplane/airplane_clean_00280.png,airplane,vehicle,air,clean,airplane_02811
blur/airplane/airplane_blur_00280.png,airplane,vehicle,air,blur,airplane_02811
pixelated/airplane/airplane_pixelated_00280.png,airplane,vehicle,air,pixelated,airplane_02811
noise/airplane/airplane_noise_00280.png,airplane,vehicle,air,noise,airplane_02811
clean/dog/dog_clean_00281.png,dog,animal,land,clean,dog_02812
blur/dog/dog_blur_00281.png,dog,animal,land,blur,dog_02812
pixelated/dog/dog_pixelated_00281.png,dog,animal,land,pixelated,dog_02812
noise/dog/dog_noise_00281.png,dog,animal,land,noise,dog_02812
clean/frog/frog_clean_00280.png,frog,animal,land,clean,frog_02813
blur/frog/frog_blur_00280.png,frog,animal,land,blur,frog_02813
pixelated/frog/frog_pixelated_00280.png,frog,animal,land,pixelated,frog_02813
noise/frog/frog_noise_00280.png,frog,animal,land,noise,frog_02813
clean/horse/horse_clean_00279.png,horse,animal,land,clean,horse_02814
blur/horse/horse_blur_00279.png,horse,animal,land,blur,horse_02814
pixelated/horse/horse_pixelated_00279.png,horse,animal,land,pixelated,horse_02814
noise/horse/horse_noise_00279.png,horse,animal,land,noise,horse_02814
clean/automobile/automobile_clean_00272.png,automobile,vehicle,land,clean,automobile_02815
blur/automobile/automobile_blur_00272.png,automobile,vehicle,land,blur,automobile_02815
pixelated/automobile/automobile_pixelated_00272.png,automobile,vehicle,land,pixelated,automobile_02815
noise/automobile/automobile_noise_00272.png,automobile,vehicle,land,noise,automobile_02815
clean/deer/deer_clean_00287.png,deer,animal,land,clean,deer_02816
blur/deer/deer_blur_00287.png,deer,animal,land,blur,deer_02816
pixelated/deer/deer_pixelated_00287.png,deer,animal,land,pixelated,deer_02816
noise/deer/deer_noise_00287.png,deer,animal,land,noise,deer_02816
clean/truck/truck_clean_00287.png,truck,vehicle,land,clean,truck_02817
blur/truck/truck_blur_00287.png,truck,vehicle,land,blur,truck_02817
pixelated/truck/truck_pixelated_00287.png,truck,vehicle,land,pixelated,truck_02817
noise/truck/truck_noise_00287.png,truck,vehicle,land,noise,truck_02817
clean/dog/dog_clean_00282.png,dog,animal,land,clean,dog_02818
blur/dog/dog_blur_00282.png,dog,animal,land,blur,dog_02818
pixelated/dog/dog_pixelated_00282.png,dog,animal,land,pixelated,dog_02818
noise/dog/dog_noise_00282.png,dog,animal,land,noise,dog_02818
clean/dog/dog_clean_00283.png,dog,animal,land,clean,dog_02819
blur/dog/dog_blur_00283.png,dog,animal,land,blur,dog_02819
pixelated/dog/dog_pixelated_00283.png,dog,animal,land,pixelated,dog_02819
noise/dog/dog_noise_00283.png,dog,animal,land,noise,dog_02819
clean/cat/cat_clean_00286.png,cat,animal,land,clean,cat_02820
blur/cat/cat_blur_00286.png,cat,animal,land,blur,cat_02820
pixelated/cat/cat_pixelated_00286.png,cat,animal,land,pixelated,cat_02820
noise/cat/cat_noise_00286.png,cat,animal,land,noise,cat_02820
clean/airplane/airplane_clean_00281.png,airplane,vehicle,air,clean,airplane_02821
blur/airplane/airplane_blur_00281.png,airplane,vehicle,air,blur,airplane_02821
pixelated/airplane/airplane_pixelated_00281.png,airplane,vehicle,air,pixelated,airplane_02821
noise/airplane/airplane_noise_00281.png,airplane,vehicle,air,noise,airplane_02821
clean/truck/truck_clean_00288.png,truck,vehicle,land,clean,truck_02822
blur/truck/truck_blur_00288.png,truck,vehicle,land,blur,truck_02822
pixelated/truck/truck_pixelated_00288.png,truck,vehicle,land,pixelated,truck_02822
noise/truck/truck_noise_00288.png,truck,vehicle,land,noise,truck_02822
clean/dog/dog_clean_00284.png,dog,animal,land,clean,dog_02823
blur/dog/dog_blur_00284.png,dog,animal,land,blur,dog_02823
pixelated/dog/dog_pixelated_00284.png,dog,animal,land,pixelated,dog_02823
noise/dog/dog_noise_00284.png,dog,animal,land,noise,dog_02823
clean/bird/bird_clean_00285.png,bird,animal,air,clean,bird_02824
blur/bird/bird_blur_00285.png,bird,animal,air,blur,bird_02824
pixelated/bird/bird_pixelated_00285.png,bird,animal,air,pixelated,bird_02824
noise/bird/bird_noise_00285.png,bird,animal,air,noise,bird_02824
clean/airplane/airplane_clean_00282.png,airplane,vehicle,air,clean,airplane_02825
blur/airplane/airplane_blur_00282.png,airplane,vehicle,air,blur,airplane_02825
pixelated/airplane/airplane_pixelated_00282.png,airplane,vehicle,air,pixelated,airplane_02825
noise/airplane/airplane_noise_00282.png,airplane,vehicle,air,noise,airplane_02825
clean/bird/bird_clean_00286.png,bird,animal,air,clean,bird_02826
blur/bird/bird_blur_00286.png,bird,animal,air,blur,bird_02826
pixelated/bird/bird_pixelated_00286.png,bird,animal,air,pixelated,bird_02826
noise/bird/bird_noise_00286.png,bird,animal,air,noise,bird_02826
clean/frog/frog_clean_00281.png,frog,animal,land,clean,frog_02827
blur/frog/frog_blur_00281.png,frog,animal,land,blur,frog_02827
pixelated/frog/frog_pixelated_00281.png,frog,animal,land,pixelated,frog_02827
noise/frog/frog_noise_00281.png,frog,animal,land,noise,frog_02827
clean/automobile/automobile_clean_00273.png,automobile,vehicle,land,clean,automobile_02828
blur/automobile/automobile_blur_00273.png,automobile,vehicle,land,blur,automobile_02828
pixelated/automobile/automobile_pixelated_00273.png,automobile,vehicle,land,pixelated,automobile_02828
noise/automobile/automobile_noise_00273.png,automobile,vehicle,land,noise,automobile_02828
clean/horse/horse_clean_00280.png,horse,animal,land,clean,horse_02829
blur/horse/horse_blur_00280.png,horse,animal,land,blur,horse_02829
pixelated/horse/horse_pixelated_00280.png,horse,animal,land,pixelated,horse_02829
noise/horse/horse_noise_00280.png,horse,animal,land,noise,horse_02829
clean/cat/cat_clean_00287.png,cat,animal,land,clean,cat_02830
blur/cat/cat_blur_00287.png,cat,animal,land,blur,cat_02830
pixelated/cat/cat_pixelated_00287.png,cat,animal,land,pixelated,cat_02830
noise/cat/cat_noise_00287.png,cat,animal,land,noise,cat_02830
clean/bird/bird_clean_00287.png,bird,animal,air,clean,bird_02831
blur/bird/bird_blur_00287.png,bird,animal,air,blur,bird_02831
pixelated/bird/bird_pixelated_00287.png,bird,animal,air,pixelated,bird_02831
noise/bird/bird_noise_00287.png,bird,animal,air,noise,bird_02831
clean/deer/deer_clean_00288.png,deer,animal,land,clean,deer_02832
blur/deer/deer_blur_00288.png,deer,animal,land,blur,deer_02832
pixelated/deer/deer_pixelated_00288.png,deer,animal,land,pixelated,deer_02832
noise/deer/deer_noise_00288.png,deer,animal,land,noise,deer_02832
clean/truck/truck_clean_00289.png,truck,vehicle,land,clean,truck_02833
blur/truck/truck_blur_00289.png,truck,vehicle,land,blur,truck_02833
pixelated/truck/truck_pixelated_00289.png,truck,vehicle,land,pixelated,truck_02833
noise/truck/truck_noise_00289.png,truck,vehicle,land,noise,truck_02833
clean/horse/horse_clean_00281.png,horse,animal,land,clean,horse_02834
blur/horse/horse_blur_00281.png,horse,animal,land,blur,horse_02834
pixelated/horse/horse_pixelated_00281.png,horse,animal,land,pixelated,horse_02834
noise/horse/horse_noise_00281.png,horse,animal,land,noise,horse_02834
clean/ship/ship_clean_00283.png,ship,vehicle,water,clean,ship_02835
blur/ship/ship_blur_00283.png,ship,vehicle,water,blur,ship_02835
pixelated/ship/ship_pixelated_00283.png,ship,vehicle,water,pixelated,ship_02835
noise/ship/ship_noise_00283.png,ship,vehicle,water,noise,ship_02835
clean/airplane/airplane_clean_00283.png,airplane,vehicle,air,clean,airplane_02836
blur/airplane/airplane_blur_00283.png,airplane,vehicle,air,blur,airplane_02836
pixelated/airplane/airplane_pixelated_00283.png,airplane,vehicle,air,pixelated,airplane_02836
noise/airplane/airplane_noise_00283.png,airplane,vehicle,air,noise,airplane_02836
clean/deer/deer_clean_00289.png,deer,animal,land,clean,deer_02837
blur/deer/deer_blur_00289.png,deer,animal,land,blur,deer_02837
pixelated/deer/deer_pixelated_00289.png,deer,animal,land,pixelated,deer_02837
noise/deer/deer_noise_00289.png,deer,animal,land,noise,deer_02837
clean/automobile/automobile_clean_00274.png,automobile,vehicle,land,clean,automobile_02838
blur/automobile/automobile_blur_00274.png,automobile,vehicle,land,blur,automobile_02838
pixelated/automobile/automobile_pixelated_00274.png,automobile,vehicle,land,pixelated,automobile_02838
noise/automobile/automobile_noise_00274.png,automobile,vehicle,land,noise,automobile_02838
clean/horse/horse_clean_00282.png,horse,animal,land,clean,horse_02839
blur/horse/horse_blur_00282.png,horse,animal,land,blur,horse_02839
pixelated/horse/horse_pixelated_00282.png,horse,animal,land,pixelated,horse_02839
noise/horse/horse_noise_00282.png,horse,animal,land,noise,horse_02839
clean/cat/cat_clean_00288.png,cat,animal,land,clean,cat_02840
blur/cat/cat_blur_00288.png,cat,animal,land,blur,cat_02840
pixelated/cat/cat_pixelated_00288.png,cat,animal,land,pixelated,cat_02840
noise/cat/cat_noise_00288.png,cat,animal,land,noise,cat_02840
clean/automobile/automobile_clean_00275.png,automobile,vehicle,land,clean,automobile_02841
blur/automobile/automobile_blur_00275.png,automobile,vehicle,land,blur,automobile_02841
pixelated/automobile/automobile_pixelated_00275.png,automobile,vehicle,land,pixelated,automobile_02841
noise/automobile/automobile_noise_00275.png,automobile,vehicle,land,noise,automobile_02841
clean/dog/dog_clean_00285.png,dog,animal,land,clean,dog_02842
blur/dog/dog_blur_00285.png,dog,animal,land,blur,dog_02842
pixelated/dog/dog_pixelated_00285.png,dog,animal,land,pixelated,dog_02842
noise/dog/dog_noise_00285.png,dog,animal,land,noise,dog_02842
clean/horse/horse_clean_00283.png,horse,animal,land,clean,horse_02843
blur/horse/horse_blur_00283.png,horse,animal,land,blur,horse_02843
pixelated/horse/horse_pixelated_00283.png,horse,animal,land,pixelated,horse_02843
noise/horse/horse_noise_00283.png,horse,animal,land,noise,horse_02843
clean/deer/deer_clean_00290.png,deer,animal,land,clean,deer_02844
blur/deer/deer_blur_00290.png,deer,animal,land,blur,deer_02844
pixelated/deer/deer_pixelated_00290.png,deer,animal,land,pixelated,deer_02844
noise/deer/deer_noise_00290.png,deer,animal,land,noise,deer_02844
clean/bird/bird_clean_00288.png,bird,animal,air,clean,bird_02845
blur/bird/bird_blur_00288.png,bird,animal,air,blur,bird_02845
pixelated/bird/bird_pixelated_00288.png,bird,animal,air,pixelated,bird_02845
noise/bird/bird_noise_00288.png,bird,animal,air,noise,bird_02845
clean/cat/cat_clean_00289.png,cat,animal,land,clean,cat_02846
blur/cat/cat_blur_00289.png,cat,animal,land,blur,cat_02846
pixelated/cat/cat_pixelated_00289.png,cat,animal,land,pixelated,cat_02846
noise/cat/cat_noise_00289.png,cat,animal,land,noise,cat_02846
clean/airplane/airplane_clean_00284.png,airplane,vehicle,air,clean,airplane_02847
blur/airplane/airplane_blur_00284.png,airplane,vehicle,air,blur,airplane_02847
pixelated/airplane/airplane_pixelated_00284.png,airplane,vehicle,air,pixelated,airplane_02847
noise/airplane/airplane_noise_00284.png,airplane,vehicle,air,noise,airplane_02847
clean/airplane/airplane_clean_00285.png,airplane,vehicle,air,clean,airplane_02848
blur/airplane/airplane_blur_00285.png,airplane,vehicle,air,blur,airplane_02848
pixelated/airplane/airplane_pixelated_00285.png,airplane,vehicle,air,pixelated,airplane_02848
noise/airplane/airplane_noise_00285.png,airplane,vehicle,air,noise,airplane_02848
clean/ship/ship_clean_00284.png,ship,vehicle,water,clean,ship_02849
blur/ship/ship_blur_00284.png,ship,vehicle,water,blur,ship_02849
pixelated/ship/ship_pixelated_00284.png,ship,vehicle,water,pixelated,ship_02849
noise/ship/ship_noise_00284.png,ship,vehicle,water,noise,ship_02849
clean/automobile/automobile_clean_00276.png,automobile,vehicle,land,clean,automobile_02850
blur/automobile/automobile_blur_00276.png,automobile,vehicle,land,blur,automobile_02850
pixelated/automobile/automobile_pixelated_00276.png,automobile,vehicle,land,pixelated,automobile_02850
noise/automobile/automobile_noise_00276.png,automobile,vehicle,land,noise,automobile_02850
clean/deer/deer_clean_00291.png,deer,animal,land,clean,deer_02851
blur/deer/deer_blur_00291.png,deer,animal,land,blur,deer_02851
pixelated/deer/deer_pixelated_00291.png,deer,animal,land,pixelated,deer_02851
noise/deer/deer_noise_00291.png,deer,animal,land,noise,deer_02851
clean/automobile/automobile_clean_00277.png,automobile,vehicle,land,clean,automobile_02852
blur/automobile/automobile_blur_00277.png,automobile,vehicle,land,blur,automobile_02852
pixelated/automobile/automobile_pixelated_00277.png,automobile,vehicle,land,pixelated,automobile_02852
noise/automobile/automobile_noise_00277.png,automobile,vehicle,land,noise,automobile_02852
clean/deer/deer_clean_00292.png,deer,animal,land,clean,deer_02853
blur/deer/deer_blur_00292.png,deer,animal,land,blur,deer_02853
pixelated/deer/deer_pixelated_00292.png,deer,animal,land,pixelated,deer_02853
noise/deer/deer_noise_00292.png,deer,animal,land,noise,deer_02853
clean/horse/horse_clean_00284.png,horse,animal,land,clean,horse_02854
blur/horse/horse_blur_00284.png,horse,animal,land,blur,horse_02854
pixelated/horse/horse_pixelated_00284.png,horse,animal,land,pixelated,horse_02854
noise/horse/horse_noise_00284.png,horse,animal,land,noise,horse_02854
clean/frog/frog_clean_00282.png,frog,animal,land,clean,frog_02855
blur/frog/frog_blur_00282.png,frog,animal,land,blur,frog_02855
pixelated/frog/frog_pixelated_00282.png,frog,animal,land,pixelated,frog_02855
noise/frog/frog_noise_00282.png,frog,animal,land,noise,frog_02855
clean/frog/frog_clean_00283.png,frog,animal,land,clean,frog_02856
blur/frog/frog_blur_00283.png,frog,animal,land,blur,frog_02856
pixelated/frog/frog_pixelated_00283.png,frog,animal,land,pixelated,frog_02856
noise/frog/frog_noise_00283.png,frog,animal,land,noise,frog_02856
clean/bird/bird_clean_00289.png,bird,animal,air,clean,bird_02857
blur/bird/bird_blur_00289.png,bird,animal,air,blur,bird_02857
pixelated/bird/bird_pixelated_00289.png,bird,animal,air,pixelated,bird_02857
noise/bird/bird_noise_00289.png,bird,animal,air,noise,bird_02857
clean/truck/truck_clean_00290.png,truck,vehicle,land,clean,truck_02858
blur/truck/truck_blur_00290.png,truck,vehicle,land,blur,truck_02858
pixelated/truck/truck_pixelated_00290.png,truck,vehicle,land,pixelated,truck_02858
noise/truck/truck_noise_00290.png,truck,vehicle,land,noise,truck_02858
clean/automobile/automobile_clean_00278.png,automobile,vehicle,land,clean,automobile_02859
blur/automobile/automobile_blur_00278.png,automobile,vehicle,land,blur,automobile_02859
pixelated/automobile/automobile_pixelated_00278.png,automobile,vehicle,land,pixelated,automobile_02859
noise/automobile/automobile_noise_00278.png,automobile,vehicle,land,noise,automobile_02859
clean/airplane/airplane_clean_00286.png,airplane,vehicle,air,clean,airplane_02860
blur/airplane/airplane_blur_00286.png,airplane,vehicle,air,blur,airplane_02860
pixelated/airplane/airplane_pixelated_00286.png,airplane,vehicle,air,pixelated,airplane_02860
noise/airplane/airplane_noise_00286.png,airplane,vehicle,air,noise,airplane_02860
clean/ship/ship_clean_00285.png,ship,vehicle,water,clean,ship_02861
blur/ship/ship_blur_00285.png,ship,vehicle,water,blur,ship_02861
pixelated/ship/ship_pixelated_00285.png,ship,vehicle,water,pixelated,ship_02861
noise/ship/ship_noise_00285.png,ship,vehicle,water,noise,ship_02861
clean/ship/ship_clean_00286.png,ship,vehicle,water,clean,ship_02862
blur/ship/ship_blur_00286.png,ship,vehicle,water,blur,ship_02862
pixelated/ship/ship_pixelated_00286.png,ship,vehicle,water,pixelated,ship_02862
noise/ship/ship_noise_00286.png,ship,vehicle,water,noise,ship_02862
clean/horse/horse_clean_00285.png,horse,animal,land,clean,horse_02863
blur/horse/horse_blur_00285.png,horse,animal,land,blur,horse_02863
pixelated/horse/horse_pixelated_00285.png,horse,animal,land,pixelated,horse_02863
noise/horse/horse_noise_00285.png,horse,animal,land,noise,horse_02863
clean/automobile/automobile_clean_00279.png,automobile,vehicle,land,clean,automobile_02864
blur/automobile/automobile_blur_00279.png,automobile,vehicle,land,blur,automobile_02864
pixelated/automobile/automobile_pixelated_00279.png,automobile,vehicle,land,pixelated,automobile_02864
noise/automobile/automobile_noise_00279.png,automobile,vehicle,land,noise,automobile_02864
clean/frog/frog_clean_00284.png,frog,animal,land,clean,frog_02865
blur/frog/frog_blur_00284.png,frog,animal,land,blur,frog_02865
pixelated/frog/frog_pixelated_00284.png,frog,animal,land,pixelated,frog_02865
noise/frog/frog_noise_00284.png,frog,animal,land,noise,frog_02865
clean/bird/bird_clean_00290.png,bird,animal,air,clean,bird_02866
blur/bird/bird_blur_00290.png,bird,animal,air,blur,bird_02866
pixelated/bird/bird_pixelated_00290.png,bird,animal,air,pixelated,bird_02866
noise/bird/bird_noise_00290.png,bird,animal,air,noise,bird_02866
clean/automobile/automobile_clean_00280.png,automobile,vehicle,land,clean,automobile_02867
blur/automobile/automobile_blur_00280.png,automobile,vehicle,land,blur,automobile_02867
pixelated/automobile/automobile_pixelated_00280.png,automobile,vehicle,land,pixelated,automobile_02867
noise/automobile/automobile_noise_00280.png,automobile,vehicle,land,noise,automobile_02867
clean/automobile/automobile_clean_00281.png,automobile,vehicle,land,clean,automobile_02868
blur/automobile/automobile_blur_00281.png,automobile,vehicle,land,blur,automobile_02868
pixelated/automobile/automobile_pixelated_00281.png,automobile,vehicle,land,pixelated,automobile_02868
noise/automobile/automobile_noise_00281.png,automobile,vehicle,land,noise,automobile_02868
clean/frog/frog_clean_00285.png,frog,animal,land,clean,frog_02869
blur/frog/frog_blur_00285.png,frog,animal,land,blur,frog_02869
pixelated/frog/frog_pixelated_00285.png,frog,animal,land,pixelated,frog_02869
noise/frog/frog_noise_00285.png,frog,animal,land,noise,frog_02869
clean/frog/frog_clean_00286.png,frog,animal,land,clean,frog_02870
blur/frog/frog_blur_00286.png,frog,animal,land,blur,frog_02870
pixelated/frog/frog_pixelated_00286.png,frog,animal,land,pixelated,frog_02870
noise/frog/frog_noise_00286.png,frog,animal,land,noise,frog_02870
clean/dog/dog_clean_00286.png,dog,animal,land,clean,dog_02871
blur/dog/dog_blur_00286.png,dog,animal,land,blur,dog_02871
pixelated/dog/dog_pixelated_00286.png,dog,animal,land,pixelated,dog_02871
noise/dog/dog_noise_00286.png,dog,animal,land,noise,dog_02871
clean/horse/horse_clean_00286.png,horse,animal,land,clean,horse_02872
blur/horse/horse_blur_00286.png,horse,animal,land,blur,horse_02872
pixelated/horse/horse_pixelated_00286.png,horse,animal,land,pixelated,horse_02872
noise/horse/horse_noise_00286.png,horse,animal,land,noise,horse_02872
clean/ship/ship_clean_00287.png,ship,vehicle,water,clean,ship_02873
blur/ship/ship_blur_00287.png,ship,vehicle,water,blur,ship_02873
pixelated/ship/ship_pixelated_00287.png,ship,vehicle,water,pixelated,ship_02873
noise/ship/ship_noise_00287.png,ship,vehicle,water,noise,ship_02873
clean/deer/deer_clean_00293.png,deer,animal,land,clean,deer_02874
blur/deer/deer_blur_00293.png,deer,animal,land,blur,deer_02874
pixelated/deer/deer_pixelated_00293.png,deer,animal,land,pixelated,deer_02874
noise/deer/deer_noise_00293.png,deer,animal,land,noise,deer_02874
clean/automobile/automobile_clean_00282.png,automobile,vehicle,land,clean,automobile_02875
blur/automobile/automobile_blur_00282.png,automobile,vehicle,land,blur,automobile_02875
pixelated/automobile/automobile_pixelated_00282.png,automobile,vehicle,land,pixelated,automobile_02875
noise/automobile/automobile_noise_00282.png,automobile,vehicle,land,noise,automobile_02875
clean/automobile/automobile_clean_00283.png,automobile,vehicle,land,clean,automobile_02876
blur/automobile/automobile_blur_00283.png,automobile,vehicle,land,blur,automobile_02876
pixelated/automobile/automobile_pixelated_00283.png,automobile,vehicle,land,pixelated,automobile_02876
noise/automobile/automobile_noise_00283.png,automobile,vehicle,land,noise,automobile_02876
clean/dog/dog_clean_00287.png,dog,animal,land,clean,dog_02877
blur/dog/dog_blur_00287.png,dog,animal,land,blur,dog_02877
pixelated/dog/dog_pixelated_00287.png,dog,animal,land,pixelated,dog_02877
noise/dog/dog_noise_00287.png,dog,animal,land,noise,dog_02877
clean/deer/deer_clean_00294.png,deer,animal,land,clean,deer_02878
blur/deer/deer_blur_00294.png,deer,animal,land,blur,deer_02878
pixelated/deer/deer_pixelated_00294.png,deer,animal,land,pixelated,deer_02878
noise/deer/deer_noise_00294.png,deer,animal,land,noise,deer_02878
clean/dog/dog_clean_00288.png,dog,animal,land,clean,dog_02879
blur/dog/dog_blur_00288.png,dog,animal,land,blur,dog_02879
pixelated/dog/dog_pixelated_00288.png,dog,animal,land,pixelated,dog_02879
noise/dog/dog_noise_00288.png,dog,animal,land,noise,dog_02879
clean/truck/truck_clean_00291.png,truck,vehicle,land,clean,truck_02880
blur/truck/truck_blur_00291.png,truck,vehicle,land,blur,truck_02880
pixelated/truck/truck_pixelated_00291.png,truck,vehicle,land,pixelated,truck_02880
noise/truck/truck_noise_00291.png,truck,vehicle,land,noise,truck_02880
clean/automobile/automobile_clean_00284.png,automobile,vehicle,land,clean,automobile_02881
blur/automobile/automobile_blur_00284.png,automobile,vehicle,land,blur,automobile_02881
pixelated/automobile/automobile_pixelated_00284.png,automobile,vehicle,land,pixelated,automobile_02881
noise/automobile/automobile_noise_00284.png,automobile,vehicle,land,noise,automobile_02881
clean/frog/frog_clean_00287.png,frog,animal,land,clean,frog_02882
blur/frog/frog_blur_00287.png,frog,animal,land,blur,frog_02882
pixelated/frog/frog_pixelated_00287.png,frog,animal,land,pixelated,frog_02882
noise/frog/frog_noise_00287.png,frog,animal,land,noise,frog_02882
clean/truck/truck_clean_00292.png,truck,vehicle,land,clean,truck_02883
blur/truck/truck_blur_00292.png,truck,vehicle,land,blur,truck_02883
pixelated/truck/truck_pixelated_00292.png,truck,vehicle,land,pixelated,truck_02883
noise/truck/truck_noise_00292.png,truck,vehicle,land,noise,truck_02883
clean/horse/horse_clean_00287.png,horse,animal,land,clean,horse_02884
blur/horse/horse_blur_00287.png,horse,animal,land,blur,horse_02884
pixelated/horse/horse_pixelated_00287.png,horse,animal,land,pixelated,horse_02884
noise/horse/horse_noise_00287.png,horse,animal,land,noise,horse_02884
clean/airplane/airplane_clean_00287.png,airplane,vehicle,air,clean,airplane_02885
blur/airplane/airplane_blur_00287.png,airplane,vehicle,air,blur,airplane_02885
pixelated/airplane/airplane_pixelated_00287.png,airplane,vehicle,air,pixelated,airplane_02885
noise/airplane/airplane_noise_00287.png,airplane,vehicle,air,noise,airplane_02885
clean/ship/ship_clean_00288.png,ship,vehicle,water,clean,ship_02886
blur/ship/ship_blur_00288.png,ship,vehicle,water,blur,ship_02886
pixelated/ship/ship_pixelated_00288.png,ship,vehicle,water,pixelated,ship_02886
noise/ship/ship_noise_00288.png,ship,vehicle,water,noise,ship_02886
clean/ship/ship_clean_00289.png,ship,vehicle,water,clean,ship_02887
blur/ship/ship_blur_00289.png,ship,vehicle,water,blur,ship_02887
pixelated/ship/ship_pixelated_00289.png,ship,vehicle,water,pixelated,ship_02887
noise/ship/ship_noise_00289.png,ship,vehicle,water,noise,ship_02887
clean/cat/cat_clean_00290.png,cat,animal,land,clean,cat_02888
blur/cat/cat_blur_00290.png,cat,animal,land,blur,cat_02888
pixelated/cat/cat_pixelated_00290.png,cat,animal,land,pixelated,cat_02888
noise/cat/cat_noise_00290.png,cat,animal,land,noise,cat_02888
clean/bird/bird_clean_00291.png,bird,animal,air,clean,bird_02889
blur/bird/bird_blur_00291.png,bird,animal,air,blur,bird_02889
pixelated/bird/bird_pixelated_00291.png,bird,animal,air,pixelated,bird_02889
noise/bird/bird_noise_00291.png,bird,animal,air,noise,bird_02889
clean/dog/dog_clean_00289.png,dog,animal,land,clean,dog_02890
blur/dog/dog_blur_00289.png,dog,animal,land,blur,dog_02890
pixelated/dog/dog_pixelated_00289.png,dog,animal,land,pixelated,dog_02890
noise/dog/dog_noise_00289.png,dog,animal,land,noise,dog_02890
clean/truck/truck_clean_00293.png,truck,vehicle,land,clean,truck_02891
blur/truck/truck_blur_00293.png,truck,vehicle,land,blur,truck_02891
pixelated/truck/truck_pixelated_00293.png,truck,vehicle,land,pixelated,truck_02891
noise/truck/truck_noise_00293.png,truck,vehicle,land,noise,truck_02891
clean/horse/horse_clean_00288.png,horse,animal,land,clean,horse_02892
blur/horse/horse_blur_00288.png,horse,animal,land,blur,horse_02892
pixelated/horse/horse_pixelated_00288.png,horse,animal,land,pixelated,horse_02892
noise/horse/horse_noise_00288.png,horse,animal,land,noise,horse_02892
clean/frog/frog_clean_00288.png,frog,animal,land,clean,frog_02893
blur/frog/frog_blur_00288.png,frog,animal,land,blur,frog_02893
pixelated/frog/frog_pixelated_00288.png,frog,animal,land,pixelated,frog_02893
noise/frog/frog_noise_00288.png,frog,animal,land,noise,frog_02893
clean/bird/bird_clean_00292.png,bird,animal,air,clean,bird_02894
blur/bird/bird_blur_00292.png,bird,animal,air,blur,bird_02894
pixelated/bird/bird_pixelated_00292.png,bird,animal,air,pixelated,bird_02894
noise/bird/bird_noise_00292.png,bird,animal,air,noise,bird_02894
clean/deer/deer_clean_00295.png,deer,animal,land,clean,deer_02895
blur/deer/deer_blur_00295.png,deer,animal,land,blur,deer_02895
pixelated/deer/deer_pixelated_00295.png,deer,animal,land,pixelated,deer_02895
noise/deer/deer_noise_00295.png,deer,animal,land,noise,deer_02895
clean/airplane/airplane_clean_00288.png,airplane,vehicle,air,clean,airplane_02896
blur/airplane/airplane_blur_00288.png,airplane,vehicle,air,blur,airplane_02896
pixelated/airplane/airplane_pixelated_00288.png,airplane,vehicle,air,pixelated,airplane_02896
noise/airplane/airplane_noise_00288.png,airplane,vehicle,air,noise,airplane_02896
clean/airplane/airplane_clean_00289.png,airplane,vehicle,air,clean,airplane_02897
blur/airplane/airplane_blur_00289.png,airplane,vehicle,air,blur,airplane_02897
pixelated/airplane/airplane_pixelated_00289.png,airplane,vehicle,air,pixelated,airplane_02897
noise/airplane/airplane_noise_00289.png,airplane,vehicle,air,noise,airplane_02897
clean/frog/frog_clean_00289.png,frog,animal,land,clean,frog_02898
blur/frog/frog_blur_00289.png,frog,animal,land,blur,frog_02898
pixelated/frog/frog_pixelated_00289.png,frog,animal,land,pixelated,frog_02898
noise/frog/frog_noise_00289.png,frog,animal,land,noise,frog_02898
clean/airplane/airplane_clean_00290.png,airplane,vehicle,air,clean,airplane_02899
blur/airplane/airplane_blur_00290.png,airplane,vehicle,air,blur,airplane_02899
pixelated/airplane/airplane_pixelated_00290.png,airplane,vehicle,air,pixelated,airplane_02899
noise/airplane/airplane_noise_00290.png,airplane,vehicle,air,noise,airplane_02899
clean/horse/horse_clean_00289.png,horse,animal,land,clean,horse_02900
blur/horse/horse_blur_00289.png,horse,animal,land,blur,horse_02900
pixelated/horse/horse_pixelated_00289.png,horse,animal,land,pixelated,horse_02900
noise/horse/horse_noise_00289.png,horse,animal,land,noise,horse_02900
clean/airplane/airplane_clean_00291.png,airplane,vehicle,air,clean,airplane_02901
blur/airplane/airplane_blur_00291.png,airplane,vehicle,air,blur,airplane_02901
pixelated/airplane/airplane_pixelated_00291.png,airplane,vehicle,air,pixelated,airplane_02901
noise/airplane/airplane_noise_00291.png,airplane,vehicle,air,noise,airplane_02901
clean/bird/bird_clean_00293.png,bird,animal,air,clean,bird_02902
blur/bird/bird_blur_00293.png,bird,animal,air,blur,bird_02902
pixelated/bird/bird_pixelated_00293.png,bird,animal,air,pixelated,bird_02902
noise/bird/bird_noise_00293.png,bird,animal,air,noise,bird_02902
clean/ship/ship_clean_00290.png,ship,vehicle,water,clean,ship_02903
blur/ship/ship_blur_00290.png,ship,vehicle,water,blur,ship_02903
pixelated/ship/ship_pixelated_00290.png,ship,vehicle,water,pixelated,ship_02903
noise/ship/ship_noise_00290.png,ship,vehicle,water,noise,ship_02903
clean/bird/bird_clean_00294.png,bird,animal,air,clean,bird_02904
blur/bird/bird_blur_00294.png,bird,animal,air,blur,bird_02904
pixelated/bird/bird_pixelated_00294.png,bird,animal,air,pixelated,bird_02904
noise/bird/bird_noise_00294.png,bird,animal,air,noise,bird_02904
clean/frog/frog_clean_00290.png,frog,animal,land,clean,frog_02905
blur/frog/frog_blur_00290.png,frog,animal,land,blur,frog_02905
pixelated/frog/frog_pixelated_00290.png,frog,animal,land,pixelated,frog_02905
noise/frog/frog_noise_00290.png,frog,animal,land,noise,frog_02905
clean/bird/bird_clean_00295.png,bird,animal,air,clean,bird_02906
blur/bird/bird_blur_00295.png,bird,animal,air,blur,bird_02906
pixelated/bird/bird_pixelated_00295.png,bird,animal,air,pixelated,bird_02906
noise/bird/bird_noise_00295.png,bird,animal,air,noise,bird_02906
clean/truck/truck_clean_00294.png,truck,vehicle,land,clean,truck_02907
blur/truck/truck_blur_00294.png,truck,vehicle,land,blur,truck_02907
pixelated/truck/truck_pixelated_00294.png,truck,vehicle,land,pixelated,truck_02907
noise/truck/truck_noise_00294.png,truck,vehicle,land,noise,truck_02907
clean/dog/dog_clean_00290.png,dog,animal,land,clean,dog_02908
blur/dog/dog_blur_00290.png,dog,animal,land,blur,dog_02908
pixelated/dog/dog_pixelated_00290.png,dog,animal,land,pixelated,dog_02908
noise/dog/dog_noise_00290.png,dog,animal,land,noise,dog_02908
clean/dog/dog_clean_00291.png,dog,animal,land,clean,dog_02909
blur/dog/dog_blur_00291.png,dog,animal,land,blur,dog_02909
pixelated/dog/dog_pixelated_00291.png,dog,animal,land,pixelated,dog_02909
noise/dog/dog_noise_00291.png,dog,animal,land,noise,dog_02909
clean/horse/horse_clean_00290.png,horse,animal,land,clean,horse_02910
blur/horse/horse_blur_00290.png,horse,animal,land,blur,horse_02910
pixelated/horse/horse_pixelated_00290.png,horse,animal,land,pixelated,horse_02910
noise/horse/horse_noise_00290.png,horse,animal,land,noise,horse_02910
clean/horse/horse_clean_00291.png,horse,animal,land,clean,horse_02911
blur/horse/horse_blur_00291.png,horse,animal,land,blur,horse_02911
pixelated/horse/horse_pixelated_00291.png,horse,animal,land,pixelated,horse_02911
noise/horse/horse_noise_00291.png,horse,animal,land,noise,horse_02911
clean/ship/ship_clean_00291.png,ship,vehicle,water,clean,ship_02912
blur/ship/ship_blur_00291.png,ship,vehicle,water,blur,ship_02912
pixelated/ship/ship_pixelated_00291.png,ship,vehicle,water,pixelated,ship_02912
noise/ship/ship_noise_00291.png,ship,vehicle,water,noise,ship_02912
clean/ship/ship_clean_00292.png,ship,vehicle,water,clean,ship_02913
blur/ship/ship_blur_00292.png,ship,vehicle,water,blur,ship_02913
pixelated/ship/ship_pixelated_00292.png,ship,vehicle,water,pixelated,ship_02913
noise/ship/ship_noise_00292.png,ship,vehicle,water,noise,ship_02913
clean/airplane/airplane_clean_00292.png,airplane,vehicle,air,clean,airplane_02914
blur/airplane/airplane_blur_00292.png,airplane,vehicle,air,blur,airplane_02914
pixelated/airplane/airplane_pixelated_00292.png,airplane,vehicle,air,pixelated,airplane_02914
noise/airplane/airplane_noise_00292.png,airplane,vehicle,air,noise,airplane_02914
clean/bird/bird_clean_00296.png,bird,animal,air,clean,bird_02915
blur/bird/bird_blur_00296.png,bird,animal,air,blur,bird_02915
pixelated/bird/bird_pixelated_00296.png,bird,animal,air,pixelated,bird_02915
noise/bird/bird_noise_00296.png,bird,animal,air,noise,bird_02915
clean/dog/dog_clean_00292.png,dog,animal,land,clean,dog_02916
blur/dog/dog_blur_00292.png,dog,animal,land,blur,dog_02916
pixelated/dog/dog_pixelated_00292.png,dog,animal,land,pixelated,dog_02916
noise/dog/dog_noise_00292.png,dog,animal,land,noise,dog_02916
clean/ship/ship_clean_00293.png,ship,vehicle,water,clean,ship_02917
blur/ship/ship_blur_00293.png,ship,vehicle,water,blur,ship_02917
pixelated/ship/ship_pixelated_00293.png,ship,vehicle,water,pixelated,ship_02917
noise/ship/ship_noise_00293.png,ship,vehicle,water,noise,ship_02917
clean/cat/cat_clean_00291.png,cat,animal,land,clean,cat_02918
blur/cat/cat_blur_00291.png,cat,animal,land,blur,cat_02918
pixelated/cat/cat_pixelated_00291.png,cat,animal,land,pixelated,cat_02918
noise/cat/cat_noise_00291.png,cat,animal,land,noise,cat_02918
clean/cat/cat_clean_00292.png,cat,animal,land,clean,cat_02919
blur/cat/cat_blur_00292.png,cat,animal,land,blur,cat_02919
pixelated/cat/cat_pixelated_00292.png,cat,animal,land,pixelated,cat_02919
noise/cat/cat_noise_00292.png,cat,animal,land,noise,cat_02919
clean/cat/cat_clean_00293.png,cat,animal,land,clean,cat_02920
blur/cat/cat_blur_00293.png,cat,animal,land,blur,cat_02920
pixelated/cat/cat_pixelated_00293.png,cat,animal,land,pixelated,cat_02920
noise/cat/cat_noise_00293.png,cat,animal,land,noise,cat_02920
clean/frog/frog_clean_00291.png,frog,animal,land,clean,frog_02921
blur/frog/frog_blur_00291.png,frog,animal,land,blur,frog_02921
pixelated/frog/frog_pixelated_00291.png,frog,animal,land,pixelated,frog_02921
noise/frog/frog_noise_00291.png,frog,animal,land,noise,frog_02921
clean/automobile/automobile_clean_00285.png,automobile,vehicle,land,clean,automobile_02922
blur/automobile/automobile_blur_00285.png,automobile,vehicle,land,blur,automobile_02922
pixelated/automobile/automobile_pixelated_00285.png,automobile,vehicle,land,pixelated,automobile_02922
noise/automobile/automobile_noise_00285.png,automobile,vehicle,land,noise,automobile_02922
clean/ship/ship_clean_00294.png,ship,vehicle,water,clean,ship_02923
blur/ship/ship_blur_00294.png,ship,vehicle,water,blur,ship_02923
pixelated/ship/ship_pixelated_00294.png,ship,vehicle,water,pixelated,ship_02923
noise/ship/ship_noise_00294.png,ship,vehicle,water,noise,ship_02923
clean/ship/ship_clean_00295.png,ship,vehicle,water,clean,ship_02924
blur/ship/ship_blur_00295.png,ship,vehicle,water,blur,ship_02924
pixelated/ship/ship_pixelated_00295.png,ship,vehicle,water,pixelated,ship_02924
noise/ship/ship_noise_00295.png,ship,vehicle,water,noise,ship_02924
clean/frog/frog_clean_00292.png,frog,animal,land,clean,frog_02925
blur/frog/frog_blur_00292.png,frog,animal,land,blur,frog_02925
pixelated/frog/frog_pixelated_00292.png,frog,animal,land,pixelated,frog_02925
noise/frog/frog_noise_00292.png,frog,animal,land,noise,frog_02925
clean/cat/cat_clean_00294.png,cat,animal,land,clean,cat_02926
blur/cat/cat_blur_00294.png,cat,animal,land,blur,cat_02926
pixelated/cat/cat_pixelated_00294.png,cat,animal,land,pixelated,cat_02926
noise/cat/cat_noise_00294.png,cat,animal,land,noise,cat_02926
clean/frog/frog_clean_00293.png,frog,animal,land,clean,frog_02927
blur/frog/frog_blur_00293.png,frog,animal,land,blur,frog_02927
pixelated/frog/frog_pixelated_00293.png,frog,animal,land,pixelated,frog_02927
noise/frog/frog_noise_00293.png,frog,animal,land,noise,frog_02927
clean/cat/cat_clean_00295.png,cat,animal,land,clean,cat_02928
blur/cat/cat_blur_00295.png,cat,animal,land,blur,cat_02928
pixelated/cat/cat_pixelated_00295.png,cat,animal,land,pixelated,cat_02928
noise/cat/cat_noise_00295.png,cat,animal,land,noise,cat_02928
clean/deer/deer_clean_00296.png,deer,animal,land,clean,deer_02929
blur/deer/deer_blur_00296.png,deer,animal,land,blur,deer_02929
pixelated/deer/deer_pixelated_00296.png,deer,animal,land,pixelated,deer_02929
noise/deer/deer_noise_00296.png,deer,animal,land,noise,deer_02929
clean/cat/cat_clean_00296.png,cat,animal,land,clean,cat_02930
blur/cat/cat_blur_00296.png,cat,animal,land,blur,cat_02930
pixelated/cat/cat_pixelated_00296.png,cat,animal,land,pixelated,cat_02930
noise/cat/cat_noise_00296.png,cat,animal,land,noise,cat_02930
clean/dog/dog_clean_00293.png,dog,animal,land,clean,dog_02931
blur/dog/dog_blur_00293.png,dog,animal,land,blur,dog_02931
pixelated/dog/dog_pixelated_00293.png,dog,animal,land,pixelated,dog_02931
noise/dog/dog_noise_00293.png,dog,animal,land,noise,dog_02931
clean/dog/dog_clean_00294.png,dog,animal,land,clean,dog_02932
blur/dog/dog_blur_00294.png,dog,animal,land,blur,dog_02932
pixelated/dog/dog_pixelated_00294.png,dog,animal,land,pixelated,dog_02932
noise/dog/dog_noise_00294.png,dog,animal,land,noise,dog_02932
clean/automobile/automobile_clean_00286.png,automobile,vehicle,land,clean,automobile_02933
blur/automobile/automobile_blur_00286.png,automobile,vehicle,land,blur,automobile_02933
pixelated/automobile/automobile_pixelated_00286.png,automobile,vehicle,land,pixelated,automobile_02933
noise/automobile/automobile_noise_00286.png,automobile,vehicle,land,noise,automobile_02933
clean/truck/truck_clean_00295.png,truck,vehicle,land,clean,truck_02934
blur/truck/truck_blur_00295.png,truck,vehicle,land,blur,truck_02934
pixelated/truck/truck_pixelated_00295.png,truck,vehicle,land,pixelated,truck_02934
noise/truck/truck_noise_00295.png,truck,vehicle,land,noise,truck_02934
clean/automobile/automobile_clean_00287.png,automobile,vehicle,land,clean,automobile_02935
blur/automobile/automobile_blur_00287.png,automobile,vehicle,land,blur,automobile_02935
pixelated/automobile/automobile_pixelated_00287.png,automobile,vehicle,land,pixelated,automobile_02935
noise/automobile/automobile_noise_00287.png,automobile,vehicle,land,noise,automobile_02935
clean/frog/frog_clean_00294.png,frog,animal,land,clean,frog_02936
blur/frog/frog_blur_00294.png,frog,animal,land,blur,frog_02936
pixelated/frog/frog_pixelated_00294.png,frog,animal,land,pixelated,frog_02936
noise/frog/frog_noise_00294.png,frog,animal,land,noise,frog_02936
clean/automobile/automobile_clean_00288.png,automobile,vehicle,land,clean,automobile_02937
blur/automobile/automobile_blur_00288.png,automobile,vehicle,land,blur,automobile_02937
pixelated/automobile/automobile_pixelated_00288.png,automobile,vehicle,land,pixelated,automobile_02937
noise/automobile/automobile_noise_00288.png,automobile,vehicle,land,noise,automobile_02937
clean/frog/frog_clean_00295.png,frog,animal,land,clean,frog_02938
blur/frog/frog_blur_00295.png,frog,animal,land,blur,frog_02938
pixelated/frog/frog_pixelated_00295.png,frog,animal,land,pixelated,frog_02938
noise/frog/frog_noise_00295.png,frog,animal,land,noise,frog_02938
clean/automobile/automobile_clean_00289.png,automobile,vehicle,land,clean,automobile_02939
blur/automobile/automobile_blur_00289.png,automobile,vehicle,land,blur,automobile_02939
pixelated/automobile/automobile_pixelated_00289.png,automobile,vehicle,land,pixelated,automobile_02939
noise/automobile/automobile_noise_00289.png,automobile,vehicle,land,noise,automobile_02939
clean/horse/horse_clean_00292.png,horse,animal,land,clean,horse_02940
blur/horse/horse_blur_00292.png,horse,animal,land,blur,horse_02940
pixelated/horse/horse_pixelated_00292.png,horse,animal,land,pixelated,horse_02940
noise/horse/horse_noise_00292.png,horse,animal,land,noise,horse_02940
clean/automobile/automobile_clean_00290.png,automobile,vehicle,land,clean,automobile_02941
blur/automobile/automobile_blur_00290.png,automobile,vehicle,land,blur,automobile_02941
pixelated/automobile/automobile_pixelated_00290.png,automobile,vehicle,land,pixelated,automobile_02941
noise/automobile/automobile_noise_00290.png,automobile,vehicle,land,noise,automobile_02941
clean/frog/frog_clean_00296.png,frog,animal,land,clean,frog_02942
blur/frog/frog_blur_00296.png,frog,animal,land,blur,frog_02942
pixelated/frog/frog_pixelated_00296.png,frog,animal,land,pixelated,frog_02942
noise/frog/frog_noise_00296.png,frog,animal,land,noise,frog_02942
clean/deer/deer_clean_00297.png,deer,animal,land,clean,deer_02943
blur/deer/deer_blur_00297.png,deer,animal,land,blur,deer_02943
pixelated/deer/deer_pixelated_00297.png,deer,animal,land,pixelated,deer_02943
noise/deer/deer_noise_00297.png,deer,animal,land,noise,deer_02943
clean/automobile/automobile_clean_00291.png,automobile,vehicle,land,clean,automobile_02944
blur/automobile/automobile_blur_00291.png,automobile,vehicle,land,blur,automobile_02944
pixelated/automobile/automobile_pixelated_00291.png,automobile,vehicle,land,pixelated,automobile_02944
noise/automobile/automobile_noise_00291.png,automobile,vehicle,land,noise,automobile_02944
clean/automobile/automobile_clean_00292.png,automobile,vehicle,land,clean,automobile_02945
blur/automobile/automobile_blur_00292.png,automobile,vehicle,land,blur,automobile_02945
pixelated/automobile/automobile_pixelated_00292.png,automobile,vehicle,land,pixelated,automobile_02945
noise/automobile/automobile_noise_00292.png,automobile,vehicle,land,noise,automobile_02945
clean/airplane/airplane_clean_00293.png,airplane,vehicle,air,clean,airplane_02946
blur/airplane/airplane_blur_00293.png,airplane,vehicle,air,blur,airplane_02946
pixelated/airplane/airplane_pixelated_00293.png,airplane,vehicle,air,pixelated,airplane_02946
noise/airplane/airplane_noise_00293.png,airplane,vehicle,air,noise,airplane_02946
clean/dog/dog_clean_00295.png,dog,animal,land,clean,dog_02947
blur/dog/dog_blur_00295.png,dog,animal,land,blur,dog_02947
pixelated/dog/dog_pixelated_00295.png,dog,animal,land,pixelated,dog_02947
noise/dog/dog_noise_00295.png,dog,animal,land,noise,dog_02947
clean/deer/deer_clean_00298.png,deer,animal,land,clean,deer_02948
blur/deer/deer_blur_00298.png,deer,animal,land,blur,deer_02948
pixelated/deer/deer_pixelated_00298.png,deer,animal,land,pixelated,deer_02948
noise/deer/deer_noise_00298.png,deer,animal,land,noise,deer_02948
clean/automobile/automobile_clean_00293.png,automobile,vehicle,land,clean,automobile_02949
blur/automobile/automobile_blur_00293.png,automobile,vehicle,land,blur,automobile_02949
pixelated/automobile/automobile_pixelated_00293.png,automobile,vehicle,land,pixelated,automobile_02949
noise/automobile/automobile_noise_00293.png,automobile,vehicle,land,noise,automobile_02949
clean/dog/dog_clean_00296.png,dog,animal,land,clean,dog_02950
blur/dog/dog_blur_00296.png,dog,animal,land,blur,dog_02950
pixelated/dog/dog_pixelated_00296.png,dog,animal,land,pixelated,dog_02950
noise/dog/dog_noise_00296.png,dog,animal,land,noise,dog_02950
clean/airplane/airplane_clean_00294.png,airplane,vehicle,air,clean,airplane_02951
blur/airplane/airplane_blur_00294.png,airplane,vehicle,air,blur,airplane_02951
pixelated/airplane/airplane_pixelated_00294.png,airplane,vehicle,air,pixelated,airplane_02951
noise/airplane/airplane_noise_00294.png,airplane,vehicle,air,noise,airplane_02951
clean/airplane/airplane_clean_00295.png,airplane,vehicle,air,clean,airplane_02952
blur/airplane/airplane_blur_00295.png,airplane,vehicle,air,blur,airplane_02952
pixelated/airplane/airplane_pixelated_00295.png,airplane,vehicle,air,pixelated,airplane_02952
noise/airplane/airplane_noise_00295.png,airplane,vehicle,air,noise,airplane_02952
clean/automobile/automobile_clean_00294.png,automobile,vehicle,land,clean,automobile_02953
blur/automobile/automobile_blur_00294.png,automobile,vehicle,land,blur,automobile_02953
pixelated/automobile/automobile_pixelated_00294.png,automobile,vehicle,land,pixelated,automobile_02953
noise/automobile/automobile_noise_00294.png,automobile,vehicle,land,noise,automobile_02953
clean/bird/bird_clean_00297.png,bird,animal,air,clean,bird_02954
blur/bird/bird_blur_00297.png,bird,animal,air,blur,bird_02954
pixelated/bird/bird_pixelated_00297.png,bird,animal,air,pixelated,bird_02954
noise/bird/bird_noise_00297.png,bird,animal,air,noise,bird_02954
clean/bird/bird_clean_00298.png,bird,animal,air,clean,bird_02955
blur/bird/bird_blur_00298.png,bird,animal,air,blur,bird_02955
pixelated/bird/bird_pixelated_00298.png,bird,animal,air,pixelated,bird_02955
noise/bird/bird_noise_00298.png,bird,animal,air,noise,bird_02955
clean/cat/cat_clean_00297.png,cat,animal,land,clean,cat_02956
blur/cat/cat_blur_00297.png,cat,animal,land,blur,cat_02956
pixelated/cat/cat_pixelated_00297.png,cat,animal,land,pixelated,cat_02956
noise/cat/cat_noise_00297.png,cat,animal,land,noise,cat_02956
clean/truck/truck_clean_00296.png,truck,vehicle,land,clean,truck_02957
blur/truck/truck_blur_00296.png,truck,vehicle,land,blur,truck_02957
pixelated/truck/truck_pixelated_00296.png,truck,vehicle,land,pixelated,truck_02957
noise/truck/truck_noise_00296.png,truck,vehicle,land,noise,truck_02957
clean/ship/ship_clean_00296.png,ship,vehicle,water,clean,ship_02958
blur/ship/ship_blur_00296.png,ship,vehicle,water,blur,ship_02958
pixelated/ship/ship_pixelated_00296.png,ship,vehicle,water,pixelated,ship_02958
noise/ship/ship_noise_00296.png,ship,vehicle,water,noise,ship_02958
clean/horse/horse_clean_00293.png,horse,animal,land,clean,horse_02959
blur/horse/horse_blur_00293.png,horse,animal,land,blur,horse_02959
pixelated/horse/horse_pixelated_00293.png,horse,animal,land,pixelated,horse_02959
noise/horse/horse_noise_00293.png,horse,animal,land,noise,horse_02959
clean/dog/dog_clean_00297.png,dog,animal,land,clean,dog_02960
blur/dog/dog_blur_00297.png,dog,animal,land,blur,dog_02960
pixelated/dog/dog_pixelated_00297.png,dog,animal,land,pixelated,dog_02960
noise/dog/dog_noise_00297.png,dog,animal,land,noise,dog_02960
clean/deer/deer_clean_00299.png,deer,animal,land,clean,deer_02961
blur/deer/deer_blur_00299.png,deer,animal,land,blur,deer_02961
pixelated/deer/deer_pixelated_00299.png,deer,animal,land,pixelated,deer_02961
noise/deer/deer_noise_00299.png,deer,animal,land,noise,deer_02961
clean/deer/deer_clean_00300.png,deer,animal,land,clean,deer_02962
blur/deer/deer_blur_00300.png,deer,animal,land,blur,deer_02962
pixelated/deer/deer_pixelated_00300.png,deer,animal,land,pixelated,deer_02962
noise/deer/deer_noise_00300.png,deer,animal,land,noise,deer_02962
clean/automobile/automobile_clean_00295.png,automobile,vehicle,land,clean,automobile_02963
blur/automobile/automobile_blur_00295.png,automobile,vehicle,land,blur,automobile_02963
pixelated/automobile/automobile_pixelated_00295.png,automobile,vehicle,land,pixelated,automobile_02963
noise/automobile/automobile_noise_00295.png,automobile,vehicle,land,noise,automobile_02963
clean/truck/truck_clean_00297.png,truck,vehicle,land,clean,truck_02964
blur/truck/truck_blur_00297.png,truck,vehicle,land,blur,truck_02964
pixelated/truck/truck_pixelated_00297.png,truck,vehicle,land,pixelated,truck_02964
noise/truck/truck_noise_00297.png,truck,vehicle,land,noise,truck_02964
clean/ship/ship_clean_00297.png,ship,vehicle,water,clean,ship_02965
blur/ship/ship_blur_00297.png,ship,vehicle,water,blur,ship_02965
pixelated/ship/ship_pixelated_00297.png,ship,vehicle,water,pixelated,ship_02965
noise/ship/ship_noise_00297.png,ship,vehicle,water,noise,ship_02965
clean/ship/ship_clean_00298.png,ship,vehicle,water,clean,ship_02966
blur/ship/ship_blur_00298.png,ship,vehicle,water,blur,ship_02966
pixelated/ship/ship_pixelated_00298.png,ship,vehicle,water,pixelated,ship_02966
noise/ship/ship_noise_00298.png,ship,vehicle,water,noise,ship_02966
clean/horse/horse_clean_00294.png,horse,animal,land,clean,horse_02967
blur/horse/horse_blur_00294.png,horse,animal,land,blur,horse_02967
pixelated/horse/horse_pixelated_00294.png,horse,animal,land,pixelated,horse_02967
noise/horse/horse_noise_00294.png,horse,animal,land,noise,horse_02967
clean/horse/horse_clean_00295.png,horse,animal,land,clean,horse_02968
blur/horse/horse_blur_00295.png,horse,animal,land,blur,horse_02968
pixelated/horse/horse_pixelated_00295.png,horse,animal,land,pixelated,horse_02968
noise/horse/horse_noise_00295.png,horse,animal,land,noise,horse_02968
clean/horse/horse_clean_00296.png,horse,animal,land,clean,horse_02969
blur/horse/horse_blur_00296.png,horse,animal,land,blur,horse_02969
pixelated/horse/horse_pixelated_00296.png,horse,animal,land,pixelated,horse_02969
noise/horse/horse_noise_00296.png,horse,animal,land,noise,horse_02969
clean/dog/dog_clean_00298.png,dog,animal,land,clean,dog_02970
blur/dog/dog_blur_00298.png,dog,animal,land,blur,dog_02970
pixelated/dog/dog_pixelated_00298.png,dog,animal,land,pixelated,dog_02970
noise/dog/dog_noise_00298.png,dog,animal,land,noise,dog_02970
clean/truck/truck_clean_00298.png,truck,vehicle,land,clean,truck_02971
blur/truck/truck_blur_00298.png,truck,vehicle,land,blur,truck_02971
pixelated/truck/truck_pixelated_00298.png,truck,vehicle,land,pixelated,truck_02971
noise/truck/truck_noise_00298.png,truck,vehicle,land,noise,truck_02971
clean/horse/horse_clean_00297.png,horse,animal,land,clean,horse_02972
blur/horse/horse_blur_00297.png,horse,animal,land,blur,horse_02972
pixelated/horse/horse_pixelated_00297.png,horse,animal,land,pixelated,horse_02972
noise/horse/horse_noise_00297.png,horse,animal,land,noise,horse_02972
clean/ship/ship_clean_00299.png,ship,vehicle,water,clean,ship_02973
blur/ship/ship_blur_00299.png,ship,vehicle,water,blur,ship_02973
pixelated/ship/ship_pixelated_00299.png,ship,vehicle,water,pixelated,ship_02973
noise/ship/ship_noise_00299.png,ship,vehicle,water,noise,ship_02973
clean/frog/frog_clean_00297.png,frog,animal,land,clean,frog_02974
blur/frog/frog_blur_00297.png,frog,animal,land,blur,frog_02974
pixelated/frog/frog_pixelated_00297.png,frog,animal,land,pixelated,frog_02974
noise/frog/frog_noise_00297.png,frog,animal,land,noise,frog_02974
clean/horse/horse_clean_00298.png,horse,animal,land,clean,horse_02975
blur/horse/horse_blur_00298.png,horse,animal,land,blur,horse_02975
pixelated/horse/horse_pixelated_00298.png,horse,animal,land,pixelated,horse_02975
noise/horse/horse_noise_00298.png,horse,animal,land,noise,horse_02975
clean/frog/frog_clean_00298.png,frog,animal,land,clean,frog_02976
blur/frog/frog_blur_00298.png,frog,animal,land,blur,frog_02976
pixelated/frog/frog_pixelated_00298.png,frog,animal,land,pixelated,frog_02976
noise/frog/frog_noise_00298.png,frog,animal,land,noise,frog_02976
clean/dog/dog_clean_00299.png,dog,animal,land,clean,dog_02977
blur/dog/dog_blur_00299.png,dog,animal,land,blur,dog_02977
pixelated/dog/dog_pixelated_00299.png,dog,animal,land,pixelated,dog_02977
noise/dog/dog_noise_00299.png,dog,animal,land,noise,dog_02977
clean/truck/truck_clean_00299.png,truck,vehicle,land,clean,truck_02978
blur/truck/truck_blur_00299.png,truck,vehicle,land,blur,truck_02978
pixelated/truck/truck_pixelated_00299.png,truck,vehicle,land,pixelated,truck_02978
noise/truck/truck_noise_00299.png,truck,vehicle,land,noise,truck_02978
clean/airplane/airplane_clean_00296.png,airplane,vehicle,air,clean,airplane_02979
blur/airplane/airplane_blur_00296.png,airplane,vehicle,air,blur,airplane_02979
pixelated/airplane/airplane_pixelated_00296.png,airplane,vehicle,air,pixelated,airplane_02979
noise/airplane/airplane_noise_00296.png,airplane,vehicle,air,noise,airplane_02979
clean/automobile/automobile_clean_00296.png,automobile,vehicle,land,clean,automobile_02980
blur/automobile/automobile_blur_00296.png,automobile,vehicle,land,blur,automobile_02980
pixelated/automobile/automobile_pixelated_00296.png,automobile,vehicle,land,pixelated,automobile_02980
noise/automobile/automobile_noise_00296.png,automobile,vehicle,land,noise,automobile_02980
clean/dog/dog_clean_00300.png,dog,animal,land,clean,dog_02981
blur/dog/dog_blur_00300.png,dog,animal,land,blur,dog_02981
pixelated/dog/dog_pixelated_00300.png,dog,animal,land,pixelated,dog_02981
noise/dog/dog_noise_00300.png,dog,animal,land,noise,dog_02981
clean/cat/cat_clean_00298.png,cat,animal,land,clean,cat_02982
blur/cat/cat_blur_00298.png,cat,animal,land,blur,cat_02982
pixelated/cat/cat_pixelated_00298.png,cat,animal,land,pixelated,cat_02982
noise/cat/cat_noise_00298.png,cat,animal,land,noise,cat_02982
clean/bird/bird_clean_00299.png,bird,animal,air,clean,bird_02983
blur/bird/bird_blur_00299.png,bird,animal,air,blur,bird_02983
pixelated/bird/bird_pixelated_00299.png,bird,animal,air,pixelated,bird_02983
noise/bird/bird_noise_00299.png,bird,animal,air,noise,bird_02983
clean/automobile/automobile_clean_00297.png,automobile,vehicle,land,clean,automobile_02984
blur/automobile/automobile_blur_00297.png,automobile,vehicle,land,blur,automobile_02984
pixelated/automobile/automobile_pixelated_00297.png,automobile,vehicle,land,pixelated,automobile_02984
noise/automobile/automobile_noise_00297.png,automobile,vehicle,land,noise,automobile_02984
clean/cat/cat_clean_00299.png,cat,animal,land,clean,cat_02985
blur/cat/cat_blur_00299.png,cat,animal,land,blur,cat_02985
pixelated/cat/cat_pixelated_00299.png,cat,animal,land,pixelated,cat_02985
noise/cat/cat_noise_00299.png,cat,animal,land,noise,cat_02985
clean/frog/frog_clean_00299.png,frog,animal,land,clean,frog_02986
blur/frog/frog_blur_00299.png,frog,animal,land,blur,frog_02986
pixelated/frog/frog_pixelated_00299.png,frog,animal,land,pixelated,frog_02986
noise/frog/frog_noise_00299.png,frog,animal,land,noise,frog_02986
clean/frog/frog_clean_00300.png,frog,animal,land,clean,frog_02987
blur/frog/frog_blur_00300.png,frog,animal,land,blur,frog_02987
pixelated/frog/frog_pixelated_00300.png,frog,animal,land,pixelated,frog_02987
noise/frog/frog_noise_00300.png,frog,animal,land,noise,frog_02987
clean/automobile/automobile_clean_00298.png,automobile,vehicle,land,clean,automobile_02988
blur/automobile/automobile_blur_00298.png,automobile,vehicle,land,blur,automobile_02988
pixelated/automobile/automobile_pixelated_00298.png,automobile,vehicle,land,pixelated,automobile_02988
noise/automobile/automobile_noise_00298.png,automobile,vehicle,land,noise,automobile_02988
clean/airplane/airplane_clean_00297.png,airplane,vehicle,air,clean,airplane_02989
blur/airplane/airplane_blur_00297.png,airplane,vehicle,air,blur,airplane_02989
pixelated/airplane/airplane_pixelated_00297.png,airplane,vehicle,air,pixelated,airplane_02989
noise/airplane/airplane_noise_00297.png,airplane,vehicle,air,noise,airplane_02989
clean/truck/truck_clean_00300.png,truck,vehicle,land,clean,truck_02990
blur/truck/truck_blur_00300.png,truck,vehicle,land,blur,truck_02990
pixelated/truck/truck_pixelated_00300.png,truck,vehicle,land,pixelated,truck_02990
noise/truck/truck_noise_00300.png,truck,vehicle,land,noise,truck_02990
clean/automobile/automobile_clean_00299.png,automobile,vehicle,land,clean,automobile_02991
blur/automobile/automobile_blur_00299.png,automobile,vehicle,land,blur,automobile_02991
pixelated/automobile/automobile_pixelated_00299.png,automobile,vehicle,land,pixelated,automobile_02991
noise/automobile/automobile_noise_00299.png,automobile,vehicle,land,noise,automobile_02991
clean/airplane/airplane_clean_00298.png,airplane,vehicle,air,clean,airplane_02992
blur/airplane/airplane_blur_00298.png,airplane,vehicle,air,blur,airplane_02992
pixelated/airplane/airplane_pixelated_00298.png,airplane,vehicle,air,pixelated,airplane_02992
noise/airplane/airplane_noise_00298.png,airplane,vehicle,air,noise,airplane_02992
clean/bird/bird_clean_00300.png,bird,animal,air,clean,bird_02993
blur/bird/bird_blur_00300.png,bird,animal,air,blur,bird_02993
pixelated/bird/bird_pixelated_00300.png,bird,animal,air,pixelated,bird_02993
noise/bird/bird_noise_00300.png,bird,animal,air,noise,bird_02993
clean/ship/ship_clean_00300.png,ship,vehicle,water,clean,ship_02994
blur/ship/ship_blur_00300.png,ship,vehicle,water,blur,ship_02994
pixelated/ship/ship_pixelated_00300.png,ship,vehicle,water,pixelated,ship_02994
noise/ship/ship_noise_00300.png,ship,vehicle,water,noise,ship_02994
clean/horse/horse_clean_00299.png,horse,animal,land,clean,horse_02995
blur/horse/horse_blur_00299.png,horse,animal,land,blur,horse_02995
pixelated/horse/horse_pixelated_00299.png,horse,animal,land,pixelated,horse_02995
noise/horse/horse_noise_00299.png,horse,animal,land,noise,horse_02995
clean/automobile/automobile_clean_00300.png,automobile,vehicle,land,clean,automobile_02996
blur/automobile/automobile_blur_00300.png,automobile,vehicle,land,blur,automobile_02996
pixelated/automobile/automobile_pixelated_00300.png,automobile,vehicle,land,pixelated,automobile_02996
noise/automobile/automobile_noise_00300.png,automobile,vehicle,land,noise,automobile_02996
clean/horse/horse_clean_00300.png,horse,animal,land,clean,horse_02997
blur/horse/horse_blur_00300.png,horse,animal,land,blur,horse_02997
pixelated/horse/horse_pixelated_00300.png,horse,animal,land,pixelated,horse_02997
noise/horse/horse_noise_00300.png,horse,animal,land,noise,horse_02997
clean/airplane/airplane_clean_00299.png,airplane,vehicle,air,clean,airplane_02998
blur/airplane/airplane_blur_00299.png,airplane,vehicle,air,blur,airplane_02998
pixelated/airplane/airplane_pixelated_00299.png,airplane,vehicle,air,pixelated,airplane_02998
noise/airplane/airplane_noise_00299.png,airplane,vehicle,air,noise,airplane_02998
clean/cat/cat_clean_00300.png,cat,animal,land,clean,cat_02999
blur/cat/cat_blur_00300.png,cat,animal,land,blur,cat_02999
pixelated/cat/cat_pixelated_00300.png,cat,animal,land,pixelated,cat_02999
noise/cat/cat_noise_00300.png,cat,animal,land,noise,cat_02999
clean/airplane/airplane_clean_00300.png,airplane,vehicle,air,clean,airplane_03000
blur/airplane/airplane_blur_00300.png,airplane,vehicle,air,blur,airplane_03000
pixelated/airplane/airplane_pixelated_00300.png,airplane,vehicle,air,pixelated,airplane_03000
noise/airplane/airplane_noise_00300.png,airplane,vehicle,air,noise,airplane_03000
