imagePath,Ysub,Ybasic,A,V,OriginalID
clean/bird/bird_clean_00001.png,bird,animal,air,clean,bird_00001
blur/bird/bird_blur_00001.png,bird,animal,air,blur,bird_00001
pixelated/bird/bird_pixelated_00001.png,bird,animal,air,pixelated,bird_00001
noise/bird/bird_noise_00001.png,bird,animal,air,noise,bird_00001
clean/truck/truck_clean_00001.png,truck,vehicle,land,clean,truck_00002
blur/truck/truck_blur_00001.png,truck,vehicle,land,blur,truck_00002
pixelated/truck/truck_pixelated_00001.png,truck,vehicle,land,pixelated,truck_00002
noise/truck/truck_noise_00001.png,truck,vehicle,land,noise,truck_00002
clean/dog/dog_clean_00001.png,dog,animal,land,clean,dog_00003
blur/dog/dog_blur_00001.png,dog,animal,land,blur,dog_00003
pixelated/dog/dog_pixelated_00001.png,dog,animal,land,pixelated,dog_00003
noise/dog/dog_noise_00001.png,dog,animal,land,noise,dog_00003
clean/airplane/airplane_clean_00001.png,airplane,vehicle,air,clean,airplane_00004
blur/airplane/airplane_blur_00001.png,airplane,vehicle,air,blur,airplane_00004
pixelated/airplane/airplane_pixelated_00001.png,airplane,vehicle,air,pixelated,airplane_00004
noise/airplane/airplane_noise_00001.png,airplane,vehicle,air,noise,airplane_00004
clean/dog/dog_clean_00002.png,dog,animal,land,clean,dog_00005
blur/dog/dog_blur_00002.png,dog,animal,land,blur,dog_00005
pixelated/dog/dog_pixelated_00002.png,dog,animal,land,pixelated,dog_00005
noise/dog/dog_noise_00002.png,dog,animal,land,noise,dog_00005
clean/ship/ship_clean_00001.png,ship,vehicle,water,clean,ship_00006
blur/ship/ship_blur_00001.png,ship,vehicle,water,blur,ship_00006
pixelated/ship/ship_pixelated_00001.png,ship,vehicle,water,pixelated,ship_00006
noise/ship/ship_noise_00001.png,ship,vehicle,water,noise,ship_00006
clean/truck/truck_clean_00002.png,truck,vehicle,land,clean,truck_00007
blur/truck/truck_blur_00002.png,truck,vehicle,land,blur,truck_00007
pixelated/truck/truck_pixelated_00002.png,truck,vehicle,land,pixelated,truck_00007
noise/truck/truck_noise_00002.png,truck,vehicle,land,noise,truck_00007
clean/dog/dog_clean_00003.png,dog,animal,land,clean,dog_00008
blur/dog/dog_blur_00003.png,dog,animal,land,blur,dog_00008
pixelated/dog/dog_pixelated_00003.png,dog,animal,land,pixelated,dog_00008
noise/dog/dog_noise_00003.png,dog,animal,land,noise,dog_00008
clean/automobile/automobile_clean_00001.png,automobile,vehicle,land,clean,automobile_00009
blur/automobile/automobile_blur_00001.png,automobile,vehicle,land,blur,automobile_00009
pixelated/automobile/automobile_pixelated_00001.png,automobile,vehicle,land,pixelated,automobile_00009
noise/automobile/automobile_noise_00001.png,automobile,vehicle,land,noise,automobile_00009
clean/frog/frog_clean_00001.png,frog,animal,land,clean,frog_00010
blur/frog/frog_blur_00001.png,frog,animal,land,blur,frog_00010
pixelated/frog/frog_pixelated_00001.png,frog,animal,land,pixelated,frog_00010
noise/frog/frog_noise_00001.png,frog,animal,land,noise,frog_00010
clean/deer/deer_clean_00001.png,deer,animal,land,clean,deer_00011
blur/deer/deer_blur_00001.png,deer,animal,land,blur,deer_00011
pixelated/deer/deer_pixelated_00001.png,deer,animal,land,pixelated,deer_00011
noise/deer/deer_noise_00001.png,deer,animal,land,noise,deer_00011
clean/automobile/automobile_clean_00002.png,automobile,vehicle,land,clean,automobile_00012
blur/automobile/automobile_blur_00002.png,automobile,vehicle,land,blur,automobile_00012
pixelated/automobile/automobile_pixelated_00002.png,automobile,vehicle,land,pixelated,automobile_00012
noise/automobile/automobile_noise_00002.png,automobile,vehicle,land,noise,automobile_00012
clean/bird/bird_clean_00002.png,bird,animal,air,clean,bird_00013
blur/bird/bird_blur_00002.png,bird,animal,air,blur,bird_00013
pixelated/bird/bird_pixelated_00002.png,bird,animal,air,pixelated,bird_00013
noise/bird/bird_noise_00002.png,bird,animal,air,noise,bird_00013
clean/dog/dog_clean_00004.png,dog,animal,land,clean,dog_00014
blur/dog/dog_blur_00004.png,dog,animal,land,blur,dog_00014
pixelated/dog/dog_pixelated_00004.png,dog,animal,land,pixelated,dog_00014
noise/dog/dog_noise_00004.png,dog,animal,land,noise,dog_00014
clean/horse/horse_clean_00001.png,horse,animal,land,clean,horse_00015
blur/horse/horse_blur_00001.png,horse,animal,land,blur,horse_00015
pixelated/horse/horse_pixelated_00001.png,horse,animal,land,pixelated,horse_00015
noise/horse/horse_noise_00001.png,horse,animal,land,noise,horse_00015
clean/airplane/airplane_clean_00002.png,airplane,vehicle,air,clean,airplane_00016
blur/airplane/airplane_blur_00002.png,airplane,vehicle,air,blur,airplane_00016
pixelated/airplane/airplane_pixelated_00002.png,airplane,vehicle,air,pixelated,airplane_00016
noise/airplane/airplane_noise_00002.png,airplane,vehicle,air,noise,airplane_00016
clean/truck/truck_clean_00003.png,truck,vehicle,land,clean,truck_00017
blur/truck/truck_blur_00003.png,truck,vehicle,land,blur,truck_00017
pixelated/truck/truck_pixelated_00003.png,truck,vehicle,land,pixelated,truck_00017
noise/truck/truck_noise_00003.png,truck,vehicle,land,noise,truck_00017
clean/airplane/airplane_clean_00003.png,airplane,vehicle,air,clean,airplane_00018
blur/airplane/airplane_blur_00003.png,airplane,vehicle,air,blur,airplane_00018
pixelated/airplane/airplane_pixelated_00003.png,airplane,vehicle,air,pixelated,airplane_00018
noise/airplane/airplane_noise_00003.png,airplane,vehicle,air,noise,airplane_00018
clean/automobile/automobile_clean_00003.png,automobile,vehicle,land,clean,automobile_00019
blur/automobile/automobile_blur_00003.png,automobile,vehicle,land,blur,automobile_00019
pixelated/automobile/automobile_pixelated_00003.png,automobile,vehicle,land,pixelated,automobile_00019
noise/automobile/automobile_noise_00003.png,automobile,vehicle,land,noise,automobile_00019
clean/dog/dog_clean_00005.png,dog,animal,land,clean,dog_00020
blur/dog/dog_blur_00005.png,dog,animal,land,blur,dog_00020
pixelated/dog/dog_pixelated_00005.png,dog,animal,land,pixelated,dog_00020
noise/dog/dog_noise_00005.png,dog,animal,land,noise,dog_00020
clean/ship/ship_clean_00002.png,ship,vehicle,water,clean,ship_00021
blur/ship/ship_blur_00002.png,ship,vehicle,water,blur,ship_00021
pixelated/ship/ship_pixelated_00002.png,ship,vehicle,water,pixelated,ship_00021
noise/ship/ship_noise_00002.png,ship,vehicle,water,noise,ship_00021
clean/truck/truck_clean_00004.png,truck,vehicle,land,clean,truck_00022
blur/truck/truck_blur_00004.png,truck,vehicle,land,blur,truck_00022
pixelated/truck/truck_pixelated_00004.png,truck,vehicle,land,pixelated,truck_00022
noise/truck/truck_noise_00004.png,truck,vehicle,land,noise,truck_00022
clean/dog/dog_clean_00006.png,dog,animal,land,clean,dog_00023
blur/dog/dog_blur_00006.png,dog,animal,land,blur,dog_00023
pixelated/dog/dog_pixelated_00006.png,dog,animal,land,pixelated,dog_00023
noise/dog/dog_noise_00006.png,dog,animal,land,noise,dog_00023
clean/bird/bird_clean_00003.png,bird,animal,air,clean,bird_00024
blur/bird/bird_blur_00003.png,bird,animal,air,blur,bird_00024
pixelated/bird/bird_pixelated_00003.png,bird,animal,air,pixelated,bird_00024
noise/bird/bird_noise_00003.png,bird,animal,air,noise,bird_00024
clean/cat/cat_clean_00001.png,cat,animal,land,clean,cat_00025
blur/cat/cat_blur_00001.png,cat,animal,land,blur,cat_00025
pixelated/cat/cat_pixelated_00001.png,cat,animal,land,pixelated,cat_00025
noise/cat/cat_noise_00001.png,cat,animal,land,noise,cat_00025
clean/horse/horse_clean_00002.png,horse,animal,land,clean,horse_00026
blur/horse/horse_blur_00002.png,horse,animal,land,blur,horse_00026
pixelated/horse/horse_pixelated_00002.png,horse,animal,land,pixelated,horse_00026
noise/horse/horse_noise_00002.png,horse,animal,land,noise,horse_00026
clean/cat/cat_clean_00002.png,cat,animal,land,clean,cat_00027
blur/cat/cat_blur_00002.png,cat,animal,land,blur,cat_00027
pixelated/cat/cat_pixelated_00002.png,cat,animal,land,pixelated,cat_00027
noise/cat/cat_noise_00002.png,cat,animal,land,noise,cat_00027
clean/frog/frog_clean_00002.png,frog,animal,land,clean,frog_00028
blur/frog/frog_blur_00002.png,frog,animal,land,blur,frog_00028
pixelated/frog/frog_pixelated_00002.png,frog,animal,land,pixelated,frog_00028
noise/frog/frog_noise_00002.png,frog,animal,land,noise,frog_00028
clean/cat/cat_clean_00003.png,cat,animal,land,clean,cat_00029
blur/cat/cat_blur_00003.png,cat,animal,land,blur,cat_00029
pixelated/cat/cat_pixelated_00003.png,cat,animal,land,pixelated,cat_00029
noise/cat/cat_noise_00003.png,cat,animal,land,noise,cat_00029
clean/frog/frog_clean_00003.png,frog,animal,land,clean,frog_00030
blur/frog/frog_blur_00003.png,frog,animal,land,blur,frog_00030
pixelated/frog/frog_pixelated_00003.png,frog,animal,land,pixelated,frog_00030
noise/frog/frog_noise_00003.png,frog,animal,land,noise,frog_00030
clean/ship/ship_clean_00003.png,ship,vehicle,water,clean,ship_00031
blur/ship/ship_blur_00003.png,ship,vehicle,water,blur,ship_00031
pixelated/ship/ship_pixelated_00003.png,ship,vehicle,water,pixelated,ship_00031
noise/ship/ship_noise_00003.png,ship,vehicle,water,noise,ship_00031
clean/cat/cat_clean_00004.png,cat,animal,land,clean,cat_00032
blur/cat/cat_blur_00004.png,cat,animal,land,blur,cat_00032
pixelated/cat/cat_pixelated_00004.png,cat,animal,land,pixelated,cat_00032
noise/cat/cat_noise_00004.png,cat,animal,land,noise,cat_00032
clean/automobile/automobile_clean_00004.png,automobile,vehicle,land,clean,automobile_00033
blur/automobile/automobile_blur_00004.png,automobile,vehicle,land,blur,automobile_00033
pixelated/automobile/automobile_pixelated_00004.png,automobile,vehicle,land,pixelated,automobile_00033
noise/automobile/automobile_noise_00004.png,automobile,vehicle,land,noise,automobile_00033
clean/airplane/airplane_clean_00004.png,airplane,vehicle,air,clean,airplane_00034
blur/airplane/airplane_blur_00004.png,airplane,vehicle,air,blur,airplane_00034
pixelated/airplane/airplane_pixelated_00004.png,airplane,vehicle,air,pixelated,airplane_00034
noise/airplane/airplane_noise_00004.png,airplane,vehicle,air,noise,airplane_00034
clean/dog/dog_clean_00007.png,dog,animal,land,clean,dog_00035
blur/dog/dog_blur_00007.png,dog,animal,land,blur,dog_00035
pixelated/dog/dog_pixelated_00007.png,dog,animal,land,pixelated,dog_00035
noise/dog/dog_noise_00007.png,dog,animal,land,noise,dog_00035
clean/deer/deer_clean_00002.png,deer,animal,land,clean,deer_00036
blur/deer/deer_blur_00002.png,deer,animal,land,blur,deer_00036
pixelated/deer/deer_pixelated_00002.png,deer,animal,land,pixelated,deer_00036
noise/deer/deer_noise_00002.png,deer,animal,land,noise,deer_00036
clean/horse/horse_clean_00003.png,horse,animal,land,clean,horse_00037
blur/horse/horse_blur_00003.png,horse,animal,land,blur,horse_00037
pixelated/horse/horse_pixelated_00003.png,horse,animal,land,pixelated,horse_00037
noise/horse/horse_noise_00003.png,horse,animal,land,noise,horse_00037
clean/airplane/airplane_clean_00005.png,airplane,vehicle,air,clean,airplane_00038
blur/airplane/airplane_blur_00005.png,airplane,vehicle,air,blur,airplane_00038
pixelated/airplane/airplane_pixelated_00005.png,airplane,vehicle,air,pixelated,airplane_00038
noise/airplane/airplane_noise_00005.png,airplane,vehicle,air,noise,airplane_00038
clean/cat/cat_clean_00005.png,cat,animal,land,clean,cat_00039
blur/cat/cat_blur_00005.png,cat,animal,land,blur,cat_00039
pixelated/cat/cat_pixelated_00005.png,cat,animal,land,pixelated,cat_00039
noise/cat/cat_noise_00005.png,cat,animal,land,noise,cat_00039
clean/automobile/automobile_clean_00005.png,automobile,vehicle,land,clean,automobile_00040
blur/automobile/automobile_blur_00005.png,automobile,vehicle,land,blur,automobile_00040
pixelated/automobile/automobile_pixelated_00005.png,automobile,vehicle,land,pixelated,automobile_00040
noise/automobile/automobile_noise_00005.png,automobile,vehicle,land,noise,automobile_00040
clean/cat/cat_clean_00006.png,cat,animal,land,clean,cat_00041
blur/cat/cat_blur_00006.png,cat,animal,land,blur,cat_00041
pixelated/cat/cat_pixelated_00006.png,cat,animal,land,pixelated,cat_00041
noise/cat/cat_noise_00006.png,cat,animal,land,noise,cat_00041
clean/truck/truck_clean_00005.png,truck,vehicle,land,clean,truck_00042
blur/truck/truck_blur_00005.png,truck,vehicle,land,blur,truck_00042
pixelated/truck/truck_pixelated_00005.png,truck,vehicle,land,pixelated,truck_00042
noise/truck/truck_noise_00005.png,truck,vehicle,land,noise,truck_00042
clean/horse/horse_clean_00004.png,horse,animal,land,clean,horse_00043
blur/horse/horse_blur_00004.png,horse,animal,land,blur,horse_00043
pixelated/horse/horse_pixelated_00004.png,horse,animal,land,pixelated,horse_00043
noise/horse/horse_noise_00004.png,horse,animal,land,noise,horse_00043
clean/cat/cat_clean_00007.png,cat,animal,land,clean,cat_00044
blur/cat/cat_blur_00007.png,cat,animal,land,blur,cat_00044
pixelated/cat/cat_pixelated_00007.png,cat,animal,land,pixelated,cat_00044
noise/cat/cat_noise_00007.png,cat,animal,land,noise,cat_00044
clean/cat/cat_clean_00008.png,cat,animal,land,clean,cat_00045
blur/cat/cat_blur_00008.png,cat,animal,land,blur,cat_00045
pixelated/cat/cat_pixelated_00008.png,cat,animal,land,pixelated,cat_00045
noise/cat/cat_noise_00008.png,cat,animal,land,noise,cat_00045
clean/frog/frog_clean_00004.png,frog,animal,land,clean,frog_00046
blur/frog/frog_blur_00004.png,frog,animal,land,blur,frog_00046
pixelated/frog/frog_pixelated_00004.png,frog,animal,land,pixelated,frog_00046
noise/frog/frog_noise_00004.png,frog,animal,land,noise,frog_00046
clean/frog/frog_clean_00005.png,frog,animal,land,clean,frog_00047
blur/frog/frog_blur_00005.png,frog,animal,land,blur,frog_00047
pixelated/frog/frog_pixelated_00005.png,frog,animal,land,pixelated,frog_00047
noise/frog/frog_noise_00005.png,frog,animal,land,noise,frog_00047
clean/bird/bird_clean_00004.png,bird,animal,air,clean,bird_00048
blur/bird/bird_blur_00004.png,bird,animal,air,blur,bird_00048
pixelated/bird/bird_pixelated_00004.png,bird,animal,air,pixelated,bird_00048
noise/bird/bird_noise_00004.png,bird,animal,air,noise,bird_00048
clean/airplane/airplane_clean_00006.png,airplane,vehicle,air,clean,airplane_00049
blur/airplane/airplane_blur_00006.png,airplane,vehicle,air,blur,airplane_00049
pixelated/airplane/airplane_pixelated_00006.png,airplane,vehicle,air,pixelated,airplane_00049
noise/airplane/airplane_noise_00006.png,airplane,vehicle,air,noise,airplane_00049
clean/truck/truck_clean_00006.png,truck,vehicle,land,clean,truck_00050
blur/truck/truck_blur_00006.png,truck,vehicle,land,blur,truck_00050
pixelated/truck/truck_pixelated_00006.png,truck,vehicle,land,pixelated,truck_00050
noise/truck/truck_noise_00006.png,truck,vehicle,land,noise,truck_00050
clean/deer/deer_clean_00003.png,deer,animal,land,clean,deer_00051
blur/deer/deer_blur_00003.png,deer,animal,land,blur,deer_00051
pixelated/deer/deer_pixelated_00003.png,deer,animal,land,pixelated,deer_00051
noise/deer/deer_noise_00003.png,deer,animal,land,noise,deer_00051
clean/ship/ship_clean_00004.png,ship,vehicle,water,clean,ship_00052
blur/ship/ship_blur_00004.png,ship,vehicle,water,blur,ship_00052
pixelated/ship/ship_pixelated_00004.png,ship,vehicle,water,pixelated,ship_00052
noise/ship/ship_noise_00004.png,ship,vehicle,water,noise,ship_00052
clean/truck/truck_clean_00007.png,truck,vehicle,land,clean,truck_00053
blur/truck/truck_blur_00007.png,truck,vehicle,land,blur,truck_00053
pixelated/truck/truck_pixelated_00007.png,truck,vehicle,land,pixelated,truck_00053
noise/truck/truck_noise_00007.png,truck,vehicle,land,noise,truck_00053
clean/truck/truck_clean_00008.png,truck,vehicle,land,clean,truck_00054
blur/truck/truck_blur_00008.png,truck,vehicle,land,blur,truck_00054
pixelated/truck/truck_pixelated_00008.png,truck,vehicle,land,pixelated,truck_00054
noise/truck/truck_noise_00008.png,truck,vehicle,land,noise,truck_00054
clean/truck/truck_clean_00009.png,truck,vehicle,land,clean,truck_00055
blur/truck/truck_blur_00009.png,truck,vehicle,land,blur,truck_00055
pixelated/truck/truck_pixelated_00009.png,truck,vehicle,land,pixelated,truck_00055
noise/truck/truck_noise_00009.png,truck,vehicle,land,noise,truck_00055
clean/deer/deer_clean_00004.png,deer,animal,land,clean,deer_00056
blur/deer/deer_blur_00004.png,deer,animal,land,blur,deer_00056
pixelated/deer/deer_pixelated_00004.png,deer,animal,land,pixelated,deer_00056
noise/deer/deer_noise_00004.png,deer,animal,land,noise,deer_00056
clean/automobile/automobile_clean_00006.png,automobile,vehicle,land,clean,automobile_00057
blur/automobile/automobile_blur_00006.png,automobile,vehicle,land,blur,automobile_00057
pixelated/automobile/automobile_pixelated_00006.png,automobile,vehicle,land,pixelated,automobile_00057
noise/automobile/automobile_noise_00006.png,automobile,vehicle,land,noise,automobile_00057
clean/deer/deer_clean_00005.png,deer,animal,land,clean,deer_00058
blur/deer/deer_blur_00005.png,deer,animal,land,blur,deer_00058
pixelated/deer/deer_pixelated_00005.png,deer,animal,land,pixelated,deer_00058
noise/deer/deer_noise_00005.png,deer,animal,land,noise,deer_00058
clean/deer/deer_clean_00006.png,deer,animal,land,clean,deer_00059
blur/deer/deer_blur_00006.png,deer,animal,land,blur,deer_00059
pixelated/deer/deer_pixelated_00006.png,deer,animal,land,pixelated,deer_00059
noise/deer/deer_noise_00006.png,deer,animal,land,noise,deer_00059
clean/ship/ship_clean_00005.png,ship,vehicle,water,clean,ship_00060
blur/ship/ship_blur_00005.png,ship,vehicle,water,blur,ship_00060
pixelated/ship/ship_pixelated_00005.png,ship,vehicle,water,pixelated,ship_00060
noise/ship/ship_noise_00005.png,ship,vehicle,water,noise,ship_00060
clean/bird/bird_clean_00005.png,bird,animal,air,clean,bird_00061
blur/bird/bird_blur_00005.png,bird,animal,air,blur,bird_00061
pixelated/bird/bird_pixelated_00005.png,bird,animal,air,pixelated,bird_00061
noise/bird/bird_noise_00005.png,bird,animal,air,noise,bird_00061
clean/automobile/automobile_clean_00007.png,automobile,vehicle,land,clean,automobile_00062
blur/automobile/automobile_blur_00007.png,automobile,vehicle,land,blur,automobile_00062
pixelated/automobile/automobile_pixelated_00007.png,automobile,vehicle,land,pixelated,automobile_00062
noise/automobile/automobile_noise_00007.png,automobile,vehicle,land,noise,automobile_00062
clean/dog/dog_clean_00008.png,dog,animal,land,clean,dog_00063
blur/dog/dog_blur_00008.png,dog,animal,land,blur,dog_00063
pixelated/dog/dog_pixelated_00008.png,dog,animal,land,pixelated,dog_00063
noise/dog/dog_noise_00008.png,dog,animal,land,noise,dog_00063
clean/bird/bird_clean_00006.png,bird,animal,air,clean,bird_00064
blur/bird/bird_blur_00006.png,bird,animal,air,blur,bird_00064
pixelated/bird/bird_pixelated_00006.png,bird,animal,air,pixelated,bird_00064
noise/bird/bird_noise_00006.png,bird,animal,air,noise,bird_00064
clean/airplane/airplane_clean_00007.png,airplane,vehicle,air,clean,airplane_00065
blur/airplane/airplane_blur_00007.png,airplane,vehicle,air,blur,airplane_00065
pixelated/airplane/airplane_pixelated_00007.png,airplane,vehicle,air,pixelated,airplane_00065
noise/airplane/airplane_noise_00007.png,airplane,vehicle,air,noise,airplane_00065
clean/cat/cat_clean_00009.png,cat,animal,land,clean,cat_00066
blur/cat/cat_blur_00009.png,cat,animal,land,blur,cat_00066
pixelated/cat/cat_pixelated_00009.png,cat,animal,land,pixelated,cat_00066
noise/cat/cat_noise_00009.png,cat,animal,land,noise,cat_00066
clean/truck/truck_clean_00010.png,truck,vehicle,land,clean,truck_00067
blur/truck/truck_blur_00010.png,truck,vehicle,land,blur,truck_00067
pixelated/truck/truck_pixelated_00010.png,truck,vehicle,land,pixelated,truck_00067
noise/truck/truck_noise_00010.png,truck,vehicle,land,noise,truck_00067
clean/deer/deer_clean_00007.png,deer,animal,land,clean,deer_00068
blur/deer/deer_blur_00007.png,deer,animal,land,blur,deer_00068
pixelated/deer/deer_pixelated_00007.png,deer,animal,land,pixelated,deer_00068
noise/deer/deer_noise_00007.png,deer,animal,land,noise,deer_00068
clean/frog/frog_clean_00006.png,frog,animal,land,clean,frog_00069
blur/frog/frog_blur_00006.png,frog,animal,land,blur,frog_00069
pixelated/frog/frog_pixelated_00006.png,frog,animal,land,pixelated,frog_00069
noise/frog/frog_noise_00006.png,frog,animal,land,noise,frog_00069
clean/horse/horse_clean_00005.png,horse,animal,land,clean,horse_00070
blur/horse/horse_blur_00005.png,horse,animal,land,blur,horse_00070
pixelated/horse/horse_pixelated_00005.png,horse,animal,land,pixelated,horse_00070
noise/horse/horse_noise_00005.png,horse,animal,land,noise,horse_00070
clean/horse/horse_clean_00006.png,horse,animal,land,clean,horse_00071
blur/horse/horse_blur_00006.png,horse,animal,land,blur,horse_00071
pixelated/horse/horse_pixelated_00006.png,horse,animal,land,pixelated,horse_00071
noise/horse/horse_noise_00006.png,horse,animal,land,noise,horse_00071
clean/dog/dog_clean_00009.png,dog,animal,land,clean,dog_00072
blur/dog/dog_blur_00009.png,dog,animal,land,blur,dog_00072
pixelated/dog/dog_pixelated_00009.png,dog,animal,land,pixelated,dog_00072
noise/dog/dog_noise_00009.png,dog,animal,land,noise,dog_00072
clean/truck/truck_clean_00011.png,truck,vehicle,land,clean,truck_00073
blur/truck/truck_blur_00011.png,truck,vehicle,land,blur,truck_00073
pixelated/truck/truck_pixelated_00011.png,truck,vehicle,land,pixelated,truck_00073
noise/truck/truck_noise_00011.png,truck,vehicle,land,noise,truck_00073
clean/dog/dog_clean_00010.png,dog,animal,land,clean,dog_00074
blur/dog/dog_blur_00010.png,dog,animal,land,blur,dog_00074
pixelated/dog/dog_pixelated_00010.png,dog,animal,land,pixelated,dog_00074
noise/dog/dog_noise_00010.png,dog,animal,land,noise,dog_00074
clean/cat/cat_clean_00010.png,cat,animal,land,clean,cat_00075
blur/cat/cat_blur_00010.png,cat,animal,land,blur,cat_00075
pixelated/cat/cat_pixelated_00010.png,cat,animal,land,pixelated,cat_00075
noise/cat/cat_noise_00010.png,cat,animal,land,noise,cat_00075
clean/bird/bird_clean_00007.png,bird,animal,air,clean,bird_00076
blur/bird/bird_blur_00007.png,bird,animal,air,blur,bird_00076
pixelated/bird/bird_pixelated_00007.png,bird,animal,air,pixelated,bird_00076
noise/bird/bird_noise_00007.png,bird,animal,air,noise,bird_00076
clean/deer/deer_clean_00008.png,deer,animal,land,clean,deer_00077
blur/deer/deer_blur_00008.png,deer,animal,land,blur,deer_00077
pixelated/deer/deer_pixelated_00008.png,deer,animal,land,pixelated,deer_00077
noise/deer/deer_noise_00008.png,deer,animal,land,noise,deer_00077
clean/airplane/airplane_clean_00008.png,airplane,vehicle,air,clean,airplane_00078
blur/airplane/airplane_blur_00008.png,airplane,vehicle,air,blur,airplane_00078
pixelated/airplane/airplane_pixelated_00008.png,airplane,vehicle,air,pixelated,airplane_00078
noise/airplane/airplane_noise_00008.png,airplane,vehicle,air,noise,airplane_00078
clean/frog/frog_clean_00007.png,frog,animal,land,clean,frog_00079
blur/frog/frog_blur_00007.png,frog,animal,land,blur,frog_00079
pixelated/frog/frog_pixelated_00007.png,frog,animal,land,pixelated,frog_00079
noise/frog/frog_noise_00007.png,frog,animal,land,noise,frog_00079
clean/automobile/automobile_clean_00008.png,automobile,vehicle,land,clean,automobile_00080
blur/automobile/automobile_blur_00008.png,automobile,vehicle,land,blur,automobile_00080
pixelated/automobile/automobile_pixelated_00008.png,automobile,vehicle,land,pixelated,automobile_00080
noise/automobile/automobile_noise_00008.png,automobile,vehicle,land,noise,automobile_00080
clean/horse/horse_clean_00007.png,horse,animal,land,clean,horse_00081
blur/horse/horse_blur_00007.png,horse,animal,land,blur,horse_00081
pixelated/horse/horse_pixelated_00007.png,horse,animal,land,pixelated,horse_00081
noise/horse/horse_noise_00007.png,horse,animal,land,noise,horse_00081
clean/deer/deer_clean_00009.png,deer,animal,land,clean,deer_00082
blur/deer/deer_blur_00009.png,deer,animal,land,blur,deer_00082
pixelated/deer/deer_pixelated_00009.png,deer,animal,land,pixelated,deer_00082
noise/deer/deer_noise_00009.png,deer,animal,land,noise,deer_00082
clean/airplane/airplane_clean_00009.png,airplane,vehicle,air,clean,airplane_00083
blur/airplane/airplane_blur_00009.png,airplane,vehicle,air,blur,airplane_00083
pixelated/airplane/airplane_pixelated_00009.png,airplane,vehicle,air,pixelated,airplane_00083
noise/airplane/airplane_noise_00009.png,airplane,vehicle,air,noise,airplane_00083
clean/truck/truck_clean_00012.png,truck,vehicle,land,clean,truck_00084
blur/truck/truck_blur_00012.png,truck,vehicle,land,blur,truck_00084
pixelated/truck/truck_pixelated_00012.png,truck,vehicle,land,pixelated,truck_00084
noise/truck/truck_noise_00012.png,truck,vehicle,land,noise,truck_00084
clean/horse/horse_clean_00008.png,horse,animal,land,clean,horse_00085
blur/horse/horse_blur_00008.png,horse,animal,land,blur,horse_00085
pixelated/horse/horse_pixelated_00008.png,horse,animal,land,pixelated,horse_00085
noise/horse/horse_noise_00008.png,horse,animal,land,noise,horse_00085
clean/automobile/automobile_clean_00009.png,automobile,vehicle,land,clean,automobile_00086
blur/automobile/automobile_blur_00009.png,automobile,vehicle,land,blur,automobile_00086
pixelated/automobile/automobile_pixelated_00009.png,automobile,vehicle,land,pixelated,automobile_00086
noise/automobile/automobile_noise_00009.png,automobile,vehicle,land,noise,automobile_00086
clean/bird/bird_clean_00008.png,bird,animal,air,clean,bird_00087
blur/bird/bird_blur_00008.png,bird,animal,air,blur,bird_00087
pixelated/bird/bird_pixelated_00008.png,bird,animal,air,pixelated,bird_00087
noise/bird/bird_noise_00008.png,bird,animal,air,noise,bird_00087
clean/dog/dog_clean_00011.png,dog,animal,land,clean,dog_00088
blur/dog/dog_blur_00011.png,dog,animal,land,blur,dog_00088
pixelated/dog/dog_pixelated_00011.png,dog,animal,land,pixelated,dog_00088
noise/dog/dog_noise_00011.png,dog,animal,land,noise,dog_00088
clean/horse/horse_clean_00009.png,horse,animal,land,clean,horse_00089
blur/horse/horse_blur_00009.png,horse,animal,land,blur,horse_00089
pixelated/horse/horse_pixelated_00009.png,horse,animal,land,pixelated,horse_00089
noise/horse/horse_noise_00009.png,horse,animal,land,noise,horse_00089
clean/dog/dog_clean_00012.png,dog,animal,land,clean,dog_00090
blur/dog/dog_blur_00012.png,dog,animal,land,blur,dog_00090
pixelated/dog/dog_pixelated_00012.png,dog,animal,land,pixelated,dog_00090
noise/dog/dog_noise_00012.png,dog,animal,land,noise,dog_00090
clean/horse/horse_clean_00010.png,horse,animal,land,clean,horse_00091
blur/horse/horse_blur_00010.png,horse,animal,land,blur,horse_00091
pixelated/horse/horse_pixelated_00010.png,horse,animal,land,pixelated,horse_00091
noise/horse/horse_noise_00010.png,horse,animal,land,noise,horse_00091
clean/horse/horse_clean_00011.png,horse,animal,land,clean,horse_00092
blur/horse/horse_blur_00011.png,horse,animal,land,blur,horse_00092
pixelated/horse/horse_pixelated_00011.png,horse,animal,land,pixelated,horse_00092
noise/horse/horse_noise_00011.png,horse,animal,land,noise,horse_00092
clean/deer/deer_clean_00010.png,deer,animal,land,clean,deer_00093
blur/deer/deer_blur_00010.png,deer,animal,land,blur,deer_00093
pixelated/deer/deer_pixelated_00010.png,deer,animal,land,pixelated,deer_00093
noise/deer/deer_noise_00010.png,deer,animal,land,noise,deer_00093
clean/automobile/automobile_clean_00010.png,automobile,vehicle,land,clean,automobile_00094
blur/automobile/automobile_blur_00010.png,automobile,vehicle,land,blur,automobile_00094
pixelated/automobile/automobile_pixelated_00010.png,automobile,vehicle,land,pixelated,automobile_00094
noise/automobile/automobile_noise_00010.png,automobile,vehicle,land,noise,automobile_00094
clean/bird/bird_clean_00009.png,bird,animal,air,clean,bird_00095
blur/bird/bird_blur_00009.png,bird,animal,air,blur,bird_00095
pixelated/bird/bird_pixelated_00009.png,bird,animal,air,pixelated,bird_00095
noise/bird/bird_noise_00009.png,bird,animal,air,noise,bird_00095
clean/deer/deer_clean_00011.png,deer,animal,land,clean,deer_00096
blur/deer/deer_blur_00011.png,deer,animal,land,blur,deer_00096
pixelated/deer/deer_pixelated_00011.png,deer,animal,land,pixelated,deer_00096
noise/deer/deer_noise_00011.png,deer,animal,land,noise,deer_00096
clean/frog/frog_clean_00008.png,frog,animal,land,clean,frog_00097
blur/frog/frog_blur_00008.png,frog,animal,land,blur,frog_00097
pixelated/frog/frog_pixelated_00008.png,frog,animal,land,pixelated,frog_00097
noise/frog/frog_noise_00008.png,frog,animal,land,noise,frog_00097
clean/cat/cat_clean_00011.png,cat,animal,land,clean,cat_00098
blur/cat/cat_blur_00011.png,cat,animal,land,blur,cat_00098
pixelated/cat/cat_pixelated_00011.png,cat,animal,land,pixelated,cat_00098
noise/cat/cat_noise_00011.png,cat,animal,land,noise,cat_00098
clean/cat/cat_clean_00012.png,cat,animal,land,clean,cat_00099
blur/cat/cat_blur_00012.png,cat,animal,land,blur,cat_00099
pixelated/cat/cat_pixelated_00012.png,cat,animal,land,pixelated,cat_00099
noise/cat/cat_noise_00012.png,cat,animal,land,noise,cat_00099
clean/horse/horse_clean_00012.png,horse,animal,land,clean,horse_00100
blur/horse/horse_blur_00012.png,horse,animal,land,blur,horse_00100
pixelated/horse/horse_pixelated_00012.png,horse,animal,land,pixelated,horse_00100
noise/horse/horse_noise_00012.png,horse,animal,land,noise,horse_00100
clean/bird/bird_clean_00010.png,bird,animal,air,clean,bird_00101
blur/bird/bird_blur_00010.png,bird,animal,air,blur,bird_00101
pixelated/bird/bird_pixelated_00010.png,bird,animal,air,pixelated,bird_00101
noise/bird/bird_noise_00010.png,bird,animal,air,noise,bird_00101
clean/automobile/automobile_clean_00011.png,automobile,vehicle,land,clean,automobile_00102
blur/automobile/automobile_blur_00011.png,automobile,vehicle,land,blur,automobile_00102
pixelated/automobile/automobile_pixelated_00011.png,automobile,vehicle,land,pixelated,automobile_00102
noise/automobile/automobile_noise_00011.png,automobile,vehicle,land,noise,automobile_00102
clean/cat/cat_clean_00013.png,cat,animal,land,clean,cat_00103
blur/cat/cat_blur_00013.png,cat,animal,land,blur,cat_00103
pixelated/cat/cat_pixelated_00013.png,cat,animal,land,pixelated,cat_00103
noise/cat/cat_noise_00013.png,cat,animal,land,noise,cat_00103
clean/bird/bird_clean_00011.png,bird,animal,air,clean,bird_00104
blur/bird/bird_blur_00011.png,bird,animal,air,blur,bird_00104
pixelated/bird/bird_pixelated_00011.png,bird,animal,air,pixelated,bird_00104
noise/bird/bird_noise_00011.png,bird,animal,air,noise,bird_00104
clean/cat/cat_clean_00014.png,cat,animal,land,clean,cat_00105
blur/cat/cat_blur_00014.png,cat,animal,land,blur,cat_00105
pixelated/cat/cat_pixelated_00014.png,cat,animal,land,pixelated,cat_00105
noise/cat/cat_noise_00014.png,cat,animal,land,noise,cat_00105
clean/bird/bird_clean_00012.png,bird,animal,air,clean,bird_00106
blur/bird/bird_blur_00012.png,bird,animal,air,blur,bird_00106
pixelated/bird/bird_pixelated_00012.png,bird,animal,air,pixelated,bird_00106
noise/bird/bird_noise_00012.png,bird,animal,air,noise,bird_00106
clean/deer/deer_clean_00012.png,deer,animal,land,clean,deer_00107
blur/deer/deer_blur_00012.png,deer,animal,land,blur,deer_00107
pixelated/deer/deer_pixelated_00012.png,deer,animal,land,pixelated,deer_00107
noise/deer/deer_noise_00012.png,deer,animal,land,noise,deer_00107
clean/dog/dog_clean_00013.png,dog,animal,land,clean,dog_00108
blur/dog/dog_blur_00013.png,dog,animal,land,blur,dog_00108
pixelated/dog/dog_pixelated_00013.png,dog,animal,land,pixelated,dog_00108
noise/dog/dog_noise_00013.png,dog,animal,land,noise,dog_00108
clean/airplane/airplane_clean_00010.png,airplane,vehicle,air,clean,airplane_00109
blur/airplane/airplane_blur_00010.png,airplane,vehicle,air,blur,airplane_00109
pixelated/airplane/airplane_pixelated_00010.png,airplane,vehicle,air,pixelated,airplane_00109
noise/airplane/airplane_noise_00010.png,airplane,vehicle,air,noise,airplane_00109
clean/ship/ship_clean_00006.png,ship,vehicle,water,clean,ship_00110
blur/ship/ship_blur_00006.png,ship,vehicle,water,blur,ship_00110
pixelated/ship/ship_pixelated_00006.png,ship,vehicle,water,pixelated,ship_00110
noise/ship/ship_noise_00006.png,ship,vehicle,water,noise,ship_00110
clean/bird/bird_clean_00013.png,bird,animal,air,clean,bird_00111
blur/bird/bird_blur_00013.png,bird,animal,air,blur,bird_00111
pixelated/bird/bird_pixelated_00013.png,bird,animal,air,pixelated,bird_00111
noise/bird/bird_noise_00013.png,bird,animal,air,noise,bird_00111
clean/horse/horse_clean_00013.png,horse,animal,land,clean,horse_00112
blur/horse/horse_blur_00013.png,horse,animal,land,blur,horse_00112
pixelated/horse/horse_pixelated_00013.png,horse,animal,land,pixelated,horse_00112
noise/horse/horse_noise_00013.png,horse,animal,land,noise,horse_00112
clean/cat/cat_clean_00015.png,cat,animal,land,clean,cat_00113
blur/cat/cat_blur_00015.png,cat,animal,land,blur,cat_00113
pixelated/cat/cat_pixelated_00015.png,cat,animal,land,pixelated,cat_00113
noise/cat/cat_noise_00015.png,cat,animal,land,noise,cat_00113
clean/airplane/airplane_clean_00011.png,airplane,vehicle,air,clean,airplane_00114
blur/airplane/airplane_blur_00011.png,airplane,vehicle,air,blur,airplane_00114
pixelated/airplane/airplane_pixelated_00011.png,airplane,vehicle,air,pixelated,airplane_00114
noise/airplane/airplane_noise_00011.png,airplane,vehicle,air,noise,airplane_00114
clean/cat/cat_clean_00016.png,cat,animal,land,clean,cat_00115
blur/cat/cat_blur_00016.png,cat,animal,land,blur,cat_00115
pixelated/cat/cat_pixelated_00016.png,cat,animal,land,pixelated,cat_00115
noise/cat/cat_noise_00016.png,cat,animal,land,noise,cat_00115
clean/cat/cat_clean_00017.png,cat,animal,land,clean,cat_00116
blur/cat/cat_blur_00017.png,cat,animal,land,blur,cat_00116
pixelated/cat/cat_pixelated_00017.png,cat,animal,land,pixelated,cat_00116
noise/cat/cat_noise_00017.png,cat,animal,land,noise,cat_00116
clean/bird/bird_clean_00014.png,bird,animal,air,clean,bird_00117
blur/bird/bird_blur_00014.png,bird,animal,air,blur,bird_00117
pixelated/bird/bird_pixelated_00014.png,bird,animal,air,pixelated,bird_00117
noise/bird/bird_noise_00014.png,bird,animal,air,noise,bird_00117
clean/bird/bird_clean_00015.png,bird,animal,air,clean,bird_00118
blur/bird/bird_blur_00015.png,bird,animal,air,blur,bird_00118
pixelated/bird/bird_pixelated_00015.png,bird,animal,air,pixelated,bird_00118
noise/bird/bird_noise_00015.png,bird,animal,air,noise,bird_00118
clean/deer/deer_clean_00013.png,deer,animal,land,clean,deer_00119
blur/deer/deer_blur_00013.png,deer,animal,land,blur,deer_00119
pixelated/deer/deer_pixelated_00013.png,deer,animal,land,pixelated,deer_00119
noise/deer/deer_noise_00013.png,deer,animal,land,noise,deer_00119
clean/truck/truck_clean_00013.png,truck,vehicle,land,clean,truck_00120
blur/truck/truck_blur_00013.png,truck,vehicle,land,blur,truck_00120
pixelated/truck/truck_pixelated_00013.png,truck,vehicle,land,pixelated,truck_00120
noise/truck/truck_noise_00013.png,truck,vehicle,land,noise,truck_00120
clean/bird/bird_clean_00016.png,bird,animal,air,clean,bird_00121
blur/bird/bird_blur_00016.png,bird,animal,air,blur,bird_00121
pixelated/bird/bird_pixelated_00016.png,bird,animal,air,pixelated,bird_00121
noise/bird/bird_noise_00016.png,bird,animal,air,noise,bird_00121
clean/frog/frog_clean_00009.png,frog,animal,land,clean,frog_00122
blur/frog/frog_blur_00009.png,frog,animal,land,blur,frog_00122
pixelated/frog/frog_pixelated_00009.png,frog,animal,land,pixelated,frog_00122
noise/frog/frog_noise_00009.png,frog,animal,land,noise,frog_00122
clean/horse/horse_clean_00014.png,horse,animal,land,clean,horse_00123
blur/horse/horse_blur_00014.png,horse,animal,land,blur,horse_00123
pixelated/horse/horse_pixelated_00014.png,horse,animal,land,pixelated,horse_00123
noise/horse/horse_noise_00014.png,horse,animal,land,noise,horse_00123
clean/frog/frog_clean_00010.png,frog,animal,land,clean,frog_00124
blur/frog/frog_blur_00010.png,frog,animal,land,blur,frog_00124
pixelated/frog/frog_pixelated_00010.png,frog,animal,land,pixelated,frog_00124
noise/frog/frog_noise_00010.png,frog,animal,land,noise,frog_00124
clean/deer/deer_clean_00014.png,deer,animal,land,clean,deer_00125
blur/deer/deer_blur_00014.png,deer,animal,land,blur,deer_00125
pixelated/deer/deer_pixelated_00014.png,deer,animal,land,pixelated,deer_00125
noise/deer/deer_noise_00014.png,deer,animal,land,noise,deer_00125
clean/bird/bird_clean_00017.png,bird,animal,air,clean,bird_00126
blur/bird/bird_blur_00017.png,bird,animal,air,blur,bird_00126
pixelated/bird/bird_pixelated_00017.png,bird,animal,air,pixelated,bird_00126
noise/bird/bird_noise_00017.png,bird,animal,air,noise,bird_00126
clean/airplane/airplane_clean_00012.png,airplane,vehicle,air,clean,airplane_00127
blur/airplane/airplane_blur_00012.png,airplane,vehicle,air,blur,airplane_00127
pixelated/airplane/airplane_pixelated_00012.png,airplane,vehicle,air,pixelated,airplane_00127
noise/airplane/airplane_noise_00012.png,airplane,vehicle,air,noise,airplane_00127
clean/horse/horse_clean_00015.png,horse,animal,land,clean,horse_00128
blur/horse/horse_blur_00015.png,horse,animal,land,blur,horse_00128
pixelated/horse/horse_pixelated_00015.png,horse,animal,land,pixelated,horse_00128
noise/horse/horse_noise_00015.png,horse,animal,land,noise,horse_00128
clean/ship/ship_clean_00007.png,ship,vehicle,water,clean,ship_00129
blur/ship/ship_blur_00007.png,ship,vehicle,water,blur,ship_00129
pixelated/ship/ship_pixelated_00007.png,ship,vehicle,water,pixelated,ship_00129
noise/ship/ship_noise_00007.png,ship,vehicle,water,noise,ship_00129
clean/bird/bird_clean_00018.png,bird,animal,air,clean,bird_00130
blur/bird/bird_blur_00018.png,bird,animal,air,blur,bird_00130
pixelated/bird/bird_pixelated_00018.png,bird,animal,air,pixelated,bird_00130
noise/bird/bird_noise_00018.png,bird,animal,air,noise,bird_00130
clean/bird/bird_clean_00019.png,bird,animal,air,clean,bird_00131
blur/bird/bird_blur_00019.png,bird,animal,air,blur,bird_00131
pixelated/bird/bird_pixelated_00019.png,bird,animal,air,pixelated,bird_00131
noise/bird/bird_noise_00019.png,bird,animal,air,noise,bird_00131
clean/frog/frog_clean_00011.png,frog,animal,land,clean,frog_00132
blur/frog/frog_blur_00011.png,frog,animal,land,blur,frog_00132
pixelated/frog/frog_pixelated_00011.png,frog,animal,land,pixelated,frog_00132
noise/frog/frog_noise_00011.png,frog,animal,land,noise,frog_00132
clean/airplane/airplane_clean_00013.png,airplane,vehicle,air,clean,airplane_00133
blur/airplane/airplane_blur_00013.png,airplane,vehicle,air,blur,airplane_00133
pixelated/airplane/airplane_pixelated_00013.png,airplane,vehicle,air,pixelated,airplane_00133
noise/airplane/airplane_noise_00013.png,airplane,vehicle,air,noise,airplane_00133
clean/dog/dog_clean_00014.png,dog,animal,land,clean,dog_00134
blur/dog/dog_blur_00014.png,dog,animal,land,blur,dog_00134
pixelated/dog/dog_pixelated_00014.png,dog,animal,land,pixelated,dog_00134
noise/dog/dog_noise_00014.png,dog,animal,land,noise,dog_00134
clean/airplane/airplane_clean_00014.png,airplane,vehicle,air,clean,airplane_00135
blur/airplane/airplane_blur_00014.png,airplane,vehicle,air,blur,airplane_00135
pixelated/airplane/airplane_pixelated_00014.png,airplane,vehicle,air,pixelated,airplane_00135
noise/airplane/airplane_noise_00014.png,airplane,vehicle,air,noise,airplane_00135
clean/ship/ship_clean_00008.png,ship,vehicle,water,clean,ship_00136
blur/ship/ship_blur_00008.png,ship,vehicle,water,blur,ship_00136
pixelated/ship/ship_pixelated_00008.png,ship,vehicle,water,pixelated,ship_00136
noise/ship/ship_noise_00008.png,ship,vehicle,water,noise,ship_00136
clean/truck/truck_clean_00014.png,truck,vehicle,land,clean,truck_00137
blur/truck/truck_blur_00014.png,truck,vehicle,land,blur,truck_00137
pixelated/truck/truck_pixelated_00014.png,truck,vehicle,land,pixelated,truck_00137
noise/truck/truck_noise_00014.png,truck,vehicle,land,noise,truck_00137
clean/ship/ship_clean_00009.png,ship,vehicle,water,clean,ship_00138
blur/ship/ship_blur_00009.png,ship,vehicle,water,blur,ship_00138
pixelated/ship/ship_pixelated_00009.png,ship,vehicle,water,pixelated,ship_00138
noise/ship/ship_noise_00009.png,ship,vehicle,water,noise,ship_00138
clean/airplane/airplane_clean_00015.png,airplane,vehicle,air,clean,airplane_00139
blur/airplane/airplane_blur_00015.png,airplane,vehicle,air,blur,airplane_00139
pixelated/airplane/airplane_pixelated_00015.png,airplane,vehicle,air,pixelated,airplane_00139
noise/airplane/airplane_noise_00015.png,airplane,vehicle,air,noise,airplane_00139
clean/ship/ship_clean_00010.png,ship,vehicle,water,clean,ship_00140
blur/ship/ship_blur_00010.png,ship,vehicle,water,blur,ship_00140
pixelated/ship/ship_pixelated_00010.png,ship,vehicle,water,pixelated,ship_00140
noise/ship/ship_noise_00010.png,ship,vehicle,water,noise,ship_00140
clean/truck/truck_clean_00015.png,truck,vehicle,land,clean,truck_00141
blur/truck/truck_blur_00015.png,truck,vehicle,land,blur,truck_00141
pixelated/truck/truck_pixelated_00015.png,truck,vehicle,land,pixelated,truck_00141
noise/truck/truck_noise_00015.png,truck,vehicle,land,noise,truck_00141
clean/deer/deer_clean_00015.png,deer,animal,land,clean,deer_00142
blur/deer/deer_blur_00015.png,deer,animal,land,blur,deer_00142
pixelated/deer/deer_pixelated_00015.png,deer,animal,land,pixelated,deer_00142
noise/deer/deer_noise_00015.png,deer,animal,land,noise,deer_00142
clean/horse/horse_clean_00016.png,horse,animal,land,clean,horse_00143
blur/horse/horse_blur_00016.png,horse,animal,land,blur,horse_00143
pixelated/horse/horse_pixelated_00016.png,horse,animal,land,pixelated,horse_00143
noise/horse/horse_noise_00016.png,horse,animal,land,noise,horse_00143
clean/horse/horse_clean_00017.png,horse,animal,land,clean,horse_00144
blur/horse/horse_blur_00017.png,horse,animal,land,blur,horse_00144
pixelated/horse/horse_pixelated_00017.png,horse,animal,land,pixelated,horse_00144
noise/horse/horse_noise_00017.png,horse,animal,land,noise,horse_00144
clean/cat/cat_clean_00018.png,cat,animal,land,clean,cat_00145
blur/cat/cat_blur_00018.png,cat,animal,land,blur,cat_00145
pixelated/cat/cat_pixelated_00018.png,cat,animal,land,pixelated,cat_00145
noise/cat/cat_noise_00018.png,cat,animal,land,noise,cat_00145
clean/truck/truck_clean_00016.png,truck,vehicle,land,clean,truck_00146
blur/truck/truck_blur_00016.png,truck,vehicle,land,blur,truck_00146
pixelated/truck/truck_pixelated_00016.png,truck,vehicle,land,pixelated,truck_00146
noise/truck/truck_noise_00016.png,truck,vehicle,land,noise,truck_00146
clean/dog/dog_clean_00015.png,dog,animal,land,clean,dog_00147
blur/dog/dog_blur_00015.png,dog,animal,land,blur,dog_00147
pixelated/dog/dog_pixelated_00015.png,dog,animal,land,pixelated,dog_00147
noise/dog/dog_noise_00015.png,dog,animal,land,noise,dog_00147
clean/frog/frog_clean_00012.png,frog,animal,land,clean,frog_00148
blur/frog/frog_blur_00012.png,frog,animal,land,blur,frog_00148
pixelated/frog/frog_pixelated_00012.png,frog,animal,land,pixelated,frog_00148
noise/frog/frog_noise_00012.png,frog,animal,land,noise,frog_00148
clean/dog/dog_clean_00016.png,dog,animal,land,clean,dog_00149
blur/dog/dog_blur_00016.png,dog,animal,land,blur,dog_00149
pixelated/dog/dog_pixelated_00016.png,dog,animal,land,pixelated,dog_00149
noise/dog/dog_noise_00016.png,dog,animal,land,noise,dog_00149
clean/frog/frog_clean_00013.png,frog,animal,land,clean,frog_00150
blur/frog/frog_blur_00013.png,frog,animal,land,blur,frog_00150
pixelated/frog/frog_pixelated_00013.png,frog,animal,land,pixelated,frog_00150
noise/frog/frog_noise_00013.png,frog,animal,land,noise,frog_00150
clean/truck/truck_clean_00017.png,truck,vehicle,land,clean,truck_00151
blur/truck/truck_blur_00017.png,truck,vehicle,land,blur,truck_00151
pixelated/truck/truck_pixelated_00017.png,truck,vehicle,land,pixelated,truck_00151
noise/truck/truck_noise_00017.png,truck,vehicle,land,noise,truck_00151
clean/frog/frog_clean_00014.png,frog,animal,land,clean,frog_00152
blur/frog/frog_blur_00014.png,frog,animal,land,blur,frog_00152
pixelated/frog/frog_pixelated_00014.png,frog,animal,land,pixelated,frog_00152
noise/frog/frog_noise_00014.png,frog,animal,land,noise,frog_00152
clean/dog/dog_clean_00017.png,dog,animal,land,clean,dog_00153
blur/dog/dog_blur_00017.png,dog,animal,land,blur,dog_00153
pixelated/dog/dog_pixelated_00017.png,dog,animal,land,pixelated,dog_00153
noise/dog/dog_noise_00017.png,dog,animal,land,noise,dog_00153
clean/ship/ship_clean_00011.png,ship,vehicle,water,clean,ship_00154
blur/ship/ship_blur_00011.png,ship,vehicle,water,blur,ship_00154
pixelated/ship/ship_pixelated_00011.png,ship,vehicle,water,pixelated,ship_00154
noise/ship/ship_noise_00011.png,ship,vehicle,water,noise,ship_00154
clean/automobile/automobile_clean_00012.png,automobile,vehicle,land,clean,automobile_00155
blur/automobile/automobile_blur_00012.png,automobile,vehicle,land,blur,automobile_00155
pixelated/automobile/automobile_pixelated_00012.png,automobile,vehicle,land,pixelated,automobile_00155
noise/automobile/automobile_noise_00012.png,automobile,vehicle,land,noise,automobile_00155
clean/dog/dog_clean_00018.png,dog,animal,land,clean,dog_00156
blur/dog/dog_blur_00018.png,dog,animal,land,blur,dog_00156
pixelated/dog/dog_pixelated_00018.png,dog,animal,land,pixelated,dog_00156
noise/dog/dog_noise_00018.png,dog,animal,land,noise,dog_00156
clean/dog/dog_clean_00019.png,dog,animal,land,clean,dog_00157
blur/dog/dog_blur_00019.png,dog,animal,land,blur,dog_00157
pixelated/dog/dog_pixelated_00019.png,dog,animal,land,pixelated,dog_00157
noise/dog/dog_noise_00019.png,dog,animal,land,noise,dog_00157
clean/automobile/automobile_clean_00013.png,automobile,vehicle,land,clean,automobile_00158
blur/automobile/automobile_blur_00013.png,automobile,vehicle,land,blur,automobile_00158
pixelated/automobile/automobile_pixelated_00013.png,automobile,vehicle,land,pixelated,automobile_00158
noise/automobile/automobile_noise_00013.png,automobile,vehicle,land,noise,automobile_00158
clean/deer/deer_clean_00016.png,deer,animal,land,clean,deer_00159
blur/deer/deer_blur_00016.png,deer,animal,land,blur,deer_00159
pixelated/deer/deer_pixelated_00016.png,deer,animal,land,pixelated,deer_00159
noise/deer/deer_noise_00016.png,deer,animal,land,noise,deer_00159
clean/bird/bird_clean_00020.png,bird,animal,air,clean,bird_00160
blur/bird/bird_blur_00020.png,bird,animal,air,blur,bird_00160
pixelated/bird/bird_pixelated_00020.png,bird,animal,air,pixelated,bird_00160
noise/bird/bird_noise_00020.png,bird,animal,air,noise,bird_00160
clean/truck/truck_clean_00018.png,truck,vehicle,land,clean,truck_00161
blur/truck/truck_blur_00018.png,truck,vehicle,land,blur,truck_00161
pixelated/truck/truck_pixelated_00018.png,truck,vehicle,land,pixelated,truck_00161
noise/truck/truck_noise_00018.png,truck,vehicle,land,noise,truck_00161
clean/ship/ship_clean_00012.png,ship,vehicle,water,clean,ship_00162
blur/ship/ship_blur_00012.png,ship,vehicle,water,blur,ship_00162
pixelated/ship/ship_pixelated_00012.png,ship,vehicle,water,pixelated,ship_00162
noise/ship/ship_noise_00012.png,ship,vehicle,water,noise,ship_00162
clean/bird/bird_clean_00021.png,bird,animal,air,clean,bird_00163
blur/bird/bird_blur_00021.png,bird,animal,air,blur,bird_00163
pixelated/bird/bird_pixelated_00021.png,bird,animal,air,pixelated,bird_00163
noise/bird/bird_noise_00021.png,bird,animal,air,noise,bird_00163
clean/bird/bird_clean_00022.png,bird,animal,air,clean,bird_00164
blur/bird/bird_blur_00022.png,bird,animal,air,blur,bird_00164
pixelated/bird/bird_pixelated_00022.png,bird,animal,air,pixelated,bird_00164
noise/bird/bird_noise_00022.png,bird,animal,air,noise,bird_00164
clean/airplane/airplane_clean_00016.png,airplane,vehicle,air,clean,airplane_00165
blur/airplane/airplane_blur_00016.png,airplane,vehicle,air,blur,airplane_00165
pixelated/airplane/airplane_pixelated_00016.png,airplane,vehicle,air,pixelated,airplane_00165
noise/airplane/airplane_noise_00016.png,airplane,vehicle,air,noise,airplane_00165
clean/ship/ship_clean_00013.png,ship,vehicle,water,clean,ship_00166
blur/ship/ship_blur_00013.png,ship,vehicle,water,blur,ship_00166
pixelated/ship/ship_pixelated_00013.png,ship,vehicle,water,pixelated,ship_00166
noise/ship/ship_noise_00013.png,ship,vehicle,water,noise,ship_00166
clean/dog/dog_clean_00020.png,dog,animal,land,clean,dog_00167
blur/dog/dog_blur_00020.png,dog,animal,land,blur,dog_00167
pixelated/dog/dog_pixelated_00020.png,dog,animal,land,pixelated,dog_00167
noise/dog/dog_noise_00020.png,dog,animal,land,noise,dog_00167
clean/bird/bird_clean_00023.png,bird,animal,air,clean,bird_00168
blur/bird/bird_blur_00023.png,bird,animal,air,blur,bird_00168
pixelated/bird/bird_pixelated_00023.png,bird,animal,air,pixelated,bird_00168
noise/bird/bird_noise_00023.png,bird,animal,air,noise,bird_00168
clean/cat/cat_clean_00019.png,cat,animal,land,clean,cat_00169
blur/cat/cat_blur_00019.png,cat,animal,land,blur,cat_00169
pixelated/cat/cat_pixelated_00019.png,cat,animal,land,pixelated,cat_00169
noise/cat/cat_noise_00019.png,cat,animal,land,noise,cat_00169
clean/automobile/automobile_clean_00014.png,automobile,vehicle,land,clean,automobile_00170
blur/automobile/automobile_blur_00014.png,automobile,vehicle,land,blur,automobile_00170
pixelated/automobile/automobile_pixelated_00014.png,automobile,vehicle,land,pixelated,automobile_00170
noise/automobile/automobile_noise_00014.png,automobile,vehicle,land,noise,automobile_00170
clean/frog/frog_clean_00015.png,frog,animal,land,clean,frog_00171
blur/frog/frog_blur_00015.png,frog,animal,land,blur,frog_00171
pixelated/frog/frog_pixelated_00015.png,frog,animal,land,pixelated,frog_00171
noise/frog/frog_noise_00015.png,frog,animal,land,noise,frog_00171
clean/deer/deer_clean_00017.png,deer,animal,land,clean,deer_00172
blur/deer/deer_blur_00017.png,deer,animal,land,blur,deer_00172
pixelated/deer/deer_pixelated_00017.png,deer,animal,land,pixelated,deer_00172
noise/deer/deer_noise_00017.png,deer,animal,land,noise,deer_00172
clean/dog/dog_clean_00021.png,dog,animal,land,clean,dog_00173
blur/dog/dog_blur_00021.png,dog,animal,land,blur,dog_00173
pixelated/dog/dog_pixelated_00021.png,dog,animal,land,pixelated,dog_00173
noise/dog/dog_noise_00021.png,dog,animal,land,noise,dog_00173
clean/horse/horse_clean_00018.png,horse,animal,land,clean,horse_00174
blur/horse/horse_blur_00018.png,horse,animal,land,blur,horse_00174
pixelated/horse/horse_pixelated_00018.png,horse,animal,land,pixelated,horse_00174
noise/horse/horse_noise_00018.png,horse,animal,land,noise,horse_00174
clean/deer/deer_clean_00018.png,deer,animal,land,clean,deer_00175
blur/deer/deer_blur_00018.png,deer,animal,land,blur,deer_00175
pixelated/deer/deer_pixelated_00018.png,deer,animal,land,pixelated,deer_00175
noise/deer/deer_noise_00018.png,deer,animal,land,noise,deer_00175
clean/cat/cat_clean_00020.png,cat,animal,land,clean,cat_00176
blur/cat/cat_blur_00020.png,cat,animal,land,blur,cat_00176
pixelated/cat/cat_pixelated_00020.png,cat,animal,land,pixelated,cat_00176
noise/cat/cat_noise_00020.png,cat,animal,land,noise,cat_00176
clean/dog/dog_clean_00022.png,dog,animal,land,clean,dog_00177
blur/dog/dog_blur_00022.png,dog,animal,land,blur,dog_00177
pixelated/dog/dog_pixelated_00022.png,dog,animal,land,pixelated,dog_00177
noise/dog/dog_noise_00022.png,dog,animal,land,noise,dog_00177
clean/bird/bird_clean_00024.png,bird,animal,air,clean,bird_00178
blur/bird/bird_blur_00024.png,bird,animal,air,blur,bird_00178
pixelated/bird/bird_pixelated_00024.png,bird,animal,air,pixelated,bird_00178
noise/bird/bird_noise_00024.png,bird,animal,air,noise,bird_00178
clean/ship/ship_clean_00014.png,ship,vehicle,water,clean,ship_00179
blur/ship/ship_blur_00014.png,ship,vehicle,water,blur,ship_00179
pixelated/ship/ship_pixelated_00014.png,ship,vehicle,water,pixelated,ship_00179
noise/ship/ship_noise_00014.png,ship,vehicle,water,noise,ship_00179
clean/frog/frog_clean_00016.png,frog,animal,land,clean,frog_00180
blur/frog/frog_blur_00016.png,frog,animal,land,blur,frog_00180
pixelated/frog/frog_pixelated_00016.png,frog,animal,land,pixelated,frog_00180
noise/frog/frog_noise_00016.png,frog,animal,land,noise,frog_00180
clean/deer/deer_clean_00019.png,deer,animal,land,clean,deer_00181
blur/deer/deer_blur_00019.png,deer,animal,land,blur,deer_00181
pixelated/deer/deer_pixelated_00019.png,deer,animal,land,pixelated,deer_00181
noise/deer/deer_noise_00019.png,deer,animal,land,noise,deer_00181
clean/horse/horse_clean_00019.png,horse,animal,land,clean,horse_00182
blur/horse/horse_blur_00019.png,horse,animal,land,blur,horse_00182
pixelated/horse/horse_pixelated_00019.png,horse,animal,land,pixelated,horse_00182
noise/horse/horse_noise_00019.png,horse,animal,land,noise,horse_00182
clean/frog/frog_clean_00017.png,frog,animal,land,clean,frog_00183
blur/frog/frog_blur_00017.png,frog,animal,land,blur,frog_00183
pixelated/frog/frog_pixelated_00017.png,frog,animal,land,pixelated,frog_00183
noise/frog/frog_noise_00017.png,frog,animal,land,noise,frog_00183
clean/bird/bird_clean_00025.png,bird,animal,air,clean,bird_00184
blur/bird/bird_blur_00025.png,bird,animal,air,blur,bird_00184
pixelated/bird/bird_pixelated_00025.png,bird,animal,air,pixelated,bird_00184
noise/bird/bird_noise_00025.png,bird,animal,air,noise,bird_00184
clean/cat/cat_clean_00021.png,cat,animal,land,clean,cat_00185
blur/cat/cat_blur_00021.png,cat,animal,land,blur,cat_00185
pixelated/cat/cat_pixelated_00021.png,cat,animal,land,pixelated,cat_00185
noise/cat/cat_noise_00021.png,cat,animal,land,noise,cat_00185
clean/frog/frog_clean_00018.png,frog,animal,land,clean,frog_00186
blur/frog/frog_blur_00018.png,frog,animal,land,blur,frog_00186
pixelated/frog/frog_pixelated_00018.png,frog,animal,land,pixelated,frog_00186
noise/frog/frog_noise_00018.png,frog,animal,land,noise,frog_00186
clean/truck/truck_clean_00019.png,truck,vehicle,land,clean,truck_00187
blur/truck/truck_blur_00019.png,truck,vehicle,land,blur,truck_00187
pixelated/truck/truck_pixelated_00019.png,truck,vehicle,land,pixelated,truck_00187
noise/truck/truck_noise_00019.png,truck,vehicle,land,noise,truck_00187
clean/bird/bird_clean_00026.png,bird,animal,air,clean,bird_00188
blur/bird/bird_blur_00026.png,bird,animal,air,blur,bird_00188
pixelated/bird/bird_pixelated_00026.png,bird,animal,air,pixelated,bird_00188
noise/bird/bird_noise_00026.png,bird,animal,air,noise,bird_00188
clean/cat/cat_clean_00022.png,cat,animal,land,clean,cat_00189
blur/cat/cat_blur_00022.png,cat,animal,land,blur,cat_00189
pixelated/cat/cat_pixelated_00022.png,cat,animal,land,pixelated,cat_00189
noise/cat/cat_noise_00022.png,cat,animal,land,noise,cat_00189
clean/automobile/automobile_clean_00015.png,automobile,vehicle,land,clean,automobile_00190
blur/automobile/automobile_blur_00015.png,automobile,vehicle,land,blur,automobile_00190
pixelated/automobile/automobile_pixelated_00015.png,automobile,vehicle,land,pixelated,automobile_00190
noise/automobile/automobile_noise_00015.png,automobile,vehicle,land,noise,automobile_00190
clean/deer/deer_clean_00020.png,deer,animal,land,clean,deer_00191
blur/deer/deer_blur_00020.png,deer,animal,land,blur,deer_00191
pixelated/deer/deer_pixelated_00020.png,deer,animal,land,pixelated,deer_00191
noise/deer/deer_noise_00020.png,deer,animal,land,noise,deer_00191
clean/bird/bird_clean_00027.png,bird,animal,air,clean,bird_00192
blur/bird/bird_blur_00027.png,bird,animal,air,blur,bird_00192
pixelated/bird/bird_pixelated_00027.png,bird,animal,air,pixelated,bird_00192
noise/bird/bird_noise_00027.png,bird,animal,air,noise,bird_00192
clean/dog/dog_clean_00023.png,dog,animal,land,clean,dog_00193
blur/dog/dog_blur_00023.png,dog,animal,land,blur,dog_00193
pixelated/dog/dog_pixelated_00023.png,dog,animal,land,pixelated,dog_00193
noise/dog/dog_noise_00023.png,dog,animal,land,noise,dog_00193
clean/horse/horse_clean_00020.png,horse,animal,land,clean,horse_00194
blur/horse/horse_blur_00020.png,horse,animal,land,blur,horse_00194
pixelated/horse/horse_pixelated_00020.png,horse,animal,land,pixelated,horse_00194
noise/horse/horse_noise_00020.png,horse,animal,land,noise,horse_00194
clean/horse/horse_clean_00021.png,horse,animal,land,clean,horse_00195
blur/horse/horse_blur_00021.png,horse,animal,land,blur,horse_00195
pixelated/horse/horse_pixelated_00021.png,horse,animal,land,pixelated,horse_00195
noise/horse/horse_noise_00021.png,horse,animal,land,noise,horse_00195
clean/airplane/airplane_clean_00017.png,airplane,vehicle,air,clean,airplane_00196
blur/airplane/airplane_blur_00017.png,airplane,vehicle,air,blur,airplane_00196
pixelated/airplane/airplane_pixelated_00017.png,airplane,vehicle,air,pixelated,airplane_00196
noise/airplane/airplane_noise_00017.png,airplane,vehicle,air,noise,airplane_00196
clean/frog/frog_clean_00019.png,frog,animal,land,clean,frog_00197
blur/frog/frog_blur_00019.png,frog,animal,land,blur,frog_00197
pixelated/frog/frog_pixelated_00019.png,frog,animal,land,pixelated,frog_00197
noise/frog/frog_noise_00019.png,frog,animal,land,noise,frog_00197
clean/automobile/automobile_clean_00016.png,automobile,vehicle,land,clean,automobile_00198
blur/automobile/automobile_blur_00016.png,automobile,vehicle,land,blur,automobile_00198
pixelated/automobile/automobile_pixelated_00016.png,automobile,vehicle,land,pixelated,automobile_00198
noise/automobile/automobile_noise_00016.png,automobile,vehicle,land,noise,automobile_00198
clean/frog/frog_clean_00020.png,frog,animal,land,clean,frog_00199
blur/frog/frog_blur_00020.png,frog,animal,land,blur,frog_00199
pixelated/frog/frog_pixelated_00020.png,frog,animal,land,pixelated,frog_00199
noise/frog/frog_noise_00020.png,frog,animal,land,noise,frog_00199
clean/frog/frog_clean_00021.png,frog,animal,land,clean,frog_00200
blur/frog/frog_blur_00021.png,frog,animal,land,blur,frog_00200
pixelated/frog/frog_pixelated_00021.png,frog,animal,land,pixelated,frog_00200
noise/frog/frog_noise_00021.png,frog,animal,land,noise,frog_00200
clean/dog/dog_clean_00024.png,dog,animal,land,clean,dog_00201
blur/dog/dog_blur_00024.png,dog,animal,land,blur,dog_00201
pixelated/dog/dog_pixelated_00024.png,dog,animal,land,pixelated,dog_00201
noise/dog/dog_noise_00024.png,dog,animal,land,noise,dog_00201
clean/bird/bird_clean_00028.png,bird,animal,air,clean,bird_00202
blur/bird/bird_blur_00028.png,bird,animal,air,blur,bird_00202
pixelated/bird/bird_pixelated_00028.png,bird,animal,air,pixelated,bird_00202
noise/bird/bird_noise_00028.png,bird,animal,air,noise,bird_00202
clean/deer/deer_clean_00021.png,deer,animal,land,clean,deer_00203
blur/deer/deer_blur_00021.png,deer,animal,land,blur,deer_00203
pixelated/deer/deer_pixelated_00021.png,deer,animal,land,pixelated,deer_00203
noise/deer/deer_noise_00021.png,deer,animal,land,noise,deer_00203
clean/deer/deer_clean_00022.png,deer,animal,land,clean,deer_00204
blur/deer/deer_blur_00022.png,deer,animal,land,blur,deer_00204
pixelated/deer/deer_pixelated_00022.png,deer,animal,land,pixelated,deer_00204
noise/deer/deer_noise_00022.png,deer,animal,land,noise,deer_00204
clean/deer/deer_clean_00023.png,deer,animal,land,clean,deer_00205
blur/deer/deer_blur_00023.png,deer,animal,land,blur,deer_00205
pixelated/deer/deer_pixelated_00023.png,deer,animal,land,pixelated,deer_00205
noise/deer/deer_noise_00023.png,deer,animal,land,noise,deer_00205
clean/horse/horse_clean_00022.png,horse,animal,land,clean,horse_00206
blur/horse/horse_blur_00022.png,horse,animal,land,blur,horse_00206
pixelated/horse/horse_pixelated_00022.png,horse,animal,land,pixelated,horse_00206
noise/horse/horse_noise_00022.png,horse,animal,land,noise,horse_00206
clean/airplane/airplane_clean_00018.png,airplane,vehicle,air,clean,airplane_00207
blur/airplane/airplane_blur_00018.png,airplane,vehicle,air,blur,airplane_00207
pixelated/airplane/airplane_pixelated_00018.png,airplane,vehicle,air,pixelated,airplane_00207
noise/airplane/airplane_noise_00018.png,airplane,vehicle,air,noise,airplane_00207
clean/deer/deer_clean_00024.png,deer,animal,land,clean,deer_00208
blur/deer/deer_blur_00024.png,deer,animal,land,blur,deer_00208
pixelated/deer/deer_pixelated_00024.png,deer,animal,land,pixelated,deer_00208
noise/deer/deer_noise_00024.png,deer,animal,land,noise,deer_00208
clean/truck/truck_clean_00020.png,truck,vehicle,land,clean,truck_00209
blur/truck/truck_blur_00020.png,truck,vehicle,land,blur,truck_00209
pixelated/truck/truck_pixelated_00020.png,truck,vehicle,land,pixelated,truck_00209
noise/truck/truck_noise_00020.png,truck,vehicle,land,noise,truck_00209
clean/cat/cat_clean_00023.png,cat,animal,land,clean,cat_00210
blur/cat/cat_blur_00023.png,cat,animal,land,blur,cat_00210
pixelated/cat/cat_pixelated_00023.png,cat,animal,land,pixelated,cat_00210
noise/cat/cat_noise_00023.png,cat,animal,land,noise,cat_00210
clean/airplane/airplane_clean_00019.png,airplane,vehicle,air,clean,airplane_00211
blur/airplane/airplane_blur_00019.png,airplane,vehicle,air,blur,airplane_00211
pixelated/airplane/airplane_pixelated_00019.png,airplane,vehicle,air,pixelated,airplane_00211
noise/airplane/airplane_noise_00019.png,airplane,vehicle,air,noise,airplane_00211
clean/automobile/automobile_clean_00017.png,automobile,vehicle,land,clean,automobile_00212
blur/automobile/automobile_blur_00017.png,automobile,vehicle,land,blur,automobile_00212
pixelated/automobile/automobile_pixelated_00017.png,automobile,vehicle,land,pixelated,automobile_00212
noise/automobile/automobile_noise_00017.png,automobile,vehicle,land,noise,automobile_00212
clean/automobile/automobile_clean_00018.png,automobile,vehicle,land,clean,automobile_00213
blur/automobile/automobile_blur_00018.png,automobile,vehicle,land,blur,automobile_00213
pixelated/automobile/automobile_pixelated_00018.png,automobile,vehicle,land,pixelated,automobile_00213
noise/automobile/automobile_noise_00018.png,automobile,vehicle,land,noise,automobile_00213
clean/horse/horse_clean_00023.png,horse,animal,land,clean,horse_00214
blur/horse/horse_blur_00023.png,horse,animal,land,blur,horse_00214
pixelated/horse/horse_pixelated_00023.png,horse,animal,land,pixelated,horse_00214
noise/horse/horse_noise_00023.png,horse,animal,land,noise,horse_00214
clean/bird/bird_clean_00029.png,bird,animal,air,clean,bird_00215
blur/bird/bird_blur_00029.png,bird,animal,air,blur,bird_00215
pixelated/bird/bird_pixelated_00029.png,bird,animal,air,pixelated,bird_00215
noise/bird/bird_noise_00029.png,bird,animal,air,noise,bird_00215
clean/horse/horse_clean_00024.png,horse,animal,land,clean,horse_00216
blur/horse/horse_blur_00024.png,horse,animal,land,blur,horse_00216
pixelated/horse/horse_pixelated_00024.png,horse,animal,land,pixelated,horse_00216
noise/horse/horse_noise_00024.png,horse,animal,land,noise,horse_00216
clean/truck/truck_clean_00021.png,truck,vehicle,land,clean,truck_00217
blur/truck/truck_blur_00021.png,truck,vehicle,land,blur,truck_00217
pixelated/truck/truck_pixelated_00021.png,truck,vehicle,land,pixelated,truck_00217
noise/truck/truck_noise_00021.png,truck,vehicle,land,noise,truck_00217
clean/cat/cat_clean_00024.png,cat,animal,land,clean,cat_00218
blur/cat/cat_blur_00024.png,cat,animal,land,blur,cat_00218
pixelated/cat/cat_pixelated_00024.png,cat,animal,land,pixelated,cat_00218
noise/cat/cat_noise_00024.png,cat,animal,land,noise,cat_00218
clean/horse/horse_clean_00025.png,horse,animal,land,clean,horse_00219
blur/horse/horse_blur_00025.png,horse,animal,land,blur,horse_00219
pixelated/horse/horse_pixelated_00025.png,horse,animal,land,pixelated,horse_00219
noise/horse/horse_noise_00025.png,horse,animal,land,noise,horse_00219
clean/horse/horse_clean_00026.png,horse,animal,land,clean,horse_00220
blur/horse/horse_blur_00026.png,horse,animal,land,blur,horse_00220
pixelated/horse/horse_pixelated_00026.png,horse,animal,land,pixelated,horse_00220
noise/horse/horse_noise_00026.png,horse,animal,land,noise,horse_00220
clean/dog/dog_clean_00025.png,dog,animal,land,clean,dog_00221
blur/dog/dog_blur_00025.png,dog,animal,land,blur,dog_00221
pixelated/dog/dog_pixelated_00025.png,dog,animal,land,pixelated,dog_00221
noise/dog/dog_noise_00025.png,dog,animal,land,noise,dog_00221
clean/cat/cat_clean_00025.png,cat,animal,land,clean,cat_00222
blur/cat/cat_blur_00025.png,cat,animal,land,blur,cat_00222
pixelated/cat/cat_pixelated_00025.png,cat,animal,land,pixelated,cat_00222
noise/cat/cat_noise_00025.png,cat,animal,land,noise,cat_00222
clean/automobile/automobile_clean_00019.png,automobile,vehicle,land,clean,automobile_00223
blur/automobile/automobile_blur_00019.png,automobile,vehicle,land,blur,automobile_00223
pixelated/automobile/automobile_pixelated_00019.png,automobile,vehicle,land,pixelated,automobile_00223
noise/automobile/automobile_noise_00019.png,automobile,vehicle,land,noise,automobile_00223
clean/ship/ship_clean_00015.png,ship,vehicle,water,clean,ship_00224
blur/ship/ship_blur_00015.png,ship,vehicle,water,blur,ship_00224
pixelated/ship/ship_pixelated_00015.png,ship,vehicle,water,pixelated,ship_00224
noise/ship/ship_noise_00015.png,ship,vehicle,water,noise,ship_00224
clean/dog/dog_clean_00026.png,dog,animal,land,clean,dog_00225
blur/dog/dog_blur_00026.png,dog,animal,land,blur,dog_00225
pixelated/dog/dog_pixelated_00026.png,dog,animal,land,pixelated,dog_00225
noise/dog/dog_noise_00026.png,dog,animal,land,noise,dog_00225
clean/dog/dog_clean_00027.png,dog,animal,land,clean,dog_00226
blur/dog/dog_blur_00027.png,dog,animal,land,blur,dog_00226
pixelated/dog/dog_pixelated_00027.png,dog,animal,land,pixelated,dog_00226
noise/dog/dog_noise_00027.png,dog,animal,land,noise,dog_00226
clean/automobile/automobile_clean_00020.png,automobile,vehicle,land,clean,automobile_00227
blur/automobile/automobile_blur_00020.png,automobile,vehicle,land,blur,automobile_00227
pixelated/automobile/automobile_pixelated_00020.png,automobile,vehicle,land,pixelated,automobile_00227
noise/automobile/automobile_noise_00020.png,automobile,vehicle,land,noise,automobile_00227
clean/bird/bird_clean_00030.png,bird,animal,air,clean,bird_00228
blur/bird/bird_blur_00030.png,bird,animal,air,blur,bird_00228
pixelated/bird/bird_pixelated_00030.png,bird,animal,air,pixelated,bird_00228
noise/bird/bird_noise_00030.png,bird,animal,air,noise,bird_00228
clean/deer/deer_clean_00025.png,deer,animal,land,clean,deer_00229
blur/deer/deer_blur_00025.png,deer,animal,land,blur,deer_00229
pixelated/deer/deer_pixelated_00025.png,deer,animal,land,pixelated,deer_00229
noise/deer/deer_noise_00025.png,deer,animal,land,noise,deer_00229
clean/frog/frog_clean_00022.png,frog,animal,land,clean,frog_00230
blur/frog/frog_blur_00022.png,frog,animal,land,blur,frog_00230
pixelated/frog/frog_pixelated_00022.png,frog,animal,land,pixelated,frog_00230
noise/frog/frog_noise_00022.png,frog,animal,land,noise,frog_00230
clean/ship/ship_clean_00016.png,ship,vehicle,water,clean,ship_00231
blur/ship/ship_blur_00016.png,ship,vehicle,water,blur,ship_00231
pixelated/ship/ship_pixelated_00016.png,ship,vehicle,water,pixelated,ship_00231
noise/ship/ship_noise_00016.png,ship,vehicle,water,noise,ship_00231
clean/frog/frog_clean_00023.png,frog,animal,land,clean,frog_00232
blur/frog/frog_blur_00023.png,frog,animal,land,blur,frog_00232
pixelated/frog/frog_pixelated_00023.png,frog,animal,land,pixelated,frog_00232
noise/frog/frog_noise_00023.png,frog,animal,land,noise,frog_00232
clean/bird/bird_clean_00031.png,bird,animal,air,clean,bird_00233
blur/bird/bird_blur_00031.png,bird,animal,air,blur,bird_00233
pixelated/bird/bird_pixelated_00031.png,bird,animal,air,pixelated,bird_00233
noise/bird/bird_noise_00031.png,bird,animal,air,noise,bird_00233
clean/ship/ship_clean_00017.png,ship,vehicle,water,clean,ship_00234
blur/ship/ship_blur_00017.png,ship,vehicle,water,blur,ship_00234
pixelated/ship/ship_pixelated_00017.png,ship,vehicle,water,pixelated,ship_00234
noise/ship/ship_noise_00017.png,ship,vehicle,water,noise,ship_00234
clean/cat/cat_clean_00026.png,cat,animal,land,clean,cat_00235
blur/cat/cat_blur_00026.png,cat,animal,land,blur,cat_00235
pixelated/cat/cat_pixelated_00026.png,cat,animal,land,pixelated,cat_00235
noise/cat/cat_noise_00026.png,cat,animal,land,noise,cat_00235
clean/frog/frog_clean_00024.png,frog,animal,land,clean,frog_00236
blur/frog/frog_blur_00024.png,frog,animal,land,blur,frog_00236
pixelated/frog/frog_pixelated_00024.png,frog,animal,land,pixelated,frog_00236
noise/frog/frog_noise_00024.png,frog,animal,land,noise,frog_00236
clean/airplane/airplane_clean_00020.png,airplane,vehicle,air,clean,airplane_00237
blur/airplane/airplane_blur_00020.png,airplane,vehicle,air,blur,airplane_00237
pixelated/airplane/airplane_pixelated_00020.png,airplane,vehicle,air,pixelated,airplane_00237
noise/airplane/airplane_noise_00020.png,airplane,vehicle,air,noise,airplane_00237
clean/automobile/automobile_clean_00021.png,automobile,vehicle,land,clean,automobile_00238
blur/automobile/automobile_blur_00021.png,automobile,vehicle,land,blur,automobile_00238
pixelated/automobile/automobile_pixelated_00021.png,automobile,vehicle,land,pixelated,automobile_00238
noise/automobile/automobile_noise_00021.png,automobile,vehicle,land,noise,automobile_00238
clean/frog/frog_clean_00025.png,frog,animal,land,clean,frog_00239
blur/frog/frog_blur_00025.png,frog,animal,land,blur,frog_00239
pixelated/frog/frog_pixelated_00025.png,frog,animal,land,pixelated,frog_00239
noise/frog/frog_noise_00025.png,frog,animal,land,noise,frog_00239
clean/frog/frog_clean_00026.png,frog,animal,land,clean,frog_00240
blur/frog/frog_blur_00026.png,frog,animal,land,blur,frog_00240
pixelated/frog/frog_pixelated_00026.png,frog,animal,land,pixelated,frog_00240
noise/frog/frog_noise_00026.png,frog,animal,land,noise,frog_00240
clean/deer/deer_clean_00026.png,deer,animal,land,clean,deer_00241
blur/deer/deer_blur_00026.png,deer,animal,land,blur,deer_00241
pixelated/deer/deer_pixelated_00026.png,deer,animal,land,pixelated,deer_00241
noise/deer/deer_noise_00026.png,deer,animal,land,noise,deer_00241
clean/ship/ship_clean_00018.png,ship,vehicle,water,clean,ship_00242
blur/ship/ship_blur_00018.png,ship,vehicle,water,blur,ship_00242
pixelated/ship/ship_pixelated_00018.png,ship,vehicle,water,pixelated,ship_00242
noise/ship/ship_noise_00018.png,ship,vehicle,water,noise,ship_00242
clean/cat/cat_clean_00027.png,cat,animal,land,clean,cat_00243
blur/cat/cat_blur_00027.png,cat,animal,land,blur,cat_00243
pixelated/cat/cat_pixelated_00027.png,cat,animal,land,pixelated,cat_00243
noise/cat/cat_noise_00027.png,cat,animal,land,noise,cat_00243
clean/horse/horse_clean_00027.png,horse,animal,land,clean,horse_00244
blur/horse/horse_blur_00027.png,horse,animal,land,blur,horse_00244
pixelated/horse/horse_pixelated_00027.png,horse,animal,land,pixelated,horse_00244
noise/horse/horse_noise_00027.png,horse,animal,land,noise,horse_00244
clean/bird/bird_clean_00032.png,bird,animal,air,clean,bird_00245
blur/bird/bird_blur_00032.png,bird,animal,air,blur,bird_00245
pixelated/bird/bird_pixelated_00032.png,bird,animal,air,pixelated,bird_00245
noise/bird/bird_noise_00032.png,bird,animal,air,noise,bird_00245
clean/truck/truck_clean_00022.png,truck,vehicle,land,clean,truck_00246
blur/truck/truck_blur_00022.png,truck,vehicle,land,blur,truck_00246
pixelated/truck/truck_pixelated_00022.png,truck,vehicle,land,pixelated,truck_00246
noise/truck/truck_noise_00022.png,truck,vehicle,land,noise,truck_00246
clean/frog/frog_clean_00027.png,frog,animal,land,clean,frog_00247
blur/frog/frog_blur_00027.png,frog,animal,land,blur,frog_00247
pixelated/frog/frog_pixelated_00027.png,frog,animal,land,pixelated,frog_00247
noise/frog/frog_noise_00027.png,frog,animal,land,noise,frog_00247
clean/bird/bird_clean_00033.png,bird,animal,air,clean,bird_00248
blur/bird/bird_blur_00033.png,bird,animal,air,blur,bird_00248
pixelated/bird/bird_pixelated_00033.png,bird,animal,air,pixelated,bird_00248
noise/bird/bird_noise_00033.png,bird,animal,air,noise,bird_00248
clean/truck/truck_clean_00023.png,truck,vehicle,land,clean,truck_00249
blur/truck/truck_blur_00023.png,truck,vehicle,land,blur,truck_00249
pixelated/truck/truck_pixelated_00023.png,truck,vehicle,land,pixelated,truck_00249
noise/truck/truck_noise_00023.png,truck,vehicle,land,noise,truck_00249
clean/automobile/automobile_clean_00022.png,automobile,vehicle,land,clean,automobile_00250
blur/automobile/automobile_blur_00022.png,automobile,vehicle,land,blur,automobile_00250
pixelated/automobile/automobile_pixelated_00022.png,automobile,vehicle,land,pixelated,automobile_00250
noise/automobile/automobile_noise_00022.png,automobile,vehicle,land,noise,automobile_00250
clean/bird/bird_clean_00034.png,bird,animal,air,clean,bird_00251
blur/bird/bird_blur_00034.png,bird,animal,air,blur,bird_00251
pixelated/bird/bird_pixelated_00034.png,bird,animal,air,pixelated,bird_00251
noise/bird/bird_noise_00034.png,bird,animal,air,noise,bird_00251
clean/dog/dog_clean_00028.png,dog,animal,land,clean,dog_00252
blur/dog/dog_blur_00028.png,dog,animal,land,blur,dog_00252
pixelated/dog/dog_pixelated_00028.png,dog,animal,land,pixelated,dog_00252
noise/dog/dog_noise_00028.png,dog,animal,land,noise,dog_00252
clean/automobile/automobile_clean_00023.png,automobile,vehicle,land,clean,automobile_00253
blur/automobile/automobile_blur_00023.png,automobile,vehicle,land,blur,automobile_00253
pixelated/automobile/automobile_pixelated_00023.png,automobile,vehicle,land,pixelated,automobile_00253
noise/automobile/automobile_noise_00023.png,automobile,vehicle,land,noise,automobile_00253
clean/horse/horse_clean_00028.png,horse,animal,land,clean,horse_00254
blur/horse/horse_blur_00028.png,horse,animal,land,blur,horse_00254
pixelated/horse/horse_pixelated_00028.png,horse,animal,land,pixelated,horse_00254
noise/horse/horse_noise_00028.png,horse,animal,land,noise,horse_00254
clean/dog/dog_clean_00029.png,dog,animal,land,clean,dog_00255
blur/dog/dog_blur_00029.png,dog,animal,land,blur,dog_00255
pixelated/dog/dog_pixelated_00029.png,dog,animal,land,pixelated,dog_00255
noise/dog/dog_noise_00029.png,dog,animal,land,noise,dog_00255
clean/airplane/airplane_clean_00021.png,airplane,vehicle,air,clean,airplane_00256
blur/airplane/airplane_blur_00021.png,airplane,vehicle,air,blur,airplane_00256
pixelated/airplane/airplane_pixelated_00021.png,airplane,vehicle,air,pixelated,airplane_00256
noise/airplane/airplane_noise_00021.png,airplane,vehicle,air,noise,airplane_00256
clean/bird/bird_clean_00035.png,bird,animal,air,clean,bird_00257
blur/bird/bird_blur_00035.png,bird,animal,air,blur,bird_00257
pixelated/bird/bird_pixelated_00035.png,bird,animal,air,pixelated,bird_00257
noise/bird/bird_noise_00035.png,bird,animal,air,noise,bird_00257
clean/bird/bird_clean_00036.png,bird,animal,air,clean,bird_00258
blur/bird/bird_blur_00036.png,bird,animal,air,blur,bird_00258
pixelated/bird/bird_pixelated_00036.png,bird,animal,air,pixelated,bird_00258
noise/bird/bird_noise_00036.png,bird,animal,air,noise,bird_00258
clean/ship/ship_clean_00019.png,ship,vehicle,water,clean,ship_00259
blur/ship/ship_blur_00019.png,ship,vehicle,water,blur,ship_00259
pixelated/ship/ship_pixelated_00019.png,ship,vehicle,water,pixelated,ship_00259
noise/ship/ship_noise_00019.png,ship,vehicle,water,noise,ship_00259
clean/deer/deer_clean_00027.png,deer,animal,land,clean,deer_00260
blur/deer/deer_blur_00027.png,deer,animal,land,blur,deer_00260
pixelated/deer/deer_pixelated_00027.png,deer,animal,land,pixelated,deer_00260
noise/deer/deer_noise_00027.png,deer,animal,land,noise,deer_00260
clean/automobile/automobile_clean_00024.png,automobile,vehicle,land,clean,automobile_00261
blur/automobile/automobile_blur_00024.png,automobile,vehicle,land,blur,automobile_00261
pixelated/automobile/automobile_pixelated_00024.png,automobile,vehicle,land,pixelated,automobile_00261
noise/automobile/automobile_noise_00024.png,automobile,vehicle,land,noise,automobile_00261
clean/truck/truck_clean_00024.png,truck,vehicle,land,clean,truck_00262
blur/truck/truck_blur_00024.png,truck,vehicle,land,blur,truck_00262
pixelated/truck/truck_pixelated_00024.png,truck,vehicle,land,pixelated,truck_00262
noise/truck/truck_noise_00024.png,truck,vehicle,land,noise,truck_00262
clean/ship/ship_clean_00020.png,ship,vehicle,water,clean,ship_00263
blur/ship/ship_blur_00020.png,ship,vehicle,water,blur,ship_00263
pixelated/ship/ship_pixelated_00020.png,ship,vehicle,water,pixelated,ship_00263
noise/ship/ship_noise_00020.png,ship,vehicle,water,noise,ship_00263
clean/dog/dog_clean_00030.png,dog,animal,land,clean,dog_00264
blur/dog/dog_blur_00030.png,dog,animal,land,blur,dog_00264
pixelated/dog/dog_pixelated_00030.png,dog,animal,land,pixelated,dog_00264
noise/dog/dog_noise_00030.png,dog,animal,land,noise,dog_00264
clean/horse/horse_clean_00029.png,horse,animal,land,clean,horse_00265
blur/horse/horse_blur_00029.png,horse,animal,land,blur,horse_00265
pixelated/horse/horse_pixelated_00029.png,horse,animal,land,pixelated,horse_00265
noise/horse/horse_noise_00029.png,horse,animal,land,noise,horse_00265
clean/deer/deer_clean_00028.png,deer,animal,land,clean,deer_00266
blur/deer/deer_blur_00028.png,deer,animal,land,blur,deer_00266
pixelated/deer/deer_pixelated_00028.png,deer,animal,land,pixelated,deer_00266
noise/deer/deer_noise_00028.png,deer,animal,land,noise,deer_00266
clean/airplane/airplane_clean_00022.png,airplane,vehicle,air,clean,airplane_00267
blur/airplane/airplane_blur_00022.png,airplane,vehicle,air,blur,airplane_00267
pixelated/airplane/airplane_pixelated_00022.png,airplane,vehicle,air,pixelated,airplane_00267
noise/airplane/airplane_noise_00022.png,airplane,vehicle,air,noise,airplane_00267
clean/cat/cat_clean_00028.png,cat,animal,land,clean,cat_00268
blur/cat/cat_blur_00028.png,cat,animal,land,blur,cat_00268
pixelated/cat/cat_pixelated_00028.png,cat,animal,land,pixelated,cat_00268
noise/cat/cat_noise_00028.png,cat,animal,land,noise,cat_00268
clean/frog/frog_clean_00028.png,frog,animal,land,clean,frog_00269
blur/frog/frog_blur_00028.png,frog,animal,land,blur,frog_00269
pixelated/frog/frog_pixelated_00028.png,frog,animal,land,pixelated,frog_00269
noise/frog/frog_noise_00028.png,frog,animal,land,noise,frog_00269
clean/airplane/airplane_clean_00023.png,airplane,vehicle,air,clean,airplane_00270
blur/airplane/airplane_blur_00023.png,airplane,vehicle,air,blur,airplane_00270
pixelated/airplane/airplane_pixelated_00023.png,airplane,vehicle,air,pixelated,airplane_00270
noise/airplane/airplane_noise_00023.png,airplane,vehicle,air,noise,airplane_00270
clean/airplane/airplane_clean_00024.png,airplane,vehicle,air,clean,airplane_00271
blur/airplane/airplane_blur_00024.png,airplane,vehicle,air,blur,airplane_00271
pixelated/airplane/airplane_pixelated_00024.png,airplane,vehicle,air,pixelated,airplane_00271
noise/airplane/airplane_noise_00024.png,airplane,vehicle,air,noise,airplane_00271
clean/cat/cat_clean_00029.png,cat,animal,land,clean,cat_00272
blur/cat/cat_blur_00029.png,cat,animal,land,blur,cat_00272
pixelated/cat/cat_pixelated_00029.png,cat,animal,land,pixelated,cat_00272
noise/cat/cat_noise_00029.png,cat,animal,land,noise,cat_00272
clean/frog/frog_clean_00029.png,frog,animal,land,clean,frog_00273
blur/frog/frog_blur_00029.png,frog,animal,land,blur,frog_00273
pixelated/frog/frog_pixelated_00029.png,frog,animal,land,pixelated,frog_00273
noise/frog/frog_noise_00029.png,frog,animal,land,noise,frog_00273
clean/frog/frog_clean_00030.png,frog,animal,land,clean,frog_00274
blur/frog/frog_blur_00030.png,frog,animal,land,blur,frog_00274
pixelated/frog/frog_pixelated_00030.png,frog,animal,land,pixelated,frog_00274
noise/frog/frog_noise_00030.png,frog,animal,land,noise,frog_00274
clean/horse/horse_clean_00030.png,horse,animal,land,clean,horse_00275
blur/horse/horse_blur_00030.png,horse,animal,land,blur,horse_00275
pixelated/horse/horse_pixelated_00030.png,horse,animal,land,pixelated,horse_00275
noise/horse/horse_noise_00030.png,horse,animal,land,noise,horse_00275
clean/airplane/airplane_clean_00025.png,airplane,vehicle,air,clean,airplane_00276
blur/airplane/airplane_blur_00025.png,airplane,vehicle,air,blur,airplane_00276
pixelated/airplane/airplane_pixelated_00025.png,airplane,vehicle,air,pixelated,airplane_00276
noise/airplane/airplane_noise_00025.png,airplane,vehicle,air,noise,airplane_00276
clean/bird/bird_clean_00037.png,bird,animal,air,clean,bird_00277
blur/bird/bird_blur_00037.png,bird,animal,air,blur,bird_00277
pixelated/bird/bird_pixelated_00037.png,bird,animal,air,pixelated,bird_00277
noise/bird/bird_noise_00037.png,bird,animal,air,noise,bird_00277
clean/bird/bird_clean_00038.png,bird,animal,air,clean,bird_00278
blur/bird/bird_blur_00038.png,bird,animal,air,blur,bird_00278
pixelated/bird/bird_pixelated_00038.png,bird,animal,air,pixelated,bird_00278
noise/bird/bird_noise_00038.png,bird,animal,air,noise,bird_00278
clean/truck/truck_clean_00025.png,truck,vehicle,land,clean,truck_00279
blur/truck/truck_blur_00025.png,truck,vehicle,land,blur,truck_00279
pixelated/truck/truck_pixelated_00025.png,truck,vehicle,land,pixelated,truck_00279
noise/truck/truck_noise_00025.png,truck,vehicle,land,noise,truck_00279
clean/frog/frog_clean_00031.png,frog,animal,land,clean,frog_00280
blur/frog/frog_blur_00031.png,frog,animal,land,blur,frog_00280
pixelated/frog/frog_pixelated_00031.png,frog,animal,land,pixelated,frog_00280
noise/frog/frog_noise_00031.png,frog,animal,land,noise,frog_00280
clean/truck/truck_clean_00026.png,truck,vehicle,land,clean,truck_00281
blur/truck/truck_blur_00026.png,truck,vehicle,land,blur,truck_00281
pixelated/truck/truck_pixelated_00026.png,truck,vehicle,land,pixelated,truck_00281
noise/truck/truck_noise_00026.png,truck,vehicle,land,noise,truck_00281
clean/automobile/automobile_clean_00025.png,automobile,vehicle,land,clean,automobile_00282
blur/automobile/automobile_blur_00025.png,automobile,vehicle,land,blur,automobile_00282
pixelated/automobile/automobile_pixelated_00025.png,automobile,vehicle,land,pixelated,automobile_00282
noise/automobile/automobile_noise_00025.png,automobile,vehicle,land,noise,automobile_00282
clean/ship/ship_clean_00021.png,ship,vehicle,water,clean,ship_00283
blur/ship/ship_blur_00021.png,ship,vehicle,water,blur,ship_00283
pixelated/ship/ship_pixelated_00021.png,ship,vehicle,water,pixelated,ship_00283
noise/ship/ship_noise_00021.png,ship,vehicle,water,noise,ship_00283
clean/airplane/airplane_clean_00026.png,airplane,vehicle,air,clean,airplane_00284
blur/airplane/airplane_blur_00026.png,airplane,vehicle,air,blur,airplane_00284
pixelated/airplane/airplane_pixelated_00026.png,airplane,vehicle,air,pixelated,airplane_00284
noise/airplane/airplane_noise_00026.png,airplane,vehicle,air,noise,airplane_00284
clean/airplane/airplane_clean_00027.png,airplane,vehicle,air,clean,airplane_00285
blur/airplane/airplane_blur_00027.png,airplane,vehicle,air,blur,airplane_00285
pixelated/airplane/airplane_pixelated_00027.png,airplane,vehicle,air,pixelated,airplane_00285
noise/airplane/airplane_noise_00027.png,airplane,vehicle,air,noise,airplane_00285
clean/airplane/airplane_clean_00028.png,airplane,vehicle,air,clean,airplane_00286
blur/airplane/airplane_blur_00028.png,airplane,vehicle,air,blur,airplane_00286
pixelated/airplane/airplane_pixelated_00028.png,airplane,vehicle,air,pixelated,airplane_00286
noise/airplane/airplane_noise_00028.png,airplane,vehicle,air,noise,airplane_00286
clean/horse/horse_clean_00031.png,horse,animal,land,clean,horse_00287
blur/horse/horse_blur_00031.png,horse,animal,land,blur,horse_00287
pixelated/horse/horse_pixelated_00031.png,horse,animal,land,pixelated,horse_00287
noise/horse/horse_noise_00031.png,horse,animal,land,noise,horse_00287
clean/airplane/airplane_clean_00029.png,airplane,vehicle,air,clean,airplane_00288
blur/airplane/airplane_blur_00029.png,airplane,vehicle,air,blur,airplane_00288
pixelated/airplane/airplane_pixelated_00029.png,airplane,vehicle,air,pixelated,airplane_00288
noise/airplane/airplane_noise_00029.png,airplane,vehicle,air,noise,airplane_00288
clean/truck/truck_clean_00027.png,truck,vehicle,land,clean,truck_00289
blur/truck/truck_blur_00027.png,truck,vehicle,land,blur,truck_00289
pixelated/truck/truck_pixelated_00027.png,truck,vehicle,land,pixelated,truck_00289
noise/truck/truck_noise_00027.png,truck,vehicle,land,noise,truck_00289
clean/ship/ship_clean_00022.png,ship,vehicle,water,clean,ship_00290
blur/ship/ship_blur_00022.png,ship,vehicle,water,blur,ship_00290
pixelated/ship/ship_pixelated_00022.png,ship,vehicle,water,pixelated,ship_00290
noise/ship/ship_noise_00022.png,ship,vehicle,water,noise,ship_00290
clean/truck/truck_clean_00028.png,truck,vehicle,land,clean,truck_00291
blur/truck/truck_blur_00028.png,truck,vehicle,land,blur,truck_00291
pixelated/truck/truck_pixelated_00028.png,truck,vehicle,land,pixelated,truck_00291
noise/truck/truck_noise_00028.png,truck,vehicle,land,noise,truck_00291
clean/horse/horse_clean_00032.png,horse,animal,land,clean,horse_00292
blur/horse/horse_blur_00032.png,horse,animal,land,blur,horse_00292
pixelated/horse/horse_pixelated_00032.png,horse,animal,land,pixelated,horse_00292
noise/horse/horse_noise_00032.png,horse,animal,land,noise,horse_00292
clean/dog/dog_clean_00031.png,dog,animal,land,clean,dog_00293
blur/dog/dog_blur_00031.png,dog,animal,land,blur,dog_00293
pixelated/dog/dog_pixelated_00031.png,dog,animal,land,pixelated,dog_00293
noise/dog/dog_noise_00031.png,dog,animal,land,noise,dog_00293
clean/cat/cat_clean_00030.png,cat,animal,land,clean,cat_00294
blur/cat/cat_blur_00030.png,cat,animal,land,blur,cat_00294
pixelated/cat/cat_pixelated_00030.png,cat,animal,land,pixelated,cat_00294
noise/cat/cat_noise_00030.png,cat,animal,land,noise,cat_00294
clean/deer/deer_clean_00029.png,deer,animal,land,clean,deer_00295
blur/deer/deer_blur_00029.png,deer,animal,land,blur,deer_00295
pixelated/deer/deer_pixelated_00029.png,deer,animal,land,pixelated,deer_00295
noise/deer/deer_noise_00029.png,deer,animal,land,noise,deer_00295
clean/automobile/automobile_clean_00026.png,automobile,vehicle,land,clean,automobile_00296
blur/automobile/automobile_blur_00026.png,automobile,vehicle,land,blur,automobile_00296
pixelated/automobile/automobile_pixelated_00026.png,automobile,vehicle,land,pixelated,automobile_00296
noise/automobile/automobile_noise_00026.png,automobile,vehicle,land,noise,automobile_00296
clean/horse/horse_clean_00033.png,horse,animal,land,clean,horse_00297
blur/horse/horse_blur_00033.png,horse,animal,land,blur,horse_00297
pixelated/horse/horse_pixelated_00033.png,horse,animal,land,pixelated,horse_00297
noise/horse/horse_noise_00033.png,horse,animal,land,noise,horse_00297
clean/truck/truck_clean_00029.png,truck,vehicle,land,clean,truck_00298
blur/truck/truck_blur_00029.png,truck,vehicle,land,blur,truck_00298
pixelated/truck/truck_pixelated_00029.png,truck,vehicle,land,pixelated,truck_00298
noise/truck/truck_noise_00029.png,truck,vehicle,land,noise,truck_00298
clean/ship/ship_clean_00023.png,ship,vehicle,water,clean,ship_00299
blur/ship/ship_blur_00023.png,ship,vehicle,water,blur,ship_00299
pixelated/ship/ship_pixelated_00023.png,ship,vehicle,water,pixelated,ship_00299
noise/ship/ship_noise_00023.png,ship,vehicle,water,noise,ship_00299
clean/cat/cat_clean_00031.png,cat,animal,land,clean,cat_00300
blur/cat/cat_blur_00031.png,cat,animal,land,blur,cat_00300
pixelated/cat/cat_pixelated_00031.png,cat,animal,land,pixelated,cat_00300
noise/cat/cat_noise_00031.png,cat,animal,land,noise,cat_00300
clean/horse/horse_clean_00034.png,horse,animal,land,clean,horse_00301
blur/horse/horse_blur_00034.png,horse,animal,land,blur,horse_00301
pixelated/horse/horse_pixelated_00034.png,horse,animal,land,pixelated,horse_00301
noise/horse/horse_noise_00034.png,horse,animal,land,noise,horse_00301
clean/dog/dog_clean_00032.png,dog,animal,land,clean,dog_00302
blur/dog/dog_blur_00032.png,dog,animal,land,blur,dog_00302
pixelated/dog/dog_pixelated_00032.png,dog,animal,land,pixelated,dog_00302
noise/dog/dog_noise_00032.png,dog,animal,land,noise,dog_00302
clean/cat/cat_clean_00032.png,cat,animal,land,clean,cat_00303
blur/cat/cat_blur_00032.png,cat,animal,land,blur,cat_00303
pixelated/cat/cat_pixelated_00032.png,cat,animal,land,pixelated,cat_00303
noise/cat/cat_noise_00032.png,cat,animal,land,noise,cat_00303
clean/horse/horse_clean_00035.png,horse,animal,land,clean,horse_00304
blur/horse/horse_blur_00035.png,horse,animal,land,blur,horse_00304
pixelated/horse/horse_pixelated_00035.png,horse,animal,land,pixelated,horse_00304
noise/horse/horse_noise_00035.png,horse,animal,land,noise,horse_00304
clean/bird/bird_clean_00039.png,bird,animal,air,clean,bird_00305
blur/bird/bird_blur_00039.png,bird,animal,air,blur,bird_00305
pixelated/bird/bird_pixelated_00039.png,bird,animal,air,pixelated,bird_00305
noise/bird/bird_noise_00039.png,bird,animal,air,noise,bird_00305
clean/dog/dog_clean_00033.png,dog,animal,land,clean,dog_00306
blur/dog/dog_blur_00033.png,dog,animal,land,blur,dog_00306
pixelated/dog/dog_pixelated_00033.png,dog,animal,land,pixelated,dog_00306
noise/dog/dog_noise_00033.png,dog,animal,land,noise,dog_00306
clean/deer/deer_clean_00030.png,deer,animal,land,clean,deer_00307
blur/deer/deer_blur_00030.png,deer,animal,land,blur,deer_00307
pixelated/deer/deer_pixelated_00030.png,deer,animal,land,pixelated,deer_00307
noise/deer/deer_noise_00030.png,deer,animal,land,noise,deer_00307
clean/truck/truck_clean_00030.png,truck,vehicle,land,clean,truck_00308
blur/truck/truck_blur_00030.png,truck,vehicle,land,blur,truck_00308
pixelated/truck/truck_pixelated_00030.png,truck,vehicle,land,pixelated,truck_00308
noise/truck/truck_noise_00030.png,truck,vehicle,land,noise,truck_00308
clean/ship/ship_clean_00024.png,ship,vehicle,water,clean,ship_00309
blur/ship/ship_blur_00024.png,ship,vehicle,water,blur,ship_00309
pixelated/ship/ship_pixelated_00024.png,ship,vehicle,water,pixelated,ship_00309
noise/ship/ship_noise_00024.png,ship,vehicle,water,noise,ship_00309
clean/dog/dog_clean_00034.png,dog,animal,land,clean,dog_00310
blur/dog/dog_blur_00034.png,dog,animal,land,blur,dog_00310
pixelated/dog/dog_pixelated_00034.png,dog,animal,land,pixelated,dog_00310
noise/dog/dog_noise_00034.png,dog,animal,land,noise,dog_00310
clean/automobile/automobile_clean_00027.png,automobile,vehicle,land,clean,automobile_00311
blur/automobile/automobile_blur_00027.png,automobile,vehicle,land,blur,automobile_00311
pixelated/automobile/automobile_pixelated_00027.png,automobile,vehicle,land,pixelated,automobile_00311
noise/automobile/automobile_noise_00027.png,automobile,vehicle,land,noise,automobile_00311
clean/truck/truck_clean_00031.png,truck,vehicle,land,clean,truck_00312
blur/truck/truck_blur_00031.png,truck,vehicle,land,blur,truck_00312
pixelated/truck/truck_pixelated_00031.png,truck,vehicle,land,pixelated,truck_00312
noise/truck/truck_noise_00031.png,truck,vehicle,land,noise,truck_00312
clean/frog/frog_clean_00032.png,frog,animal,land,clean,frog_00313
blur/frog/frog_blur_00032.png,frog,animal,land,blur,frog_00313
pixelated/frog/frog_pixelated_00032.png,frog,animal,land,pixelated,frog_00313
noise/frog/frog_noise_00032.png,frog,animal,land,noise,frog_00313
clean/dog/dog_clean_00035.png,dog,animal,land,clean,dog_00314
blur/dog/dog_blur_00035.png,dog,animal,land,blur,dog_00314
pixelated/dog/dog_pixelated_00035.png,dog,animal,land,pixelated,dog_00314
noise/dog/dog_noise_00035.png,dog,animal,land,noise,dog_00314
clean/ship/ship_clean_00025.png,ship,vehicle,water,clean,ship_00315
blur/ship/ship_blur_00025.png,ship,vehicle,water,blur,ship_00315
pixelated/ship/ship_pixelated_00025.png,ship,vehicle,water,pixelated,ship_00315
noise/ship/ship_noise_00025.png,ship,vehicle,water,noise,ship_00315
clean/bird/bird_clean_00040.png,bird,animal,air,clean,bird_00316
blur/bird/bird_blur_00040.png,bird,animal,air,blur,bird_00316
pixelated/bird/bird_pixelated_00040.png,bird,animal,air,pixelated,bird_00316
noise/bird/bird_noise_00040.png,bird,animal,air,noise,bird_00316
clean/cat/cat_clean_00033.png,cat,animal,land,clean,cat_00317
blur/cat/cat_blur_00033.png,cat,animal,land,blur,cat_00317
pixelated/cat/cat_pixelated_00033.png,cat,animal,land,pixelated,cat_00317
noise/cat/cat_noise_00033.png,cat,animal,land,noise,cat_00317
clean/airplane/airplane_clean_00030.png,airplane,vehicle,air,clean,airplane_00318
blur/airplane/airplane_blur_00030.png,airplane,vehicle,air,blur,airplane_00318
pixelated/airplane/airplane_pixelated_00030.png,airplane,vehicle,air,pixelated,airplane_00318
noise/airplane/airplane_noise_00030.png,airplane,vehicle,air,noise,airplane_00318
clean/frog/frog_clean_00033.png,frog,animal,land,clean,frog_00319
blur/frog/frog_blur_00033.png,frog,animal,land,blur,frog_00319
pixelated/frog/frog_pixelated_00033.png,frog,animal,land,pixelated,frog_00319
noise/frog/frog_noise_00033.png,frog,animal,land,noise,frog_00319
clean/automobile/automobile_clean_00028.png,automobile,vehicle,land,clean,automobile_00320
blur/automobile/automobile_blur_00028.png,automobile,vehicle,land,blur,automobile_00320
pixelated/automobile/automobile_pixelated_00028.png,automobile,vehicle,land,pixelated,automobile_00320
noise/automobile/automobile_noise_00028.png,automobile,vehicle,land,noise,automobile_00320
clean/airplane/airplane_clean_00031.png,airplane,vehicle,air,clean,airplane_00321
blur/airplane/airplane_blur_00031.png,airplane,vehicle,air,blur,airplane_00321
pixelated/airplane/airplane_pixelated_00031.png,airplane,vehicle,air,pixelated,airplane_00321
noise/airplane/airplane_noise_00031.png,airplane,vehicle,air,noise,airplane_00321
clean/deer/deer_clean_00031.png,deer,animal,land,clean,deer_00322
blur/deer/deer_blur_00031.png,deer,animal,land,blur,deer_00322
pixelated/deer/deer_pixelated_00031.png,deer,animal,land,pixelated,deer_00322
noise/deer/deer_noise_00031.png,deer,animal,land,noise,deer_00322
clean/frog/frog_clean_00034.png,frog,animal,land,clean,frog_00323
blur/frog/frog_blur_00034.png,frog,animal,land,blur,frog_00323
pixelated/frog/frog_pixelated_00034.png,frog,animal,land,pixelated,frog_00323
noise/frog/frog_noise_00034.png,frog,animal,land,noise,frog_00323
clean/bird/bird_clean_00041.png,bird,animal,air,clean,bird_00324
blur/bird/bird_blur_00041.png,bird,animal,air,blur,bird_00324
pixelated/bird/bird_pixelated_00041.png,bird,animal,air,pixelated,bird_00324
noise/bird/bird_noise_00041.png,bird,animal,air,noise,bird_00324
clean/cat/cat_clean_00034.png,cat,animal,land,clean,cat_00325
blur/cat/cat_blur_00034.png,cat,animal,land,blur,cat_00325
pixelated/cat/cat_pixelated_00034.png,cat,animal,land,pixelated,cat_00325
noise/cat/cat_noise_00034.png,cat,animal,land,noise,cat_00325
clean/frog/frog_clean_00035.png,frog,animal,land,clean,frog_00326
blur/frog/frog_blur_00035.png,frog,animal,land,blur,frog_00326
pixelated/frog/frog_pixelated_00035.png,frog,animal,land,pixelated,frog_00326
noise/frog/frog_noise_00035.png,frog,animal,land,noise,frog_00326
clean/airplane/airplane_clean_00032.png,airplane,vehicle,air,clean,airplane_00327
blur/airplane/airplane_blur_00032.png,airplane,vehicle,air,blur,airplane_00327
pixelated/airplane/airplane_pixelated_00032.png,airplane,vehicle,air,pixelated,airplane_00327
noise/airplane/airplane_noise_00032.png,airplane,vehicle,air,noise,airplane_00327
clean/horse/horse_clean_00036.png,horse,animal,land,clean,horse_00328
blur/horse/horse_blur_00036.png,horse,animal,land,blur,horse_00328
pixelated/horse/horse_pixelated_00036.png,horse,animal,land,pixelated,horse_00328
noise/horse/horse_noise_00036.png,horse,animal,land,noise,horse_00328
clean/automobile/automobile_clean_00029.png,automobile,vehicle,land,clean,automobile_00329
blur/automobile/automobile_blur_00029.png,automobile,vehicle,land,blur,automobile_00329
pixelated/automobile/automobile_pixelated_00029.png,automobile,vehicle,land,pixelated,automobile_00329
noise/automobile/automobile_noise_00029.png,automobile,vehicle,land,noise,automobile_00329
clean/deer/deer_clean_00032.png,deer,animal,land,clean,deer_00330
blur/deer/deer_blur_00032.png,deer,animal,land,blur,deer_00330
pixelated/deer/deer_pixelated_00032.png,deer,animal,land,pixelated,deer_00330
noise/deer/deer_noise_00032.png,deer,animal,land,noise,deer_00330
clean/ship/ship_clean_00026.png,ship,vehicle,water,clean,ship_00331
blur/ship/ship_blur_00026.png,ship,vehicle,water,blur,ship_00331
pixelated/ship/ship_pixelated_00026.png,ship,vehicle,water,pixelated,ship_00331
noise/ship/ship_noise_00026.png,ship,vehicle,water,noise,ship_00331
clean/frog/frog_clean_00036.png,frog,animal,land,clean,frog_00332
blur/frog/frog_blur_00036.png,frog,animal,land,blur,frog_00332
pixelated/frog/frog_pixelated_00036.png,frog,animal,land,pixelated,frog_00332
noise/frog/frog_noise_00036.png,frog,animal,land,noise,frog_00332
clean/dog/dog_clean_00036.png,dog,animal,land,clean,dog_00333
blur/dog/dog_blur_00036.png,dog,animal,land,blur,dog_00333
pixelated/dog/dog_pixelated_00036.png,dog,animal,land,pixelated,dog_00333
noise/dog/dog_noise_00036.png,dog,animal,land,noise,dog_00333
clean/deer/deer_clean_00033.png,deer,animal,land,clean,deer_00334
blur/deer/deer_blur_00033.png,deer,animal,land,blur,deer_00334
pixelated/deer/deer_pixelated_00033.png,deer,animal,land,pixelated,deer_00334
noise/deer/deer_noise_00033.png,deer,animal,land,noise,deer_00334
clean/deer/deer_clean_00034.png,deer,animal,land,clean,deer_00335
blur/deer/deer_blur_00034.png,deer,animal,land,blur,deer_00335
pixelated/deer/deer_pixelated_00034.png,deer,animal,land,pixelated,deer_00335
noise/deer/deer_noise_00034.png,deer,animal,land,noise,deer_00335
clean/deer/deer_clean_00035.png,deer,animal,land,clean,deer_00336
blur/deer/deer_blur_00035.png,deer,animal,land,blur,deer_00336
pixelated/deer/deer_pixelated_00035.png,deer,animal,land,pixelated,deer_00336
noise/deer/deer_noise_00035.png,deer,animal,land,noise,deer_00336
clean/frog/frog_clean_00037.png,frog,animal,land,clean,frog_00337
blur/frog/frog_blur_00037.png,frog,animal,land,blur,frog_00337
pixelated/frog/frog_pixelated_00037.png,frog,animal,land,pixelated,frog_00337
noise/frog/frog_noise_00037.png,frog,animal,land,noise,frog_00337
clean/truck/truck_clean_00032.png,truck,vehicle,land,clean,truck_00338
blur/truck/truck_blur_00032.png,truck,vehicle,land,blur,truck_00338
pixelated/truck/truck_pixelated_00032.png,truck,vehicle,land,pixelated,truck_00338
noise/truck/truck_noise_00032.png,truck,vehicle,land,noise,truck_00338
clean/ship/ship_clean_00027.png,ship,vehicle,water,clean,ship_00339
blur/ship/ship_blur_00027.png,ship,vehicle,water,blur,ship_00339
pixelated/ship/ship_pixelated_00027.png,ship,vehicle,water,pixelated,ship_00339
noise/ship/ship_noise_00027.png,ship,vehicle,water,noise,ship_00339
clean/automobile/automobile_clean_00030.png,automobile,vehicle,land,clean,automobile_00340
blur/automobile/automobile_blur_00030.png,automobile,vehicle,land,blur,automobile_00340
pixelated/automobile/automobile_pixelated_00030.png,automobile,vehicle,land,pixelated,automobile_00340
noise/automobile/automobile_noise_00030.png,automobile,vehicle,land,noise,automobile_00340
clean/bird/bird_clean_00042.png,bird,animal,air,clean,bird_00341
blur/bird/bird_blur_00042.png,bird,animal,air,blur,bird_00341
pixelated/bird/bird_pixelated_00042.png,bird,animal,air,pixelated,bird_00341
noise/bird/bird_noise_00042.png,bird,animal,air,noise,bird_00341
clean/frog/frog_clean_00038.png,frog,animal,land,clean,frog_00342
blur/frog/frog_blur_00038.png,frog,animal,land,blur,frog_00342
pixelated/frog/frog_pixelated_00038.png,frog,animal,land,pixelated,frog_00342
noise/frog/frog_noise_00038.png,frog,animal,land,noise,frog_00342
clean/horse/horse_clean_00037.png,horse,animal,land,clean,horse_00343
blur/horse/horse_blur_00037.png,horse,animal,land,blur,horse_00343
pixelated/horse/horse_pixelated_00037.png,horse,animal,land,pixelated,horse_00343
noise/horse/horse_noise_00037.png,horse,animal,land,noise,horse_00343
clean/frog/frog_clean_00039.png,frog,animal,land,clean,frog_00344
blur/frog/frog_blur_00039.png,frog,animal,land,blur,frog_00344
pixelated/frog/frog_pixelated_00039.png,frog,animal,land,pixelated,frog_00344
noise/frog/frog_noise_00039.png,frog,animal,land,noise,frog_00344
clean/dog/dog_clean_00037.png,dog,animal,land,clean,dog_00345
blur/dog/dog_blur_00037.png,dog,animal,land,blur,dog_00345
pixelated/dog/dog_pixelated_00037.png,dog,animal,land,pixelated,dog_00345
noise/dog/dog_noise_00037.png,dog,animal,land,noise,dog_00345
clean/frog/frog_clean_00040.png,frog,animal,land,clean,frog_00346
blur/frog/frog_blur_00040.png,frog,animal,land,blur,frog_00346
pixelated/frog/frog_pixelated_00040.png,frog,animal,land,pixelated,frog_00346
noise/frog/frog_noise_00040.png,frog,animal,land,noise,frog_00346
clean/deer/deer_clean_00036.png,deer,animal,land,clean,deer_00347
blur/deer/deer_blur_00036.png,deer,animal,land,blur,deer_00347
pixelated/deer/deer_pixelated_00036.png,deer,animal,land,pixelated,deer_00347
noise/deer/deer_noise_00036.png,deer,animal,land,noise,deer_00347
clean/cat/cat_clean_00035.png,cat,animal,land,clean,cat_00348
blur/cat/cat_blur_00035.png,cat,animal,land,blur,cat_00348
pixelated/cat/cat_pixelated_00035.png,cat,animal,land,pixelated,cat_00348
noise/cat/cat_noise_00035.png,cat,animal,land,noise,cat_00348
clean/ship/ship_clean_00028.png,ship,vehicle,water,clean,ship_00349
blur/ship/ship_blur_00028.png,ship,vehicle,water,blur,ship_00349
pixelated/ship/ship_pixelated_00028.png,ship,vehicle,water,pixelated,ship_00349
noise/ship/ship_noise_00028.png,ship,vehicle,water,noise,ship_00349
clean/truck/truck_clean_00033.png,truck,vehicle,land,clean,truck_00350
blur/truck/truck_blur_00033.png,truck,vehicle,land,blur,truck_00350
pixelated/truck/truck_pixelated_00033.png,truck,vehicle,land,pixelated,truck_00350
noise/truck/truck_noise_00033.png,truck,vehicle,land,noise,truck_00350
clean/ship/ship_clean_00029.png,ship,vehicle,water,clean,ship_00351
blur/ship/ship_blur_00029.png,ship,vehicle,water,blur,ship_00351
pixelated/ship/ship_pixelated_00029.png,ship,vehicle,water,pixelated,ship_00351
noise/ship/ship_noise_00029.png,ship,vehicle,water,noise,ship_00351
clean/dog/dog_clean_00038.png,dog,animal,land,clean,dog_00352
blur/dog/dog_blur_00038.png,dog,animal,land,blur,dog_00352
pixelated/dog/dog_pixelated_00038.png,dog,animal,land,pixelated,dog_00352
noise/dog/dog_noise_00038.png,dog,animal,land,noise,dog_00352
clean/dog/dog_clean_00039.png,dog,animal,land,clean,dog_00353
blur/dog/dog_blur_00039.png,dog,animal,land,blur,dog_00353
pixelated/dog/dog_pixelated_00039.png,dog,animal,land,pixelated,dog_00353
noise/dog/dog_noise_00039.png,dog,animal,land,noise,dog_00353
clean/frog/frog_clean_00041.png,frog,animal,land,clean,frog_00354
blur/frog/frog_blur_00041.png,frog,animal,land,blur,frog_00354
pixelated/frog/frog_pixelated_00041.png,frog,animal,land,pixelated,frog_00354
noise/frog/frog_noise_00041.png,frog,animal,land,noise,frog_00354
clean/cat/cat_clean_00036.png,cat,animal,land,clean,cat_00355
blur/cat/cat_blur_00036.png,cat,animal,land,blur,cat_00355
pixelated/cat/cat_pixelated_00036.png,cat,animal,land,pixelated,cat_00355
noise/cat/cat_noise_00036.png,cat,animal,land,noise,cat_00355
clean/deer/deer_clean_00037.png,deer,animal,land,clean,deer_00356
blur/deer/deer_blur_00037.png,deer,animal,land,blur,deer_00356
pixelated/deer/deer_pixelated_00037.png,deer,animal,land,pixelated,deer_00356
noise/deer/deer_noise_00037.png,deer,animal,land,noise,deer_00356
clean/bird/bird_clean_00043.png,bird,animal,air,clean,bird_00357
blur/bird/bird_blur_00043.png,bird,animal,air,blur,bird_00357
pixelated/bird/bird_pixelated_00043.png,bird,animal,air,pixelated,bird_00357
noise/bird/bird_noise_00043.png,bird,animal,air,noise,bird_00357
clean/cat/cat_clean_00037.png,cat,animal,land,clean,cat_00358
blur/cat/cat_blur_00037.png,cat,animal,land,blur,cat_00358
pixelated/cat/cat_pixelated_00037.png,cat,animal,land,pixelated,cat_00358
noise/cat/cat_noise_00037.png,cat,animal,land,noise,cat_00358
clean/frog/frog_clean_00042.png,frog,animal,land,clean,frog_00359
blur/frog/frog_blur_00042.png,frog,animal,land,blur,frog_00359
pixelated/frog/frog_pixelated_00042.png,frog,animal,land,pixelated,frog_00359
noise/frog/frog_noise_00042.png,frog,animal,land,noise,frog_00359
clean/dog/dog_clean_00040.png,dog,animal,land,clean,dog_00360
blur/dog/dog_blur_00040.png,dog,animal,land,blur,dog_00360
pixelated/dog/dog_pixelated_00040.png,dog,animal,land,pixelated,dog_00360
noise/dog/dog_noise_00040.png,dog,animal,land,noise,dog_00360
clean/dog/dog_clean_00041.png,dog,animal,land,clean,dog_00361
blur/dog/dog_blur_00041.png,dog,animal,land,blur,dog_00361
pixelated/dog/dog_pixelated_00041.png,dog,animal,land,pixelated,dog_00361
noise/dog/dog_noise_00041.png,dog,animal,land,noise,dog_00361
clean/airplane/airplane_clean_00033.png,airplane,vehicle,air,clean,airplane_00362
blur/airplane/airplane_blur_00033.png,airplane,vehicle,air,blur,airplane_00362
pixelated/airplane/airplane_pixelated_00033.png,airplane,vehicle,air,pixelated,airplane_00362
noise/airplane/airplane_noise_00033.png,airplane,vehicle,air,noise,airplane_00362
clean/frog/frog_clean_00043.png,frog,animal,land,clean,frog_00363
blur/frog/frog_blur_00043.png,frog,animal,land,blur,frog_00363
pixelated/frog/frog_pixelated_00043.png,frog,animal,land,pixelated,frog_00363
noise/frog/frog_noise_00043.png,frog,animal,land,noise,frog_00363
clean/bird/bird_clean_00044.png,bird,animal,air,clean,bird_00364
blur/bird/bird_blur_00044.png,bird,animal,air,blur,bird_00364
pixelated/bird/bird_pixelated_00044.png,bird,animal,air,pixelated,bird_00364
noise/bird/bird_noise_00044.png,bird,animal,air,noise,bird_00364
clean/truck/truck_clean_00034.png,truck,vehicle,land,clean,truck_00365
blur/truck/truck_blur_00034.png,truck,vehicle,land,blur,truck_00365
pixelated/truck/truck_pixelated_00034.png,truck,vehicle,land,pixelated,truck_00365
noise/truck/truck_noise_00034.png,truck,vehicle,land,noise,truck_00365
clean/cat/cat_clean_00038.png,cat,animal,land,clean,cat_00366
blur/cat/cat_blur_00038.png,cat,animal,land,blur,cat_00366
pixelated/cat/cat_pixelated_00038.png,cat,animal,land,pixelated,cat_00366
noise/cat/cat_noise_00038.png,cat,animal,land,noise,cat_00366
clean/cat/cat_clean_00039.png,cat,animal,land,clean,cat_00367
blur/cat/cat_blur_00039.png,cat,animal,land,blur,cat_00367
pixelated/cat/cat_pixelated_00039.png,cat,animal,land,pixelated,cat_00367
noise/cat/cat_noise_00039.png,cat,animal,land,noise,cat_00367
clean/horse/horse_clean_00038.png,horse,animal,land,clean,horse_00368
blur/horse/horse_blur_00038.png,horse,animal,land,blur,horse_00368
pixelated/horse/horse_pixelated_00038.png,horse,animal,land,pixelated,horse_00368
noise/horse/horse_noise_00038.png,horse,animal,land,noise,horse_00368
clean/dog/dog_clean_00042.png,dog,animal,land,clean,dog_00369
blur/dog/dog_blur_00042.png,dog,animal,land,blur,dog_00369
pixelated/dog/dog_pixelated_00042.png,dog,animal,land,pixelated,dog_00369
noise/dog/dog_noise_00042.png,dog,animal,land,noise,dog_00369
clean/cat/cat_clean_00040.png,cat,animal,land,clean,cat_00370
blur/cat/cat_blur_00040.png,cat,animal,land,blur,cat_00370
pixelated/cat/cat_pixelated_00040.png,cat,animal,land,pixelated,cat_00370
noise/cat/cat_noise_00040.png,cat,animal,land,noise,cat_00370
clean/bird/bird_clean_00045.png,bird,animal,air,clean,bird_00371
blur/bird/bird_blur_00045.png,bird,animal,air,blur,bird_00371
pixelated/bird/bird_pixelated_00045.png,bird,animal,air,pixelated,bird_00371
noise/bird/bird_noise_00045.png,bird,animal,air,noise,bird_00371
clean/horse/horse_clean_00039.png,horse,animal,land,clean,horse_00372
blur/horse/horse_blur_00039.png,horse,animal,land,blur,horse_00372
pixelated/horse/horse_pixelated_00039.png,horse,animal,land,pixelated,horse_00372
noise/horse/horse_noise_00039.png,horse,animal,land,noise,horse_00372
clean/cat/cat_clean_00041.png,cat,animal,land,clean,cat_00373
blur/cat/cat_blur_00041.png,cat,animal,land,blur,cat_00373
pixelated/cat/cat_pixelated_00041.png,cat,animal,land,pixelated,cat_00373
noise/cat/cat_noise_00041.png,cat,animal,land,noise,cat_00373
clean/ship/ship_clean_00030.png,ship,vehicle,water,clean,ship_00374
blur/ship/ship_blur_00030.png,ship,vehicle,water,blur,ship_00374
pixelated/ship/ship_pixelated_00030.png,ship,vehicle,water,pixelated,ship_00374
noise/ship/ship_noise_00030.png,ship,vehicle,water,noise,ship_00374
clean/bird/bird_clean_00046.png,bird,animal,air,clean,bird_00375
blur/bird/bird_blur_00046.png,bird,animal,air,blur,bird_00375
pixelated/bird/bird_pixelated_00046.png,bird,animal,air,pixelated,bird_00375
noise/bird/bird_noise_00046.png,bird,animal,air,noise,bird_00375
clean/bird/bird_clean_00047.png,bird,animal,air,clean,bird_00376
blur/bird/bird_blur_00047.png,bird,animal,air,blur,bird_00376
pixelated/bird/bird_pixelated_00047.png,bird,animal,air,pixelated,bird_00376
noise/bird/bird_noise_00047.png,bird,animal,air,noise,bird_00376
clean/frog/frog_clean_00044.png,frog,animal,land,clean,frog_00377
blur/frog/frog_blur_00044.png,frog,animal,land,blur,frog_00377
pixelated/frog/frog_pixelated_00044.png,frog,animal,land,pixelated,frog_00377
noise/frog/frog_noise_00044.png,frog,animal,land,noise,frog_00377
clean/horse/horse_clean_00040.png,horse,animal,land,clean,horse_00378
blur/horse/horse_blur_00040.png,horse,animal,land,blur,horse_00378
pixelated/horse/horse_pixelated_00040.png,horse,animal,land,pixelated,horse_00378
noise/horse/horse_noise_00040.png,horse,animal,land,noise,horse_00378
clean/automobile/automobile_clean_00031.png,automobile,vehicle,land,clean,automobile_00379
blur/automobile/automobile_blur_00031.png,automobile,vehicle,land,blur,automobile_00379
pixelated/automobile/automobile_pixelated_00031.png,automobile,vehicle,land,pixelated,automobile_00379
noise/automobile/automobile_noise_00031.png,automobile,vehicle,land,noise,automobile_00379
clean/airplane/airplane_clean_00034.png,airplane,vehicle,air,clean,airplane_00380
blur/airplane/airplane_blur_00034.png,airplane,vehicle,air,blur,airplane_00380
pixelated/airplane/airplane_pixelated_00034.png,airplane,vehicle,air,pixelated,airplane_00380
noise/airplane/airplane_noise_00034.png,airplane,vehicle,air,noise,airplane_00380
clean/truck/truck_clean_00035.png,truck,vehicle,land,clean,truck_00381
blur/truck/truck_blur_00035.png,truck,vehicle,land,blur,truck_00381
pixelated/truck/truck_pixelated_00035.png,truck,vehicle,land,pixelated,truck_00381
noise/truck/truck_noise_00035.png,truck,vehicle,land,noise,truck_00381
clean/horse/horse_clean_00041.png,horse,animal,land,clean,horse_00382
blur/horse/horse_blur_00041.png,horse,animal,land,blur,horse_00382
pixelated/horse/horse_pixelated_00041.png,horse,animal,land,pixelated,horse_00382
noise/horse/horse_noise_00041.png,horse,animal,land,noise,horse_00382
clean/frog/frog_clean_00045.png,frog,animal,land,clean,frog_00383
blur/frog/frog_blur_00045.png,frog,animal,land,blur,frog_00383
pixelated/frog/frog_pixelated_00045.png,frog,animal,land,pixelated,frog_00383
noise/frog/frog_noise_00045.png,frog,animal,land,noise,frog_00383
clean/ship/ship_clean_00031.png,ship,vehicle,water,clean,ship_00384
blur/ship/ship_blur_00031.png,ship,vehicle,water,blur,ship_00384
pixelated/ship/ship_pixelated_00031.png,ship,vehicle,water,pixelated,ship_00384
noise/ship/ship_noise_00031.png,ship,vehicle,water,noise,ship_00384
clean/horse/horse_clean_00042.png,horse,animal,land,clean,horse_00385
blur/horse/horse_blur_00042.png,horse,animal,land,blur,horse_00385
pixelated/horse/horse_pixelated_00042.png,horse,animal,land,pixelated,horse_00385
noise/horse/horse_noise_00042.png,horse,animal,land,noise,horse_00385
clean/airplane/airplane_clean_00035.png,airplane,vehicle,air,clean,airplane_00386
blur/airplane/airplane_blur_00035.png,airplane,vehicle,air,blur,airplane_00386
pixelated/airplane/airplane_pixelated_00035.png,airplane,vehicle,air,pixelated,airplane_00386
noise/airplane/airplane_noise_00035.png,airplane,vehicle,air,noise,airplane_00386
clean/bird/bird_clean_00048.png,bird,animal,air,clean,bird_00387
blur/bird/bird_blur_00048.png,bird,animal,air,blur,bird_00387
pixelated/bird/bird_pixelated_00048.png,bird,animal,air,pixelated,bird_00387
noise/bird/bird_noise_00048.png,bird,animal,air,noise,bird_00387
clean/ship/ship_clean_00032.png,ship,vehicle,water,clean,ship_00388
blur/ship/ship_blur_00032.png,ship,vehicle,water,blur,ship_00388
pixelated/ship/ship_pixelated_00032.png,ship,vehicle,water,pixelated,ship_00388
noise/ship/ship_noise_00032.png,ship,vehicle,water,noise,ship_00388
clean/horse/horse_clean_00043.png,horse,animal,land,clean,horse_00389
blur/horse/horse_blur_00043.png,horse,animal,land,blur,horse_00389
pixelated/horse/horse_pixelated_00043.png,horse,animal,land,pixelated,horse_00389
noise/horse/horse_noise_00043.png,horse,animal,land,noise,horse_00389
clean/cat/cat_clean_00042.png,cat,animal,land,clean,cat_00390
blur/cat/cat_blur_00042.png,cat,animal,land,blur,cat_00390
pixelated/cat/cat_pixelated_00042.png,cat,animal,land,pixelated,cat_00390
noise/cat/cat_noise_00042.png,cat,animal,land,noise,cat_00390
clean/frog/frog_clean_00046.png,frog,animal,land,clean,frog_00391
blur/frog/frog_blur_00046.png,frog,animal,land,blur,frog_00391
pixelated/frog/frog_pixelated_00046.png,frog,animal,land,pixelated,frog_00391
noise/frog/frog_noise_00046.png,frog,animal,land,noise,frog_00391
clean/horse/horse_clean_00044.png,horse,animal,land,clean,horse_00392
blur/horse/horse_blur_00044.png,horse,animal,land,blur,horse_00392
pixelated/horse/horse_pixelated_00044.png,horse,animal,land,pixelated,horse_00392
noise/horse/horse_noise_00044.png,horse,animal,land,noise,horse_00392
clean/cat/cat_clean_00043.png,cat,animal,land,clean,cat_00393
blur/cat/cat_blur_00043.png,cat,animal,land,blur,cat_00393
pixelated/cat/cat_pixelated_00043.png,cat,animal,land,pixelated,cat_00393
noise/cat/cat_noise_00043.png,cat,animal,land,noise,cat_00393
clean/deer/deer_clean_00038.png,deer,animal,land,clean,deer_00394
blur/deer/deer_blur_00038.png,deer,animal,land,blur,deer_00394
pixelated/deer/deer_pixelated_00038.png,deer,animal,land,pixelated,deer_00394
noise/deer/deer_noise_00038.png,deer,animal,land,noise,deer_00394
clean/airplane/airplane_clean_00036.png,airplane,vehicle,air,clean,airplane_00395
blur/airplane/airplane_blur_00036.png,airplane,vehicle,air,blur,airplane_00395
pixelated/airplane/airplane_pixelated_00036.png,airplane,vehicle,air,pixelated,airplane_00395
noise/airplane/airplane_noise_00036.png,airplane,vehicle,air,noise,airplane_00395
clean/horse/horse_clean_00045.png,horse,animal,land,clean,horse_00396
blur/horse/horse_blur_00045.png,horse,animal,land,blur,horse_00396
pixelated/horse/horse_pixelated_00045.png,horse,animal,land,pixelated,horse_00396
noise/horse/horse_noise_00045.png,horse,animal,land,noise,horse_00396
clean/frog/frog_clean_00047.png,frog,animal,land,clean,frog_00397
blur/frog/frog_blur_00047.png,frog,animal,land,blur,frog_00397
pixelated/frog/frog_pixelated_00047.png,frog,animal,land,pixelated,frog_00397
noise/frog/frog_noise_00047.png,frog,animal,land,noise,frog_00397
clean/deer/deer_clean_00039.png,deer,animal,land,clean,deer_00398
blur/deer/deer_blur_00039.png,deer,animal,land,blur,deer_00398
pixelated/deer/deer_pixelated_00039.png,deer,animal,land,pixelated,deer_00398
noise/deer/deer_noise_00039.png,deer,animal,land,noise,deer_00398
clean/frog/frog_clean_00048.png,frog,animal,land,clean,frog_00399
blur/frog/frog_blur_00048.png,frog,animal,land,blur,frog_00399
pixelated/frog/frog_pixelated_00048.png,frog,animal,land,pixelated,frog_00399
noise/frog/frog_noise_00048.png,frog,animal,land,noise,frog_00399
clean/horse/horse_clean_00046.png,horse,animal,land,clean,horse_00400
blur/horse/horse_blur_00046.png,horse,animal,land,blur,horse_00400
pixelated/horse/horse_pixelated_00046.png,horse,animal,land,pixelated,horse_00400
noise/horse/horse_noise_00046.png,horse,animal,land,noise,horse_00400
clean/cat/cat_clean_00044.png,cat,animal,land,clean,cat_00401
blur/cat/cat_blur_00044.png,cat,animal,land,blur,cat_00401
pixelated/cat/cat_pixelated_00044.png,cat,animal,land,pixelated,cat_00401
noise/cat/cat_noise_00044.png,cat,animal,land,noise,cat_00401
clean/bird/bird_clean_00049.png,bird,animal,air,clean,bird_00402
blur/bird/bird_blur_00049.png,bird,animal,air,blur,bird_00402
pixelated/bird/bird_pixelated_00049.png,bird,animal,air,pixelated,bird_00402
noise/bird/bird_noise_00049.png,bird,animal,air,noise,bird_00402
clean/bird/bird_clean_00050.png,bird,animal,air,clean,bird_00403
blur/bird/bird_blur_00050.png,bird,animal,air,blur,bird_00403
pixelated/bird/bird_pixelated_00050.png,bird,animal,air,pixelated,bird_00403
noise/bird/bird_noise_00050.png,bird,animal,air,noise,bird_00403
clean/deer/deer_clean_00040.png,deer,animal,land,clean,deer_00404
blur/deer/deer_blur_00040.png,deer,animal,land,blur,deer_00404
pixelated/deer/deer_pixelated_00040.png,deer,animal,land,pixelated,deer_00404
noise/deer/deer_noise_00040.png,deer,animal,land,noise,deer_00404
clean/airplane/airplane_clean_00037.png,airplane,vehicle,air,clean,airplane_00405
blur/airplane/airplane_blur_00037.png,airplane,vehicle,air,blur,airplane_00405
pixelated/airplane/airplane_pixelated_00037.png,airplane,vehicle,air,pixelated,airplane_00405
noise/airplane/airplane_noise_00037.png,airplane,vehicle,air,noise,airplane_00405
clean/ship/ship_clean_00033.png,ship,vehicle,water,clean,ship_00406
blur/ship/ship_blur_00033.png,ship,vehicle,water,blur,ship_00406
pixelated/ship/ship_pixelated_00033.png,ship,vehicle,water,pixelated,ship_00406
noise/ship/ship_noise_00033.png,ship,vehicle,water,noise,ship_00406
clean/frog/frog_clean_00049.png,frog,animal,land,clean,frog_00407
blur/frog/frog_blur_00049.png,frog,animal,land,blur,frog_00407
pixelated/frog/frog_pixelated_00049.png,frog,animal,land,pixelated,frog_00407
noise/frog/frog_noise_00049.png,frog,animal,land,noise,frog_00407
clean/cat/cat_clean_00045.png,cat,animal,land,clean,cat_00408
blur/cat/cat_blur_00045.png,cat,animal,land,blur,cat_00408
pixelated/cat/cat_pixelated_00045.png,cat,animal,land,pixelated,cat_00408
noise/cat/cat_noise_00045.png,cat,animal,land,noise,cat_00408
clean/cat/cat_clean_00046.png,cat,animal,land,clean,cat_00409
blur/cat/cat_blur_00046.png,cat,animal,land,blur,cat_00409
pixelated/cat/cat_pixelated_00046.png,cat,animal,land,pixelated,cat_00409
noise/cat/cat_noise_00046.png,cat,animal,land,noise,cat_00409
clean/airplane/airplane_clean_00038.png,airplane,vehicle,air,clean,airplane_00410
blur/airplane/airplane_blur_00038.png,airplane,vehicle,air,blur,airplane_00410
pixelated/airplane/airplane_pixelated_00038.png,airplane,vehicle,air,pixelated,airplane_00410
noise/airplane/airplane_noise_00038.png,airplane,vehicle,air,noise,airplane_00410
clean/truck/truck_clean_00036.png,truck,vehicle,land,clean,truck_00411
blur/truck/truck_blur_00036.png,truck,vehicle,land,blur,truck_00411
pixelated/truck/truck_pixelated_00036.png,truck,vehicle,land,pixelated,truck_00411
noise/truck/truck_noise_00036.png,truck,vehicle,land,noise,truck_00411
clean/dog/dog_clean_00043.png,dog,animal,land,clean,dog_00412
blur/dog/dog_blur_00043.png,dog,animal,land,blur,dog_00412
pixelated/dog/dog_pixelated_00043.png,dog,animal,land,pixelated,dog_00412
noise/dog/dog_noise_00043.png,dog,animal,land,noise,dog_00412
clean/deer/deer_clean_00041.png,deer,animal,land,clean,deer_00413
blur/deer/deer_blur_00041.png,deer,animal,land,blur,deer_00413
pixelated/deer/deer_pixelated_00041.png,deer,animal,land,pixelated,deer_00413
noise/deer/deer_noise_00041.png,deer,animal,land,noise,deer_00413
clean/ship/ship_clean_00034.png,ship,vehicle,water,clean,ship_00414
blur/ship/ship_blur_00034.png,ship,vehicle,water,blur,ship_00414
pixelated/ship/ship_pixelated_00034.png,ship,vehicle,water,pixelated,ship_00414
noise/ship/ship_noise_00034.png,ship,vehicle,water,noise,ship_00414
clean/dog/dog_clean_00044.png,dog,animal,land,clean,dog_00415
blur/dog/dog_blur_00044.png,dog,animal,land,blur,dog_00415
pixelated/dog/dog_pixelated_00044.png,dog,animal,land,pixelated,dog_00415
noise/dog/dog_noise_00044.png,dog,animal,land,noise,dog_00415
clean/bird/bird_clean_00051.png,bird,animal,air,clean,bird_00416
blur/bird/bird_blur_00051.png,bird,animal,air,blur,bird_00416
pixelated/bird/bird_pixelated_00051.png,bird,animal,air,pixelated,bird_00416
noise/bird/bird_noise_00051.png,bird,animal,air,noise,bird_00416
clean/truck/truck_clean_00037.png,truck,vehicle,land,clean,truck_00417
blur/truck/truck_blur_00037.png,truck,vehicle,land,blur,truck_00417
pixelated/truck/truck_pixelated_00037.png,truck,vehicle,land,pixelated,truck_00417
noise/truck/truck_noise_00037.png,truck,vehicle,land,noise,truck_00417
clean/automobile/automobile_clean_00032.png,automobile,vehicle,land,clean,automobile_00418
blur/automobile/automobile_blur_00032.png,automobile,vehicle,land,blur,automobile_00418
pixelated/automobile/automobile_pixelated_00032.png,automobile,vehicle,land,pixelated,automobile_00418
noise/automobile/automobile_noise_00032.png,automobile,vehicle,land,noise,automobile_00418
clean/bird/bird_clean_00052.png,bird,animal,air,clean,bird_00419
blur/bird/bird_blur_00052.png,bird,animal,air,blur,bird_00419
pixelated/bird/bird_pixelated_00052.png,bird,animal,air,pixelated,bird_00419
noise/bird/bird_noise_00052.png,bird,animal,air,noise,bird_00419
clean/ship/ship_clean_00035.png,ship,vehicle,water,clean,ship_00420
blur/ship/ship_blur_00035.png,ship,vehicle,water,blur,ship_00420
pixelated/ship/ship_pixelated_00035.png,ship,vehicle,water,pixelated,ship_00420
noise/ship/ship_noise_00035.png,ship,vehicle,water,noise,ship_00420
clean/horse/horse_clean_00047.png,horse,animal,land,clean,horse_00421
blur/horse/horse_blur_00047.png,horse,animal,land,blur,horse_00421
pixelated/horse/horse_pixelated_00047.png,horse,animal,land,pixelated,horse_00421
noise/horse/horse_noise_00047.png,horse,animal,land,noise,horse_00421
clean/ship/ship_clean_00036.png,ship,vehicle,water,clean,ship_00422
blur/ship/ship_blur_00036.png,ship,vehicle,water,blur,ship_00422
pixelated/ship/ship_pixelated_00036.png,ship,vehicle,water,pixelated,ship_00422
noise/ship/ship_noise_00036.png,ship,vehicle,water,noise,ship_00422
clean/deer/deer_clean_00042.png,deer,animal,land,clean,deer_00423
blur/deer/deer_blur_00042.png,deer,animal,land,blur,deer_00423
pixelated/deer/deer_pixelated_00042.png,deer,animal,land,pixelated,deer_00423
noise/deer/deer_noise_00042.png,deer,animal,land,noise,deer_00423
clean/deer/deer_clean_00043.png,deer,animal,land,clean,deer_00424
blur/deer/deer_blur_00043.png,deer,animal,land,blur,deer_00424
pixelated/deer/deer_pixelated_00043.png,deer,animal,land,pixelated,deer_00424
noise/deer/deer_noise_00043.png,deer,animal,land,noise,deer_00424
clean/frog/frog_clean_00050.png,frog,animal,land,clean,frog_00425
blur/frog/frog_blur_00050.png,frog,animal,land,blur,frog_00425
pixelated/frog/frog_pixelated_00050.png,frog,animal,land,pixelated,frog_00425
noise/frog/frog_noise_00050.png,frog,animal,land,noise,frog_00425
clean/dog/dog_clean_00045.png,dog,animal,land,clean,dog_00426
blur/dog/dog_blur_00045.png,dog,animal,land,blur,dog_00426
pixelated/dog/dog_pixelated_00045.png,dog,animal,land,pixelated,dog_00426
noise/dog/dog_noise_00045.png,dog,animal,land,noise,dog_00426
clean/truck/truck_clean_00038.png,truck,vehicle,land,clean,truck_00427
blur/truck/truck_blur_00038.png,truck,vehicle,land,blur,truck_00427
pixelated/truck/truck_pixelated_00038.png,truck,vehicle,land,pixelated,truck_00427
noise/truck/truck_noise_00038.png,truck,vehicle,land,noise,truck_00427
clean/frog/frog_clean_00051.png,frog,animal,land,clean,frog_00428
blur/frog/frog_blur_00051.png,frog,animal,land,blur,frog_00428
pixelated/frog/frog_pixelated_00051.png,frog,animal,land,pixelated,frog_00428
noise/frog/frog_noise_00051.png,frog,animal,land,noise,frog_00428
clean/airplane/airplane_clean_00039.png,airplane,vehicle,air,clean,airplane_00429
blur/airplane/airplane_blur_00039.png,airplane,vehicle,air,blur,airplane_00429
pixelated/airplane/airplane_pixelated_00039.png,airplane,vehicle,air,pixelated,airplane_00429
noise/airplane/airplane_noise_00039.png,airplane,vehicle,air,noise,airplane_00429
clean/deer/deer_clean_00044.png,deer,animal,land,clean,deer_00430
blur/deer/deer_blur_00044.png,deer,animal,land,blur,deer_00430
pixelated/deer/deer_pixelated_00044.png,deer,animal,land,pixelated,deer_00430
noise/deer/deer_noise_00044.png,deer,animal,land,noise,deer_00430
clean/cat/cat_clean_00047.png,cat,animal,land,clean,cat_00431
blur/cat/cat_blur_00047.png,cat,animal,land,blur,cat_00431
pixelated/cat/cat_pixelated_00047.png,cat,animal,land,pixelated,cat_00431
noise/cat/cat_noise_00047.png,cat,animal,land,noise,cat_00431
clean/horse/horse_clean_00048.png,horse,animal,land,clean,horse_00432
blur/horse/horse_blur_00048.png,horse,animal,land,blur,horse_00432
pixelated/horse/horse_pixelated_00048.png,horse,animal,land,pixelated,horse_00432
noise/horse/horse_noise_00048.png,horse,animal,land,noise,horse_00432
clean/frog/frog_clean_00052.png,frog,animal,land,clean,frog_00433
blur/frog/frog_blur_00052.png,frog,animal,land,blur,frog_00433
pixelated/frog/frog_pixelated_00052.png,frog,animal,land,pixelated,frog_00433
noise/frog/frog_noise_00052.png,frog,animal,land,noise,frog_00433
clean/ship/ship_clean_00037.png,ship,vehicle,water,clean,ship_00434
blur/ship/ship_blur_00037.png,ship,vehicle,water,blur,ship_00434
pixelated/ship/ship_pixelated_00037.png,ship,vehicle,water,pixelated,ship_00434
noise/ship/ship_noise_00037.png,ship,vehicle,water,noise,ship_00434
clean/cat/cat_clean_00048.png,cat,animal,land,clean,cat_00435
blur/cat/cat_blur_00048.png,cat,animal,land,blur,cat_00435
pixelated/cat/cat_pixelated_00048.png,cat,animal,land,pixelated,cat_00435
noise/cat/cat_noise_00048.png,cat,animal,land,noise,cat_00435
clean/bird/bird_clean_00053.png,bird,animal,air,clean,bird_00436
blur/bird/bird_blur_00053.png,bird,animal,air,blur,bird_00436
pixelated/bird/bird_pixelated_00053.png,bird,animal,air,pixelated,bird_00436
noise/bird/bird_noise_00053.png,bird,animal,air,noise,bird_00436
clean/frog/frog_clean_00053.png,frog,animal,land,clean,frog_00437
blur/frog/frog_blur_00053.png,frog,animal,land,blur,frog_00437
pixelated/frog/frog_pixelated_00053.png,frog,animal,land,pixelated,frog_00437
noise/frog/frog_noise_00053.png,frog,animal,land,noise,frog_00437
clean/automobile/automobile_clean_00033.png,automobile,vehicle,land,clean,automobile_00438
blur/automobile/automobile_blur_00033.png,automobile,vehicle,land,blur,automobile_00438
pixelated/automobile/automobile_pixelated_00033.png,automobile,vehicle,land,pixelated,automobile_00438
noise/automobile/automobile_noise_00033.png,automobile,vehicle,land,noise,automobile_00438
clean/deer/deer_clean_00045.png,deer,animal,land,clean,deer_00439
blur/deer/deer_blur_00045.png,deer,animal,land,blur,deer_00439
pixelated/deer/deer_pixelated_00045.png,deer,animal,land,pixelated,deer_00439
noise/deer/deer_noise_00045.png,deer,animal,land,noise,deer_00439
clean/deer/deer_clean_00046.png,deer,animal,land,clean,deer_00440
blur/deer/deer_blur_00046.png,deer,animal,land,blur,deer_00440
pixelated/deer/deer_pixelated_00046.png,deer,animal,land,pixelated,deer_00440
noise/deer/deer_noise_00046.png,deer,animal,land,noise,deer_00440
clean/automobile/automobile_clean_00034.png,automobile,vehicle,land,clean,automobile_00441
blur/automobile/automobile_blur_00034.png,automobile,vehicle,land,blur,automobile_00441
pixelated/automobile/automobile_pixelated_00034.png,automobile,vehicle,land,pixelated,automobile_00441
noise/automobile/automobile_noise_00034.png,automobile,vehicle,land,noise,automobile_00441
clean/frog/frog_clean_00054.png,frog,animal,land,clean,frog_00442
blur/frog/frog_blur_00054.png,frog,animal,land,blur,frog_00442
pixelated/frog/frog_pixelated_00054.png,frog,animal,land,pixelated,frog_00442
noise/frog/frog_noise_00054.png,frog,animal,land,noise,frog_00442
clean/automobile/automobile_clean_00035.png,automobile,vehicle,land,clean,automobile_00443
blur/automobile/automobile_blur_00035.png,automobile,vehicle,land,blur,automobile_00443
pixelated/automobile/automobile_pixelated_00035.png,automobile,vehicle,land,pixelated,automobile_00443
noise/automobile/automobile_noise_00035.png,automobile,vehicle,land,noise,automobile_00443
clean/airplane/airplane_clean_00040.png,airplane,vehicle,air,clean,airplane_00444
blur/airplane/airplane_blur_00040.png,airplane,vehicle,air,blur,airplane_00444
pixelated/airplane/airplane_pixelated_00040.png,airplane,vehicle,air,pixelated,airplane_00444
noise/airplane/airplane_noise_00040.png,airplane,vehicle,air,noise,airplane_00444
clean/ship/ship_clean_00038.png,ship,vehicle,water,clean,ship_00445
blur/ship/ship_blur_00038.png,ship,vehicle,water,blur,ship_00445
pixelated/ship/ship_pixelated_00038.png,ship,vehicle,water,pixelated,ship_00445
noise/ship/ship_noise_00038.png,ship,vehicle,water,noise,ship_00445
clean/ship/ship_clean_00039.png,ship,vehicle,water,clean,ship_00446
blur/ship/ship_blur_00039.png,ship,vehicle,water,blur,ship_00446
pixelated/ship/ship_pixelated_00039.png,ship,vehicle,water,pixelated,ship_00446
noise/ship/ship_noise_00039.png,ship,vehicle,water,noise,ship_00446
clean/bird/bird_clean_00054.png,bird,animal,air,clean,bird_00447
blur/bird/bird_blur_00054.png,bird,animal,air,blur,bird_00447
pixelated/bird/bird_pixelated_00054.png,bird,animal,air,pixelated,bird_00447
noise/bird/bird_noise_00054.png,bird,animal,air,noise,bird_00447
clean/airplane/airplane_clean_00041.png,airplane,vehicle,air,clean,airplane_00448
blur/airplane/airplane_blur_00041.png,airplane,vehicle,air,blur,airplane_00448
pixelated/airplane/airplane_pixelated_00041.png,airplane,vehicle,air,pixelated,airplane_00448
noise/airplane/airplane_noise_00041.png,airplane,vehicle,air,noise,airplane_00448
clean/cat/cat_clean_00049.png,cat,animal,land,clean,cat_00449
blur/cat/cat_blur_00049.png,cat,animal,land,blur,cat_00449
pixelated/cat/cat_pixelated_00049.png,cat,animal,land,pixelated,cat_00449
noise/cat/cat_noise_00049.png,cat,animal,land,noise,cat_00449
clean/automobile/automobile_clean_00036.png,automobile,vehicle,land,clean,automobile_00450
blur/automobile/automobile_blur_00036.png,automobile,vehicle,land,blur,automobile_00450
pixelated/automobile/automobile_pixelated_00036.png,automobile,vehicle,land,pixelated,automobile_00450
noise/automobile/automobile_noise_00036.png,automobile,vehicle,land,noise,automobile_00450
clean/frog/frog_clean_00055.png,frog,animal,land,clean,frog_00451
blur/frog/frog_blur_00055.png,frog,animal,land,blur,frog_00451
pixelated/frog/frog_pixelated_00055.png,frog,animal,land,pixelated,frog_00451
noise/frog/frog_noise_00055.png,frog,animal,land,noise,frog_00451
clean/automobile/automobile_clean_00037.png,automobile,vehicle,land,clean,automobile_00452
blur/automobile/automobile_blur_00037.png,automobile,vehicle,land,blur,automobile_00452
pixelated/automobile/automobile_pixelated_00037.png,automobile,vehicle,land,pixelated,automobile_00452
noise/automobile/automobile_noise_00037.png,automobile,vehicle,land,noise,automobile_00452
clean/dog/dog_clean_00046.png,dog,animal,land,clean,dog_00453
blur/dog/dog_blur_00046.png,dog,animal,land,blur,dog_00453
pixelated/dog/dog_pixelated_00046.png,dog,animal,land,pixelated,dog_00453
noise/dog/dog_noise_00046.png,dog,animal,land,noise,dog_00453
clean/airplane/airplane_clean_00042.png,airplane,vehicle,air,clean,airplane_00454
blur/airplane/airplane_blur_00042.png,airplane,vehicle,air,blur,airplane_00454
pixelated/airplane/airplane_pixelated_00042.png,airplane,vehicle,air,pixelated,airplane_00454
noise/airplane/airplane_noise_00042.png,airplane,vehicle,air,noise,airplane_00454
clean/horse/horse_clean_00049.png,horse,animal,land,clean,horse_00455
blur/horse/horse_blur_00049.png,horse,animal,land,blur,horse_00455
pixelated/horse/horse_pixelated_00049.png,horse,animal,land,pixelated,horse_00455
noise/horse/horse_noise_00049.png,horse,animal,land,noise,horse_00455
clean/horse/horse_clean_00050.png,horse,animal,land,clean,horse_00456
blur/horse/horse_blur_00050.png,horse,animal,land,blur,horse_00456
pixelated/horse/horse_pixelated_00050.png,horse,animal,land,pixelated,horse_00456
noise/horse/horse_noise_00050.png,horse,animal,land,noise,horse_00456
clean/frog/frog_clean_00056.png,frog,animal,land,clean,frog_00457
blur/frog/frog_blur_00056.png,frog,animal,land,blur,frog_00457
pixelated/frog/frog_pixelated_00056.png,frog,animal,land,pixelated,frog_00457
noise/frog/frog_noise_00056.png,frog,animal,land,noise,frog_00457
clean/deer/deer_clean_00047.png,deer,animal,land,clean,deer_00458
blur/deer/deer_blur_00047.png,deer,animal,land,blur,deer_00458
pixelated/deer/deer_pixelated_00047.png,deer,animal,land,pixelated,deer_00458
noise/deer/deer_noise_00047.png,deer,animal,land,noise,deer_00458
clean/dog/dog_clean_00047.png,dog,animal,land,clean,dog_00459
blur/dog/dog_blur_00047.png,dog,animal,land,blur,dog_00459
pixelated/dog/dog_pixelated_00047.png,dog,animal,land,pixelated,dog_00459
noise/dog/dog_noise_00047.png,dog,animal,land,noise,dog_00459
clean/automobile/automobile_clean_00038.png,automobile,vehicle,land,clean,automobile_00460
blur/automobile/automobile_blur_00038.png,automobile,vehicle,land,blur,automobile_00460
pixelated/automobile/automobile_pixelated_00038.png,automobile,vehicle,land,pixelated,automobile_00460
noise/automobile/automobile_noise_00038.png,automobile,vehicle,land,noise,automobile_00460
clean/deer/deer_clean_00048.png,deer,animal,land,clean,deer_00461
blur/deer/deer_blur_00048.png,deer,animal,land,blur,deer_00461
pixelated/deer/deer_pixelated_00048.png,deer,animal,land,pixelated,deer_00461
noise/deer/deer_noise_00048.png,deer,animal,land,noise,deer_00461
clean/deer/deer_clean_00049.png,deer,animal,land,clean,deer_00462
blur/deer/deer_blur_00049.png,deer,animal,land,blur,deer_00462
pixelated/deer/deer_pixelated_00049.png,deer,animal,land,pixelated,deer_00462
noise/deer/deer_noise_00049.png,deer,animal,land,noise,deer_00462
clean/frog/frog_clean_00057.png,frog,animal,land,clean,frog_00463
blur/frog/frog_blur_00057.png,frog,animal,land,blur,frog_00463
pixelated/frog/frog_pixelated_00057.png,frog,animal,land,pixelated,frog_00463
noise/frog/frog_noise_00057.png,frog,animal,land,noise,frog_00463
clean/airplane/airplane_clean_00043.png,airplane,vehicle,air,clean,airplane_00464
blur/airplane/airplane_blur_00043.png,airplane,vehicle,air,blur,airplane_00464
pixelated/airplane/airplane_pixelated_00043.png,airplane,vehicle,air,pixelated,airplane_00464
noise/airplane/airplane_noise_00043.png,airplane,vehicle,air,noise,airplane_00464
clean/dog/dog_clean_00048.png,dog,animal,land,clean,dog_00465
blur/dog/dog_blur_00048.png,dog,animal,land,blur,dog_00465
pixelated/dog/dog_pixelated_00048.png,dog,animal,land,pixelated,dog_00465
noise/dog/dog_noise_00048.png,dog,animal,land,noise,dog_00465
clean/horse/horse_clean_00051.png,horse,animal,land,clean,horse_00466
blur/horse/horse_blur_00051.png,horse,animal,land,blur,horse_00466
pixelated/horse/horse_pixelated_00051.png,horse,animal,land,pixelated,horse_00466
noise/horse/horse_noise_00051.png,horse,animal,land,noise,horse_00466
clean/deer/deer_clean_00050.png,deer,animal,land,clean,deer_00467
blur/deer/deer_blur_00050.png,deer,animal,land,blur,deer_00467
pixelated/deer/deer_pixelated_00050.png,deer,animal,land,pixelated,deer_00467
noise/deer/deer_noise_00050.png,deer,animal,land,noise,deer_00467
clean/cat/cat_clean_00050.png,cat,animal,land,clean,cat_00468
blur/cat/cat_blur_00050.png,cat,animal,land,blur,cat_00468
pixelated/cat/cat_pixelated_00050.png,cat,animal,land,pixelated,cat_00468
noise/cat/cat_noise_00050.png,cat,animal,land,noise,cat_00468
clean/deer/deer_clean_00051.png,deer,animal,land,clean,deer_00469
blur/deer/deer_blur_00051.png,deer,animal,land,blur,deer_00469
pixelated/deer/deer_pixelated_00051.png,deer,animal,land,pixelated,deer_00469
noise/deer/deer_noise_00051.png,deer,animal,land,noise,deer_00469
clean/airplane/airplane_clean_00044.png,airplane,vehicle,air,clean,airplane_00470
blur/airplane/airplane_blur_00044.png,airplane,vehicle,air,blur,airplane_00470
pixelated/airplane/airplane_pixelated_00044.png,airplane,vehicle,air,pixelated,airplane_00470
noise/airplane/airplane_noise_00044.png,airplane,vehicle,air,noise,airplane_00470
clean/ship/ship_clean_00040.png,ship,vehicle,water,clean,ship_00471
blur/ship/ship_blur_00040.png,ship,vehicle,water,blur,ship_00471
pixelated/ship/ship_pixelated_00040.png,ship,vehicle,water,pixelated,ship_00471
noise/ship/ship_noise_00040.png,ship,vehicle,water,noise,ship_00471
clean/automobile/automobile_clean_00039.png,automobile,vehicle,land,clean,automobile_00472
blur/automobile/automobile_blur_00039.png,automobile,vehicle,land,blur,automobile_00472
pixelated/automobile/automobile_pixelated_00039.png,automobile,vehicle,land,pixelated,automobile_00472
noise/automobile/automobile_noise_00039.png,automobile,vehicle,land,noise,automobile_00472
clean/ship/ship_clean_00041.png,ship,vehicle,water,clean,ship_00473
blur/ship/ship_blur_00041.png,ship,vehicle,water,blur,ship_00473
pixelated/ship/ship_pixelated_00041.png,ship,vehicle,water,pixelated,ship_00473
noise/ship/ship_noise_00041.png,ship,vehicle,water,noise,ship_00473
clean/cat/cat_clean_00051.png,cat,animal,land,clean,cat_00474
blur/cat/cat_blur_00051.png,cat,animal,land,blur,cat_00474
pixelated/cat/cat_pixelated_00051.png,cat,animal,land,pixelated,cat_00474
noise/cat/cat_noise_00051.png,cat,animal,land,noise,cat_00474
clean/frog/frog_clean_00058.png,frog,animal,land,clean,frog_00475
blur/frog/frog_blur_00058.png,frog,animal,land,blur,frog_00475
pixelated/frog/frog_pixelated_00058.png,frog,animal,land,pixelated,frog_00475
noise/frog/frog_noise_00058.png,frog,animal,land,noise,frog_00475
clean/deer/deer_clean_00052.png,deer,animal,land,clean,deer_00476
blur/deer/deer_blur_00052.png,deer,animal,land,blur,deer_00476
pixelated/deer/deer_pixelated_00052.png,deer,animal,land,pixelated,deer_00476
noise/deer/deer_noise_00052.png,deer,animal,land,noise,deer_00476
clean/deer/deer_clean_00053.png,deer,animal,land,clean,deer_00477
blur/deer/deer_blur_00053.png,deer,animal,land,blur,deer_00477
pixelated/deer/deer_pixelated_00053.png,deer,animal,land,pixelated,deer_00477
noise/deer/deer_noise_00053.png,deer,animal,land,noise,deer_00477
clean/truck/truck_clean_00039.png,truck,vehicle,land,clean,truck_00478
blur/truck/truck_blur_00039.png,truck,vehicle,land,blur,truck_00478
pixelated/truck/truck_pixelated_00039.png,truck,vehicle,land,pixelated,truck_00478
noise/truck/truck_noise_00039.png,truck,vehicle,land,noise,truck_00478
clean/frog/frog_clean_00059.png,frog,animal,land,clean,frog_00479
blur/frog/frog_blur_00059.png,frog,animal,land,blur,frog_00479
pixelated/frog/frog_pixelated_00059.png,frog,animal,land,pixelated,frog_00479
noise/frog/frog_noise_00059.png,frog,animal,land,noise,frog_00479
clean/deer/deer_clean_00054.png,deer,animal,land,clean,deer_00480
blur/deer/deer_blur_00054.png,deer,animal,land,blur,deer_00480
pixelated/deer/deer_pixelated_00054.png,deer,animal,land,pixelated,deer_00480
noise/deer/deer_noise_00054.png,deer,animal,land,noise,deer_00480
clean/automobile/automobile_clean_00040.png,automobile,vehicle,land,clean,automobile_00481
blur/automobile/automobile_blur_00040.png,automobile,vehicle,land,blur,automobile_00481
pixelated/automobile/automobile_pixelated_00040.png,automobile,vehicle,land,pixelated,automobile_00481
noise/automobile/automobile_noise_00040.png,automobile,vehicle,land,noise,automobile_00481
clean/automobile/automobile_clean_00041.png,automobile,vehicle,land,clean,automobile_00482
blur/automobile/automobile_blur_00041.png,automobile,vehicle,land,blur,automobile_00482
pixelated/automobile/automobile_pixelated_00041.png,automobile,vehicle,land,pixelated,automobile_00482
noise/automobile/automobile_noise_00041.png,automobile,vehicle,land,noise,automobile_00482
clean/truck/truck_clean_00040.png,truck,vehicle,land,clean,truck_00483
blur/truck/truck_blur_00040.png,truck,vehicle,land,blur,truck_00483
pixelated/truck/truck_pixelated_00040.png,truck,vehicle,land,pixelated,truck_00483
noise/truck/truck_noise_00040.png,truck,vehicle,land,noise,truck_00483
clean/cat/cat_clean_00052.png,cat,animal,land,clean,cat_00484
blur/cat/cat_blur_00052.png,cat,animal,land,blur,cat_00484
pixelated/cat/cat_pixelated_00052.png,cat,animal,land,pixelated,cat_00484
noise/cat/cat_noise_00052.png,cat,animal,land,noise,cat_00484
clean/airplane/airplane_clean_00045.png,airplane,vehicle,air,clean,airplane_00485
blur/airplane/airplane_blur_00045.png,airplane,vehicle,air,blur,airplane_00485
pixelated/airplane/airplane_pixelated_00045.png,airplane,vehicle,air,pixelated,airplane_00485
noise/airplane/airplane_noise_00045.png,airplane,vehicle,air,noise,airplane_00485
clean/bird/bird_clean_00055.png,bird,animal,air,clean,bird_00486
blur/bird/bird_blur_00055.png,bird,animal,air,blur,bird_00486
pixelated/bird/bird_pixelated_00055.png,bird,animal,air,pixelated,bird_00486
noise/bird/bird_noise_00055.png,bird,animal,air,noise,bird_00486
clean/deer/deer_clean_00055.png,deer,animal,land,clean,deer_00487
blur/deer/deer_blur_00055.png,deer,animal,land,blur,deer_00487
pixelated/deer/deer_pixelated_00055.png,deer,animal,land,pixelated,deer_00487
noise/deer/deer_noise_00055.png,deer,animal,land,noise,deer_00487
clean/deer/deer_clean_00056.png,deer,animal,land,clean,deer_00488
blur/deer/deer_blur_00056.png,deer,animal,land,blur,deer_00488
pixelated/deer/deer_pixelated_00056.png,deer,animal,land,pixelated,deer_00488
noise/deer/deer_noise_00056.png,deer,animal,land,noise,deer_00488
clean/bird/bird_clean_00056.png,bird,animal,air,clean,bird_00489
blur/bird/bird_blur_00056.png,bird,animal,air,blur,bird_00489
pixelated/bird/bird_pixelated_00056.png,bird,animal,air,pixelated,bird_00489
noise/bird/bird_noise_00056.png,bird,animal,air,noise,bird_00489
clean/ship/ship_clean_00042.png,ship,vehicle,water,clean,ship_00490
blur/ship/ship_blur_00042.png,ship,vehicle,water,blur,ship_00490
pixelated/ship/ship_pixelated_00042.png,ship,vehicle,water,pixelated,ship_00490
noise/ship/ship_noise_00042.png,ship,vehicle,water,noise,ship_00490
clean/airplane/airplane_clean_00046.png,airplane,vehicle,air,clean,airplane_00491
blur/airplane/airplane_blur_00046.png,airplane,vehicle,air,blur,airplane_00491
pixelated/airplane/airplane_pixelated_00046.png,airplane,vehicle,air,pixelated,airplane_00491
noise/airplane/airplane_noise_00046.png,airplane,vehicle,air,noise,airplane_00491
clean/automobile/automobile_clean_00042.png,automobile,vehicle,land,clean,automobile_00492
blur/automobile/automobile_blur_00042.png,automobile,vehicle,land,blur,automobile_00492
pixelated/automobile/automobile_pixelated_00042.png,automobile,vehicle,land,pixelated,automobile_00492
noise/automobile/automobile_noise_00042.png,automobile,vehicle,land,noise,automobile_00492
clean/frog/frog_clean_00060.png,frog,animal,land,clean,frog_00493
blur/frog/frog_blur_00060.png,frog,animal,land,blur,frog_00493
pixelated/frog/frog_pixelated_00060.png,frog,animal,land,pixelated,frog_00493
noise/frog/frog_noise_00060.png,frog,animal,land,noise,frog_00493
clean/ship/ship_clean_00043.png,ship,vehicle,water,clean,ship_00494
blur/ship/ship_blur_00043.png,ship,vehicle,water,blur,ship_00494
pixelated/ship/ship_pixelated_00043.png,ship,vehicle,water,pixelated,ship_00494
noise/ship/ship_noise_00043.png,ship,vehicle,water,noise,ship_00494
clean/dog/dog_clean_00049.png,dog,animal,land,clean,dog_00495
blur/dog/dog_blur_00049.png,dog,animal,land,blur,dog_00495
pixelated/dog/dog_pixelated_00049.png,dog,animal,land,pixelated,dog_00495
noise/dog/dog_noise_00049.png,dog,animal,land,noise,dog_00495
clean/ship/ship_clean_00044.png,ship,vehicle,water,clean,ship_00496
blur/ship/ship_blur_00044.png,ship,vehicle,water,blur,ship_00496
pixelated/ship/ship_pixelated_00044.png,ship,vehicle,water,pixelated,ship_00496
noise/ship/ship_noise_00044.png,ship,vehicle,water,noise,ship_00496
clean/airplane/airplane_clean_00047.png,airplane,vehicle,air,clean,airplane_00497
blur/airplane/airplane_blur_00047.png,airplane,vehicle,air,blur,airplane_00497
pixelated/airplane/airplane_pixelated_00047.png,airplane,vehicle,air,pixelated,airplane_00497
noise/airplane/airplane_noise_00047.png,airplane,vehicle,air,noise,airplane_00497
clean/cat/cat_clean_00053.png,cat,animal,land,clean,cat_00498
blur/cat/cat_blur_00053.png,cat,animal,land,blur,cat_00498
pixelated/cat/cat_pixelated_00053.png,cat,animal,land,pixelated,cat_00498
noise/cat/cat_noise_00053.png,cat,animal,land,noise,cat_00498
clean/airplane/airplane_clean_00048.png,airplane,vehicle,air,clean,airplane_00499
blur/airplane/airplane_blur_00048.png,airplane,vehicle,air,blur,airplane_00499
pixelated/airplane/airplane_pixelated_00048.png,airplane,vehicle,air,pixelated,airplane_00499
noise/airplane/airplane_noise_00048.png,airplane,vehicle,air,noise,airplane_00499
clean/deer/deer_clean_00057.png,deer,animal,land,clean,deer_00500
blur/deer/deer_blur_00057.png,deer,animal,land,blur,deer_00500
pixelated/deer/deer_pixelated_00057.png,deer,animal,land,pixelated,deer_00500
noise/deer/deer_noise_00057.png,deer,animal,land,noise,deer_00500
clean/frog/frog_clean_00061.png,frog,animal,land,clean,frog_00501
blur/frog/frog_blur_00061.png,frog,animal,land,blur,frog_00501
pixelated/frog/frog_pixelated_00061.png,frog,animal,land,pixelated,frog_00501
noise/frog/frog_noise_00061.png,frog,animal,land,noise,frog_00501
clean/cat/cat_clean_00054.png,cat,animal,land,clean,cat_00502
blur/cat/cat_blur_00054.png,cat,animal,land,blur,cat_00502
pixelated/cat/cat_pixelated_00054.png,cat,animal,land,pixelated,cat_00502
noise/cat/cat_noise_00054.png,cat,animal,land,noise,cat_00502
clean/deer/deer_clean_00058.png,deer,animal,land,clean,deer_00503
blur/deer/deer_blur_00058.png,deer,animal,land,blur,deer_00503
pixelated/deer/deer_pixelated_00058.png,deer,animal,land,pixelated,deer_00503
noise/deer/deer_noise_00058.png,deer,animal,land,noise,deer_00503
clean/airplane/airplane_clean_00049.png,airplane,vehicle,air,clean,airplane_00504
blur/airplane/airplane_blur_00049.png,airplane,vehicle,air,blur,airplane_00504
pixelated/airplane/airplane_pixelated_00049.png,airplane,vehicle,air,pixelated,airplane_00504
noise/airplane/airplane_noise_00049.png,airplane,vehicle,air,noise,airplane_00504
clean/cat/cat_clean_00055.png,cat,animal,land,clean,cat_00505
blur/cat/cat_blur_00055.png,cat,animal,land,blur,cat_00505
pixelated/cat/cat_pixelated_00055.png,cat,animal,land,pixelated,cat_00505
noise/cat/cat_noise_00055.png,cat,animal,land,noise,cat_00505
clean/horse/horse_clean_00052.png,horse,animal,land,clean,horse_00506
blur/horse/horse_blur_00052.png,horse,animal,land,blur,horse_00506
pixelated/horse/horse_pixelated_00052.png,horse,animal,land,pixelated,horse_00506
noise/horse/horse_noise_00052.png,horse,animal,land,noise,horse_00506
clean/truck/truck_clean_00041.png,truck,vehicle,land,clean,truck_00507
blur/truck/truck_blur_00041.png,truck,vehicle,land,blur,truck_00507
pixelated/truck/truck_pixelated_00041.png,truck,vehicle,land,pixelated,truck_00507
noise/truck/truck_noise_00041.png,truck,vehicle,land,noise,truck_00507
clean/automobile/automobile_clean_00043.png,automobile,vehicle,land,clean,automobile_00508
blur/automobile/automobile_blur_00043.png,automobile,vehicle,land,blur,automobile_00508
pixelated/automobile/automobile_pixelated_00043.png,automobile,vehicle,land,pixelated,automobile_00508
noise/automobile/automobile_noise_00043.png,automobile,vehicle,land,noise,automobile_00508
clean/ship/ship_clean_00045.png,ship,vehicle,water,clean,ship_00509
blur/ship/ship_blur_00045.png,ship,vehicle,water,blur,ship_00509
pixelated/ship/ship_pixelated_00045.png,ship,vehicle,water,pixelated,ship_00509
noise/ship/ship_noise_00045.png,ship,vehicle,water,noise,ship_00509
clean/deer/deer_clean_00059.png,deer,animal,land,clean,deer_00510
blur/deer/deer_blur_00059.png,deer,animal,land,blur,deer_00510
pixelated/deer/deer_pixelated_00059.png,deer,animal,land,pixelated,deer_00510
noise/deer/deer_noise_00059.png,deer,animal,land,noise,deer_00510
clean/cat/cat_clean_00056.png,cat,animal,land,clean,cat_00511
blur/cat/cat_blur_00056.png,cat,animal,land,blur,cat_00511
pixelated/cat/cat_pixelated_00056.png,cat,animal,land,pixelated,cat_00511
noise/cat/cat_noise_00056.png,cat,animal,land,noise,cat_00511
clean/bird/bird_clean_00057.png,bird,animal,air,clean,bird_00512
blur/bird/bird_blur_00057.png,bird,animal,air,blur,bird_00512
pixelated/bird/bird_pixelated_00057.png,bird,animal,air,pixelated,bird_00512
noise/bird/bird_noise_00057.png,bird,animal,air,noise,bird_00512
clean/bird/bird_clean_00058.png,bird,animal,air,clean,bird_00513
blur/bird/bird_blur_00058.png,bird,animal,air,blur,bird_00513
pixelated/bird/bird_pixelated_00058.png,bird,animal,air,pixelated,bird_00513
noise/bird/bird_noise_00058.png,bird,animal,air,noise,bird_00513
clean/automobile/automobile_clean_00044.png,automobile,vehicle,land,clean,automobile_00514
blur/automobile/automobile_blur_00044.png,automobile,vehicle,land,blur,automobile_00514
pixelated/automobile/automobile_pixelated_00044.png,automobile,vehicle,land,pixelated,automobile_00514
noise/automobile/automobile_noise_00044.png,automobile,vehicle,land,noise,automobile_00514
clean/cat/cat_clean_00057.png,cat,animal,land,clean,cat_00515
blur/cat/cat_blur_00057.png,cat,animal,land,blur,cat_00515
pixelated/cat/cat_pixelated_00057.png,cat,animal,land,pixelated,cat_00515
noise/cat/cat_noise_00057.png,cat,animal,land,noise,cat_00515
clean/ship/ship_clean_00046.png,ship,vehicle,water,clean,ship_00516
blur/ship/ship_blur_00046.png,ship,vehicle,water,blur,ship_00516
pixelated/ship/ship_pixelated_00046.png,ship,vehicle,water,pixelated,ship_00516
noise/ship/ship_noise_00046.png,ship,vehicle,water,noise,ship_00516
clean/frog/frog_clean_00062.png,frog,animal,land,clean,frog_00517
blur/frog/frog_blur_00062.png,frog,animal,land,blur,frog_00517
pixelated/frog/frog_pixelated_00062.png,frog,animal,land,pixelated,frog_00517
noise/frog/frog_noise_00062.png,frog,animal,land,noise,frog_00517
clean/automobile/automobile_clean_00045.png,automobile,vehicle,land,clean,automobile_00518
blur/automobile/automobile_blur_00045.png,automobile,vehicle,land,blur,automobile_00518
pixelated/automobile/automobile_pixelated_00045.png,automobile,vehicle,land,pixelated,automobile_00518
noise/automobile/automobile_noise_00045.png,automobile,vehicle,land,noise,automobile_00518
clean/cat/cat_clean_00058.png,cat,animal,land,clean,cat_00519
blur/cat/cat_blur_00058.png,cat,animal,land,blur,cat_00519
pixelated/cat/cat_pixelated_00058.png,cat,animal,land,pixelated,cat_00519
noise/cat/cat_noise_00058.png,cat,animal,land,noise,cat_00519
clean/horse/horse_clean_00053.png,horse,animal,land,clean,horse_00520
blur/horse/horse_blur_00053.png,horse,animal,land,blur,horse_00520
pixelated/horse/horse_pixelated_00053.png,horse,animal,land,pixelated,horse_00520
noise/horse/horse_noise_00053.png,horse,animal,land,noise,horse_00520
clean/cat/cat_clean_00059.png,cat,animal,land,clean,cat_00521
blur/cat/cat_blur_00059.png,cat,animal,land,blur,cat_00521
pixelated/cat/cat_pixelated_00059.png,cat,animal,land,pixelated,cat_00521
noise/cat/cat_noise_00059.png,cat,animal,land,noise,cat_00521
clean/deer/deer_clean_00060.png,deer,animal,land,clean,deer_00522
blur/deer/deer_blur_00060.png,deer,animal,land,blur,deer_00522
pixelated/deer/deer_pixelated_00060.png,deer,animal,land,pixelated,deer_00522
noise/deer/deer_noise_00060.png,deer,animal,land,noise,deer_00522
clean/ship/ship_clean_00047.png,ship,vehicle,water,clean,ship_00523
blur/ship/ship_blur_00047.png,ship,vehicle,water,blur,ship_00523
pixelated/ship/ship_pixelated_00047.png,ship,vehicle,water,pixelated,ship_00523
noise/ship/ship_noise_00047.png,ship,vehicle,water,noise,ship_00523
clean/truck/truck_clean_00042.png,truck,vehicle,land,clean,truck_00524
blur/truck/truck_blur_00042.png,truck,vehicle,land,blur,truck_00524
pixelated/truck/truck_pixelated_00042.png,truck,vehicle,land,pixelated,truck_00524
noise/truck/truck_noise_00042.png,truck,vehicle,land,noise,truck_00524
clean/truck/truck_clean_00043.png,truck,vehicle,land,clean,truck_00525
blur/truck/truck_blur_00043.png,truck,vehicle,land,blur,truck_00525
pixelated/truck/truck_pixelated_00043.png,truck,vehicle,land,pixelated,truck_00525
noise/truck/truck_noise_00043.png,truck,vehicle,land,noise,truck_00525
clean/bird/bird_clean_00059.png,bird,animal,air,clean,bird_00526
blur/bird/bird_blur_00059.png,bird,animal,air,blur,bird_00526
pixelated/bird/bird_pixelated_00059.png,bird,animal,air,pixelated,bird_00526
noise/bird/bird_noise_00059.png,bird,animal,air,noise,bird_00526
clean/deer/deer_clean_00061.png,deer,animal,land,clean,deer_00527
blur/deer/deer_blur_00061.png,deer,animal,land,blur,deer_00527
pixelated/deer/deer_pixelated_00061.png,deer,animal,land,pixelated,deer_00527
noise/deer/deer_noise_00061.png,deer,animal,land,noise,deer_00527
clean/airplane/airplane_clean_00050.png,airplane,vehicle,air,clean,airplane_00528
blur/airplane/airplane_blur_00050.png,airplane,vehicle,air,blur,airplane_00528
pixelated/airplane/airplane_pixelated_00050.png,airplane,vehicle,air,pixelated,airplane_00528
noise/airplane/airplane_noise_00050.png,airplane,vehicle,air,noise,airplane_00528
clean/cat/cat_clean_00060.png,cat,animal,land,clean,cat_00529
blur/cat/cat_blur_00060.png,cat,animal,land,blur,cat_00529
pixelated/cat/cat_pixelated_00060.png,cat,animal,land,pixelated,cat_00529
noise/cat/cat_noise_00060.png,cat,animal,land,noise,cat_00529
clean/truck/truck_clean_00044.png,truck,vehicle,land,clean,truck_00530
blur/truck/truck_blur_00044.png,truck,vehicle,land,blur,truck_00530
pixelated/truck/truck_pixelated_00044.png,truck,vehicle,land,pixelated,truck_00530
noise/truck/truck_noise_00044.png,truck,vehicle,land,noise,truck_00530
clean/dog/dog_clean_00050.png,dog,animal,land,clean,dog_00531
blur/dog/dog_blur_00050.png,dog,animal,land,blur,dog_00531
pixelated/dog/dog_pixelated_00050.png,dog,animal,land,pixelated,dog_00531
noise/dog/dog_noise_00050.png,dog,animal,land,noise,dog_00531
clean/truck/truck_clean_00045.png,truck,vehicle,land,clean,truck_00532
blur/truck/truck_blur_00045.png,truck,vehicle,land,blur,truck_00532
pixelated/truck/truck_pixelated_00045.png,truck,vehicle,land,pixelated,truck_00532
noise/truck/truck_noise_00045.png,truck,vehicle,land,noise,truck_00532
clean/dog/dog_clean_00051.png,dog,animal,land,clean,dog_00533
blur/dog/dog_blur_00051.png,dog,animal,land,blur,dog_00533
pixelated/dog/dog_pixelated_00051.png,dog,animal,land,pixelated,dog_00533
noise/dog/dog_noise_00051.png,dog,animal,land,noise,dog_00533
clean/airplane/airplane_clean_00051.png,airplane,vehicle,air,clean,airplane_00534
blur/airplane/airplane_blur_00051.png,airplane,vehicle,air,blur,airplane_00534
pixelated/airplane/airplane_pixelated_00051.png,airplane,vehicle,air,pixelated,airplane_00534
noise/airplane/airplane_noise_00051.png,airplane,vehicle,air,noise,airplane_00534
clean/cat/cat_clean_00061.png,cat,animal,land,clean,cat_00535
blur/cat/cat_blur_00061.png,cat,animal,land,blur,cat_00535
pixelated/cat/cat_pixelated_00061.png,cat,animal,land,pixelated,cat_00535
noise/cat/cat_noise_00061.png,cat,animal,land,noise,cat_00535
clean/deer/deer_clean_00062.png,deer,animal,land,clean,deer_00536
blur/deer/deer_blur_00062.png,deer,animal,land,blur,deer_00536
pixelated/deer/deer_pixelated_00062.png,deer,animal,land,pixelated,deer_00536
noise/deer/deer_noise_00062.png,deer,animal,land,noise,deer_00536
clean/ship/ship_clean_00048.png,ship,vehicle,water,clean,ship_00537
blur/ship/ship_blur_00048.png,ship,vehicle,water,blur,ship_00537
pixelated/ship/ship_pixelated_00048.png,ship,vehicle,water,pixelated,ship_00537
noise/ship/ship_noise_00048.png,ship,vehicle,water,noise,ship_00537
clean/truck/truck_clean_00046.png,truck,vehicle,land,clean,truck_00538
blur/truck/truck_blur_00046.png,truck,vehicle,land,blur,truck_00538
pixelated/truck/truck_pixelated_00046.png,truck,vehicle,land,pixelated,truck_00538
noise/truck/truck_noise_00046.png,truck,vehicle,land,noise,truck_00538
clean/bird/bird_clean_00060.png,bird,animal,air,clean,bird_00539
blur/bird/bird_blur_00060.png,bird,animal,air,blur,bird_00539
pixelated/bird/bird_pixelated_00060.png,bird,animal,air,pixelated,bird_00539
noise/bird/bird_noise_00060.png,bird,animal,air,noise,bird_00539
clean/deer/deer_clean_00063.png,deer,animal,land,clean,deer_00540
blur/deer/deer_blur_00063.png,deer,animal,land,blur,deer_00540
pixelated/deer/deer_pixelated_00063.png,deer,animal,land,pixelated,deer_00540
noise/deer/deer_noise_00063.png,deer,animal,land,noise,deer_00540
clean/dog/dog_clean_00052.png,dog,animal,land,clean,dog_00541
blur/dog/dog_blur_00052.png,dog,animal,land,blur,dog_00541
pixelated/dog/dog_pixelated_00052.png,dog,animal,land,pixelated,dog_00541
noise/dog/dog_noise_00052.png,dog,animal,land,noise,dog_00541
clean/frog/frog_clean_00063.png,frog,animal,land,clean,frog_00542
blur/frog/frog_blur_00063.png,frog,animal,land,blur,frog_00542
pixelated/frog/frog_pixelated_00063.png,frog,animal,land,pixelated,frog_00542
noise/frog/frog_noise_00063.png,frog,animal,land,noise,frog_00542
clean/frog/frog_clean_00064.png,frog,animal,land,clean,frog_00543
blur/frog/frog_blur_00064.png,frog,animal,land,blur,frog_00543
pixelated/frog/frog_pixelated_00064.png,frog,animal,land,pixelated,frog_00543
noise/frog/frog_noise_00064.png,frog,animal,land,noise,frog_00543
clean/dog/dog_clean_00053.png,dog,animal,land,clean,dog_00544
blur/dog/dog_blur_00053.png,dog,animal,land,blur,dog_00544
pixelated/dog/dog_pixelated_00053.png,dog,animal,land,pixelated,dog_00544
noise/dog/dog_noise_00053.png,dog,animal,land,noise,dog_00544
clean/automobile/automobile_clean_00046.png,automobile,vehicle,land,clean,automobile_00545
blur/automobile/automobile_blur_00046.png,automobile,vehicle,land,blur,automobile_00545
pixelated/automobile/automobile_pixelated_00046.png,automobile,vehicle,land,pixelated,automobile_00545
noise/automobile/automobile_noise_00046.png,automobile,vehicle,land,noise,automobile_00545
clean/deer/deer_clean_00064.png,deer,animal,land,clean,deer_00546
blur/deer/deer_blur_00064.png,deer,animal,land,blur,deer_00546
pixelated/deer/deer_pixelated_00064.png,deer,animal,land,pixelated,deer_00546
noise/deer/deer_noise_00064.png,deer,animal,land,noise,deer_00546
clean/airplane/airplane_clean_00052.png,airplane,vehicle,air,clean,airplane_00547
blur/airplane/airplane_blur_00052.png,airplane,vehicle,air,blur,airplane_00547
pixelated/airplane/airplane_pixelated_00052.png,airplane,vehicle,air,pixelated,airplane_00547
noise/airplane/airplane_noise_00052.png,airplane,vehicle,air,noise,airplane_00547
clean/dog/dog_clean_00054.png,dog,animal,land,clean,dog_00548
blur/dog/dog_blur_00054.png,dog,animal,land,blur,dog_00548
pixelated/dog/dog_pixelated_00054.png,dog,animal,land,pixelated,dog_00548
noise/dog/dog_noise_00054.png,dog,animal,land,noise,dog_00548
clean/frog/frog_clean_00065.png,frog,animal,land,clean,frog_00549
blur/frog/frog_blur_00065.png,frog,animal,land,blur,frog_00549
pixelated/frog/frog_pixelated_00065.png,frog,animal,land,pixelated,frog_00549
noise/frog/frog_noise_00065.png,frog,animal,land,noise,frog_00549
clean/ship/ship_clean_00049.png,ship,vehicle,water,clean,ship_00550
blur/ship/ship_blur_00049.png,ship,vehicle,water,blur,ship_00550
pixelated/ship/ship_pixelated_00049.png,ship,vehicle,water,pixelated,ship_00550
noise/ship/ship_noise_00049.png,ship,vehicle,water,noise,ship_00550
clean/horse/horse_clean_00054.png,horse,animal,land,clean,horse_00551
blur/horse/horse_blur_00054.png,horse,animal,land,blur,horse_00551
pixelated/horse/horse_pixelated_00054.png,horse,animal,land,pixelated,horse_00551
noise/horse/horse_noise_00054.png,horse,animal,land,noise,horse_00551
clean/frog/frog_clean_00066.png,frog,animal,land,clean,frog_00552
blur/frog/frog_blur_00066.png,frog,animal,land,blur,frog_00552
pixelated/frog/frog_pixelated_00066.png,frog,animal,land,pixelated,frog_00552
noise/frog/frog_noise_00066.png,frog,animal,land,noise,frog_00552
clean/frog/frog_clean_00067.png,frog,animal,land,clean,frog_00553
blur/frog/frog_blur_00067.png,frog,animal,land,blur,frog_00553
pixelated/frog/frog_pixelated_00067.png,frog,animal,land,pixelated,frog_00553
noise/frog/frog_noise_00067.png,frog,animal,land,noise,frog_00553
clean/frog/frog_clean_00068.png,frog,animal,land,clean,frog_00554
blur/frog/frog_blur_00068.png,frog,animal,land,blur,frog_00554
pixelated/frog/frog_pixelated_00068.png,frog,animal,land,pixelated,frog_00554
noise/frog/frog_noise_00068.png,frog,animal,land,noise,frog_00554
clean/bird/bird_clean_00061.png,bird,animal,air,clean,bird_00555
blur/bird/bird_blur_00061.png,bird,animal,air,blur,bird_00555
pixelated/bird/bird_pixelated_00061.png,bird,animal,air,pixelated,bird_00555
noise/bird/bird_noise_00061.png,bird,animal,air,noise,bird_00555
clean/bird/bird_clean_00062.png,bird,animal,air,clean,bird_00556
blur/bird/bird_blur_00062.png,bird,animal,air,blur,bird_00556
pixelated/bird/bird_pixelated_00062.png,bird,animal,air,pixelated,bird_00556
noise/bird/bird_noise_00062.png,bird,animal,air,noise,bird_00556
clean/ship/ship_clean_00050.png,ship,vehicle,water,clean,ship_00557
blur/ship/ship_blur_00050.png,ship,vehicle,water,blur,ship_00557
pixelated/ship/ship_pixelated_00050.png,ship,vehicle,water,pixelated,ship_00557
noise/ship/ship_noise_00050.png,ship,vehicle,water,noise,ship_00557
clean/dog/dog_clean_00055.png,dog,animal,land,clean,dog_00558
blur/dog/dog_blur_00055.png,dog,animal,land,blur,dog_00558
pixelated/dog/dog_pixelated_00055.png,dog,animal,land,pixelated,dog_00558
noise/dog/dog_noise_00055.png,dog,animal,land,noise,dog_00558
clean/ship/ship_clean_00051.png,ship,vehicle,water,clean,ship_00559
blur/ship/ship_blur_00051.png,ship,vehicle,water,blur,ship_00559
pixelated/ship/ship_pixelated_00051.png,ship,vehicle,water,pixelated,ship_00559
noise/ship/ship_noise_00051.png,ship,vehicle,water,noise,ship_00559
clean/automobile/automobile_clean_00047.png,automobile,vehicle,land,clean,automobile_00560
blur/automobile/automobile_blur_00047.png,automobile,vehicle,land,blur,automobile_00560
pixelated/automobile/automobile_pixelated_00047.png,automobile,vehicle,land,pixelated,automobile_00560
noise/automobile/automobile_noise_00047.png,automobile,vehicle,land,noise,automobile_00560
clean/dog/dog_clean_00056.png,dog,animal,land,clean,dog_00561
blur/dog/dog_blur_00056.png,dog,animal,land,blur,dog_00561
pixelated/dog/dog_pixelated_00056.png,dog,animal,land,pixelated,dog_00561
noise/dog/dog_noise_00056.png,dog,animal,land,noise,dog_00561
clean/bird/bird_clean_00063.png,bird,animal,air,clean,bird_00562
blur/bird/bird_blur_00063.png,bird,animal,air,blur,bird_00562
pixelated/bird/bird_pixelated_00063.png,bird,animal,air,pixelated,bird_00562
noise/bird/bird_noise_00063.png,bird,animal,air,noise,bird_00562
clean/truck/truck_clean_00047.png,truck,vehicle,land,clean,truck_00563
blur/truck/truck_blur_00047.png,truck,vehicle,land,blur,truck_00563
pixelated/truck/truck_pixelated_00047.png,truck,vehicle,land,pixelated,truck_00563
noise/truck/truck_noise_00047.png,truck,vehicle,land,noise,truck_00563
clean/truck/truck_clean_00048.png,truck,vehicle,land,clean,truck_00564
blur/truck/truck_blur_00048.png,truck,vehicle,land,blur,truck_00564
pixelated/truck/truck_pixelated_00048.png,truck,vehicle,land,pixelated,truck_00564
noise/truck/truck_noise_00048.png,truck,vehicle,land,noise,truck_00564
clean/horse/horse_clean_00055.png,horse,animal,land,clean,horse_00565
blur/horse/horse_blur_00055.png,horse,animal,land,blur,horse_00565
pixelated/horse/horse_pixelated_00055.png,horse,animal,land,pixelated,horse_00565
noise/horse/horse_noise_00055.png,horse,animal,land,noise,horse_00565
clean/ship/ship_clean_00052.png,ship,vehicle,water,clean,ship_00566
blur/ship/ship_blur_00052.png,ship,vehicle,water,blur,ship_00566
pixelated/ship/ship_pixelated_00052.png,ship,vehicle,water,pixelated,ship_00566
noise/ship/ship_noise_00052.png,ship,vehicle,water,noise,ship_00566
clean/frog/frog_clean_00069.png,frog,animal,land,clean,frog_00567
blur/frog/frog_blur_00069.png,frog,animal,land,blur,frog_00567
pixelated/frog/frog_pixelated_00069.png,frog,animal,land,pixelated,frog_00567
noise/frog/frog_noise_00069.png,frog,animal,land,noise,frog_00567
clean/airplane/airplane_clean_00053.png,airplane,vehicle,air,clean,airplane_00568
blur/airplane/airplane_blur_00053.png,airplane,vehicle,air,blur,airplane_00568
pixelated/airplane/airplane_pixelated_00053.png,airplane,vehicle,air,pixelated,airplane_00568
noise/airplane/airplane_noise_00053.png,airplane,vehicle,air,noise,airplane_00568
clean/ship/ship_clean_00053.png,ship,vehicle,water,clean,ship_00569
blur/ship/ship_blur_00053.png,ship,vehicle,water,blur,ship_00569
pixelated/ship/ship_pixelated_00053.png,ship,vehicle,water,pixelated,ship_00569
noise/ship/ship_noise_00053.png,ship,vehicle,water,noise,ship_00569
clean/truck/truck_clean_00049.png,truck,vehicle,land,clean,truck_00570
blur/truck/truck_blur_00049.png,truck,vehicle,land,blur,truck_00570
pixelated/truck/truck_pixelated_00049.png,truck,vehicle,land,pixelated,truck_00570
noise/truck/truck_noise_00049.png,truck,vehicle,land,noise,truck_00570
clean/automobile/automobile_clean_00048.png,automobile,vehicle,land,clean,automobile_00571
blur/automobile/automobile_blur_00048.png,automobile,vehicle,land,blur,automobile_00571
pixelated/automobile/automobile_pixelated_00048.png,automobile,vehicle,land,pixelated,automobile_00571
noise/automobile/automobile_noise_00048.png,automobile,vehicle,land,noise,automobile_00571
clean/automobile/automobile_clean_00049.png,automobile,vehicle,land,clean,automobile_00572
blur/automobile/automobile_blur_00049.png,automobile,vehicle,land,blur,automobile_00572
pixelated/automobile/automobile_pixelated_00049.png,automobile,vehicle,land,pixelated,automobile_00572
noise/automobile/automobile_noise_00049.png,automobile,vehicle,land,noise,automobile_00572
clean/dog/dog_clean_00057.png,dog,animal,land,clean,dog_00573
blur/dog/dog_blur_00057.png,dog,animal,land,blur,dog_00573
pixelated/dog/dog_pixelated_00057.png,dog,animal,land,pixelated,dog_00573
noise/dog/dog_noise_00057.png,dog,animal,land,noise,dog_00573
clean/ship/ship_clean_00054.png,ship,vehicle,water,clean,ship_00574
blur/ship/ship_blur_00054.png,ship,vehicle,water,blur,ship_00574
pixelated/ship/ship_pixelated_00054.png,ship,vehicle,water,pixelated,ship_00574
noise/ship/ship_noise_00054.png,ship,vehicle,water,noise,ship_00574
clean/truck/truck_clean_00050.png,truck,vehicle,land,clean,truck_00575
blur/truck/truck_blur_00050.png,truck,vehicle,land,blur,truck_00575
pixelated/truck/truck_pixelated_00050.png,truck,vehicle,land,pixelated,truck_00575
noise/truck/truck_noise_00050.png,truck,vehicle,land,noise,truck_00575
clean/cat/cat_clean_00062.png,cat,animal,land,clean,cat_00576
blur/cat/cat_blur_00062.png,cat,animal,land,blur,cat_00576
pixelated/cat/cat_pixelated_00062.png,cat,animal,land,pixelated,cat_00576
noise/cat/cat_noise_00062.png,cat,animal,land,noise,cat_00576
clean/bird/bird_clean_00064.png,bird,animal,air,clean,bird_00577
blur/bird/bird_blur_00064.png,bird,animal,air,blur,bird_00577
pixelated/bird/bird_pixelated_00064.png,bird,animal,air,pixelated,bird_00577
noise/bird/bird_noise_00064.png,bird,animal,air,noise,bird_00577
clean/cat/cat_clean_00063.png,cat,animal,land,clean,cat_00578
blur/cat/cat_blur_00063.png,cat,animal,land,blur,cat_00578
pixelated/cat/cat_pixelated_00063.png,cat,animal,land,pixelated,cat_00578
noise/cat/cat_noise_00063.png,cat,animal,land,noise,cat_00578
clean/cat/cat_clean_00064.png,cat,animal,land,clean,cat_00579
blur/cat/cat_blur_00064.png,cat,animal,land,blur,cat_00579
pixelated/cat/cat_pixelated_00064.png,cat,animal,land,pixelated,cat_00579
noise/cat/cat_noise_00064.png,cat,animal,land,noise,cat_00579
clean/dog/dog_clean_00058.png,dog,animal,land,clean,dog_00580
blur/dog/dog_blur_00058.png,dog,animal,land,blur,dog_00580
pixelated/dog/dog_pixelated_00058.png,dog,animal,land,pixelated,dog_00580
noise/dog/dog_noise_00058.png,dog,animal,land,noise,dog_00580
clean/automobile/automobile_clean_00050.png,automobile,vehicle,land,clean,automobile_00581
blur/automobile/automobile_blur_00050.png,automobile,vehicle,land,blur,automobile_00581
pixelated/automobile/automobile_pixelated_00050.png,automobile,vehicle,land,pixelated,automobile_00581
noise/automobile/automobile_noise_00050.png,automobile,vehicle,land,noise,automobile_00581
clean/deer/deer_clean_00065.png,deer,animal,land,clean,deer_00582
blur/deer/deer_blur_00065.png,deer,animal,land,blur,deer_00582
pixelated/deer/deer_pixelated_00065.png,deer,animal,land,pixelated,deer_00582
noise/deer/deer_noise_00065.png,deer,animal,land,noise,deer_00582
clean/automobile/automobile_clean_00051.png,automobile,vehicle,land,clean,automobile_00583
blur/automobile/automobile_blur_00051.png,automobile,vehicle,land,blur,automobile_00583
pixelated/automobile/automobile_pixelated_00051.png,automobile,vehicle,land,pixelated,automobile_00583
noise/automobile/automobile_noise_00051.png,automobile,vehicle,land,noise,automobile_00583
clean/airplane/airplane_clean_00054.png,airplane,vehicle,air,clean,airplane_00584
blur/airplane/airplane_blur_00054.png,airplane,vehicle,air,blur,airplane_00584
pixelated/airplane/airplane_pixelated_00054.png,airplane,vehicle,air,pixelated,airplane_00584
noise/airplane/airplane_noise_00054.png,airplane,vehicle,air,noise,airplane_00584
clean/bird/bird_clean_00065.png,bird,animal,air,clean,bird_00585
blur/bird/bird_blur_00065.png,bird,animal,air,blur,bird_00585
pixelated/bird/bird_pixelated_00065.png,bird,animal,air,pixelated,bird_00585
noise/bird/bird_noise_00065.png,bird,animal,air,noise,bird_00585
clean/dog/dog_clean_00059.png,dog,animal,land,clean,dog_00586
blur/dog/dog_blur_00059.png,dog,animal,land,blur,dog_00586
pixelated/dog/dog_pixelated_00059.png,dog,animal,land,pixelated,dog_00586
noise/dog/dog_noise_00059.png,dog,animal,land,noise,dog_00586
clean/frog/frog_clean_00070.png,frog,animal,land,clean,frog_00587
blur/frog/frog_blur_00070.png,frog,animal,land,blur,frog_00587
pixelated/frog/frog_pixelated_00070.png,frog,animal,land,pixelated,frog_00587
noise/frog/frog_noise_00070.png,frog,animal,land,noise,frog_00587
clean/dog/dog_clean_00060.png,dog,animal,land,clean,dog_00588
blur/dog/dog_blur_00060.png,dog,animal,land,blur,dog_00588
pixelated/dog/dog_pixelated_00060.png,dog,animal,land,pixelated,dog_00588
noise/dog/dog_noise_00060.png,dog,animal,land,noise,dog_00588
clean/airplane/airplane_clean_00055.png,airplane,vehicle,air,clean,airplane_00589
blur/airplane/airplane_blur_00055.png,airplane,vehicle,air,blur,airplane_00589
pixelated/airplane/airplane_pixelated_00055.png,airplane,vehicle,air,pixelated,airplane_00589
noise/airplane/airplane_noise_00055.png,airplane,vehicle,air,noise,airplane_00589
clean/deer/deer_clean_00066.png,deer,animal,land,clean,deer_00590
blur/deer/deer_blur_00066.png,deer,animal,land,blur,deer_00590
pixelated/deer/deer_pixelated_00066.png,deer,animal,land,pixelated,deer_00590
noise/deer/deer_noise_00066.png,deer,animal,land,noise,deer_00590
clean/bird/bird_clean_00066.png,bird,animal,air,clean,bird_00591
blur/bird/bird_blur_00066.png,bird,animal,air,blur,bird_00591
pixelated/bird/bird_pixelated_00066.png,bird,animal,air,pixelated,bird_00591
noise/bird/bird_noise_00066.png,bird,animal,air,noise,bird_00591
clean/dog/dog_clean_00061.png,dog,animal,land,clean,dog_00592
blur/dog/dog_blur_00061.png,dog,animal,land,blur,dog_00592
pixelated/dog/dog_pixelated_00061.png,dog,animal,land,pixelated,dog_00592
noise/dog/dog_noise_00061.png,dog,animal,land,noise,dog_00592
clean/automobile/automobile_clean_00052.png,automobile,vehicle,land,clean,automobile_00593
blur/automobile/automobile_blur_00052.png,automobile,vehicle,land,blur,automobile_00593
pixelated/automobile/automobile_pixelated_00052.png,automobile,vehicle,land,pixelated,automobile_00593
noise/automobile/automobile_noise_00052.png,automobile,vehicle,land,noise,automobile_00593
clean/cat/cat_clean_00065.png,cat,animal,land,clean,cat_00594
blur/cat/cat_blur_00065.png,cat,animal,land,blur,cat_00594
pixelated/cat/cat_pixelated_00065.png,cat,animal,land,pixelated,cat_00594
noise/cat/cat_noise_00065.png,cat,animal,land,noise,cat_00594
clean/airplane/airplane_clean_00056.png,airplane,vehicle,air,clean,airplane_00595
blur/airplane/airplane_blur_00056.png,airplane,vehicle,air,blur,airplane_00595
pixelated/airplane/airplane_pixelated_00056.png,airplane,vehicle,air,pixelated,airplane_00595
noise/airplane/airplane_noise_00056.png,airplane,vehicle,air,noise,airplane_00595
clean/deer/deer_clean_00067.png,deer,animal,land,clean,deer_00596
blur/deer/deer_blur_00067.png,deer,animal,land,blur,deer_00596
pixelated/deer/deer_pixelated_00067.png,deer,animal,land,pixelated,deer_00596
noise/deer/deer_noise_00067.png,deer,animal,land,noise,deer_00596
clean/deer/deer_clean_00068.png,deer,animal,land,clean,deer_00597
blur/deer/deer_blur_00068.png,deer,animal,land,blur,deer_00597
pixelated/deer/deer_pixelated_00068.png,deer,animal,land,pixelated,deer_00597
noise/deer/deer_noise_00068.png,deer,animal,land,noise,deer_00597
clean/ship/ship_clean_00055.png,ship,vehicle,water,clean,ship_00598
blur/ship/ship_blur_00055.png,ship,vehicle,water,blur,ship_00598
pixelated/ship/ship_pixelated_00055.png,ship,vehicle,water,pixelated,ship_00598
noise/ship/ship_noise_00055.png,ship,vehicle,water,noise,ship_00598
clean/frog/frog_clean_00071.png,frog,animal,land,clean,frog_00599
blur/frog/frog_blur_00071.png,frog,animal,land,blur,frog_00599
pixelated/frog/frog_pixelated_00071.png,frog,animal,land,pixelated,frog_00599
noise/frog/frog_noise_00071.png,frog,animal,land,noise,frog_00599
clean/frog/frog_clean_00072.png,frog,animal,land,clean,frog_00600
blur/frog/frog_blur_00072.png,frog,animal,land,blur,frog_00600
pixelated/frog/frog_pixelated_00072.png,frog,animal,land,pixelated,frog_00600
noise/frog/frog_noise_00072.png,frog,animal,land,noise,frog_00600
clean/airplane/airplane_clean_00057.png,airplane,vehicle,air,clean,airplane_00601
blur/airplane/airplane_blur_00057.png,airplane,vehicle,air,blur,airplane_00601
pixelated/airplane/airplane_pixelated_00057.png,airplane,vehicle,air,pixelated,airplane_00601
noise/airplane/airplane_noise_00057.png,airplane,vehicle,air,noise,airplane_00601
clean/deer/deer_clean_00069.png,deer,animal,land,clean,deer_00602
blur/deer/deer_blur_00069.png,deer,animal,land,blur,deer_00602
pixelated/deer/deer_pixelated_00069.png,deer,animal,land,pixelated,deer_00602
noise/deer/deer_noise_00069.png,deer,animal,land,noise,deer_00602
clean/deer/deer_clean_00070.png,deer,animal,land,clean,deer_00603
blur/deer/deer_blur_00070.png,deer,animal,land,blur,deer_00603
pixelated/deer/deer_pixelated_00070.png,deer,animal,land,pixelated,deer_00603
noise/deer/deer_noise_00070.png,deer,animal,land,noise,deer_00603
clean/automobile/automobile_clean_00053.png,automobile,vehicle,land,clean,automobile_00604
blur/automobile/automobile_blur_00053.png,automobile,vehicle,land,blur,automobile_00604
pixelated/automobile/automobile_pixelated_00053.png,automobile,vehicle,land,pixelated,automobile_00604
noise/automobile/automobile_noise_00053.png,automobile,vehicle,land,noise,automobile_00604
clean/automobile/automobile_clean_00054.png,automobile,vehicle,land,clean,automobile_00605
blur/automobile/automobile_blur_00054.png,automobile,vehicle,land,blur,automobile_00605
pixelated/automobile/automobile_pixelated_00054.png,automobile,vehicle,land,pixelated,automobile_00605
noise/automobile/automobile_noise_00054.png,automobile,vehicle,land,noise,automobile_00605
clean/airplane/airplane_clean_00058.png,airplane,vehicle,air,clean,airplane_00606
blur/airplane/airplane_blur_00058.png,airplane,vehicle,air,blur,airplane_00606
pixelated/airplane/airplane_pixelated_00058.png,airplane,vehicle,air,pixelated,airplane_00606
noise/airplane/airplane_noise_00058.png,airplane,vehicle,air,noise,airplane_00606
clean/automobile/automobile_clean_00055.png,automobile,vehicle,land,clean,automobile_00607
blur/automobile/automobile_blur_00055.png,automobile,vehicle,land,blur,automobile_00607
pixelated/automobile/automobile_pixelated_00055.png,automobile,vehicle,land,pixelated,automobile_00607
noise/automobile/automobile_noise_00055.png,automobile,vehicle,land,noise,automobile_00607
clean/automobile/automobile_clean_00056.png,automobile,vehicle,land,clean,automobile_00608
blur/automobile/automobile_blur_00056.png,automobile,vehicle,land,blur,automobile_00608
pixelated/automobile/automobile_pixelated_00056.png,automobile,vehicle,land,pixelated,automobile_00608
noise/automobile/automobile_noise_00056.png,automobile,vehicle,land,noise,automobile_00608
clean/deer/deer_clean_00071.png,deer,animal,land,clean,deer_00609
blur/deer/deer_blur_00071.png,deer,animal,land,blur,deer_00609
pixelated/deer/deer_pixelated_00071.png,deer,animal,land,pixelated,deer_00609
noise/deer/deer_noise_00071.png,deer,animal,land,noise,deer_00609
clean/bird/bird_clean_00067.png,bird,animal,air,clean,bird_00610
blur/bird/bird_blur_00067.png,bird,animal,air,blur,bird_00610
pixelated/bird/bird_pixelated_00067.png,bird,animal,air,pixelated,bird_00610
noise/bird/bird_noise_00067.png,bird,animal,air,noise,bird_00610
clean/truck/truck_clean_00051.png,truck,vehicle,land,clean,truck_00611
blur/truck/truck_blur_00051.png,truck,vehicle,land,blur,truck_00611
pixelated/truck/truck_pixelated_00051.png,truck,vehicle,land,pixelated,truck_00611
noise/truck/truck_noise_00051.png,truck,vehicle,land,noise,truck_00611
clean/dog/dog_clean_00062.png,dog,animal,land,clean,dog_00612
blur/dog/dog_blur_00062.png,dog,animal,land,blur,dog_00612
pixelated/dog/dog_pixelated_00062.png,dog,animal,land,pixelated,dog_00612
noise/dog/dog_noise_00062.png,dog,animal,land,noise,dog_00612
clean/ship/ship_clean_00056.png,ship,vehicle,water,clean,ship_00613
blur/ship/ship_blur_00056.png,ship,vehicle,water,blur,ship_00613
pixelated/ship/ship_pixelated_00056.png,ship,vehicle,water,pixelated,ship_00613
noise/ship/ship_noise_00056.png,ship,vehicle,water,noise,ship_00613
clean/automobile/automobile_clean_00057.png,automobile,vehicle,land,clean,automobile_00614
blur/automobile/automobile_blur_00057.png,automobile,vehicle,land,blur,automobile_00614
pixelated/automobile/automobile_pixelated_00057.png,automobile,vehicle,land,pixelated,automobile_00614
noise/automobile/automobile_noise_00057.png,automobile,vehicle,land,noise,automobile_00614
clean/truck/truck_clean_00052.png,truck,vehicle,land,clean,truck_00615
blur/truck/truck_blur_00052.png,truck,vehicle,land,blur,truck_00615
pixelated/truck/truck_pixelated_00052.png,truck,vehicle,land,pixelated,truck_00615
noise/truck/truck_noise_00052.png,truck,vehicle,land,noise,truck_00615
clean/frog/frog_clean_00073.png,frog,animal,land,clean,frog_00616
blur/frog/frog_blur_00073.png,frog,animal,land,blur,frog_00616
pixelated/frog/frog_pixelated_00073.png,frog,animal,land,pixelated,frog_00616
noise/frog/frog_noise_00073.png,frog,animal,land,noise,frog_00616
clean/cat/cat_clean_00066.png,cat,animal,land,clean,cat_00617
blur/cat/cat_blur_00066.png,cat,animal,land,blur,cat_00617
pixelated/cat/cat_pixelated_00066.png,cat,animal,land,pixelated,cat_00617
noise/cat/cat_noise_00066.png,cat,animal,land,noise,cat_00617
clean/horse/horse_clean_00056.png,horse,animal,land,clean,horse_00618
blur/horse/horse_blur_00056.png,horse,animal,land,blur,horse_00618
pixelated/horse/horse_pixelated_00056.png,horse,animal,land,pixelated,horse_00618
noise/horse/horse_noise_00056.png,horse,animal,land,noise,horse_00618
clean/automobile/automobile_clean_00058.png,automobile,vehicle,land,clean,automobile_00619
blur/automobile/automobile_blur_00058.png,automobile,vehicle,land,blur,automobile_00619
pixelated/automobile/automobile_pixelated_00058.png,automobile,vehicle,land,pixelated,automobile_00619
noise/automobile/automobile_noise_00058.png,automobile,vehicle,land,noise,automobile_00619
clean/bird/bird_clean_00068.png,bird,animal,air,clean,bird_00620
blur/bird/bird_blur_00068.png,bird,animal,air,blur,bird_00620
pixelated/bird/bird_pixelated_00068.png,bird,animal,air,pixelated,bird_00620
noise/bird/bird_noise_00068.png,bird,animal,air,noise,bird_00620
clean/bird/bird_clean_00069.png,bird,animal,air,clean,bird_00621
blur/bird/bird_blur_00069.png,bird,animal,air,blur,bird_00621
pixelated/bird/bird_pixelated_00069.png,bird,animal,air,pixelated,bird_00621
noise/bird/bird_noise_00069.png,bird,animal,air,noise,bird_00621
clean/truck/truck_clean_00053.png,truck,vehicle,land,clean,truck_00622
blur/truck/truck_blur_00053.png,truck,vehicle,land,blur,truck_00622
pixelated/truck/truck_pixelated_00053.png,truck,vehicle,land,pixelated,truck_00622
noise/truck/truck_noise_00053.png,truck,vehicle,land,noise,truck_00622
clean/ship/ship_clean_00057.png,ship,vehicle,water,clean,ship_00623
blur/ship/ship_blur_00057.png,ship,vehicle,water,blur,ship_00623
pixelated/ship/ship_pixelated_00057.png,ship,vehicle,water,pixelated,ship_00623
noise/ship/ship_noise_00057.png,ship,vehicle,water,noise,ship_00623
clean/automobile/automobile_clean_00059.png,automobile,vehicle,land,clean,automobile_00624
blur/automobile/automobile_blur_00059.png,automobile,vehicle,land,blur,automobile_00624
pixelated/automobile/automobile_pixelated_00059.png,automobile,vehicle,land,pixelated,automobile_00624
noise/automobile/automobile_noise_00059.png,automobile,vehicle,land,noise,automobile_00624
clean/cat/cat_clean_00067.png,cat,animal,land,clean,cat_00625
blur/cat/cat_blur_00067.png,cat,animal,land,blur,cat_00625
pixelated/cat/cat_pixelated_00067.png,cat,animal,land,pixelated,cat_00625
noise/cat/cat_noise_00067.png,cat,animal,land,noise,cat_00625
clean/cat/cat_clean_00068.png,cat,animal,land,clean,cat_00626
blur/cat/cat_blur_00068.png,cat,animal,land,blur,cat_00626
pixelated/cat/cat_pixelated_00068.png,cat,animal,land,pixelated,cat_00626
noise/cat/cat_noise_00068.png,cat,animal,land,noise,cat_00626
clean/deer/deer_clean_00072.png,deer,animal,land,clean,deer_00627
blur/deer/deer_blur_00072.png,deer,animal,land,blur,deer_00627
pixelated/deer/deer_pixelated_00072.png,deer,animal,land,pixelated,deer_00627
noise/deer/deer_noise_00072.png,deer,animal,land,noise,deer_00627
clean/airplane/airplane_clean_00059.png,airplane,vehicle,air,clean,airplane_00628
blur/airplane/airplane_blur_00059.png,airplane,vehicle,air,blur,airplane_00628
pixelated/airplane/airplane_pixelated_00059.png,airplane,vehicle,air,pixelated,airplane_00628
noise/airplane/airplane_noise_00059.png,airplane,vehicle,air,noise,airplane_00628
clean/ship/ship_clean_00058.png,ship,vehicle,water,clean,ship_00629
blur/ship/ship_blur_00058.png,ship,vehicle,water,blur,ship_00629
pixelated/ship/ship_pixelated_00058.png,ship,vehicle,water,pixelated,ship_00629
noise/ship/ship_noise_00058.png,ship,vehicle,water,noise,ship_00629
clean/truck/truck_clean_00054.png,truck,vehicle,land,clean,truck_00630
blur/truck/truck_blur_00054.png,truck,vehicle,land,blur,truck_00630
pixelated/truck/truck_pixelated_00054.png,truck,vehicle,land,pixelated,truck_00630
noise/truck/truck_noise_00054.png,truck,vehicle,land,noise,truck_00630
clean/horse/horse_clean_00057.png,horse,animal,land,clean,horse_00631
blur/horse/horse_blur_00057.png,horse,animal,land,blur,horse_00631
pixelated/horse/horse_pixelated_00057.png,horse,animal,land,pixelated,horse_00631
noise/horse/horse_noise_00057.png,horse,animal,land,noise,horse_00631
clean/frog/frog_clean_00074.png,frog,animal,land,clean,frog_00632
blur/frog/frog_blur_00074.png,frog,animal,land,blur,frog_00632
pixelated/frog/frog_pixelated_00074.png,frog,animal,land,pixelated,frog_00632
noise/frog/frog_noise_00074.png,frog,animal,land,noise,frog_00632
clean/automobile/automobile_clean_00060.png,automobile,vehicle,land,clean,automobile_00633
blur/automobile/automobile_blur_00060.png,automobile,vehicle,land,blur,automobile_00633
pixelated/automobile/automobile_pixelated_00060.png,automobile,vehicle,land,pixelated,automobile_00633
noise/automobile/automobile_noise_00060.png,automobile,vehicle,land,noise,automobile_00633
clean/bird/bird_clean_00070.png,bird,animal,air,clean,bird_00634
blur/bird/bird_blur_00070.png,bird,animal,air,blur,bird_00634
pixelated/bird/bird_pixelated_00070.png,bird,animal,air,pixelated,bird_00634
noise/bird/bird_noise_00070.png,bird,animal,air,noise,bird_00634
clean/cat/cat_clean_00069.png,cat,animal,land,clean,cat_00635
blur/cat/cat_blur_00069.png,cat,animal,land,blur,cat_00635
pixelated/cat/cat_pixelated_00069.png,cat,animal,land,pixelated,cat_00635
noise/cat/cat_noise_00069.png,cat,animal,land,noise,cat_00635
clean/cat/cat_clean_00070.png,cat,animal,land,clean,cat_00636
blur/cat/cat_blur_00070.png,cat,animal,land,blur,cat_00636
pixelated/cat/cat_pixelated_00070.png,cat,animal,land,pixelated,cat_00636
noise/cat/cat_noise_00070.png,cat,animal,land,noise,cat_00636
clean/cat/cat_clean_00071.png,cat,animal,land,clean,cat_00637
blur/cat/cat_blur_00071.png,cat,animal,land,blur,cat_00637
pixelated/cat/cat_pixelated_00071.png,cat,animal,land,pixelated,cat_00637
noise/cat/cat_noise_00071.png,cat,animal,land,noise,cat_00637
clean/truck/truck_clean_00055.png,truck,vehicle,land,clean,truck_00638
blur/truck/truck_blur_00055.png,truck,vehicle,land,blur,truck_00638
pixelated/truck/truck_pixelated_00055.png,truck,vehicle,land,pixelated,truck_00638
noise/truck/truck_noise_00055.png,truck,vehicle,land,noise,truck_00638
clean/horse/horse_clean_00058.png,horse,animal,land,clean,horse_00639
blur/horse/horse_blur_00058.png,horse,animal,land,blur,horse_00639
pixelated/horse/horse_pixelated_00058.png,horse,animal,land,pixelated,horse_00639
noise/horse/horse_noise_00058.png,horse,animal,land,noise,horse_00639
clean/cat/cat_clean_00072.png,cat,animal,land,clean,cat_00640
blur/cat/cat_blur_00072.png,cat,animal,land,blur,cat_00640
pixelated/cat/cat_pixelated_00072.png,cat,animal,land,pixelated,cat_00640
noise/cat/cat_noise_00072.png,cat,animal,land,noise,cat_00640
clean/horse/horse_clean_00059.png,horse,animal,land,clean,horse_00641
blur/horse/horse_blur_00059.png,horse,animal,land,blur,horse_00641
pixelated/horse/horse_pixelated_00059.png,horse,animal,land,pixelated,horse_00641
noise/horse/horse_noise_00059.png,horse,animal,land,noise,horse_00641
clean/automobile/automobile_clean_00061.png,automobile,vehicle,land,clean,automobile_00642
blur/automobile/automobile_blur_00061.png,automobile,vehicle,land,blur,automobile_00642
pixelated/automobile/automobile_pixelated_00061.png,automobile,vehicle,land,pixelated,automobile_00642
noise/automobile/automobile_noise_00061.png,automobile,vehicle,land,noise,automobile_00642
clean/dog/dog_clean_00063.png,dog,animal,land,clean,dog_00643
blur/dog/dog_blur_00063.png,dog,animal,land,blur,dog_00643
pixelated/dog/dog_pixelated_00063.png,dog,animal,land,pixelated,dog_00643
noise/dog/dog_noise_00063.png,dog,animal,land,noise,dog_00643
clean/truck/truck_clean_00056.png,truck,vehicle,land,clean,truck_00644
blur/truck/truck_blur_00056.png,truck,vehicle,land,blur,truck_00644
pixelated/truck/truck_pixelated_00056.png,truck,vehicle,land,pixelated,truck_00644
noise/truck/truck_noise_00056.png,truck,vehicle,land,noise,truck_00644
clean/frog/frog_clean_00075.png,frog,animal,land,clean,frog_00645
blur/frog/frog_blur_00075.png,frog,animal,land,blur,frog_00645
pixelated/frog/frog_pixelated_00075.png,frog,animal,land,pixelated,frog_00645
noise/frog/frog_noise_00075.png,frog,animal,land,noise,frog_00645
clean/bird/bird_clean_00071.png,bird,animal,air,clean,bird_00646
blur/bird/bird_blur_00071.png,bird,animal,air,blur,bird_00646
pixelated/bird/bird_pixelated_00071.png,bird,animal,air,pixelated,bird_00646
noise/bird/bird_noise_00071.png,bird,animal,air,noise,bird_00646
clean/automobile/automobile_clean_00062.png,automobile,vehicle,land,clean,automobile_00647
blur/automobile/automobile_blur_00062.png,automobile,vehicle,land,blur,automobile_00647
pixelated/automobile/automobile_pixelated_00062.png,automobile,vehicle,land,pixelated,automobile_00647
noise/automobile/automobile_noise_00062.png,automobile,vehicle,land,noise,automobile_00647
clean/truck/truck_clean_00057.png,truck,vehicle,land,clean,truck_00648
blur/truck/truck_blur_00057.png,truck,vehicle,land,blur,truck_00648
pixelated/truck/truck_pixelated_00057.png,truck,vehicle,land,pixelated,truck_00648
noise/truck/truck_noise_00057.png,truck,vehicle,land,noise,truck_00648
clean/ship/ship_clean_00059.png,ship,vehicle,water,clean,ship_00649
blur/ship/ship_blur_00059.png,ship,vehicle,water,blur,ship_00649
pixelated/ship/ship_pixelated_00059.png,ship,vehicle,water,pixelated,ship_00649
noise/ship/ship_noise_00059.png,ship,vehicle,water,noise,ship_00649
clean/frog/frog_clean_00076.png,frog,animal,land,clean,frog_00650
blur/frog/frog_blur_00076.png,frog,animal,land,blur,frog_00650
pixelated/frog/frog_pixelated_00076.png,frog,animal,land,pixelated,frog_00650
noise/frog/frog_noise_00076.png,frog,animal,land,noise,frog_00650
clean/truck/truck_clean_00058.png,truck,vehicle,land,clean,truck_00651
blur/truck/truck_blur_00058.png,truck,vehicle,land,blur,truck_00651
pixelated/truck/truck_pixelated_00058.png,truck,vehicle,land,pixelated,truck_00651
noise/truck/truck_noise_00058.png,truck,vehicle,land,noise,truck_00651
clean/deer/deer_clean_00073.png,deer,animal,land,clean,deer_00652
blur/deer/deer_blur_00073.png,deer,animal,land,blur,deer_00652
pixelated/deer/deer_pixelated_00073.png,deer,animal,land,pixelated,deer_00652
noise/deer/deer_noise_00073.png,deer,animal,land,noise,deer_00652
clean/truck/truck_clean_00059.png,truck,vehicle,land,clean,truck_00653
blur/truck/truck_blur_00059.png,truck,vehicle,land,blur,truck_00653
pixelated/truck/truck_pixelated_00059.png,truck,vehicle,land,pixelated,truck_00653
noise/truck/truck_noise_00059.png,truck,vehicle,land,noise,truck_00653
clean/horse/horse_clean_00060.png,horse,animal,land,clean,horse_00654
blur/horse/horse_blur_00060.png,horse,animal,land,blur,horse_00654
pixelated/horse/horse_pixelated_00060.png,horse,animal,land,pixelated,horse_00654
noise/horse/horse_noise_00060.png,horse,animal,land,noise,horse_00654
clean/truck/truck_clean_00060.png,truck,vehicle,land,clean,truck_00655
blur/truck/truck_blur_00060.png,truck,vehicle,land,blur,truck_00655
pixelated/truck/truck_pixelated_00060.png,truck,vehicle,land,pixelated,truck_00655
noise/truck/truck_noise_00060.png,truck,vehicle,land,noise,truck_00655
clean/cat/cat_clean_00073.png,cat,animal,land,clean,cat_00656
blur/cat/cat_blur_00073.png,cat,animal,land,blur,cat_00656
pixelated/cat/cat_pixelated_00073.png,cat,animal,land,pixelated,cat_00656
noise/cat/cat_noise_00073.png,cat,animal,land,noise,cat_00656
clean/frog/frog_clean_00077.png,frog,animal,land,clean,frog_00657
blur/frog/frog_blur_00077.png,frog,animal,land,blur,frog_00657
pixelated/frog/frog_pixelated_00077.png,frog,animal,land,pixelated,frog_00657
noise/frog/frog_noise_00077.png,frog,animal,land,noise,frog_00657
clean/horse/horse_clean_00061.png,horse,animal,land,clean,horse_00658
blur/horse/horse_blur_00061.png,horse,animal,land,blur,horse_00658
pixelated/horse/horse_pixelated_00061.png,horse,animal,land,pixelated,horse_00658
noise/horse/horse_noise_00061.png,horse,animal,land,noise,horse_00658
clean/horse/horse_clean_00062.png,horse,animal,land,clean,horse_00659
blur/horse/horse_blur_00062.png,horse,animal,land,blur,horse_00659
pixelated/horse/horse_pixelated_00062.png,horse,animal,land,pixelated,horse_00659
noise/horse/horse_noise_00062.png,horse,animal,land,noise,horse_00659
clean/dog/dog_clean_00064.png,dog,animal,land,clean,dog_00660
blur/dog/dog_blur_00064.png,dog,animal,land,blur,dog_00660
pixelated/dog/dog_pixelated_00064.png,dog,animal,land,pixelated,dog_00660
noise/dog/dog_noise_00064.png,dog,animal,land,noise,dog_00660
clean/automobile/automobile_clean_00063.png,automobile,vehicle,land,clean,automobile_00661
blur/automobile/automobile_blur_00063.png,automobile,vehicle,land,blur,automobile_00661
pixelated/automobile/automobile_pixelated_00063.png,automobile,vehicle,land,pixelated,automobile_00661
noise/automobile/automobile_noise_00063.png,automobile,vehicle,land,noise,automobile_00661
clean/ship/ship_clean_00060.png,ship,vehicle,water,clean,ship_00662
blur/ship/ship_blur_00060.png,ship,vehicle,water,blur,ship_00662
pixelated/ship/ship_pixelated_00060.png,ship,vehicle,water,pixelated,ship_00662
noise/ship/ship_noise_00060.png,ship,vehicle,water,noise,ship_00662
clean/airplane/airplane_clean_00060.png,airplane,vehicle,air,clean,airplane_00663
blur/airplane/airplane_blur_00060.png,airplane,vehicle,air,blur,airplane_00663
pixelated/airplane/airplane_pixelated_00060.png,airplane,vehicle,air,pixelated,airplane_00663
noise/airplane/airplane_noise_00060.png,airplane,vehicle,air,noise,airplane_00663
clean/horse/horse_clean_00063.png,horse,animal,land,clean,horse_00664
blur/horse/horse_blur_00063.png,horse,animal,land,blur,horse_00664
pixelated/horse/horse_pixelated_00063.png,horse,animal,land,pixelated,horse_00664
noise/horse/horse_noise_00063.png,horse,animal,land,noise,horse_00664
clean/airplane/airplane_clean_00061.png,airplane,vehicle,air,clean,airplane_00665
blur/airplane/airplane_blur_00061.png,airplane,vehicle,air,blur,airplane_00665
pixelated/airplane/airplane_pixelated_00061.png,airplane,vehicle,air,pixelated,airplane_00665
noise/airplane/airplane_noise_00061.png,airplane,vehicle,air,noise,airplane_00665
clean/bird/bird_clean_00072.png,bird,animal,air,clean,bird_00666
blur/bird/bird_blur_00072.png,bird,animal,air,blur,bird_00666
pixelated/bird/bird_pixelated_00072.png,bird,animal,air,pixelated,bird_00666
noise/bird/bird_noise_00072.png,bird,animal,air,noise,bird_00666
clean/dog/dog_clean_00065.png,dog,animal,land,clean,dog_00667
blur/dog/dog_blur_00065.png,dog,animal,land,blur,dog_00667
pixelated/dog/dog_pixelated_00065.png,dog,animal,land,pixelated,dog_00667
noise/dog/dog_noise_00065.png,dog,animal,land,noise,dog_00667
clean/horse/horse_clean_00064.png,horse,animal,land,clean,horse_00668
blur/horse/horse_blur_00064.png,horse,animal,land,blur,horse_00668
pixelated/horse/horse_pixelated_00064.png,horse,animal,land,pixelated,horse_00668
noise/horse/horse_noise_00064.png,horse,animal,land,noise,horse_00668
clean/ship/ship_clean_00061.png,ship,vehicle,water,clean,ship_00669
blur/ship/ship_blur_00061.png,ship,vehicle,water,blur,ship_00669
pixelated/ship/ship_pixelated_00061.png,ship,vehicle,water,pixelated,ship_00669
noise/ship/ship_noise_00061.png,ship,vehicle,water,noise,ship_00669
clean/frog/frog_clean_00078.png,frog,animal,land,clean,frog_00670
blur/frog/frog_blur_00078.png,frog,animal,land,blur,frog_00670
pixelated/frog/frog_pixelated_00078.png,frog,animal,land,pixelated,frog_00670
noise/frog/frog_noise_00078.png,frog,animal,land,noise,frog_00670
clean/ship/ship_clean_00062.png,ship,vehicle,water,clean,ship_00671
blur/ship/ship_blur_00062.png,ship,vehicle,water,blur,ship_00671
pixelated/ship/ship_pixelated_00062.png,ship,vehicle,water,pixelated,ship_00671
noise/ship/ship_noise_00062.png,ship,vehicle,water,noise,ship_00671
clean/truck/truck_clean_00061.png,truck,vehicle,land,clean,truck_00672
blur/truck/truck_blur_00061.png,truck,vehicle,land,blur,truck_00672
pixelated/truck/truck_pixelated_00061.png,truck,vehicle,land,pixelated,truck_00672
noise/truck/truck_noise_00061.png,truck,vehicle,land,noise,truck_00672
clean/truck/truck_clean_00062.png,truck,vehicle,land,clean,truck_00673
blur/truck/truck_blur_00062.png,truck,vehicle,land,blur,truck_00673
pixelated/truck/truck_pixelated_00062.png,truck,vehicle,land,pixelated,truck_00673
noise/truck/truck_noise_00062.png,truck,vehicle,land,noise,truck_00673
clean/cat/cat_clean_00074.png,cat,animal,land,clean,cat_00674
blur/cat/cat_blur_00074.png,cat,animal,land,blur,cat_00674
pixelated/cat/cat_pixelated_00074.png,cat,animal,land,pixelated,cat_00674
noise/cat/cat_noise_00074.png,cat,animal,land,noise,cat_00674
clean/automobile/automobile_clean_00064.png,automobile,vehicle,land,clean,automobile_00675
blur/automobile/automobile_blur_00064.png,automobile,vehicle,land,blur,automobile_00675
pixelated/automobile/automobile_pixelated_00064.png,automobile,vehicle,land,pixelated,automobile_00675
noise/automobile/automobile_noise_00064.png,automobile,vehicle,land,noise,automobile_00675
clean/horse/horse_clean_00065.png,horse,animal,land,clean,horse_00676
blur/horse/horse_blur_00065.png,horse,animal,land,blur,horse_00676
pixelated/horse/horse_pixelated_00065.png,horse,animal,land,pixelated,horse_00676
noise/horse/horse_noise_00065.png,horse,animal,land,noise,horse_00676
clean/truck/truck_clean_00063.png,truck,vehicle,land,clean,truck_00677
blur/truck/truck_blur_00063.png,truck,vehicle,land,blur,truck_00677
pixelated/truck/truck_pixelated_00063.png,truck,vehicle,land,pixelated,truck_00677
noise/truck/truck_noise_00063.png,truck,vehicle,land,noise,truck_00677
clean/dog/dog_clean_00066.png,dog,animal,land,clean,dog_00678
blur/dog/dog_blur_00066.png,dog,animal,land,blur,dog_00678
pixelated/dog/dog_pixelated_00066.png,dog,animal,land,pixelated,dog_00678
noise/dog/dog_noise_00066.png,dog,animal,land,noise,dog_00678
clean/deer/deer_clean_00074.png,deer,animal,land,clean,deer_00679
blur/deer/deer_blur_00074.png,deer,animal,land,blur,deer_00679
pixelated/deer/deer_pixelated_00074.png,deer,animal,land,pixelated,deer_00679
noise/deer/deer_noise_00074.png,deer,animal,land,noise,deer_00679
clean/cat/cat_clean_00075.png,cat,animal,land,clean,cat_00680
blur/cat/cat_blur_00075.png,cat,animal,land,blur,cat_00680
pixelated/cat/cat_pixelated_00075.png,cat,animal,land,pixelated,cat_00680
noise/cat/cat_noise_00075.png,cat,animal,land,noise,cat_00680
clean/ship/ship_clean_00063.png,ship,vehicle,water,clean,ship_00681
blur/ship/ship_blur_00063.png,ship,vehicle,water,blur,ship_00681
pixelated/ship/ship_pixelated_00063.png,ship,vehicle,water,pixelated,ship_00681
noise/ship/ship_noise_00063.png,ship,vehicle,water,noise,ship_00681
clean/deer/deer_clean_00075.png,deer,animal,land,clean,deer_00682
blur/deer/deer_blur_00075.png,deer,animal,land,blur,deer_00682
pixelated/deer/deer_pixelated_00075.png,deer,animal,land,pixelated,deer_00682
noise/deer/deer_noise_00075.png,deer,animal,land,noise,deer_00682
clean/ship/ship_clean_00064.png,ship,vehicle,water,clean,ship_00683
blur/ship/ship_blur_00064.png,ship,vehicle,water,blur,ship_00683
pixelated/ship/ship_pixelated_00064.png,ship,vehicle,water,pixelated,ship_00683
noise/ship/ship_noise_00064.png,ship,vehicle,water,noise,ship_00683
clean/truck/truck_clean_00064.png,truck,vehicle,land,clean,truck_00684
blur/truck/truck_blur_00064.png,truck,vehicle,land,blur,truck_00684
pixelated/truck/truck_pixelated_00064.png,truck,vehicle,land,pixelated,truck_00684
noise/truck/truck_noise_00064.png,truck,vehicle,land,noise,truck_00684
clean/automobile/automobile_clean_00065.png,automobile,vehicle,land,clean,automobile_00685
blur/automobile/automobile_blur_00065.png,automobile,vehicle,land,blur,automobile_00685
pixelated/automobile/automobile_pixelated_00065.png,automobile,vehicle,land,pixelated,automobile_00685
noise/automobile/automobile_noise_00065.png,automobile,vehicle,land,noise,automobile_00685
clean/dog/dog_clean_00067.png,dog,animal,land,clean,dog_00686
blur/dog/dog_blur_00067.png,dog,animal,land,blur,dog_00686
pixelated/dog/dog_pixelated_00067.png,dog,animal,land,pixelated,dog_00686
noise/dog/dog_noise_00067.png,dog,animal,land,noise,dog_00686
clean/horse/horse_clean_00066.png,horse,animal,land,clean,horse_00687
blur/horse/horse_blur_00066.png,horse,animal,land,blur,horse_00687
pixelated/horse/horse_pixelated_00066.png,horse,animal,land,pixelated,horse_00687
noise/horse/horse_noise_00066.png,horse,animal,land,noise,horse_00687
clean/deer/deer_clean_00076.png,deer,animal,land,clean,deer_00688
blur/deer/deer_blur_00076.png,deer,animal,land,blur,deer_00688
pixelated/deer/deer_pixelated_00076.png,deer,animal,land,pixelated,deer_00688
noise/deer/deer_noise_00076.png,deer,animal,land,noise,deer_00688
clean/frog/frog_clean_00079.png,frog,animal,land,clean,frog_00689
blur/frog/frog_blur_00079.png,frog,animal,land,blur,frog_00689
pixelated/frog/frog_pixelated_00079.png,frog,animal,land,pixelated,frog_00689
noise/frog/frog_noise_00079.png,frog,animal,land,noise,frog_00689
clean/automobile/automobile_clean_00066.png,automobile,vehicle,land,clean,automobile_00690
blur/automobile/automobile_blur_00066.png,automobile,vehicle,land,blur,automobile_00690
pixelated/automobile/automobile_pixelated_00066.png,automobile,vehicle,land,pixelated,automobile_00690
noise/automobile/automobile_noise_00066.png,automobile,vehicle,land,noise,automobile_00690
clean/automobile/automobile_clean_00067.png,automobile,vehicle,land,clean,automobile_00691
blur/automobile/automobile_blur_00067.png,automobile,vehicle,land,blur,automobile_00691
pixelated/automobile/automobile_pixelated_00067.png,automobile,vehicle,land,pixelated,automobile_00691
noise/automobile/automobile_noise_00067.png,automobile,vehicle,land,noise,automobile_00691
clean/airplane/airplane_clean_00062.png,airplane,vehicle,air,clean,airplane_00692
blur/airplane/airplane_blur_00062.png,airplane,vehicle,air,blur,airplane_00692
pixelated/airplane/airplane_pixelated_00062.png,airplane,vehicle,air,pixelated,airplane_00692
noise/airplane/airplane_noise_00062.png,airplane,vehicle,air,noise,airplane_00692
clean/airplane/airplane_clean_00063.png,airplane,vehicle,air,clean,airplane_00693
blur/airplane/airplane_blur_00063.png,airplane,vehicle,air,blur,airplane_00693
pixelated/airplane/airplane_pixelated_00063.png,airplane,vehicle,air,pixelated,airplane_00693
noise/airplane/airplane_noise_00063.png,airplane,vehicle,air,noise,airplane_00693
clean/automobile/automobile_clean_00068.png,automobile,vehicle,land,clean,automobile_00694
blur/automobile/automobile_blur_00068.png,automobile,vehicle,land,blur,automobile_00694
pixelated/automobile/automobile_pixelated_00068.png,automobile,vehicle,land,pixelated,automobile_00694
noise/automobile/automobile_noise_00068.png,automobile,vehicle,land,noise,automobile_00694
clean/automobile/automobile_clean_00069.png,automobile,vehicle,land,clean,automobile_00695
blur/automobile/automobile_blur_00069.png,automobile,vehicle,land,blur,automobile_00695
pixelated/automobile/automobile_pixelated_00069.png,automobile,vehicle,land,pixelated,automobile_00695
noise/automobile/automobile_noise_00069.png,automobile,vehicle,land,noise,automobile_00695
clean/truck/truck_clean_00065.png,truck,vehicle,land,clean,truck_00696
blur/truck/truck_blur_00065.png,truck,vehicle,land,blur,truck_00696
pixelated/truck/truck_pixelated_00065.png,truck,vehicle,land,pixelated,truck_00696
noise/truck/truck_noise_00065.png,truck,vehicle,land,noise,truck_00696
clean/bird/bird_clean_00073.png,bird,animal,air,clean,bird_00697
blur/bird/bird_blur_00073.png,bird,animal,air,blur,bird_00697
pixelated/bird/bird_pixelated_00073.png,bird,animal,air,pixelated,bird_00697
noise/bird/bird_noise_00073.png,bird,animal,air,noise,bird_00697
clean/bird/bird_clean_00074.png,bird,animal,air,clean,bird_00698
blur/bird/bird_blur_00074.png,bird,animal,air,blur,bird_00698
pixelated/bird/bird_pixelated_00074.png,bird,animal,air,pixelated,bird_00698
noise/bird/bird_noise_00074.png,bird,animal,air,noise,bird_00698
clean/ship/ship_clean_00065.png,ship,vehicle,water,clean,ship_00699
blur/ship/ship_blur_00065.png,ship,vehicle,water,blur,ship_00699
pixelated/ship/ship_pixelated_00065.png,ship,vehicle,water,pixelated,ship_00699
noise/ship/ship_noise_00065.png,ship,vehicle,water,noise,ship_00699
clean/ship/ship_clean_00066.png,ship,vehicle,water,clean,ship_00700
blur/ship/ship_blur_00066.png,ship,vehicle,water,blur,ship_00700
pixelated/ship/ship_pixelated_00066.png,ship,vehicle,water,pixelated,ship_00700
noise/ship/ship_noise_00066.png,ship,vehicle,water,noise,ship_00700
clean/frog/frog_clean_00080.png,frog,animal,land,clean,frog_00701
blur/frog/frog_blur_00080.png,frog,animal,land,blur,frog_00701
pixelated/frog/frog_pixelated_00080.png,frog,animal,land,pixelated,frog_00701
noise/frog/frog_noise_00080.png,frog,animal,land,noise,frog_00701
clean/dog/dog_clean_00068.png,dog,animal,land,clean,dog_00702
blur/dog/dog_blur_00068.png,dog,animal,land,blur,dog_00702
pixelated/dog/dog_pixelated_00068.png,dog,animal,land,pixelated,dog_00702
noise/dog/dog_noise_00068.png,dog,animal,land,noise,dog_00702
clean/truck/truck_clean_00066.png,truck,vehicle,land,clean,truck_00703
blur/truck/truck_blur_00066.png,truck,vehicle,land,blur,truck_00703
pixelated/truck/truck_pixelated_00066.png,truck,vehicle,land,pixelated,truck_00703
noise/truck/truck_noise_00066.png,truck,vehicle,land,noise,truck_00703
clean/automobile/automobile_clean_00070.png,automobile,vehicle,land,clean,automobile_00704
blur/automobile/automobile_blur_00070.png,automobile,vehicle,land,blur,automobile_00704
pixelated/automobile/automobile_pixelated_00070.png,automobile,vehicle,land,pixelated,automobile_00704
noise/automobile/automobile_noise_00070.png,automobile,vehicle,land,noise,automobile_00704
clean/dog/dog_clean_00069.png,dog,animal,land,clean,dog_00705
blur/dog/dog_blur_00069.png,dog,animal,land,blur,dog_00705
pixelated/dog/dog_pixelated_00069.png,dog,animal,land,pixelated,dog_00705
noise/dog/dog_noise_00069.png,dog,animal,land,noise,dog_00705
clean/cat/cat_clean_00076.png,cat,animal,land,clean,cat_00706
blur/cat/cat_blur_00076.png,cat,animal,land,blur,cat_00706
pixelated/cat/cat_pixelated_00076.png,cat,animal,land,pixelated,cat_00706
noise/cat/cat_noise_00076.png,cat,animal,land,noise,cat_00706
clean/horse/horse_clean_00067.png,horse,animal,land,clean,horse_00707
blur/horse/horse_blur_00067.png,horse,animal,land,blur,horse_00707
pixelated/horse/horse_pixelated_00067.png,horse,animal,land,pixelated,horse_00707
noise/horse/horse_noise_00067.png,horse,animal,land,noise,horse_00707
clean/airplane/airplane_clean_00064.png,airplane,vehicle,air,clean,airplane_00708
blur/airplane/airplane_blur_00064.png,airplane,vehicle,air,blur,airplane_00708
pixelated/airplane/airplane_pixelated_00064.png,airplane,vehicle,air,pixelated,airplane_00708
noise/airplane/airplane_noise_00064.png,airplane,vehicle,air,noise,airplane_00708
clean/automobile/automobile_clean_00071.png,automobile,vehicle,land,clean,automobile_00709
blur/automobile/automobile_blur_00071.png,automobile,vehicle,land,blur,automobile_00709
pixelated/automobile/automobile_pixelated_00071.png,automobile,vehicle,land,pixelated,automobile_00709
noise/automobile/automobile_noise_00071.png,automobile,vehicle,land,noise,automobile_00709
clean/automobile/automobile_clean_00072.png,automobile,vehicle,land,clean,automobile_00710
blur/automobile/automobile_blur_00072.png,automobile,vehicle,land,blur,automobile_00710
pixelated/automobile/automobile_pixelated_00072.png,automobile,vehicle,land,pixelated,automobile_00710
noise/automobile/automobile_noise_00072.png,automobile,vehicle,land,noise,automobile_00710
clean/frog/frog_clean_00081.png,frog,animal,land,clean,frog_00711
blur/frog/frog_blur_00081.png,frog,animal,land,blur,frog_00711
pixelated/frog/frog_pixelated_00081.png,frog,animal,land,pixelated,frog_00711
noise/frog/frog_noise_00081.png,frog,animal,land,noise,frog_00711
clean/ship/ship_clean_00067.png,ship,vehicle,water,clean,ship_00712
blur/ship/ship_blur_00067.png,ship,vehicle,water,blur,ship_00712
pixelated/ship/ship_pixelated_00067.png,ship,vehicle,water,pixelated,ship_00712
noise/ship/ship_noise_00067.png,ship,vehicle,water,noise,ship_00712
clean/bird/bird_clean_00075.png,bird,animal,air,clean,bird_00713
blur/bird/bird_blur_00075.png,bird,animal,air,blur,bird_00713
pixelated/bird/bird_pixelated_00075.png,bird,animal,air,pixelated,bird_00713
noise/bird/bird_noise_00075.png,bird,animal,air,noise,bird_00713
clean/cat/cat_clean_00077.png,cat,animal,land,clean,cat_00714
blur/cat/cat_blur_00077.png,cat,animal,land,blur,cat_00714
pixelated/cat/cat_pixelated_00077.png,cat,animal,land,pixelated,cat_00714
noise/cat/cat_noise_00077.png,cat,animal,land,noise,cat_00714
clean/dog/dog_clean_00070.png,dog,animal,land,clean,dog_00715
blur/dog/dog_blur_00070.png,dog,animal,land,blur,dog_00715
pixelated/dog/dog_pixelated_00070.png,dog,animal,land,pixelated,dog_00715
noise/dog/dog_noise_00070.png,dog,animal,land,noise,dog_00715
clean/horse/horse_clean_00068.png,horse,animal,land,clean,horse_00716
blur/horse/horse_blur_00068.png,horse,animal,land,blur,horse_00716
pixelated/horse/horse_pixelated_00068.png,horse,animal,land,pixelated,horse_00716
noise/horse/horse_noise_00068.png,horse,animal,land,noise,horse_00716
clean/deer/deer_clean_00077.png,deer,animal,land,clean,deer_00717
blur/deer/deer_blur_00077.png,deer,animal,land,blur,deer_00717
pixelated/deer/deer_pixelated_00077.png,deer,animal,land,pixelated,deer_00717
noise/deer/deer_noise_00077.png,deer,animal,land,noise,deer_00717
clean/horse/horse_clean_00069.png,horse,animal,land,clean,horse_00718
blur/horse/horse_blur_00069.png,horse,animal,land,blur,horse_00718
pixelated/horse/horse_pixelated_00069.png,horse,animal,land,pixelated,horse_00718
noise/horse/horse_noise_00069.png,horse,animal,land,noise,horse_00718
clean/horse/horse_clean_00070.png,horse,animal,land,clean,horse_00719
blur/horse/horse_blur_00070.png,horse,animal,land,blur,horse_00719
pixelated/horse/horse_pixelated_00070.png,horse,animal,land,pixelated,horse_00719
noise/horse/horse_noise_00070.png,horse,animal,land,noise,horse_00719
clean/automobile/automobile_clean_00073.png,automobile,vehicle,land,clean,automobile_00720
blur/automobile/automobile_blur_00073.png,automobile,vehicle,land,blur,automobile_00720
pixelated/automobile/automobile_pixelated_00073.png,automobile,vehicle,land,pixelated,automobile_00720
noise/automobile/automobile_noise_00073.png,automobile,vehicle,land,noise,automobile_00720
clean/frog/frog_clean_00082.png,frog,animal,land,clean,frog_00721
blur/frog/frog_blur_00082.png,frog,animal,land,blur,frog_00721
pixelated/frog/frog_pixelated_00082.png,frog,animal,land,pixelated,frog_00721
noise/frog/frog_noise_00082.png,frog,animal,land,noise,frog_00721
clean/bird/bird_clean_00076.png,bird,animal,air,clean,bird_00722
blur/bird/bird_blur_00076.png,bird,animal,air,blur,bird_00722
pixelated/bird/bird_pixelated_00076.png,bird,animal,air,pixelated,bird_00722
noise/bird/bird_noise_00076.png,bird,animal,air,noise,bird_00722
clean/dog/dog_clean_00071.png,dog,animal,land,clean,dog_00723
blur/dog/dog_blur_00071.png,dog,animal,land,blur,dog_00723
pixelated/dog/dog_pixelated_00071.png,dog,animal,land,pixelated,dog_00723
noise/dog/dog_noise_00071.png,dog,animal,land,noise,dog_00723
clean/truck/truck_clean_00067.png,truck,vehicle,land,clean,truck_00724
blur/truck/truck_blur_00067.png,truck,vehicle,land,blur,truck_00724
pixelated/truck/truck_pixelated_00067.png,truck,vehicle,land,pixelated,truck_00724
noise/truck/truck_noise_00067.png,truck,vehicle,land,noise,truck_00724
clean/bird/bird_clean_00077.png,bird,animal,air,clean,bird_00725
blur/bird/bird_blur_00077.png,bird,animal,air,blur,bird_00725
pixelated/bird/bird_pixelated_00077.png,bird,animal,air,pixelated,bird_00725
noise/bird/bird_noise_00077.png,bird,animal,air,noise,bird_00725
clean/airplane/airplane_clean_00065.png,airplane,vehicle,air,clean,airplane_00726
blur/airplane/airplane_blur_00065.png,airplane,vehicle,air,blur,airplane_00726
pixelated/airplane/airplane_pixelated_00065.png,airplane,vehicle,air,pixelated,airplane_00726
noise/airplane/airplane_noise_00065.png,airplane,vehicle,air,noise,airplane_00726
clean/cat/cat_clean_00078.png,cat,animal,land,clean,cat_00727
blur/cat/cat_blur_00078.png,cat,animal,land,blur,cat_00727
pixelated/cat/cat_pixelated_00078.png,cat,animal,land,pixelated,cat_00727
noise/cat/cat_noise_00078.png,cat,animal,land,noise,cat_00727
clean/automobile/automobile_clean_00074.png,automobile,vehicle,land,clean,automobile_00728
blur/automobile/automobile_blur_00074.png,automobile,vehicle,land,blur,automobile_00728
pixelated/automobile/automobile_pixelated_00074.png,automobile,vehicle,land,pixelated,automobile_00728
noise/automobile/automobile_noise_00074.png,automobile,vehicle,land,noise,automobile_00728
clean/automobile/automobile_clean_00075.png,automobile,vehicle,land,clean,automobile_00729
blur/automobile/automobile_blur_00075.png,automobile,vehicle,land,blur,automobile_00729
pixelated/automobile/automobile_pixelated_00075.png,automobile,vehicle,land,pixelated,automobile_00729
noise/automobile/automobile_noise_00075.png,automobile,vehicle,land,noise,automobile_00729
clean/deer/deer_clean_00078.png,deer,animal,land,clean,deer_00730
blur/deer/deer_blur_00078.png,deer,animal,land,blur,deer_00730
pixelated/deer/deer_pixelated_00078.png,deer,animal,land,pixelated,deer_00730
noise/deer/deer_noise_00078.png,deer,animal,land,noise,deer_00730
clean/frog/frog_clean_00083.png,frog,animal,land,clean,frog_00731
blur/frog/frog_blur_00083.png,frog,animal,land,blur,frog_00731
pixelated/frog/frog_pixelated_00083.png,frog,animal,land,pixelated,frog_00731
noise/frog/frog_noise_00083.png,frog,animal,land,noise,frog_00731
clean/truck/truck_clean_00068.png,truck,vehicle,land,clean,truck_00732
blur/truck/truck_blur_00068.png,truck,vehicle,land,blur,truck_00732
pixelated/truck/truck_pixelated_00068.png,truck,vehicle,land,pixelated,truck_00732
noise/truck/truck_noise_00068.png,truck,vehicle,land,noise,truck_00732
clean/cat/cat_clean_00079.png,cat,animal,land,clean,cat_00733
blur/cat/cat_blur_00079.png,cat,animal,land,blur,cat_00733
pixelated/cat/cat_pixelated_00079.png,cat,animal,land,pixelated,cat_00733
noise/cat/cat_noise_00079.png,cat,animal,land,noise,cat_00733
clean/airplane/airplane_clean_00066.png,airplane,vehicle,air,clean,airplane_00734
blur/airplane/airplane_blur_00066.png,airplane,vehicle,air,blur,airplane_00734
pixelated/airplane/airplane_pixelated_00066.png,airplane,vehicle,air,pixelated,airplane_00734
noise/airplane/airplane_noise_00066.png,airplane,vehicle,air,noise,airplane_00734
clean/ship/ship_clean_00068.png,ship,vehicle,water,clean,ship_00735
blur/ship/ship_blur_00068.png,ship,vehicle,water,blur,ship_00735
pixelated/ship/ship_pixelated_00068.png,ship,vehicle,water,pixelated,ship_00735
noise/ship/ship_noise_00068.png,ship,vehicle,water,noise,ship_00735
clean/horse/horse_clean_00071.png,horse,animal,land,clean,horse_00736
blur/horse/horse_blur_00071.png,horse,animal,land,blur,horse_00736
pixelated/horse/horse_pixelated_00071.png,horse,animal,land,pixelated,horse_00736
noise/horse/horse_noise_00071.png,horse,animal,land,noise,horse_00736
clean/deer/deer_clean_00079.png,deer,animal,land,clean,deer_00737
blur/deer/deer_blur_00079.png,deer,animal,land,blur,deer_00737
pixelated/deer/deer_pixelated_00079.png,deer,animal,land,pixelated,deer_00737
noise/deer/deer_noise_00079.png,deer,animal,land,noise,deer_00737
clean/dog/dog_clean_00072.png,dog,animal,land,clean,dog_00738
blur/dog/dog_blur_00072.png,dog,animal,land,blur,dog_00738
pixelated/dog/dog_pixelated_00072.png,dog,animal,land,pixelated,dog_00738
noise/dog/dog_noise_00072.png,dog,animal,land,noise,dog_00738
clean/horse/horse_clean_00072.png,horse,animal,land,clean,horse_00739
blur/horse/horse_blur_00072.png,horse,animal,land,blur,horse_00739
pixelated/horse/horse_pixelated_00072.png,horse,animal,land,pixelated,horse_00739
noise/horse/horse_noise_00072.png,horse,animal,land,noise,horse_00739
clean/cat/cat_clean_00080.png,cat,animal,land,clean,cat_00740
blur/cat/cat_blur_00080.png,cat,animal,land,blur,cat_00740
pixelated/cat/cat_pixelated_00080.png,cat,animal,land,pixelated,cat_00740
noise/cat/cat_noise_00080.png,cat,animal,land,noise,cat_00740
clean/automobile/automobile_clean_00076.png,automobile,vehicle,land,clean,automobile_00741
blur/automobile/automobile_blur_00076.png,automobile,vehicle,land,blur,automobile_00741
pixelated/automobile/automobile_pixelated_00076.png,automobile,vehicle,land,pixelated,automobile_00741
noise/automobile/automobile_noise_00076.png,automobile,vehicle,land,noise,automobile_00741
clean/cat/cat_clean_00081.png,cat,animal,land,clean,cat_00742
blur/cat/cat_blur_00081.png,cat,animal,land,blur,cat_00742
pixelated/cat/cat_pixelated_00081.png,cat,animal,land,pixelated,cat_00742
noise/cat/cat_noise_00081.png,cat,animal,land,noise,cat_00742
clean/horse/horse_clean_00073.png,horse,animal,land,clean,horse_00743
blur/horse/horse_blur_00073.png,horse,animal,land,blur,horse_00743
pixelated/horse/horse_pixelated_00073.png,horse,animal,land,pixelated,horse_00743
noise/horse/horse_noise_00073.png,horse,animal,land,noise,horse_00743
clean/frog/frog_clean_00084.png,frog,animal,land,clean,frog_00744
blur/frog/frog_blur_00084.png,frog,animal,land,blur,frog_00744
pixelated/frog/frog_pixelated_00084.png,frog,animal,land,pixelated,frog_00744
noise/frog/frog_noise_00084.png,frog,animal,land,noise,frog_00744
clean/automobile/automobile_clean_00077.png,automobile,vehicle,land,clean,automobile_00745
blur/automobile/automobile_blur_00077.png,automobile,vehicle,land,blur,automobile_00745
pixelated/automobile/automobile_pixelated_00077.png,automobile,vehicle,land,pixelated,automobile_00745
noise/automobile/automobile_noise_00077.png,automobile,vehicle,land,noise,automobile_00745
clean/ship/ship_clean_00069.png,ship,vehicle,water,clean,ship_00746
blur/ship/ship_blur_00069.png,ship,vehicle,water,blur,ship_00746
pixelated/ship/ship_pixelated_00069.png,ship,vehicle,water,pixelated,ship_00746
noise/ship/ship_noise_00069.png,ship,vehicle,water,noise,ship_00746
clean/deer/deer_clean_00080.png,deer,animal,land,clean,deer_00747
blur/deer/deer_blur_00080.png,deer,animal,land,blur,deer_00747
pixelated/deer/deer_pixelated_00080.png,deer,animal,land,pixelated,deer_00747
noise/deer/deer_noise_00080.png,deer,animal,land,noise,deer_00747
clean/horse/horse_clean_00074.png,horse,animal,land,clean,horse_00748
blur/horse/horse_blur_00074.png,horse,animal,land,blur,horse_00748
pixelated/horse/horse_pixelated_00074.png,horse,animal,land,pixelated,horse_00748
noise/horse/horse_noise_00074.png,horse,animal,land,noise,horse_00748
clean/dog/dog_clean_00073.png,dog,animal,land,clean,dog_00749
blur/dog/dog_blur_00073.png,dog,animal,land,blur,dog_00749
pixelated/dog/dog_pixelated_00073.png,dog,animal,land,pixelated,dog_00749
noise/dog/dog_noise_00073.png,dog,animal,land,noise,dog_00749
clean/truck/truck_clean_00069.png,truck,vehicle,land,clean,truck_00750
blur/truck/truck_blur_00069.png,truck,vehicle,land,blur,truck_00750
pixelated/truck/truck_pixelated_00069.png,truck,vehicle,land,pixelated,truck_00750
noise/truck/truck_noise_00069.png,truck,vehicle,land,noise,truck_00750
clean/ship/ship_clean_00070.png,ship,vehicle,water,clean,ship_00751
blur/ship/ship_blur_00070.png,ship,vehicle,water,blur,ship_00751
pixelated/ship/ship_pixelated_00070.png,ship,vehicle,water,pixelated,ship_00751
noise/ship/ship_noise_00070.png,ship,vehicle,water,noise,ship_00751
clean/dog/dog_clean_00074.png,dog,animal,land,clean,dog_00752
blur/dog/dog_blur_00074.png,dog,animal,land,blur,dog_00752
pixelated/dog/dog_pixelated_00074.png,dog,animal,land,pixelated,dog_00752
noise/dog/dog_noise_00074.png,dog,animal,land,noise,dog_00752
clean/horse/horse_clean_00075.png,horse,animal,land,clean,horse_00753
blur/horse/horse_blur_00075.png,horse,animal,land,blur,horse_00753
pixelated/horse/horse_pixelated_00075.png,horse,animal,land,pixelated,horse_00753
noise/horse/horse_noise_00075.png,horse,animal,land,noise,horse_00753
clean/cat/cat_clean_00082.png,cat,animal,land,clean,cat_00754
blur/cat/cat_blur_00082.png,cat,animal,land,blur,cat_00754
pixelated/cat/cat_pixelated_00082.png,cat,animal,land,pixelated,cat_00754
noise/cat/cat_noise_00082.png,cat,animal,land,noise,cat_00754
clean/cat/cat_clean_00083.png,cat,animal,land,clean,cat_00755
blur/cat/cat_blur_00083.png,cat,animal,land,blur,cat_00755
pixelated/cat/cat_pixelated_00083.png,cat,animal,land,pixelated,cat_00755
noise/cat/cat_noise_00083.png,cat,animal,land,noise,cat_00755
clean/dog/dog_clean_00075.png,dog,animal,land,clean,dog_00756
blur/dog/dog_blur_00075.png,dog,animal,land,blur,dog_00756
pixelated/dog/dog_pixelated_00075.png,dog,animal,land,pixelated,dog_00756
noise/dog/dog_noise_00075.png,dog,animal,land,noise,dog_00756
clean/truck/truck_clean_00070.png,truck,vehicle,land,clean,truck_00757
blur/truck/truck_blur_00070.png,truck,vehicle,land,blur,truck_00757
pixelated/truck/truck_pixelated_00070.png,truck,vehicle,land,pixelated,truck_00757
noise/truck/truck_noise_00070.png,truck,vehicle,land,noise,truck_00757
clean/dog/dog_clean_00076.png,dog,animal,land,clean,dog_00758
blur/dog/dog_blur_00076.png,dog,animal,land,blur,dog_00758
pixelated/dog/dog_pixelated_00076.png,dog,animal,land,pixelated,dog_00758
noise/dog/dog_noise_00076.png,dog,animal,land,noise,dog_00758
clean/truck/truck_clean_00071.png,truck,vehicle,land,clean,truck_00759
blur/truck/truck_blur_00071.png,truck,vehicle,land,blur,truck_00759
pixelated/truck/truck_pixelated_00071.png,truck,vehicle,land,pixelated,truck_00759
noise/truck/truck_noise_00071.png,truck,vehicle,land,noise,truck_00759
clean/bird/bird_clean_00078.png,bird,animal,air,clean,bird_00760
blur/bird/bird_blur_00078.png,bird,animal,air,blur,bird_00760
pixelated/bird/bird_pixelated_00078.png,bird,animal,air,pixelated,bird_00760
noise/bird/bird_noise_00078.png,bird,animal,air,noise,bird_00760
clean/horse/horse_clean_00076.png,horse,animal,land,clean,horse_00761
blur/horse/horse_blur_00076.png,horse,animal,land,blur,horse_00761
pixelated/horse/horse_pixelated_00076.png,horse,animal,land,pixelated,horse_00761
noise/horse/horse_noise_00076.png,horse,animal,land,noise,horse_00761
clean/horse/horse_clean_00077.png,horse,animal,land,clean,horse_00762
blur/horse/horse_blur_00077.png,horse,animal,land,blur,horse_00762
pixelated/horse/horse_pixelated_00077.png,horse,animal,land,pixelated,horse_00762
noise/horse/horse_noise_00077.png,horse,animal,land,noise,horse_00762
clean/cat/cat_clean_00084.png,cat,animal,land,clean,cat_00763
blur/cat/cat_blur_00084.png,cat,animal,land,blur,cat_00763
pixelated/cat/cat_pixelated_00084.png,cat,animal,land,pixelated,cat_00763
noise/cat/cat_noise_00084.png,cat,animal,land,noise,cat_00763
clean/bird/bird_clean_00079.png,bird,animal,air,clean,bird_00764
blur/bird/bird_blur_00079.png,bird,animal,air,blur,bird_00764
pixelated/bird/bird_pixelated_00079.png,bird,animal,air,pixelated,bird_00764
noise/bird/bird_noise_00079.png,bird,animal,air,noise,bird_00764
clean/ship/ship_clean_00071.png,ship,vehicle,water,clean,ship_00765
blur/ship/ship_blur_00071.png,ship,vehicle,water,blur,ship_00765
pixelated/ship/ship_pixelated_00071.png,ship,vehicle,water,pixelated,ship_00765
noise/ship/ship_noise_00071.png,ship,vehicle,water,noise,ship_00765
clean/cat/cat_clean_00085.png,cat,animal,land,clean,cat_00766
blur/cat/cat_blur_00085.png,cat,animal,land,blur,cat_00766
pixelated/cat/cat_pixelated_00085.png,cat,animal,land,pixelated,cat_00766
noise/cat/cat_noise_00085.png,cat,animal,land,noise,cat_00766
clean/frog/frog_clean_00085.png,frog,animal,land,clean,frog_00767
blur/frog/frog_blur_00085.png,frog,animal,land,blur,frog_00767
pixelated/frog/frog_pixelated_00085.png,frog,animal,land,pixelated,frog_00767
noise/frog/frog_noise_00085.png,frog,animal,land,noise,frog_00767
clean/truck/truck_clean_00072.png,truck,vehicle,land,clean,truck_00768
blur/truck/truck_blur_00072.png,truck,vehicle,land,blur,truck_00768
pixelated/truck/truck_pixelated_00072.png,truck,vehicle,land,pixelated,truck_00768
noise/truck/truck_noise_00072.png,truck,vehicle,land,noise,truck_00768
clean/bird/bird_clean_00080.png,bird,animal,air,clean,bird_00769
blur/bird/bird_blur_00080.png,bird,animal,air,blur,bird_00769
pixelated/bird/bird_pixelated_00080.png,bird,animal,air,pixelated,bird_00769
noise/bird/bird_noise_00080.png,bird,animal,air,noise,bird_00769
clean/horse/horse_clean_00078.png,horse,animal,land,clean,horse_00770
blur/horse/horse_blur_00078.png,horse,animal,land,blur,horse_00770
pixelated/horse/horse_pixelated_00078.png,horse,animal,land,pixelated,horse_00770
noise/horse/horse_noise_00078.png,horse,animal,land,noise,horse_00770
clean/cat/cat_clean_00086.png,cat,animal,land,clean,cat_00771
blur/cat/cat_blur_00086.png,cat,animal,land,blur,cat_00771
pixelated/cat/cat_pixelated_00086.png,cat,animal,land,pixelated,cat_00771
noise/cat/cat_noise_00086.png,cat,animal,land,noise,cat_00771
clean/ship/ship_clean_00072.png,ship,vehicle,water,clean,ship_00772
blur/ship/ship_blur_00072.png,ship,vehicle,water,blur,ship_00772
pixelated/ship/ship_pixelated_00072.png,ship,vehicle,water,pixelated,ship_00772
noise/ship/ship_noise_00072.png,ship,vehicle,water,noise,ship_00772
clean/cat/cat_clean_00087.png,cat,animal,land,clean,cat_00773
blur/cat/cat_blur_00087.png,cat,animal,land,blur,cat_00773
pixelated/cat/cat_pixelated_00087.png,cat,animal,land,pixelated,cat_00773
noise/cat/cat_noise_00087.png,cat,animal,land,noise,cat_00773
clean/bird/bird_clean_00081.png,bird,animal,air,clean,bird_00774
blur/bird/bird_blur_00081.png,bird,animal,air,blur,bird_00774
pixelated/bird/bird_pixelated_00081.png,bird,animal,air,pixelated,bird_00774
noise/bird/bird_noise_00081.png,bird,animal,air,noise,bird_00774
clean/horse/horse_clean_00079.png,horse,animal,land,clean,horse_00775
blur/horse/horse_blur_00079.png,horse,animal,land,blur,horse_00775
pixelated/horse/horse_pixelated_00079.png,horse,animal,land,pixelated,horse_00775
noise/horse/horse_noise_00079.png,horse,animal,land,noise,horse_00775
clean/automobile/automobile_clean_00078.png,automobile,vehicle,land,clean,automobile_00776
blur/automobile/automobile_blur_00078.png,automobile,vehicle,land,blur,automobile_00776
pixelated/automobile/automobile_pixelated_00078.png,automobile,vehicle,land,pixelated,automobile_00776
noise/automobile/automobile_noise_00078.png,automobile,vehicle,land,noise,automobile_00776
clean/frog/frog_clean_00086.png,frog,animal,land,clean,frog_00777
blur/frog/frog_blur_00086.png,frog,animal,land,blur,frog_00777
pixelated/frog/frog_pixelated_00086.png,frog,animal,land,pixelated,frog_00777
noise/frog/frog_noise_00086.png,frog,animal,land,noise,frog_00777
clean/cat/cat_clean_00088.png,cat,animal,land,clean,cat_00778
blur/cat/cat_blur_00088.png,cat,animal,land,blur,cat_00778
pixelated/cat/cat_pixelated_00088.png,cat,animal,land,pixelated,cat_00778
noise/cat/cat_noise_00088.png,cat,animal,land,noise,cat_00778
clean/deer/deer_clean_00081.png,deer,animal,land,clean,deer_00779
blur/deer/deer_blur_00081.png,deer,animal,land,blur,deer_00779
pixelated/deer/deer_pixelated_00081.png,deer,animal,land,pixelated,deer_00779
noise/deer/deer_noise_00081.png,deer,animal,land,noise,deer_00779
clean/cat/cat_clean_00089.png,cat,animal,land,clean,cat_00780
blur/cat/cat_blur_00089.png,cat,animal,land,blur,cat_00780
pixelated/cat/cat_pixelated_00089.png,cat,animal,land,pixelated,cat_00780
noise/cat/cat_noise_00089.png,cat,animal,land,noise,cat_00780
clean/horse/horse_clean_00080.png,horse,animal,land,clean,horse_00781
blur/horse/horse_blur_00080.png,horse,animal,land,blur,horse_00781
pixelated/horse/horse_pixelated_00080.png,horse,animal,land,pixelated,horse_00781
noise/horse/horse_noise_00080.png,horse,animal,land,noise,horse_00781
clean/frog/frog_clean_00087.png,frog,animal,land,clean,frog_00782
blur/frog/frog_blur_00087.png,frog,animal,land,blur,frog_00782
pixelated/frog/frog_pixelated_00087.png,frog,animal,land,pixelated,frog_00782
noise/frog/frog_noise_00087.png,frog,animal,land,noise,frog_00782
clean/dog/dog_clean_00077.png,dog,animal,land,clean,dog_00783
blur/dog/dog_blur_00077.png,dog,animal,land,blur,dog_00783
pixelated/dog/dog_pixelated_00077.png,dog,animal,land,pixelated,dog_00783
noise/dog/dog_noise_00077.png,dog,animal,land,noise,dog_00783
clean/automobile/automobile_clean_00079.png,automobile,vehicle,land,clean,automobile_00784
blur/automobile/automobile_blur_00079.png,automobile,vehicle,land,blur,automobile_00784
pixelated/automobile/automobile_pixelated_00079.png,automobile,vehicle,land,pixelated,automobile_00784
noise/automobile/automobile_noise_00079.png,automobile,vehicle,land,noise,automobile_00784
clean/deer/deer_clean_00082.png,deer,animal,land,clean,deer_00785
blur/deer/deer_blur_00082.png,deer,animal,land,blur,deer_00785
pixelated/deer/deer_pixelated_00082.png,deer,animal,land,pixelated,deer_00785
noise/deer/deer_noise_00082.png,deer,animal,land,noise,deer_00785
clean/dog/dog_clean_00078.png,dog,animal,land,clean,dog_00786
blur/dog/dog_blur_00078.png,dog,animal,land,blur,dog_00786
pixelated/dog/dog_pixelated_00078.png,dog,animal,land,pixelated,dog_00786
noise/dog/dog_noise_00078.png,dog,animal,land,noise,dog_00786
clean/automobile/automobile_clean_00080.png,automobile,vehicle,land,clean,automobile_00787
blur/automobile/automobile_blur_00080.png,automobile,vehicle,land,blur,automobile_00787
pixelated/automobile/automobile_pixelated_00080.png,automobile,vehicle,land,pixelated,automobile_00787
noise/automobile/automobile_noise_00080.png,automobile,vehicle,land,noise,automobile_00787
clean/airplane/airplane_clean_00067.png,airplane,vehicle,air,clean,airplane_00788
blur/airplane/airplane_blur_00067.png,airplane,vehicle,air,blur,airplane_00788
pixelated/airplane/airplane_pixelated_00067.png,airplane,vehicle,air,pixelated,airplane_00788
noise/airplane/airplane_noise_00067.png,airplane,vehicle,air,noise,airplane_00788
clean/ship/ship_clean_00073.png,ship,vehicle,water,clean,ship_00789
blur/ship/ship_blur_00073.png,ship,vehicle,water,blur,ship_00789
pixelated/ship/ship_pixelated_00073.png,ship,vehicle,water,pixelated,ship_00789
noise/ship/ship_noise_00073.png,ship,vehicle,water,noise,ship_00789
clean/horse/horse_clean_00081.png,horse,animal,land,clean,horse_00790
blur/horse/horse_blur_00081.png,horse,animal,land,blur,horse_00790
pixelated/horse/horse_pixelated_00081.png,horse,animal,land,pixelated,horse_00790
noise/horse/horse_noise_00081.png,horse,animal,land,noise,horse_00790
clean/bird/bird_clean_00082.png,bird,animal,air,clean,bird_00791
blur/bird/bird_blur_00082.png,bird,animal,air,blur,bird_00791
pixelated/bird/bird_pixelated_00082.png,bird,animal,air,pixelated,bird_00791
noise/bird/bird_noise_00082.png,bird,animal,air,noise,bird_00791
clean/ship/ship_clean_00074.png,ship,vehicle,water,clean,ship_00792
blur/ship/ship_blur_00074.png,ship,vehicle,water,blur,ship_00792
pixelated/ship/ship_pixelated_00074.png,ship,vehicle,water,pixelated,ship_00792
noise/ship/ship_noise_00074.png,ship,vehicle,water,noise,ship_00792
clean/ship/ship_clean_00075.png,ship,vehicle,water,clean,ship_00793
blur/ship/ship_blur_00075.png,ship,vehicle,water,blur,ship_00793
pixelated/ship/ship_pixelated_00075.png,ship,vehicle,water,pixelated,ship_00793
noise/ship/ship_noise_00075.png,ship,vehicle,water,noise,ship_00793
clean/automobile/automobile_clean_00081.png,automobile,vehicle,land,clean,automobile_00794
blur/automobile/automobile_blur_00081.png,automobile,vehicle,land,blur,automobile_00794
pixelated/automobile/automobile_pixelated_00081.png,automobile,vehicle,land,pixelated,automobile_00794
noise/automobile/automobile_noise_00081.png,automobile,vehicle,land,noise,automobile_00794
clean/automobile/automobile_clean_00082.png,automobile,vehicle,land,clean,automobile_00795
blur/automobile/automobile_blur_00082.png,automobile,vehicle,land,blur,automobile_00795
pixelated/automobile/automobile_pixelated_00082.png,automobile,vehicle,land,pixelated,automobile_00795
noise/automobile/automobile_noise_00082.png,automobile,vehicle,land,noise,automobile_00795
clean/truck/truck_clean_00073.png,truck,vehicle,land,clean,truck_00796
blur/truck/truck_blur_00073.png,truck,vehicle,land,blur,truck_00796
pixelated/truck/truck_pixelated_00073.png,truck,vehicle,land,pixelated,truck_00796
noise/truck/truck_noise_00073.png,truck,vehicle,land,noise,truck_00796
clean/frog/frog_clean_00088.png,frog,animal,land,clean,frog_00797
blur/frog/frog_blur_00088.png,frog,animal,land,blur,frog_00797
pixelated/frog/frog_pixelated_00088.png,frog,animal,land,pixelated,frog_00797
noise/frog/frog_noise_00088.png,frog,animal,land,noise,frog_00797
clean/airplane/airplane_clean_00068.png,airplane,vehicle,air,clean,airplane_00798
blur/airplane/airplane_blur_00068.png,airplane,vehicle,air,blur,airplane_00798
pixelated/airplane/airplane_pixelated_00068.png,airplane,vehicle,air,pixelated,airplane_00798
noise/airplane/airplane_noise_00068.png,airplane,vehicle,air,noise,airplane_00798
clean/cat/cat_clean_00090.png,cat,animal,land,clean,cat_00799
blur/cat/cat_blur_00090.png,cat,animal,land,blur,cat_00799
pixelated/cat/cat_pixelated_00090.png,cat,animal,land,pixelated,cat_00799
noise/cat/cat_noise_00090.png,cat,animal,land,noise,cat_00799
clean/automobile/automobile_clean_00083.png,automobile,vehicle,land,clean,automobile_00800
blur/automobile/automobile_blur_00083.png,automobile,vehicle,land,blur,automobile_00800
pixelated/automobile/automobile_pixelated_00083.png,automobile,vehicle,land,pixelated,automobile_00800
noise/automobile/automobile_noise_00083.png,automobile,vehicle,land,noise,automobile_00800
clean/cat/cat_clean_00091.png,cat,animal,land,clean,cat_00801
blur/cat/cat_blur_00091.png,cat,animal,land,blur,cat_00801
pixelated/cat/cat_pixelated_00091.png,cat,animal,land,pixelated,cat_00801
noise/cat/cat_noise_00091.png,cat,animal,land,noise,cat_00801
clean/automobile/automobile_clean_00084.png,automobile,vehicle,land,clean,automobile_00802
blur/automobile/automobile_blur_00084.png,automobile,vehicle,land,blur,automobile_00802
pixelated/automobile/automobile_pixelated_00084.png,automobile,vehicle,land,pixelated,automobile_00802
noise/automobile/automobile_noise_00084.png,automobile,vehicle,land,noise,automobile_00802
clean/automobile/automobile_clean_00085.png,automobile,vehicle,land,clean,automobile_00803
blur/automobile/automobile_blur_00085.png,automobile,vehicle,land,blur,automobile_00803
pixelated/automobile/automobile_pixelated_00085.png,automobile,vehicle,land,pixelated,automobile_00803
noise/automobile/automobile_noise_00085.png,automobile,vehicle,land,noise,automobile_00803
clean/airplane/airplane_clean_00069.png,airplane,vehicle,air,clean,airplane_00804
blur/airplane/airplane_blur_00069.png,airplane,vehicle,air,blur,airplane_00804
pixelated/airplane/airplane_pixelated_00069.png,airplane,vehicle,air,pixelated,airplane_00804
noise/airplane/airplane_noise_00069.png,airplane,vehicle,air,noise,airplane_00804
clean/bird/bird_clean_00083.png,bird,animal,air,clean,bird_00805
blur/bird/bird_blur_00083.png,bird,animal,air,blur,bird_00805
pixelated/bird/bird_pixelated_00083.png,bird,animal,air,pixelated,bird_00805
noise/bird/bird_noise_00083.png,bird,animal,air,noise,bird_00805
clean/truck/truck_clean_00074.png,truck,vehicle,land,clean,truck_00806
blur/truck/truck_blur_00074.png,truck,vehicle,land,blur,truck_00806
pixelated/truck/truck_pixelated_00074.png,truck,vehicle,land,pixelated,truck_00806
noise/truck/truck_noise_00074.png,truck,vehicle,land,noise,truck_00806
clean/horse/horse_clean_00082.png,horse,animal,land,clean,horse_00807
blur/horse/horse_blur_00082.png,horse,animal,land,blur,horse_00807
pixelated/horse/horse_pixelated_00082.png,horse,animal,land,pixelated,horse_00807
noise/horse/horse_noise_00082.png,horse,animal,land,noise,horse_00807
clean/horse/horse_clean_00083.png,horse,animal,land,clean,horse_00808
blur/horse/horse_blur_00083.png,horse,animal,land,blur,horse_00808
pixelated/horse/horse_pixelated_00083.png,horse,animal,land,pixelated,horse_00808
noise/horse/horse_noise_00083.png,horse,animal,land,noise,horse_00808
clean/dog/dog_clean_00079.png,dog,animal,land,clean,dog_00809
blur/dog/dog_blur_00079.png,dog,animal,land,blur,dog_00809
pixelated/dog/dog_pixelated_00079.png,dog,animal,land,pixelated,dog_00809
noise/dog/dog_noise_00079.png,dog,animal,land,noise,dog_00809
clean/ship/ship_clean_00076.png,ship,vehicle,water,clean,ship_00810
blur/ship/ship_blur_00076.png,ship,vehicle,water,blur,ship_00810
pixelated/ship/ship_pixelated_00076.png,ship,vehicle,water,pixelated,ship_00810
noise/ship/ship_noise_00076.png,ship,vehicle,water,noise,ship_00810
clean/airplane/airplane_clean_00070.png,airplane,vehicle,air,clean,airplane_00811
blur/airplane/airplane_blur_00070.png,airplane,vehicle,air,blur,airplane_00811
pixelated/airplane/airplane_pixelated_00070.png,airplane,vehicle,air,pixelated,airplane_00811
noise/airplane/airplane_noise_00070.png,airplane,vehicle,air,noise,airplane_00811
clean/dog/dog_clean_00080.png,dog,animal,land,clean,dog_00812
blur/dog/dog_blur_00080.png,dog,animal,land,blur,dog_00812
pixelated/dog/dog_pixelated_00080.png,dog,animal,land,pixelated,dog_00812
noise/dog/dog_noise_00080.png,dog,animal,land,noise,dog_00812
clean/ship/ship_clean_00077.png,ship,vehicle,water,clean,ship_00813
blur/ship/ship_blur_00077.png,ship,vehicle,water,blur,ship_00813
pixelated/ship/ship_pixelated_00077.png,ship,vehicle,water,pixelated,ship_00813
noise/ship/ship_noise_00077.png,ship,vehicle,water,noise,ship_00813
clean/frog/frog_clean_00089.png,frog,animal,land,clean,frog_00814
blur/frog/frog_blur_00089.png,frog,animal,land,blur,frog_00814
pixelated/frog/frog_pixelated_00089.png,frog,animal,land,pixelated,frog_00814
noise/frog/frog_noise_00089.png,frog,animal,land,noise,frog_00814
clean/bird/bird_clean_00084.png,bird,animal,air,clean,bird_00815
blur/bird/bird_blur_00084.png,bird,animal,air,blur,bird_00815
pixelated/bird/bird_pixelated_00084.png,bird,animal,air,pixelated,bird_00815
noise/bird/bird_noise_00084.png,bird,animal,air,noise,bird_00815
clean/frog/frog_clean_00090.png,frog,animal,land,clean,frog_00816
blur/frog/frog_blur_00090.png,frog,animal,land,blur,frog_00816
pixelated/frog/frog_pixelated_00090.png,frog,animal,land,pixelated,frog_00816
noise/frog/frog_noise_00090.png,frog,animal,land,noise,frog_00816
clean/horse/horse_clean_00084.png,horse,animal,land,clean,horse_00817
blur/horse/horse_blur_00084.png,horse,animal,land,blur,horse_00817
pixelated/horse/horse_pixelated_00084.png,horse,animal,land,pixelated,horse_00817
noise/horse/horse_noise_00084.png,horse,animal,land,noise,horse_00817
clean/bird/bird_clean_00085.png,bird,animal,air,clean,bird_00818
blur/bird/bird_blur_00085.png,bird,animal,air,blur,bird_00818
pixelated/bird/bird_pixelated_00085.png,bird,animal,air,pixelated,bird_00818
noise/bird/bird_noise_00085.png,bird,animal,air,noise,bird_00818
clean/dog/dog_clean_00081.png,dog,animal,land,clean,dog_00819
blur/dog/dog_blur_00081.png,dog,animal,land,blur,dog_00819
pixelated/dog/dog_pixelated_00081.png,dog,animal,land,pixelated,dog_00819
noise/dog/dog_noise_00081.png,dog,animal,land,noise,dog_00819
clean/cat/cat_clean_00092.png,cat,animal,land,clean,cat_00820
blur/cat/cat_blur_00092.png,cat,animal,land,blur,cat_00820
pixelated/cat/cat_pixelated_00092.png,cat,animal,land,pixelated,cat_00820
noise/cat/cat_noise_00092.png,cat,animal,land,noise,cat_00820
clean/airplane/airplane_clean_00071.png,airplane,vehicle,air,clean,airplane_00821
blur/airplane/airplane_blur_00071.png,airplane,vehicle,air,blur,airplane_00821
pixelated/airplane/airplane_pixelated_00071.png,airplane,vehicle,air,pixelated,airplane_00821
noise/airplane/airplane_noise_00071.png,airplane,vehicle,air,noise,airplane_00821
clean/truck/truck_clean_00075.png,truck,vehicle,land,clean,truck_00822
blur/truck/truck_blur_00075.png,truck,vehicle,land,blur,truck_00822
pixelated/truck/truck_pixelated_00075.png,truck,vehicle,land,pixelated,truck_00822
noise/truck/truck_noise_00075.png,truck,vehicle,land,noise,truck_00822
clean/dog/dog_clean_00082.png,dog,animal,land,clean,dog_00823
blur/dog/dog_blur_00082.png,dog,animal,land,blur,dog_00823
pixelated/dog/dog_pixelated_00082.png,dog,animal,land,pixelated,dog_00823
noise/dog/dog_noise_00082.png,dog,animal,land,noise,dog_00823
clean/airplane/airplane_clean_00072.png,airplane,vehicle,air,clean,airplane_00824
blur/airplane/airplane_blur_00072.png,airplane,vehicle,air,blur,airplane_00824
pixelated/airplane/airplane_pixelated_00072.png,airplane,vehicle,air,pixelated,airplane_00824
noise/airplane/airplane_noise_00072.png,airplane,vehicle,air,noise,airplane_00824
clean/bird/bird_clean_00086.png,bird,animal,air,clean,bird_00825
blur/bird/bird_blur_00086.png,bird,animal,air,blur,bird_00825
pixelated/bird/bird_pixelated_00086.png,bird,animal,air,pixelated,bird_00825
noise/bird/bird_noise_00086.png,bird,animal,air,noise,bird_00825
clean/horse/horse_clean_00085.png,horse,animal,land,clean,horse_00826
blur/horse/horse_blur_00085.png,horse,animal,land,blur,horse_00826
pixelated/horse/horse_pixelated_00085.png,horse,animal,land,pixelated,horse_00826
noise/horse/horse_noise_00085.png,horse,animal,land,noise,horse_00826
clean/cat/cat_clean_00093.png,cat,animal,land,clean,cat_00827
blur/cat/cat_blur_00093.png,cat,animal,land,blur,cat_00827
pixelated/cat/cat_pixelated_00093.png,cat,animal,land,pixelated,cat_00827
noise/cat/cat_noise_00093.png,cat,animal,land,noise,cat_00827
clean/dog/dog_clean_00083.png,dog,animal,land,clean,dog_00828
blur/dog/dog_blur_00083.png,dog,animal,land,blur,dog_00828
pixelated/dog/dog_pixelated_00083.png,dog,animal,land,pixelated,dog_00828
noise/dog/dog_noise_00083.png,dog,animal,land,noise,dog_00828
clean/deer/deer_clean_00083.png,deer,animal,land,clean,deer_00829
blur/deer/deer_blur_00083.png,deer,animal,land,blur,deer_00829
pixelated/deer/deer_pixelated_00083.png,deer,animal,land,pixelated,deer_00829
noise/deer/deer_noise_00083.png,deer,animal,land,noise,deer_00829
clean/truck/truck_clean_00076.png,truck,vehicle,land,clean,truck_00830
blur/truck/truck_blur_00076.png,truck,vehicle,land,blur,truck_00830
pixelated/truck/truck_pixelated_00076.png,truck,vehicle,land,pixelated,truck_00830
noise/truck/truck_noise_00076.png,truck,vehicle,land,noise,truck_00830
clean/bird/bird_clean_00087.png,bird,animal,air,clean,bird_00831
blur/bird/bird_blur_00087.png,bird,animal,air,blur,bird_00831
pixelated/bird/bird_pixelated_00087.png,bird,animal,air,pixelated,bird_00831
noise/bird/bird_noise_00087.png,bird,animal,air,noise,bird_00831
clean/horse/horse_clean_00086.png,horse,animal,land,clean,horse_00832
blur/horse/horse_blur_00086.png,horse,animal,land,blur,horse_00832
pixelated/horse/horse_pixelated_00086.png,horse,animal,land,pixelated,horse_00832
noise/horse/horse_noise_00086.png,horse,animal,land,noise,horse_00832
clean/bird/bird_clean_00088.png,bird,animal,air,clean,bird_00833
blur/bird/bird_blur_00088.png,bird,animal,air,blur,bird_00833
pixelated/bird/bird_pixelated_00088.png,bird,animal,air,pixelated,bird_00833
noise/bird/bird_noise_00088.png,bird,animal,air,noise,bird_00833
clean/truck/truck_clean_00077.png,truck,vehicle,land,clean,truck_00834
blur/truck/truck_blur_00077.png,truck,vehicle,land,blur,truck_00834
pixelated/truck/truck_pixelated_00077.png,truck,vehicle,land,pixelated,truck_00834
noise/truck/truck_noise_00077.png,truck,vehicle,land,noise,truck_00834
clean/frog/frog_clean_00091.png,frog,animal,land,clean,frog_00835
blur/frog/frog_blur_00091.png,frog,animal,land,blur,frog_00835
pixelated/frog/frog_pixelated_00091.png,frog,animal,land,pixelated,frog_00835
noise/frog/frog_noise_00091.png,frog,animal,land,noise,frog_00835
clean/truck/truck_clean_00078.png,truck,vehicle,land,clean,truck_00836
blur/truck/truck_blur_00078.png,truck,vehicle,land,blur,truck_00836
pixelated/truck/truck_pixelated_00078.png,truck,vehicle,land,pixelated,truck_00836
noise/truck/truck_noise_00078.png,truck,vehicle,land,noise,truck_00836
clean/ship/ship_clean_00078.png,ship,vehicle,water,clean,ship_00837
blur/ship/ship_blur_00078.png,ship,vehicle,water,blur,ship_00837
pixelated/ship/ship_pixelated_00078.png,ship,vehicle,water,pixelated,ship_00837
noise/ship/ship_noise_00078.png,ship,vehicle,water,noise,ship_00837
clean/dog/dog_clean_00084.png,dog,animal,land,clean,dog_00838
blur/dog/dog_blur_00084.png,dog,animal,land,blur,dog_00838
pixelated/dog/dog_pixelated_00084.png,dog,animal,land,pixelated,dog_00838
noise/dog/dog_noise_00084.png,dog,animal,land,noise,dog_00838
clean/frog/frog_clean_00092.png,frog,animal,land,clean,frog_00839
blur/frog/frog_blur_00092.png,frog,animal,land,blur,frog_00839
pixelated/frog/frog_pixelated_00092.png,frog,animal,land,pixelated,frog_00839
noise/frog/frog_noise_00092.png,frog,animal,land,noise,frog_00839
clean/deer/deer_clean_00084.png,deer,animal,land,clean,deer_00840
blur/deer/deer_blur_00084.png,deer,animal,land,blur,deer_00840
pixelated/deer/deer_pixelated_00084.png,deer,animal,land,pixelated,deer_00840
noise/deer/deer_noise_00084.png,deer,animal,land,noise,deer_00840
clean/frog/frog_clean_00093.png,frog,animal,land,clean,frog_00841
blur/frog/frog_blur_00093.png,frog,animal,land,blur,frog_00841
pixelated/frog/frog_pixelated_00093.png,frog,animal,land,pixelated,frog_00841
noise/frog/frog_noise_00093.png,frog,animal,land,noise,frog_00841
clean/ship/ship_clean_00079.png,ship,vehicle,water,clean,ship_00842
blur/ship/ship_blur_00079.png,ship,vehicle,water,blur,ship_00842
pixelated/ship/ship_pixelated_00079.png,ship,vehicle,water,pixelated,ship_00842
noise/ship/ship_noise_00079.png,ship,vehicle,water,noise,ship_00842
clean/airplane/airplane_clean_00073.png,airplane,vehicle,air,clean,airplane_00843
blur/airplane/airplane_blur_00073.png,airplane,vehicle,air,blur,airplane_00843
pixelated/airplane/airplane_pixelated_00073.png,airplane,vehicle,air,pixelated,airplane_00843
noise/airplane/airplane_noise_00073.png,airplane,vehicle,air,noise,airplane_00843
clean/dog/dog_clean_00085.png,dog,animal,land,clean,dog_00844
blur/dog/dog_blur_00085.png,dog,animal,land,blur,dog_00844
pixelated/dog/dog_pixelated_00085.png,dog,animal,land,pixelated,dog_00844
noise/dog/dog_noise_00085.png,dog,animal,land,noise,dog_00844
clean/cat/cat_clean_00094.png,cat,animal,land,clean,cat_00845
blur/cat/cat_blur_00094.png,cat,animal,land,blur,cat_00845
pixelated/cat/cat_pixelated_00094.png,cat,animal,land,pixelated,cat_00845
noise/cat/cat_noise_00094.png,cat,animal,land,noise,cat_00845
clean/cat/cat_clean_00095.png,cat,animal,land,clean,cat_00846
blur/cat/cat_blur_00095.png,cat,animal,land,blur,cat_00846
pixelated/cat/cat_pixelated_00095.png,cat,animal,land,pixelated,cat_00846
noise/cat/cat_noise_00095.png,cat,animal,land,noise,cat_00846
clean/truck/truck_clean_00079.png,truck,vehicle,land,clean,truck_00847
blur/truck/truck_blur_00079.png,truck,vehicle,land,blur,truck_00847
pixelated/truck/truck_pixelated_00079.png,truck,vehicle,land,pixelated,truck_00847
noise/truck/truck_noise_00079.png,truck,vehicle,land,noise,truck_00847
clean/airplane/airplane_clean_00074.png,airplane,vehicle,air,clean,airplane_00848
blur/airplane/airplane_blur_00074.png,airplane,vehicle,air,blur,airplane_00848
pixelated/airplane/airplane_pixelated_00074.png,airplane,vehicle,air,pixelated,airplane_00848
noise/airplane/airplane_noise_00074.png,airplane,vehicle,air,noise,airplane_00848
clean/ship/ship_clean_00080.png,ship,vehicle,water,clean,ship_00849
blur/ship/ship_blur_00080.png,ship,vehicle,water,blur,ship_00849
pixelated/ship/ship_pixelated_00080.png,ship,vehicle,water,pixelated,ship_00849
noise/ship/ship_noise_00080.png,ship,vehicle,water,noise,ship_00849
clean/horse/horse_clean_00087.png,horse,animal,land,clean,horse_00850
blur/horse/horse_blur_00087.png,horse,animal,land,blur,horse_00850
pixelated/horse/horse_pixelated_00087.png,horse,animal,land,pixelated,horse_00850
noise/horse/horse_noise_00087.png,horse,animal,land,noise,horse_00850
clean/cat/cat_clean_00096.png,cat,animal,land,clean,cat_00851
blur/cat/cat_blur_00096.png,cat,animal,land,blur,cat_00851
pixelated/cat/cat_pixelated_00096.png,cat,animal,land,pixelated,cat_00851
noise/cat/cat_noise_00096.png,cat,animal,land,noise,cat_00851
clean/automobile/automobile_clean_00086.png,automobile,vehicle,land,clean,automobile_00852
blur/automobile/automobile_blur_00086.png,automobile,vehicle,land,blur,automobile_00852
pixelated/automobile/automobile_pixelated_00086.png,automobile,vehicle,land,pixelated,automobile_00852
noise/automobile/automobile_noise_00086.png,automobile,vehicle,land,noise,automobile_00852
clean/cat/cat_clean_00097.png,cat,animal,land,clean,cat_00853
blur/cat/cat_blur_00097.png,cat,animal,land,blur,cat_00853
pixelated/cat/cat_pixelated_00097.png,cat,animal,land,pixelated,cat_00853
noise/cat/cat_noise_00097.png,cat,animal,land,noise,cat_00853
clean/truck/truck_clean_00080.png,truck,vehicle,land,clean,truck_00854
blur/truck/truck_blur_00080.png,truck,vehicle,land,blur,truck_00854
pixelated/truck/truck_pixelated_00080.png,truck,vehicle,land,pixelated,truck_00854
noise/truck/truck_noise_00080.png,truck,vehicle,land,noise,truck_00854
clean/cat/cat_clean_00098.png,cat,animal,land,clean,cat_00855
blur/cat/cat_blur_00098.png,cat,animal,land,blur,cat_00855
pixelated/cat/cat_pixelated_00098.png,cat,animal,land,pixelated,cat_00855
noise/cat/cat_noise_00098.png,cat,animal,land,noise,cat_00855
clean/dog/dog_clean_00086.png,dog,animal,land,clean,dog_00856
blur/dog/dog_blur_00086.png,dog,animal,land,blur,dog_00856
pixelated/dog/dog_pixelated_00086.png,dog,animal,land,pixelated,dog_00856
noise/dog/dog_noise_00086.png,dog,animal,land,noise,dog_00856
clean/ship/ship_clean_00081.png,ship,vehicle,water,clean,ship_00857
blur/ship/ship_blur_00081.png,ship,vehicle,water,blur,ship_00857
pixelated/ship/ship_pixelated_00081.png,ship,vehicle,water,pixelated,ship_00857
noise/ship/ship_noise_00081.png,ship,vehicle,water,noise,ship_00857
clean/bird/bird_clean_00089.png,bird,animal,air,clean,bird_00858
blur/bird/bird_blur_00089.png,bird,animal,air,blur,bird_00858
pixelated/bird/bird_pixelated_00089.png,bird,animal,air,pixelated,bird_00858
noise/bird/bird_noise_00089.png,bird,animal,air,noise,bird_00858
clean/horse/horse_clean_00088.png,horse,animal,land,clean,horse_00859
blur/horse/horse_blur_00088.png,horse,animal,land,blur,horse_00859
pixelated/horse/horse_pixelated_00088.png,horse,animal,land,pixelated,horse_00859
noise/horse/horse_noise_00088.png,horse,animal,land,noise,horse_00859
clean/airplane/airplane_clean_00075.png,airplane,vehicle,air,clean,airplane_00860
blur/airplane/airplane_blur_00075.png,airplane,vehicle,air,blur,airplane_00860
pixelated/airplane/airplane_pixelated_00075.png,airplane,vehicle,air,pixelated,airplane_00860
noise/airplane/airplane_noise_00075.png,airplane,vehicle,air,noise,airplane_00860
clean/automobile/automobile_clean_00087.png,automobile,vehicle,land,clean,automobile_00861
blur/automobile/automobile_blur_00087.png,automobile,vehicle,land,blur,automobile_00861
pixelated/automobile/automobile_pixelated_00087.png,automobile,vehicle,land,pixelated,automobile_00861
noise/automobile/automobile_noise_00087.png,automobile,vehicle,land,noise,automobile_00861
clean/automobile/automobile_clean_00088.png,automobile,vehicle,land,clean,automobile_00862
blur/automobile/automobile_blur_00088.png,automobile,vehicle,land,blur,automobile_00862
pixelated/automobile/automobile_pixelated_00088.png,automobile,vehicle,land,pixelated,automobile_00862
noise/automobile/automobile_noise_00088.png,automobile,vehicle,land,noise,automobile_00862
clean/deer/deer_clean_00085.png,deer,animal,land,clean,deer_00863
blur/deer/deer_blur_00085.png,deer,animal,land,blur,deer_00863
pixelated/deer/deer_pixelated_00085.png,deer,animal,land,pixelated,deer_00863
noise/deer/deer_noise_00085.png,deer,animal,land,noise,deer_00863
clean/airplane/airplane_clean_00076.png,airplane,vehicle,air,clean,airplane_00864
blur/airplane/airplane_blur_00076.png,airplane,vehicle,air,blur,airplane_00864
pixelated/airplane/airplane_pixelated_00076.png,airplane,vehicle,air,pixelated,airplane_00864
noise/airplane/airplane_noise_00076.png,airplane,vehicle,air,noise,airplane_00864
clean/dog/dog_clean_00087.png,dog,animal,land,clean,dog_00865
blur/dog/dog_blur_00087.png,dog,animal,land,blur,dog_00865
pixelated/dog/dog_pixelated_00087.png,dog,animal,land,pixelated,dog_00865
noise/dog/dog_noise_00087.png,dog,animal,land,noise,dog_00865
clean/deer/deer_clean_00086.png,deer,animal,land,clean,deer_00866
blur/deer/deer_blur_00086.png,deer,animal,land,blur,deer_00866
pixelated/deer/deer_pixelated_00086.png,deer,animal,land,pixelated,deer_00866
noise/deer/deer_noise_00086.png,deer,animal,land,noise,deer_00866
clean/airplane/airplane_clean_00077.png,airplane,vehicle,air,clean,airplane_00867
blur/airplane/airplane_blur_00077.png,airplane,vehicle,air,blur,airplane_00867
pixelated/airplane/airplane_pixelated_00077.png,airplane,vehicle,air,pixelated,airplane_00867
noise/airplane/airplane_noise_00077.png,airplane,vehicle,air,noise,airplane_00867
clean/airplane/airplane_clean_00078.png,airplane,vehicle,air,clean,airplane_00868
blur/airplane/airplane_blur_00078.png,airplane,vehicle,air,blur,airplane_00868
pixelated/airplane/airplane_pixelated_00078.png,airplane,vehicle,air,pixelated,airplane_00868
noise/airplane/airplane_noise_00078.png,airplane,vehicle,air,noise,airplane_00868
clean/automobile/automobile_clean_00089.png,automobile,vehicle,land,clean,automobile_00869
blur/automobile/automobile_blur_00089.png,automobile,vehicle,land,blur,automobile_00869
pixelated/automobile/automobile_pixelated_00089.png,automobile,vehicle,land,pixelated,automobile_00869
noise/automobile/automobile_noise_00089.png,automobile,vehicle,land,noise,automobile_00869
clean/ship/ship_clean_00082.png,ship,vehicle,water,clean,ship_00870
blur/ship/ship_blur_00082.png,ship,vehicle,water,blur,ship_00870
pixelated/ship/ship_pixelated_00082.png,ship,vehicle,water,pixelated,ship_00870
noise/ship/ship_noise_00082.png,ship,vehicle,water,noise,ship_00870
clean/dog/dog_clean_00088.png,dog,animal,land,clean,dog_00871
blur/dog/dog_blur_00088.png,dog,animal,land,blur,dog_00871
pixelated/dog/dog_pixelated_00088.png,dog,animal,land,pixelated,dog_00871
noise/dog/dog_noise_00088.png,dog,animal,land,noise,dog_00871
clean/dog/dog_clean_00089.png,dog,animal,land,clean,dog_00872
blur/dog/dog_blur_00089.png,dog,animal,land,blur,dog_00872
pixelated/dog/dog_pixelated_00089.png,dog,animal,land,pixelated,dog_00872
noise/dog/dog_noise_00089.png,dog,animal,land,noise,dog_00872
clean/deer/deer_clean_00087.png,deer,animal,land,clean,deer_00873
blur/deer/deer_blur_00087.png,deer,animal,land,blur,deer_00873
pixelated/deer/deer_pixelated_00087.png,deer,animal,land,pixelated,deer_00873
noise/deer/deer_noise_00087.png,deer,animal,land,noise,deer_00873
clean/ship/ship_clean_00083.png,ship,vehicle,water,clean,ship_00874
blur/ship/ship_blur_00083.png,ship,vehicle,water,blur,ship_00874
pixelated/ship/ship_pixelated_00083.png,ship,vehicle,water,pixelated,ship_00874
noise/ship/ship_noise_00083.png,ship,vehicle,water,noise,ship_00874
clean/dog/dog_clean_00090.png,dog,animal,land,clean,dog_00875
blur/dog/dog_blur_00090.png,dog,animal,land,blur,dog_00875
pixelated/dog/dog_pixelated_00090.png,dog,animal,land,pixelated,dog_00875
noise/dog/dog_noise_00090.png,dog,animal,land,noise,dog_00875
clean/dog/dog_clean_00091.png,dog,animal,land,clean,dog_00876
blur/dog/dog_blur_00091.png,dog,animal,land,blur,dog_00876
pixelated/dog/dog_pixelated_00091.png,dog,animal,land,pixelated,dog_00876
noise/dog/dog_noise_00091.png,dog,animal,land,noise,dog_00876
clean/bird/bird_clean_00090.png,bird,animal,air,clean,bird_00877
blur/bird/bird_blur_00090.png,bird,animal,air,blur,bird_00877
pixelated/bird/bird_pixelated_00090.png,bird,animal,air,pixelated,bird_00877
noise/bird/bird_noise_00090.png,bird,animal,air,noise,bird_00877
clean/automobile/automobile_clean_00090.png,automobile,vehicle,land,clean,automobile_00878
blur/automobile/automobile_blur_00090.png,automobile,vehicle,land,blur,automobile_00878
pixelated/automobile/automobile_pixelated_00090.png,automobile,vehicle,land,pixelated,automobile_00878
noise/automobile/automobile_noise_00090.png,automobile,vehicle,land,noise,automobile_00878
clean/bird/bird_clean_00091.png,bird,animal,air,clean,bird_00879
blur/bird/bird_blur_00091.png,bird,animal,air,blur,bird_00879
pixelated/bird/bird_pixelated_00091.png,bird,animal,air,pixelated,bird_00879
noise/bird/bird_noise_00091.png,bird,animal,air,noise,bird_00879
clean/frog/frog_clean_00094.png,frog,animal,land,clean,frog_00880
blur/frog/frog_blur_00094.png,frog,animal,land,blur,frog_00880
pixelated/frog/frog_pixelated_00094.png,frog,animal,land,pixelated,frog_00880
noise/frog/frog_noise_00094.png,frog,animal,land,noise,frog_00880
clean/deer/deer_clean_00088.png,deer,animal,land,clean,deer_00881
blur/deer/deer_blur_00088.png,deer,animal,land,blur,deer_00881
pixelated/deer/deer_pixelated_00088.png,deer,animal,land,pixelated,deer_00881
noise/deer/deer_noise_00088.png,deer,animal,land,noise,deer_00881
clean/bird/bird_clean_00092.png,bird,animal,air,clean,bird_00882
blur/bird/bird_blur_00092.png,bird,animal,air,blur,bird_00882
pixelated/bird/bird_pixelated_00092.png,bird,animal,air,pixelated,bird_00882
noise/bird/bird_noise_00092.png,bird,animal,air,noise,bird_00882
clean/deer/deer_clean_00089.png,deer,animal,land,clean,deer_00883
blur/deer/deer_blur_00089.png,deer,animal,land,blur,deer_00883
pixelated/deer/deer_pixelated_00089.png,deer,animal,land,pixelated,deer_00883
noise/deer/deer_noise_00089.png,deer,animal,land,noise,deer_00883
clean/bird/bird_clean_00093.png,bird,animal,air,clean,bird_00884
blur/bird/bird_blur_00093.png,bird,animal,air,blur,bird_00884
pixelated/bird/bird_pixelated_00093.png,bird,animal,air,pixelated,bird_00884
noise/bird/bird_noise_00093.png,bird,animal,air,noise,bird_00884
clean/horse/horse_clean_00089.png,horse,animal,land,clean,horse_00885
blur/horse/horse_blur_00089.png,horse,animal,land,blur,horse_00885
pixelated/horse/horse_pixelated_00089.png,horse,animal,land,pixelated,horse_00885
noise/horse/horse_noise_00089.png,horse,animal,land,noise,horse_00885
clean/frog/frog_clean_00095.png,frog,animal,land,clean,frog_00886
blur/frog/frog_blur_00095.png,frog,animal,land,blur,frog_00886
pixelated/frog/frog_pixelated_00095.png,frog,animal,land,pixelated,frog_00886
noise/frog/frog_noise_00095.png,frog,animal,land,noise,frog_00886
clean/ship/ship_clean_00084.png,ship,vehicle,water,clean,ship_00887
blur/ship/ship_blur_00084.png,ship,vehicle,water,blur,ship_00887
pixelated/ship/ship_pixelated_00084.png,ship,vehicle,water,pixelated,ship_00887
noise/ship/ship_noise_00084.png,ship,vehicle,water,noise,ship_00887
clean/cat/cat_clean_00099.png,cat,animal,land,clean,cat_00888
blur/cat/cat_blur_00099.png,cat,animal,land,blur,cat_00888
pixelated/cat/cat_pixelated_00099.png,cat,animal,land,pixelated,cat_00888
noise/cat/cat_noise_00099.png,cat,animal,land,noise,cat_00888
clean/deer/deer_clean_00090.png,deer,animal,land,clean,deer_00889
blur/deer/deer_blur_00090.png,deer,animal,land,blur,deer_00889
pixelated/deer/deer_pixelated_00090.png,deer,animal,land,pixelated,deer_00889
noise/deer/deer_noise_00090.png,deer,animal,land,noise,deer_00889
clean/deer/deer_clean_00091.png,deer,animal,land,clean,deer_00890
blur/deer/deer_blur_00091.png,deer,animal,land,blur,deer_00890
pixelated/deer/deer_pixelated_00091.png,deer,animal,land,pixelated,deer_00890
noise/deer/deer_noise_00091.png,deer,animal,land,noise,deer_00890
clean/airplane/airplane_clean_00079.png,airplane,vehicle,air,clean,airplane_00891
blur/airplane/airplane_blur_00079.png,airplane,vehicle,air,blur,airplane_00891
pixelated/airplane/airplane_pixelated_00079.png,airplane,vehicle,air,pixelated,airplane_00891
noise/airplane/airplane_noise_00079.png,airplane,vehicle,air,noise,airplane_00891
clean/frog/frog_clean_00096.png,frog,animal,land,clean,frog_00892
blur/frog/frog_blur_00096.png,frog,animal,land,blur,frog_00892
pixelated/frog/frog_pixelated_00096.png,frog,animal,land,pixelated,frog_00892
noise/frog/frog_noise_00096.png,frog,animal,land,noise,frog_00892
clean/dog/dog_clean_00092.png,dog,animal,land,clean,dog_00893
blur/dog/dog_blur_00092.png,dog,animal,land,blur,dog_00893
pixelated/dog/dog_pixelated_00092.png,dog,animal,land,pixelated,dog_00893
noise/dog/dog_noise_00092.png,dog,animal,land,noise,dog_00893
clean/truck/truck_clean_00081.png,truck,vehicle,land,clean,truck_00894
blur/truck/truck_blur_00081.png,truck,vehicle,land,blur,truck_00894
pixelated/truck/truck_pixelated_00081.png,truck,vehicle,land,pixelated,truck_00894
noise/truck/truck_noise_00081.png,truck,vehicle,land,noise,truck_00894
clean/dog/dog_clean_00093.png,dog,animal,land,clean,dog_00895
blur/dog/dog_blur_00093.png,dog,animal,land,blur,dog_00895
pixelated/dog/dog_pixelated_00093.png,dog,animal,land,pixelated,dog_00895
noise/dog/dog_noise_00093.png,dog,animal,land,noise,dog_00895
clean/frog/frog_clean_00097.png,frog,animal,land,clean,frog_00896
blur/frog/frog_blur_00097.png,frog,animal,land,blur,frog_00896
pixelated/frog/frog_pixelated_00097.png,frog,animal,land,pixelated,frog_00896
noise/frog/frog_noise_00097.png,frog,animal,land,noise,frog_00896
clean/cat/cat_clean_00100.png,cat,animal,land,clean,cat_00897
blur/cat/cat_blur_00100.png,cat,animal,land,blur,cat_00897
pixelated/cat/cat_pixelated_00100.png,cat,animal,land,pixelated,cat_00897
noise/cat/cat_noise_00100.png,cat,animal,land,noise,cat_00897
clean/frog/frog_clean_00098.png,frog,animal,land,clean,frog_00898
blur/frog/frog_blur_00098.png,frog,animal,land,blur,frog_00898
pixelated/frog/frog_pixelated_00098.png,frog,animal,land,pixelated,frog_00898
noise/frog/frog_noise_00098.png,frog,animal,land,noise,frog_00898
clean/dog/dog_clean_00094.png,dog,animal,land,clean,dog_00899
blur/dog/dog_blur_00094.png,dog,animal,land,blur,dog_00899
pixelated/dog/dog_pixelated_00094.png,dog,animal,land,pixelated,dog_00899
noise/dog/dog_noise_00094.png,dog,animal,land,noise,dog_00899
clean/deer/deer_clean_00092.png,deer,animal,land,clean,deer_00900
blur/deer/deer_blur_00092.png,deer,animal,land,blur,deer_00900
pixelated/deer/deer_pixelated_00092.png,deer,animal,land,pixelated,deer_00900
noise/deer/deer_noise_00092.png,deer,animal,land,noise,deer_00900
clean/horse/horse_clean_00090.png,horse,animal,land,clean,horse_00901
blur/horse/horse_blur_00090.png,horse,animal,land,blur,horse_00901
pixelated/horse/horse_pixelated_00090.png,horse,animal,land,pixelated,horse_00901
noise/horse/horse_noise_00090.png,horse,animal,land,noise,horse_00901
clean/airplane/airplane_clean_00080.png,airplane,vehicle,air,clean,airplane_00902
blur/airplane/airplane_blur_00080.png,airplane,vehicle,air,blur,airplane_00902
pixelated/airplane/airplane_pixelated_00080.png,airplane,vehicle,air,pixelated,airplane_00902
noise/airplane/airplane_noise_00080.png,airplane,vehicle,air,noise,airplane_00902
clean/deer/deer_clean_00093.png,deer,animal,land,clean,deer_00903
blur/deer/deer_blur_00093.png,deer,animal,land,blur,deer_00903
pixelated/deer/deer_pixelated_00093.png,deer,animal,land,pixelated,deer_00903
noise/deer/deer_noise_00093.png,deer,animal,land,noise,deer_00903
clean/airplane/airplane_clean_00081.png,airplane,vehicle,air,clean,airplane_00904
blur/airplane/airplane_blur_00081.png,airplane,vehicle,air,blur,airplane_00904
pixelated/airplane/airplane_pixelated_00081.png,airplane,vehicle,air,pixelated,airplane_00904
noise/airplane/airplane_noise_00081.png,airplane,vehicle,air,noise,airplane_00904
clean/deer/deer_clean_00094.png,deer,animal,land,clean,deer_00905
blur/deer/deer_blur_00094.png,deer,animal,land,blur,deer_00905
pixelated/deer/deer_pixelated_00094.png,deer,animal,land,pixelated,deer_00905
noise/deer/deer_noise_00094.png,deer,animal,land,noise,deer_00905
clean/deer/deer_clean_00095.png,deer,animal,land,clean,deer_00906
blur/deer/deer_blur_00095.png,deer,animal,land,blur,deer_00906
pixelated/deer/deer_pixelated_00095.png,deer,animal,land,pixelated,deer_00906
noise/deer/deer_noise_00095.png,deer,animal,land,noise,deer_00906
clean/airplane/airplane_clean_00082.png,airplane,vehicle,air,clean,airplane_00907
blur/airplane/airplane_blur_00082.png,airplane,vehicle,air,blur,airplane_00907
pixelated/airplane/airplane_pixelated_00082.png,airplane,vehicle,air,pixelated,airplane_00907
noise/airplane/airplane_noise_00082.png,airplane,vehicle,air,noise,airplane_00907
clean/horse/horse_clean_00091.png,horse,animal,land,clean,horse_00908
blur/horse/horse_blur_00091.png,horse,animal,land,blur,horse_00908
pixelated/horse/horse_pixelated_00091.png,horse,animal,land,pixelated,horse_00908
noise/horse/horse_noise_00091.png,horse,animal,land,noise,horse_00908
clean/deer/deer_clean_00096.png,deer,animal,land,clean,deer_00909
blur/deer/deer_blur_00096.png,deer,animal,land,blur,deer_00909
pixelated/deer/deer_pixelated_00096.png,deer,animal,land,pixelated,deer_00909
noise/deer/deer_noise_00096.png,deer,animal,land,noise,deer_00909
clean/deer/deer_clean_00097.png,deer,animal,land,clean,deer_00910
blur/deer/deer_blur_00097.png,deer,animal,land,blur,deer_00910
pixelated/deer/deer_pixelated_00097.png,deer,animal,land,pixelated,deer_00910
noise/deer/deer_noise_00097.png,deer,animal,land,noise,deer_00910
clean/cat/cat_clean_00101.png,cat,animal,land,clean,cat_00911
blur/cat/cat_blur_00101.png,cat,animal,land,blur,cat_00911
pixelated/cat/cat_pixelated_00101.png,cat,animal,land,pixelated,cat_00911
noise/cat/cat_noise_00101.png,cat,animal,land,noise,cat_00911
clean/bird/bird_clean_00094.png,bird,animal,air,clean,bird_00912
blur/bird/bird_blur_00094.png,bird,animal,air,blur,bird_00912
pixelated/bird/bird_pixelated_00094.png,bird,animal,air,pixelated,bird_00912
noise/bird/bird_noise_00094.png,bird,animal,air,noise,bird_00912
clean/automobile/automobile_clean_00091.png,automobile,vehicle,land,clean,automobile_00913
blur/automobile/automobile_blur_00091.png,automobile,vehicle,land,blur,automobile_00913
pixelated/automobile/automobile_pixelated_00091.png,automobile,vehicle,land,pixelated,automobile_00913
noise/automobile/automobile_noise_00091.png,automobile,vehicle,land,noise,automobile_00913
clean/deer/deer_clean_00098.png,deer,animal,land,clean,deer_00914
blur/deer/deer_blur_00098.png,deer,animal,land,blur,deer_00914
pixelated/deer/deer_pixelated_00098.png,deer,animal,land,pixelated,deer_00914
noise/deer/deer_noise_00098.png,deer,animal,land,noise,deer_00914
clean/dog/dog_clean_00095.png,dog,animal,land,clean,dog_00915
blur/dog/dog_blur_00095.png,dog,animal,land,blur,dog_00915
pixelated/dog/dog_pixelated_00095.png,dog,animal,land,pixelated,dog_00915
noise/dog/dog_noise_00095.png,dog,animal,land,noise,dog_00915
clean/deer/deer_clean_00099.png,deer,animal,land,clean,deer_00916
blur/deer/deer_blur_00099.png,deer,animal,land,blur,deer_00916
pixelated/deer/deer_pixelated_00099.png,deer,animal,land,pixelated,deer_00916
noise/deer/deer_noise_00099.png,deer,animal,land,noise,deer_00916
clean/bird/bird_clean_00095.png,bird,animal,air,clean,bird_00917
blur/bird/bird_blur_00095.png,bird,animal,air,blur,bird_00917
pixelated/bird/bird_pixelated_00095.png,bird,animal,air,pixelated,bird_00917
noise/bird/bird_noise_00095.png,bird,animal,air,noise,bird_00917
clean/ship/ship_clean_00085.png,ship,vehicle,water,clean,ship_00918
blur/ship/ship_blur_00085.png,ship,vehicle,water,blur,ship_00918
pixelated/ship/ship_pixelated_00085.png,ship,vehicle,water,pixelated,ship_00918
noise/ship/ship_noise_00085.png,ship,vehicle,water,noise,ship_00918
clean/horse/horse_clean_00092.png,horse,animal,land,clean,horse_00919
blur/horse/horse_blur_00092.png,horse,animal,land,blur,horse_00919
pixelated/horse/horse_pixelated_00092.png,horse,animal,land,pixelated,horse_00919
noise/horse/horse_noise_00092.png,horse,animal,land,noise,horse_00919
clean/automobile/automobile_clean_00092.png,automobile,vehicle,land,clean,automobile_00920
blur/automobile/automobile_blur_00092.png,automobile,vehicle,land,blur,automobile_00920
pixelated/automobile/automobile_pixelated_00092.png,automobile,vehicle,land,pixelated,automobile_00920
noise/automobile/automobile_noise_00092.png,automobile,vehicle,land,noise,automobile_00920
clean/airplane/airplane_clean_00083.png,airplane,vehicle,air,clean,airplane_00921
blur/airplane/airplane_blur_00083.png,airplane,vehicle,air,blur,airplane_00921
pixelated/airplane/airplane_pixelated_00083.png,airplane,vehicle,air,pixelated,airplane_00921
noise/airplane/airplane_noise_00083.png,airplane,vehicle,air,noise,airplane_00921
clean/airplane/airplane_clean_00084.png,airplane,vehicle,air,clean,airplane_00922
blur/airplane/airplane_blur_00084.png,airplane,vehicle,air,blur,airplane_00922
pixelated/airplane/airplane_pixelated_00084.png,airplane,vehicle,air,pixelated,airplane_00922
noise/airplane/airplane_noise_00084.png,airplane,vehicle,air,noise,airplane_00922
clean/deer/deer_clean_00100.png,deer,animal,land,clean,deer_00923
blur/deer/deer_blur_00100.png,deer,animal,land,blur,deer_00923
pixelated/deer/deer_pixelated_00100.png,deer,animal,land,pixelated,deer_00923
noise/deer/deer_noise_00100.png,deer,animal,land,noise,deer_00923
clean/cat/cat_clean_00102.png,cat,animal,land,clean,cat_00924
blur/cat/cat_blur_00102.png,cat,animal,land,blur,cat_00924
pixelated/cat/cat_pixelated_00102.png,cat,animal,land,pixelated,cat_00924
noise/cat/cat_noise_00102.png,cat,animal,land,noise,cat_00924
clean/frog/frog_clean_00099.png,frog,animal,land,clean,frog_00925
blur/frog/frog_blur_00099.png,frog,animal,land,blur,frog_00925
pixelated/frog/frog_pixelated_00099.png,frog,animal,land,pixelated,frog_00925
noise/frog/frog_noise_00099.png,frog,animal,land,noise,frog_00925
clean/cat/cat_clean_00103.png,cat,animal,land,clean,cat_00926
blur/cat/cat_blur_00103.png,cat,animal,land,blur,cat_00926
pixelated/cat/cat_pixelated_00103.png,cat,animal,land,pixelated,cat_00926
noise/cat/cat_noise_00103.png,cat,animal,land,noise,cat_00926
clean/horse/horse_clean_00093.png,horse,animal,land,clean,horse_00927
blur/horse/horse_blur_00093.png,horse,animal,land,blur,horse_00927
pixelated/horse/horse_pixelated_00093.png,horse,animal,land,pixelated,horse_00927
noise/horse/horse_noise_00093.png,horse,animal,land,noise,horse_00927
clean/bird/bird_clean_00096.png,bird,animal,air,clean,bird_00928
blur/bird/bird_blur_00096.png,bird,animal,air,blur,bird_00928
pixelated/bird/bird_pixelated_00096.png,bird,animal,air,pixelated,bird_00928
noise/bird/bird_noise_00096.png,bird,animal,air,noise,bird_00928
clean/horse/horse_clean_00094.png,horse,animal,land,clean,horse_00929
blur/horse/horse_blur_00094.png,horse,animal,land,blur,horse_00929
pixelated/horse/horse_pixelated_00094.png,horse,animal,land,pixelated,horse_00929
noise/horse/horse_noise_00094.png,horse,animal,land,noise,horse_00929
clean/airplane/airplane_clean_00085.png,airplane,vehicle,air,clean,airplane_00930
blur/airplane/airplane_blur_00085.png,airplane,vehicle,air,blur,airplane_00930
pixelated/airplane/airplane_pixelated_00085.png,airplane,vehicle,air,pixelated,airplane_00930
noise/airplane/airplane_noise_00085.png,airplane,vehicle,air,noise,airplane_00930
clean/frog/frog_clean_00100.png,frog,animal,land,clean,frog_00931
blur/frog/frog_blur_00100.png,frog,animal,land,blur,frog_00931
pixelated/frog/frog_pixelated_00100.png,frog,animal,land,pixelated,frog_00931
noise/frog/frog_noise_00100.png,frog,animal,land,noise,frog_00931
clean/ship/ship_clean_00086.png,ship,vehicle,water,clean,ship_00932
blur/ship/ship_blur_00086.png,ship,vehicle,water,blur,ship_00932
pixelated/ship/ship_pixelated_00086.png,ship,vehicle,water,pixelated,ship_00932
noise/ship/ship_noise_00086.png,ship,vehicle,water,noise,ship_00932
clean/dog/dog_clean_00096.png,dog,animal,land,clean,dog_00933
blur/dog/dog_blur_00096.png,dog,animal,land,blur,dog_00933
pixelated/dog/dog_pixelated_00096.png,dog,animal,land,pixelated,dog_00933
noise/dog/dog_noise_00096.png,dog,animal,land,noise,dog_00933
clean/horse/horse_clean_00095.png,horse,animal,land,clean,horse_00934
blur/horse/horse_blur_00095.png,horse,animal,land,blur,horse_00934
pixelated/horse/horse_pixelated_00095.png,horse,animal,land,pixelated,horse_00934
noise/horse/horse_noise_00095.png,horse,animal,land,noise,horse_00934
clean/airplane/airplane_clean_00086.png,airplane,vehicle,air,clean,airplane_00935
blur/airplane/airplane_blur_00086.png,airplane,vehicle,air,blur,airplane_00935
pixelated/airplane/airplane_pixelated_00086.png,airplane,vehicle,air,pixelated,airplane_00935
noise/airplane/airplane_noise_00086.png,airplane,vehicle,air,noise,airplane_00935
clean/frog/frog_clean_00101.png,frog,animal,land,clean,frog_00936
blur/frog/frog_blur_00101.png,frog,animal,land,blur,frog_00936
pixelated/frog/frog_pixelated_00101.png,frog,animal,land,pixelated,frog_00936
noise/frog/frog_noise_00101.png,frog,animal,land,noise,frog_00936
clean/dog/dog_clean_00097.png,dog,animal,land,clean,dog_00937
blur/dog/dog_blur_00097.png,dog,animal,land,blur,dog_00937
pixelated/dog/dog_pixelated_00097.png,dog,animal,land,pixelated,dog_00937
noise/dog/dog_noise_00097.png,dog,animal,land,noise,dog_00937
clean/airplane/airplane_clean_00087.png,airplane,vehicle,air,clean,airplane_00938
blur/airplane/airplane_blur_00087.png,airplane,vehicle,air,blur,airplane_00938
pixelated/airplane/airplane_pixelated_00087.png,airplane,vehicle,air,pixelated,airplane_00938
noise/airplane/airplane_noise_00087.png,airplane,vehicle,air,noise,airplane_00938
clean/truck/truck_clean_00082.png,truck,vehicle,land,clean,truck_00939
blur/truck/truck_blur_00082.png,truck,vehicle,land,blur,truck_00939
pixelated/truck/truck_pixelated_00082.png,truck,vehicle,land,pixelated,truck_00939
noise/truck/truck_noise_00082.png,truck,vehicle,land,noise,truck_00939
clean/deer/deer_clean_00101.png,deer,animal,land,clean,deer_00940
blur/deer/deer_blur_00101.png,deer,animal,land,blur,deer_00940
pixelated/deer/deer_pixelated_00101.png,deer,animal,land,pixelated,deer_00940
noise/deer/deer_noise_00101.png,deer,animal,land,noise,deer_00940
clean/cat/cat_clean_00104.png,cat,animal,land,clean,cat_00941
blur/cat/cat_blur_00104.png,cat,animal,land,blur,cat_00941
pixelated/cat/cat_pixelated_00104.png,cat,animal,land,pixelated,cat_00941
noise/cat/cat_noise_00104.png,cat,animal,land,noise,cat_00941
clean/truck/truck_clean_00083.png,truck,vehicle,land,clean,truck_00942
blur/truck/truck_blur_00083.png,truck,vehicle,land,blur,truck_00942
pixelated/truck/truck_pixelated_00083.png,truck,vehicle,land,pixelated,truck_00942
noise/truck/truck_noise_00083.png,truck,vehicle,land,noise,truck_00942
clean/cat/cat_clean_00105.png,cat,animal,land,clean,cat_00943
blur/cat/cat_blur_00105.png,cat,animal,land,blur,cat_00943
pixelated/cat/cat_pixelated_00105.png,cat,animal,land,pixelated,cat_00943
noise/cat/cat_noise_00105.png,cat,animal,land,noise,cat_00943
clean/dog/dog_clean_00098.png,dog,animal,land,clean,dog_00944
blur/dog/dog_blur_00098.png,dog,animal,land,blur,dog_00944
pixelated/dog/dog_pixelated_00098.png,dog,animal,land,pixelated,dog_00944
noise/dog/dog_noise_00098.png,dog,animal,land,noise,dog_00944
clean/truck/truck_clean_00084.png,truck,vehicle,land,clean,truck_00945
blur/truck/truck_blur_00084.png,truck,vehicle,land,blur,truck_00945
pixelated/truck/truck_pixelated_00084.png,truck,vehicle,land,pixelated,truck_00945
noise/truck/truck_noise_00084.png,truck,vehicle,land,noise,truck_00945
clean/frog/frog_clean_00102.png,frog,animal,land,clean,frog_00946
blur/frog/frog_blur_00102.png,frog,animal,land,blur,frog_00946
pixelated/frog/frog_pixelated_00102.png,frog,animal,land,pixelated,frog_00946
noise/frog/frog_noise_00102.png,frog,animal,land,noise,frog_00946
clean/automobile/automobile_clean_00093.png,automobile,vehicle,land,clean,automobile_00947
blur/automobile/automobile_blur_00093.png,automobile,vehicle,land,blur,automobile_00947
pixelated/automobile/automobile_pixelated_00093.png,automobile,vehicle,land,pixelated,automobile_00947
noise/automobile/automobile_noise_00093.png,automobile,vehicle,land,noise,automobile_00947
clean/deer/deer_clean_00102.png,deer,animal,land,clean,deer_00948
blur/deer/deer_blur_00102.png,deer,animal,land,blur,deer_00948
pixelated/deer/deer_pixelated_00102.png,deer,animal,land,pixelated,deer_00948
noise/deer/deer_noise_00102.png,deer,animal,land,noise,deer_00948
clean/dog/dog_clean_00099.png,dog,animal,land,clean,dog_00949
blur/dog/dog_blur_00099.png,dog,animal,land,blur,dog_00949
pixelated/dog/dog_pixelated_00099.png,dog,animal,land,pixelated,dog_00949
noise/dog/dog_noise_00099.png,dog,animal,land,noise,dog_00949
clean/dog/dog_clean_00100.png,dog,animal,land,clean,dog_00950
blur/dog/dog_blur_00100.png,dog,animal,land,blur,dog_00950
pixelated/dog/dog_pixelated_00100.png,dog,animal,land,pixelated,dog_00950
noise/dog/dog_noise_00100.png,dog,animal,land,noise,dog_00950
clean/airplane/airplane_clean_00088.png,airplane,vehicle,air,clean,airplane_00951
blur/airplane/airplane_blur_00088.png,airplane,vehicle,air,blur,airplane_00951
pixelated/airplane/airplane_pixelated_00088.png,airplane,vehicle,air,pixelated,airplane_00951
noise/airplane/airplane_noise_00088.png,airplane,vehicle,air,noise,airplane_00951
clean/deer/deer_clean_00103.png,deer,animal,land,clean,deer_00952
blur/deer/deer_blur_00103.png,deer,animal,land,blur,deer_00952
pixelated/deer/deer_pixelated_00103.png,deer,animal,land,pixelated,deer_00952
noise/deer/deer_noise_00103.png,deer,animal,land,noise,deer_00952
clean/bird/bird_clean_00097.png,bird,animal,air,clean,bird_00953
blur/bird/bird_blur_00097.png,bird,animal,air,blur,bird_00953
pixelated/bird/bird_pixelated_00097.png,bird,animal,air,pixelated,bird_00953
noise/bird/bird_noise_00097.png,bird,animal,air,noise,bird_00953
clean/deer/deer_clean_00104.png,deer,animal,land,clean,deer_00954
blur/deer/deer_blur_00104.png,deer,animal,land,blur,deer_00954
pixelated/deer/deer_pixelated_00104.png,deer,animal,land,pixelated,deer_00954
noise/deer/deer_noise_00104.png,deer,animal,land,noise,deer_00954
clean/ship/ship_clean_00087.png,ship,vehicle,water,clean,ship_00955
blur/ship/ship_blur_00087.png,ship,vehicle,water,blur,ship_00955
pixelated/ship/ship_pixelated_00087.png,ship,vehicle,water,pixelated,ship_00955
noise/ship/ship_noise_00087.png,ship,vehicle,water,noise,ship_00955
clean/airplane/airplane_clean_00089.png,airplane,vehicle,air,clean,airplane_00956
blur/airplane/airplane_blur_00089.png,airplane,vehicle,air,blur,airplane_00956
pixelated/airplane/airplane_pixelated_00089.png,airplane,vehicle,air,pixelated,airplane_00956
noise/airplane/airplane_noise_00089.png,airplane,vehicle,air,noise,airplane_00956
clean/bird/bird_clean_00098.png,bird,animal,air,clean,bird_00957
blur/bird/bird_blur_00098.png,bird,animal,air,blur,bird_00957
pixelated/bird/bird_pixelated_00098.png,bird,animal,air,pixelated,bird_00957
noise/bird/bird_noise_00098.png,bird,animal,air,noise,bird_00957
clean/deer/deer_clean_00105.png,deer,animal,land,clean,deer_00958
blur/deer/deer_blur_00105.png,deer,animal,land,blur,deer_00958
pixelated/deer/deer_pixelated_00105.png,deer,animal,land,pixelated,deer_00958
noise/deer/deer_noise_00105.png,deer,animal,land,noise,deer_00958
clean/dog/dog_clean_00101.png,dog,animal,land,clean,dog_00959
blur/dog/dog_blur_00101.png,dog,animal,land,blur,dog_00959
pixelated/dog/dog_pixelated_00101.png,dog,animal,land,pixelated,dog_00959
noise/dog/dog_noise_00101.png,dog,animal,land,noise,dog_00959
clean/bird/bird_clean_00099.png,bird,animal,air,clean,bird_00960
blur/bird/bird_blur_00099.png,bird,animal,air,blur,bird_00960
pixelated/bird/bird_pixelated_00099.png,bird,animal,air,pixelated,bird_00960
noise/bird/bird_noise_00099.png,bird,animal,air,noise,bird_00960
clean/horse/horse_clean_00096.png,horse,animal,land,clean,horse_00961
blur/horse/horse_blur_00096.png,horse,animal,land,blur,horse_00961
pixelated/horse/horse_pixelated_00096.png,horse,animal,land,pixelated,horse_00961
noise/horse/horse_noise_00096.png,horse,animal,land,noise,horse_00961
clean/airplane/airplane_clean_00090.png,airplane,vehicle,air,clean,airplane_00962
blur/airplane/airplane_blur_00090.png,airplane,vehicle,air,blur,airplane_00962
pixelated/airplane/airplane_pixelated_00090.png,airplane,vehicle,air,pixelated,airplane_00962
noise/airplane/airplane_noise_00090.png,airplane,vehicle,air,noise,airplane_00962
clean/truck/truck_clean_00085.png,truck,vehicle,land,clean,truck_00963
blur/truck/truck_blur_00085.png,truck,vehicle,land,blur,truck_00963
pixelated/truck/truck_pixelated_00085.png,truck,vehicle,land,pixelated,truck_00963
noise/truck/truck_noise_00085.png,truck,vehicle,land,noise,truck_00963
clean/deer/deer_clean_00106.png,deer,animal,land,clean,deer_00964
blur/deer/deer_blur_00106.png,deer,animal,land,blur,deer_00964
pixelated/deer/deer_pixelated_00106.png,deer,animal,land,pixelated,deer_00964
noise/deer/deer_noise_00106.png,deer,animal,land,noise,deer_00964
clean/airplane/airplane_clean_00091.png,airplane,vehicle,air,clean,airplane_00965
blur/airplane/airplane_blur_00091.png,airplane,vehicle,air,blur,airplane_00965
pixelated/airplane/airplane_pixelated_00091.png,airplane,vehicle,air,pixelated,airplane_00965
noise/airplane/airplane_noise_00091.png,airplane,vehicle,air,noise,airplane_00965
clean/dog/dog_clean_00102.png,dog,animal,land,clean,dog_00966
blur/dog/dog_blur_00102.png,dog,animal,land,blur,dog_00966
pixelated/dog/dog_pixelated_00102.png,dog,animal,land,pixelated,dog_00966
noise/dog/dog_noise_00102.png,dog,animal,land,noise,dog_00966
clean/dog/dog_clean_00103.png,dog,animal,land,clean,dog_00967
blur/dog/dog_blur_00103.png,dog,animal,land,blur,dog_00967
pixelated/dog/dog_pixelated_00103.png,dog,animal,land,pixelated,dog_00967
noise/dog/dog_noise_00103.png,dog,animal,land,noise,dog_00967
clean/dog/dog_clean_00104.png,dog,animal,land,clean,dog_00968
blur/dog/dog_blur_00104.png,dog,animal,land,blur,dog_00968
pixelated/dog/dog_pixelated_00104.png,dog,animal,land,pixelated,dog_00968
noise/dog/dog_noise_00104.png,dog,animal,land,noise,dog_00968
clean/ship/ship_clean_00088.png,ship,vehicle,water,clean,ship_00969
blur/ship/ship_blur_00088.png,ship,vehicle,water,blur,ship_00969
pixelated/ship/ship_pixelated_00088.png,ship,vehicle,water,pixelated,ship_00969
noise/ship/ship_noise_00088.png,ship,vehicle,water,noise,ship_00969
clean/dog/dog_clean_00105.png,dog,animal,land,clean,dog_00970
blur/dog/dog_blur_00105.png,dog,animal,land,blur,dog_00970
pixelated/dog/dog_pixelated_00105.png,dog,animal,land,pixelated,dog_00970
noise/dog/dog_noise_00105.png,dog,animal,land,noise,dog_00970
clean/deer/deer_clean_00107.png,deer,animal,land,clean,deer_00971
blur/deer/deer_blur_00107.png,deer,animal,land,blur,deer_00971
pixelated/deer/deer_pixelated_00107.png,deer,animal,land,pixelated,deer_00971
noise/deer/deer_noise_00107.png,deer,animal,land,noise,deer_00971
clean/frog/frog_clean_00103.png,frog,animal,land,clean,frog_00972
blur/frog/frog_blur_00103.png,frog,animal,land,blur,frog_00972
pixelated/frog/frog_pixelated_00103.png,frog,animal,land,pixelated,frog_00972
noise/frog/frog_noise_00103.png,frog,animal,land,noise,frog_00972
clean/horse/horse_clean_00097.png,horse,animal,land,clean,horse_00973
blur/horse/horse_blur_00097.png,horse,animal,land,blur,horse_00973
pixelated/horse/horse_pixelated_00097.png,horse,animal,land,pixelated,horse_00973
noise/horse/horse_noise_00097.png,horse,animal,land,noise,horse_00973
clean/ship/ship_clean_00089.png,ship,vehicle,water,clean,ship_00974
blur/ship/ship_blur_00089.png,ship,vehicle,water,blur,ship_00974
pixelated/ship/ship_pixelated_00089.png,ship,vehicle,water,pixelated,ship_00974
noise/ship/ship_noise_00089.png,ship,vehicle,water,noise,ship_00974
clean/deer/deer_clean_00108.png,deer,animal,land,clean,deer_00975
blur/deer/deer_blur_00108.png,deer,animal,land,blur,deer_00975
pixelated/deer/deer_pixelated_00108.png,deer,animal,land,pixelated,deer_00975
noise/deer/deer_noise_00108.png,deer,animal,land,noise,deer_00975
clean/airplane/airplane_clean_00092.png,airplane,vehicle,air,clean,airplane_00976
blur/airplane/airplane_blur_00092.png,airplane,vehicle,air,blur,airplane_00976
pixelated/airplane/airplane_pixelated_00092.png,airplane,vehicle,air,pixelated,airplane_00976
noise/airplane/airplane_noise_00092.png,airplane,vehicle,air,noise,airplane_00976
clean/horse/horse_clean_00098.png,horse,animal,land,clean,horse_00977
blur/horse/horse_blur_00098.png,horse,animal,land,blur,horse_00977
pixelated/horse/horse_pixelated_00098.png,horse,animal,land,pixelated,horse_00977
noise/horse/horse_noise_00098.png,horse,animal,land,noise,horse_00977
clean/cat/cat_clean_00106.png,cat,animal,land,clean,cat_00978
blur/cat/cat_blur_00106.png,cat,animal,land,blur,cat_00978
pixelated/cat/cat_pixelated_00106.png,cat,animal,land,pixelated,cat_00978
noise/cat/cat_noise_00106.png,cat,animal,land,noise,cat_00978
clean/truck/truck_clean_00086.png,truck,vehicle,land,clean,truck_00979
blur/truck/truck_blur_00086.png,truck,vehicle,land,blur,truck_00979
pixelated/truck/truck_pixelated_00086.png,truck,vehicle,land,pixelated,truck_00979
noise/truck/truck_noise_00086.png,truck,vehicle,land,noise,truck_00979
clean/automobile/automobile_clean_00094.png,automobile,vehicle,land,clean,automobile_00980
blur/automobile/automobile_blur_00094.png,automobile,vehicle,land,blur,automobile_00980
pixelated/automobile/automobile_pixelated_00094.png,automobile,vehicle,land,pixelated,automobile_00980
noise/automobile/automobile_noise_00094.png,automobile,vehicle,land,noise,automobile_00980
clean/truck/truck_clean_00087.png,truck,vehicle,land,clean,truck_00981
blur/truck/truck_blur_00087.png,truck,vehicle,land,blur,truck_00981
pixelated/truck/truck_pixelated_00087.png,truck,vehicle,land,pixelated,truck_00981
noise/truck/truck_noise_00087.png,truck,vehicle,land,noise,truck_00981
clean/dog/dog_clean_00106.png,dog,animal,land,clean,dog_00982
blur/dog/dog_blur_00106.png,dog,animal,land,blur,dog_00982
pixelated/dog/dog_pixelated_00106.png,dog,animal,land,pixelated,dog_00982
noise/dog/dog_noise_00106.png,dog,animal,land,noise,dog_00982
clean/frog/frog_clean_00104.png,frog,animal,land,clean,frog_00983
blur/frog/frog_blur_00104.png,frog,animal,land,blur,frog_00983
pixelated/frog/frog_pixelated_00104.png,frog,animal,land,pixelated,frog_00983
noise/frog/frog_noise_00104.png,frog,animal,land,noise,frog_00983
clean/frog/frog_clean_00105.png,frog,animal,land,clean,frog_00984
blur/frog/frog_blur_00105.png,frog,animal,land,blur,frog_00984
pixelated/frog/frog_pixelated_00105.png,frog,animal,land,pixelated,frog_00984
noise/frog/frog_noise_00105.png,frog,animal,land,noise,frog_00984
clean/deer/deer_clean_00109.png,deer,animal,land,clean,deer_00985
blur/deer/deer_blur_00109.png,deer,animal,land,blur,deer_00985
pixelated/deer/deer_pixelated_00109.png,deer,animal,land,pixelated,deer_00985
noise/deer/deer_noise_00109.png,deer,animal,land,noise,deer_00985
clean/bird/bird_clean_00100.png,bird,animal,air,clean,bird_00986
blur/bird/bird_blur_00100.png,bird,animal,air,blur,bird_00986
pixelated/bird/bird_pixelated_00100.png,bird,animal,air,pixelated,bird_00986
noise/bird/bird_noise_00100.png,bird,animal,air,noise,bird_00986
clean/horse/horse_clean_00099.png,horse,animal,land,clean,horse_00987
blur/horse/horse_blur_00099.png,horse,animal,land,blur,horse_00987
pixelated/horse/horse_pixelated_00099.png,horse,animal,land,pixelated,horse_00987
noise/horse/horse_noise_00099.png,horse,animal,land,noise,horse_00987
clean/deer/deer_clean_00110.png,deer,animal,land,clean,deer_00988
blur/deer/deer_blur_00110.png,deer,animal,land,blur,deer_00988
pixelated/deer/deer_pixelated_00110.png,deer,animal,land,pixelated,deer_00988
noise/deer/deer_noise_00110.png,deer,animal,land,noise,deer_00988
clean/airplane/airplane_clean_00093.png,airplane,vehicle,air,clean,airplane_00989
blur/airplane/airplane_blur_00093.png,airplane,vehicle,air,blur,airplane_00989
pixelated/airplane/airplane_pixelated_00093.png,airplane,vehicle,air,pixelated,airplane_00989
noise/airplane/airplane_noise_00093.png,airplane,vehicle,air,noise,airplane_00989
clean/bird/bird_clean_00101.png,bird,animal,air,clean,bird_00990
blur/bird/bird_blur_00101.png,bird,animal,air,blur,bird_00990
pixelated/bird/bird_pixelated_00101.png,bird,animal,air,pixelated,bird_00990
noise/bird/bird_noise_00101.png,bird,animal,air,noise,bird_00990
clean/cat/cat_clean_00107.png,cat,animal,land,clean,cat_00991
blur/cat/cat_blur_00107.png,cat,animal,land,blur,cat_00991
pixelated/cat/cat_pixelated_00107.png,cat,animal,land,pixelated,cat_00991
noise/cat/cat_noise_00107.png,cat,animal,land,noise,cat_00991
clean/cat/cat_clean_00108.png,cat,animal,land,clean,cat_00992
blur/cat/cat_blur_00108.png,cat,animal,land,blur,cat_00992
pixelated/cat/cat_pixelated_00108.png,cat,animal,land,pixelated,cat_00992
noise/cat/cat_noise_00108.png,cat,animal,land,noise,cat_00992
clean/cat/cat_clean_00109.png,cat,animal,land,clean,cat_00993
blur/cat/cat_blur_00109.png,cat,animal,land,blur,cat_00993
pixelated/cat/cat_pixelated_00109.png,cat,animal,land,pixelated,cat_00993
noise/cat/cat_noise_00109.png,cat,animal,land,noise,cat_00993
clean/dog/dog_clean_00107.png,dog,animal,land,clean,dog_00994
blur/dog/dog_blur_00107.png,dog,animal,land,blur,dog_00994
pixelated/dog/dog_pixelated_00107.png,dog,animal,land,pixelated,dog_00994
noise/dog/dog_noise_00107.png,dog,animal,land,noise,dog_00994
clean/bird/bird_clean_00102.png,bird,animal,air,clean,bird_00995
blur/bird/bird_blur_00102.png,bird,animal,air,blur,bird_00995
pixelated/bird/bird_pixelated_00102.png,bird,animal,air,pixelated,bird_00995
noise/bird/bird_noise_00102.png,bird,animal,air,noise,bird_00995
clean/deer/deer_clean_00111.png,deer,animal,land,clean,deer_00996
blur/deer/deer_blur_00111.png,deer,animal,land,blur,deer_00996
pixelated/deer/deer_pixelated_00111.png,deer,animal,land,pixelated,deer_00996
noise/deer/deer_noise_00111.png,deer,animal,land,noise,deer_00996
clean/deer/deer_clean_00112.png,deer,animal,land,clean,deer_00997
blur/deer/deer_blur_00112.png,deer,animal,land,blur,deer_00997
pixelated/deer/deer_pixelated_00112.png,deer,animal,land,pixelated,deer_00997
noise/deer/deer_noise_00112.png,deer,animal,land,noise,deer_00997
clean/ship/ship_clean_00090.png,ship,vehicle,water,clean,ship_00998
blur/ship/ship_blur_00090.png,ship,vehicle,water,blur,ship_00998
pixelated/ship/ship_pixelated_00090.png,ship,vehicle,water,pixelated,ship_00998
noise/ship/ship_noise_00090.png,ship,vehicle,water,noise,ship_00998
clean/automobile/automobile_clean_00095.png,automobile,vehicle,land,clean,automobile_00999
blur/automobile/automobile_blur_00095.png,automobile,vehicle,land,blur,automobile_00999
pixelated/automobile/automobile_pixelated_00095.png,automobile,vehicle,land,pixelated,automobile_00999
noise/automobile/automobile_noise_00095.png,automobile,vehicle,land,noise,automobile_00999
clean/ship/ship_clean_00091.png,ship,vehicle,water,clean,ship_01000
blur/ship/ship_blur_00091.png,ship,vehicle,water,blur,ship_01000
pixelated/ship/ship_pixelated_00091.png,ship,vehicle,water,pixelated,ship_01000
noise/ship/ship_noise_00091.png,ship,vehicle,water,noise,ship_01000
clean/deer/deer_clean_00113.png,deer,animal,land,clean,deer_01001
blur/deer/deer_blur_00113.png,deer,animal,land,blur,deer_01001
pixelated/deer/deer_pixelated_00113.png,deer,animal,land,pixelated,deer_01001
noise/deer/deer_noise_00113.png,deer,animal,land,noise,deer_01001
clean/ship/ship_clean_00092.png,ship,vehicle,water,clean,ship_01002
blur/ship/ship_blur_00092.png,ship,vehicle,water,blur,ship_01002
pixelated/ship/ship_pixelated_00092.png,ship,vehicle,water,pixelated,ship_01002
noise/ship/ship_noise_00092.png,ship,vehicle,water,noise,ship_01002
clean/cat/cat_clean_00110.png,cat,animal,land,clean,cat_01003
blur/cat/cat_blur_00110.png,cat,animal,land,blur,cat_01003
pixelated/cat/cat_pixelated_00110.png,cat,animal,land,pixelated,cat_01003
noise/cat/cat_noise_00110.png,cat,animal,land,noise,cat_01003
clean/ship/ship_clean_00093.png,ship,vehicle,water,clean,ship_01004
blur/ship/ship_blur_00093.png,ship,vehicle,water,blur,ship_01004
pixelated/ship/ship_pixelated_00093.png,ship,vehicle,water,pixelated,ship_01004
noise/ship/ship_noise_00093.png,ship,vehicle,water,noise,ship_01004
clean/cat/cat_clean_00111.png,cat,animal,land,clean,cat_01005
blur/cat/cat_blur_00111.png,cat,animal,land,blur,cat_01005
pixelated/cat/cat_pixelated_00111.png,cat,animal,land,pixelated,cat_01005
noise/cat/cat_noise_00111.png,cat,animal,land,noise,cat_01005
clean/automobile/automobile_clean_00096.png,automobile,vehicle,land,clean,automobile_01006
blur/automobile/automobile_blur_00096.png,automobile,vehicle,land,blur,automobile_01006
pixelated/automobile/automobile_pixelated_00096.png,automobile,vehicle,land,pixelated,automobile_01006
noise/automobile/automobile_noise_00096.png,automobile,vehicle,land,noise,automobile_01006
clean/truck/truck_clean_00088.png,truck,vehicle,land,clean,truck_01007
blur/truck/truck_blur_00088.png,truck,vehicle,land,blur,truck_01007
pixelated/truck/truck_pixelated_00088.png,truck,vehicle,land,pixelated,truck_01007
noise/truck/truck_noise_00088.png,truck,vehicle,land,noise,truck_01007
clean/bird/bird_clean_00103.png,bird,animal,air,clean,bird_01008
blur/bird/bird_blur_00103.png,bird,animal,air,blur,bird_01008
pixelated/bird/bird_pixelated_00103.png,bird,animal,air,pixelated,bird_01008
noise/bird/bird_noise_00103.png,bird,animal,air,noise,bird_01008
clean/ship/ship_clean_00094.png,ship,vehicle,water,clean,ship_01009
blur/ship/ship_blur_00094.png,ship,vehicle,water,blur,ship_01009
pixelated/ship/ship_pixelated_00094.png,ship,vehicle,water,pixelated,ship_01009
noise/ship/ship_noise_00094.png,ship,vehicle,water,noise,ship_01009
clean/frog/frog_clean_00106.png,frog,animal,land,clean,frog_01010
blur/frog/frog_blur_00106.png,frog,animal,land,blur,frog_01010
pixelated/frog/frog_pixelated_00106.png,frog,animal,land,pixelated,frog_01010
noise/frog/frog_noise_00106.png,frog,animal,land,noise,frog_01010
clean/cat/cat_clean_00112.png,cat,animal,land,clean,cat_01011
blur/cat/cat_blur_00112.png,cat,animal,land,blur,cat_01011
pixelated/cat/cat_pixelated_00112.png,cat,animal,land,pixelated,cat_01011
noise/cat/cat_noise_00112.png,cat,animal,land,noise,cat_01011
clean/ship/ship_clean_00095.png,ship,vehicle,water,clean,ship_01012
blur/ship/ship_blur_00095.png,ship,vehicle,water,blur,ship_01012
pixelated/ship/ship_pixelated_00095.png,ship,vehicle,water,pixelated,ship_01012
noise/ship/ship_noise_00095.png,ship,vehicle,water,noise,ship_01012
clean/horse/horse_clean_00100.png,horse,animal,land,clean,horse_01013
blur/horse/horse_blur_00100.png,horse,animal,land,blur,horse_01013
pixelated/horse/horse_pixelated_00100.png,horse,animal,land,pixelated,horse_01013
noise/horse/horse_noise_00100.png,horse,animal,land,noise,horse_01013
clean/horse/horse_clean_00101.png,horse,animal,land,clean,horse_01014
blur/horse/horse_blur_00101.png,horse,animal,land,blur,horse_01014
pixelated/horse/horse_pixelated_00101.png,horse,animal,land,pixelated,horse_01014
noise/horse/horse_noise_00101.png,horse,animal,land,noise,horse_01014
clean/truck/truck_clean_00089.png,truck,vehicle,land,clean,truck_01015
blur/truck/truck_blur_00089.png,truck,vehicle,land,blur,truck_01015
pixelated/truck/truck_pixelated_00089.png,truck,vehicle,land,pixelated,truck_01015
noise/truck/truck_noise_00089.png,truck,vehicle,land,noise,truck_01015
clean/bird/bird_clean_00104.png,bird,animal,air,clean,bird_01016
blur/bird/bird_blur_00104.png,bird,animal,air,blur,bird_01016
pixelated/bird/bird_pixelated_00104.png,bird,animal,air,pixelated,bird_01016
noise/bird/bird_noise_00104.png,bird,animal,air,noise,bird_01016
clean/frog/frog_clean_00107.png,frog,animal,land,clean,frog_01017
blur/frog/frog_blur_00107.png,frog,animal,land,blur,frog_01017
pixelated/frog/frog_pixelated_00107.png,frog,animal,land,pixelated,frog_01017
noise/frog/frog_noise_00107.png,frog,animal,land,noise,frog_01017
clean/airplane/airplane_clean_00094.png,airplane,vehicle,air,clean,airplane_01018
blur/airplane/airplane_blur_00094.png,airplane,vehicle,air,blur,airplane_01018
pixelated/airplane/airplane_pixelated_00094.png,airplane,vehicle,air,pixelated,airplane_01018
noise/airplane/airplane_noise_00094.png,airplane,vehicle,air,noise,airplane_01018
clean/bird/bird_clean_00105.png,bird,animal,air,clean,bird_01019
blur/bird/bird_blur_00105.png,bird,animal,air,blur,bird_01019
pixelated/bird/bird_pixelated_00105.png,bird,animal,air,pixelated,bird_01019
noise/bird/bird_noise_00105.png,bird,animal,air,noise,bird_01019
clean/frog/frog_clean_00108.png,frog,animal,land,clean,frog_01020
blur/frog/frog_blur_00108.png,frog,animal,land,blur,frog_01020
pixelated/frog/frog_pixelated_00108.png,frog,animal,land,pixelated,frog_01020
noise/frog/frog_noise_00108.png,frog,animal,land,noise,frog_01020
clean/dog/dog_clean_00108.png,dog,animal,land,clean,dog_01021
blur/dog/dog_blur_00108.png,dog,animal,land,blur,dog_01021
pixelated/dog/dog_pixelated_00108.png,dog,animal,land,pixelated,dog_01021
noise/dog/dog_noise_00108.png,dog,animal,land,noise,dog_01021
clean/cat/cat_clean_00113.png,cat,animal,land,clean,cat_01022
blur/cat/cat_blur_00113.png,cat,animal,land,blur,cat_01022
pixelated/cat/cat_pixelated_00113.png,cat,animal,land,pixelated,cat_01022
noise/cat/cat_noise_00113.png,cat,animal,land,noise,cat_01022
clean/deer/deer_clean_00114.png,deer,animal,land,clean,deer_01023
blur/deer/deer_blur_00114.png,deer,animal,land,blur,deer_01023
pixelated/deer/deer_pixelated_00114.png,deer,animal,land,pixelated,deer_01023
noise/deer/deer_noise_00114.png,deer,animal,land,noise,deer_01023
clean/cat/cat_clean_00114.png,cat,animal,land,clean,cat_01024
blur/cat/cat_blur_00114.png,cat,animal,land,blur,cat_01024
pixelated/cat/cat_pixelated_00114.png,cat,animal,land,pixelated,cat_01024
noise/cat/cat_noise_00114.png,cat,animal,land,noise,cat_01024
clean/ship/ship_clean_00096.png,ship,vehicle,water,clean,ship_01025
blur/ship/ship_blur_00096.png,ship,vehicle,water,blur,ship_01025
pixelated/ship/ship_pixelated_00096.png,ship,vehicle,water,pixelated,ship_01025
noise/ship/ship_noise_00096.png,ship,vehicle,water,noise,ship_01025
clean/dog/dog_clean_00109.png,dog,animal,land,clean,dog_01026
blur/dog/dog_blur_00109.png,dog,animal,land,blur,dog_01026
pixelated/dog/dog_pixelated_00109.png,dog,animal,land,pixelated,dog_01026
noise/dog/dog_noise_00109.png,dog,animal,land,noise,dog_01026
clean/dog/dog_clean_00110.png,dog,animal,land,clean,dog_01027
blur/dog/dog_blur_00110.png,dog,animal,land,blur,dog_01027
pixelated/dog/dog_pixelated_00110.png,dog,animal,land,pixelated,dog_01027
noise/dog/dog_noise_00110.png,dog,animal,land,noise,dog_01027
clean/cat/cat_clean_00115.png,cat,animal,land,clean,cat_01028
blur/cat/cat_blur_00115.png,cat,animal,land,blur,cat_01028
pixelated/cat/cat_pixelated_00115.png,cat,animal,land,pixelated,cat_01028
noise/cat/cat_noise_00115.png,cat,animal,land,noise,cat_01028
clean/airplane/airplane_clean_00095.png,airplane,vehicle,air,clean,airplane_01029
blur/airplane/airplane_blur_00095.png,airplane,vehicle,air,blur,airplane_01029
pixelated/airplane/airplane_pixelated_00095.png,airplane,vehicle,air,pixelated,airplane_01029
noise/airplane/airplane_noise_00095.png,airplane,vehicle,air,noise,airplane_01029
clean/airplane/airplane_clean_00096.png,airplane,vehicle,air,clean,airplane_01030
blur/airplane/airplane_blur_00096.png,airplane,vehicle,air,blur,airplane_01030
pixelated/airplane/airplane_pixelated_00096.png,airplane,vehicle,air,pixelated,airplane_01030
noise/airplane/airplane_noise_00096.png,airplane,vehicle,air,noise,airplane_01030
clean/cat/cat_clean_00116.png,cat,animal,land,clean,cat_01031
blur/cat/cat_blur_00116.png,cat,animal,land,blur,cat_01031
pixelated/cat/cat_pixelated_00116.png,cat,animal,land,pixelated,cat_01031
noise/cat/cat_noise_00116.png,cat,animal,land,noise,cat_01031
clean/ship/ship_clean_00097.png,ship,vehicle,water,clean,ship_01032
blur/ship/ship_blur_00097.png,ship,vehicle,water,blur,ship_01032
pixelated/ship/ship_pixelated_00097.png,ship,vehicle,water,pixelated,ship_01032
noise/ship/ship_noise_00097.png,ship,vehicle,water,noise,ship_01032
clean/ship/ship_clean_00098.png,ship,vehicle,water,clean,ship_01033
blur/ship/ship_blur_00098.png,ship,vehicle,water,blur,ship_01033
pixelated/ship/ship_pixelated_00098.png,ship,vehicle,water,pixelated,ship_01033
noise/ship/ship_noise_00098.png,ship,vehicle,water,noise,ship_01033
clean/airplane/airplane_clean_00097.png,airplane,vehicle,air,clean,airplane_01034
blur/airplane/airplane_blur_00097.png,airplane,vehicle,air,blur,airplane_01034
pixelated/airplane/airplane_pixelated_00097.png,airplane,vehicle,air,pixelated,airplane_01034
noise/airplane/airplane_noise_00097.png,airplane,vehicle,air,noise,airplane_01034
clean/deer/deer_clean_00115.png,deer,animal,land,clean,deer_01035
blur/deer/deer_blur_00115.png,deer,animal,land,blur,deer_01035
pixelated/deer/deer_pixelated_00115.png,deer,animal,land,pixelated,deer_01035
noise/deer/deer_noise_00115.png,deer,animal,land,noise,deer_01035
clean/automobile/automobile_clean_00097.png,automobile,vehicle,land,clean,automobile_01036
blur/automobile/automobile_blur_00097.png,automobile,vehicle,land,blur,automobile_01036
pixelated/automobile/automobile_pixelated_00097.png,automobile,vehicle,land,pixelated,automobile_01036
noise/automobile/automobile_noise_00097.png,automobile,vehicle,land,noise,automobile_01036
clean/bird/bird_clean_00106.png,bird,animal,air,clean,bird_01037
blur/bird/bird_blur_00106.png,bird,animal,air,blur,bird_01037
pixelated/bird/bird_pixelated_00106.png,bird,animal,air,pixelated,bird_01037
noise/bird/bird_noise_00106.png,bird,animal,air,noise,bird_01037
clean/cat/cat_clean_00117.png,cat,animal,land,clean,cat_01038
blur/cat/cat_blur_00117.png,cat,animal,land,blur,cat_01038
pixelated/cat/cat_pixelated_00117.png,cat,animal,land,pixelated,cat_01038
noise/cat/cat_noise_00117.png,cat,animal,land,noise,cat_01038
clean/cat/cat_clean_00118.png,cat,animal,land,clean,cat_01039
blur/cat/cat_blur_00118.png,cat,animal,land,blur,cat_01039
pixelated/cat/cat_pixelated_00118.png,cat,animal,land,pixelated,cat_01039
noise/cat/cat_noise_00118.png,cat,animal,land,noise,cat_01039
clean/deer/deer_clean_00116.png,deer,animal,land,clean,deer_01040
blur/deer/deer_blur_00116.png,deer,animal,land,blur,deer_01040
pixelated/deer/deer_pixelated_00116.png,deer,animal,land,pixelated,deer_01040
noise/deer/deer_noise_00116.png,deer,animal,land,noise,deer_01040
clean/deer/deer_clean_00117.png,deer,animal,land,clean,deer_01041
blur/deer/deer_blur_00117.png,deer,animal,land,blur,deer_01041
pixelated/deer/deer_pixelated_00117.png,deer,animal,land,pixelated,deer_01041
noise/deer/deer_noise_00117.png,deer,animal,land,noise,deer_01041
clean/horse/horse_clean_00102.png,horse,animal,land,clean,horse_01042
blur/horse/horse_blur_00102.png,horse,animal,land,blur,horse_01042
pixelated/horse/horse_pixelated_00102.png,horse,animal,land,pixelated,horse_01042
noise/horse/horse_noise_00102.png,horse,animal,land,noise,horse_01042
clean/ship/ship_clean_00099.png,ship,vehicle,water,clean,ship_01043
blur/ship/ship_blur_00099.png,ship,vehicle,water,blur,ship_01043
pixelated/ship/ship_pixelated_00099.png,ship,vehicle,water,pixelated,ship_01043
noise/ship/ship_noise_00099.png,ship,vehicle,water,noise,ship_01043
clean/dog/dog_clean_00111.png,dog,animal,land,clean,dog_01044
blur/dog/dog_blur_00111.png,dog,animal,land,blur,dog_01044
pixelated/dog/dog_pixelated_00111.png,dog,animal,land,pixelated,dog_01044
noise/dog/dog_noise_00111.png,dog,animal,land,noise,dog_01044
clean/deer/deer_clean_00118.png,deer,animal,land,clean,deer_01045
blur/deer/deer_blur_00118.png,deer,animal,land,blur,deer_01045
pixelated/deer/deer_pixelated_00118.png,deer,animal,land,pixelated,deer_01045
noise/deer/deer_noise_00118.png,deer,animal,land,noise,deer_01045
clean/cat/cat_clean_00119.png,cat,animal,land,clean,cat_01046
blur/cat/cat_blur_00119.png,cat,animal,land,blur,cat_01046
pixelated/cat/cat_pixelated_00119.png,cat,animal,land,pixelated,cat_01046
noise/cat/cat_noise_00119.png,cat,animal,land,noise,cat_01046
clean/ship/ship_clean_00100.png,ship,vehicle,water,clean,ship_01047
blur/ship/ship_blur_00100.png,ship,vehicle,water,blur,ship_01047
pixelated/ship/ship_pixelated_00100.png,ship,vehicle,water,pixelated,ship_01047
noise/ship/ship_noise_00100.png,ship,vehicle,water,noise,ship_01047
clean/deer/deer_clean_00119.png,deer,animal,land,clean,deer_01048
blur/deer/deer_blur_00119.png,deer,animal,land,blur,deer_01048
pixelated/deer/deer_pixelated_00119.png,deer,animal,land,pixelated,deer_01048
noise/deer/deer_noise_00119.png,deer,animal,land,noise,deer_01048
clean/horse/horse_clean_00103.png,horse,animal,land,clean,horse_01049
blur/horse/horse_blur_00103.png,horse,animal,land,blur,horse_01049
pixelated/horse/horse_pixelated_00103.png,horse,animal,land,pixelated,horse_01049
noise/horse/horse_noise_00103.png,horse,animal,land,noise,horse_01049
clean/bird/bird_clean_00107.png,bird,animal,air,clean,bird_01050
blur/bird/bird_blur_00107.png,bird,animal,air,blur,bird_01050
pixelated/bird/bird_pixelated_00107.png,bird,animal,air,pixelated,bird_01050
noise/bird/bird_noise_00107.png,bird,animal,air,noise,bird_01050
clean/horse/horse_clean_00104.png,horse,animal,land,clean,horse_01051
blur/horse/horse_blur_00104.png,horse,animal,land,blur,horse_01051
pixelated/horse/horse_pixelated_00104.png,horse,animal,land,pixelated,horse_01051
noise/horse/horse_noise_00104.png,horse,animal,land,noise,horse_01051
clean/cat/cat_clean_00120.png,cat,animal,land,clean,cat_01052
blur/cat/cat_blur_00120.png,cat,animal,land,blur,cat_01052
pixelated/cat/cat_pixelated_00120.png,cat,animal,land,pixelated,cat_01052
noise/cat/cat_noise_00120.png,cat,animal,land,noise,cat_01052
clean/automobile/automobile_clean_00098.png,automobile,vehicle,land,clean,automobile_01053
blur/automobile/automobile_blur_00098.png,automobile,vehicle,land,blur,automobile_01053
pixelated/automobile/automobile_pixelated_00098.png,automobile,vehicle,land,pixelated,automobile_01053
noise/automobile/automobile_noise_00098.png,automobile,vehicle,land,noise,automobile_01053
clean/automobile/automobile_clean_00099.png,automobile,vehicle,land,clean,automobile_01054
blur/automobile/automobile_blur_00099.png,automobile,vehicle,land,blur,automobile_01054
pixelated/automobile/automobile_pixelated_00099.png,automobile,vehicle,land,pixelated,automobile_01054
noise/automobile/automobile_noise_00099.png,automobile,vehicle,land,noise,automobile_01054
clean/deer/deer_clean_00120.png,deer,animal,land,clean,deer_01055
blur/deer/deer_blur_00120.png,deer,animal,land,blur,deer_01055
pixelated/deer/deer_pixelated_00120.png,deer,animal,land,pixelated,deer_01055
noise/deer/deer_noise_00120.png,deer,animal,land,noise,deer_01055
clean/horse/horse_clean_00105.png,horse,animal,land,clean,horse_01056
blur/horse/horse_blur_00105.png,horse,animal,land,blur,horse_01056
pixelated/horse/horse_pixelated_00105.png,horse,animal,land,pixelated,horse_01056
noise/horse/horse_noise_00105.png,horse,animal,land,noise,horse_01056
clean/deer/deer_clean_00121.png,deer,animal,land,clean,deer_01057
blur/deer/deer_blur_00121.png,deer,animal,land,blur,deer_01057
pixelated/deer/deer_pixelated_00121.png,deer,animal,land,pixelated,deer_01057
noise/deer/deer_noise_00121.png,deer,animal,land,noise,deer_01057
clean/airplane/airplane_clean_00098.png,airplane,vehicle,air,clean,airplane_01058
blur/airplane/airplane_blur_00098.png,airplane,vehicle,air,blur,airplane_01058
pixelated/airplane/airplane_pixelated_00098.png,airplane,vehicle,air,pixelated,airplane_01058
noise/airplane/airplane_noise_00098.png,airplane,vehicle,air,noise,airplane_01058
clean/horse/horse_clean_00106.png,horse,animal,land,clean,horse_01059
blur/horse/horse_blur_00106.png,horse,animal,land,blur,horse_01059
pixelated/horse/horse_pixelated_00106.png,horse,animal,land,pixelated,horse_01059
noise/horse/horse_noise_00106.png,horse,animal,land,noise,horse_01059
clean/ship/ship_clean_00101.png,ship,vehicle,water,clean,ship_01060
blur/ship/ship_blur_00101.png,ship,vehicle,water,blur,ship_01060
pixelated/ship/ship_pixelated_00101.png,ship,vehicle,water,pixelated,ship_01060
noise/ship/ship_noise_00101.png,ship,vehicle,water,noise,ship_01060
clean/ship/ship_clean_00102.png,ship,vehicle,water,clean,ship_01061
blur/ship/ship_blur_00102.png,ship,vehicle,water,blur,ship_01061
pixelated/ship/ship_pixelated_00102.png,ship,vehicle,water,pixelated,ship_01061
noise/ship/ship_noise_00102.png,ship,vehicle,water,noise,ship_01061
clean/frog/frog_clean_00109.png,frog,animal,land,clean,frog_01062
blur/frog/frog_blur_00109.png,frog,animal,land,blur,frog_01062
pixelated/frog/frog_pixelated_00109.png,frog,animal,land,pixelated,frog_01062
noise/frog/frog_noise_00109.png,frog,animal,land,noise,frog_01062
clean/horse/horse_clean_00107.png,horse,animal,land,clean,horse_01063
blur/horse/horse_blur_00107.png,horse,animal,land,blur,horse_01063
pixelated/horse/horse_pixelated_00107.png,horse,animal,land,pixelated,horse_01063
noise/horse/horse_noise_00107.png,horse,animal,land,noise,horse_01063
clean/automobile/automobile_clean_00100.png,automobile,vehicle,land,clean,automobile_01064
blur/automobile/automobile_blur_00100.png,automobile,vehicle,land,blur,automobile_01064
pixelated/automobile/automobile_pixelated_00100.png,automobile,vehicle,land,pixelated,automobile_01064
noise/automobile/automobile_noise_00100.png,automobile,vehicle,land,noise,automobile_01064
clean/cat/cat_clean_00121.png,cat,animal,land,clean,cat_01065
blur/cat/cat_blur_00121.png,cat,animal,land,blur,cat_01065
pixelated/cat/cat_pixelated_00121.png,cat,animal,land,pixelated,cat_01065
noise/cat/cat_noise_00121.png,cat,animal,land,noise,cat_01065
clean/automobile/automobile_clean_00101.png,automobile,vehicle,land,clean,automobile_01066
blur/automobile/automobile_blur_00101.png,automobile,vehicle,land,blur,automobile_01066
pixelated/automobile/automobile_pixelated_00101.png,automobile,vehicle,land,pixelated,automobile_01066
noise/automobile/automobile_noise_00101.png,automobile,vehicle,land,noise,automobile_01066
clean/airplane/airplane_clean_00099.png,airplane,vehicle,air,clean,airplane_01067
blur/airplane/airplane_blur_00099.png,airplane,vehicle,air,blur,airplane_01067
pixelated/airplane/airplane_pixelated_00099.png,airplane,vehicle,air,pixelated,airplane_01067
noise/airplane/airplane_noise_00099.png,airplane,vehicle,air,noise,airplane_01067
clean/automobile/automobile_clean_00102.png,automobile,vehicle,land,clean,automobile_01068
blur/automobile/automobile_blur_00102.png,automobile,vehicle,land,blur,automobile_01068
pixelated/automobile/automobile_pixelated_00102.png,automobile,vehicle,land,pixelated,automobile_01068
noise/automobile/automobile_noise_00102.png,automobile,vehicle,land,noise,automobile_01068
clean/frog/frog_clean_00110.png,frog,animal,land,clean,frog_01069
blur/frog/frog_blur_00110.png,frog,animal,land,blur,frog_01069
pixelated/frog/frog_pixelated_00110.png,frog,animal,land,pixelated,frog_01069
noise/frog/frog_noise_00110.png,frog,animal,land,noise,frog_01069
clean/truck/truck_clean_00090.png,truck,vehicle,land,clean,truck_01070
blur/truck/truck_blur_00090.png,truck,vehicle,land,blur,truck_01070
pixelated/truck/truck_pixelated_00090.png,truck,vehicle,land,pixelated,truck_01070
noise/truck/truck_noise_00090.png,truck,vehicle,land,noise,truck_01070
clean/cat/cat_clean_00122.png,cat,animal,land,clean,cat_01071
blur/cat/cat_blur_00122.png,cat,animal,land,blur,cat_01071
pixelated/cat/cat_pixelated_00122.png,cat,animal,land,pixelated,cat_01071
noise/cat/cat_noise_00122.png,cat,animal,land,noise,cat_01071
clean/ship/ship_clean_00103.png,ship,vehicle,water,clean,ship_01072
blur/ship/ship_blur_00103.png,ship,vehicle,water,blur,ship_01072
pixelated/ship/ship_pixelated_00103.png,ship,vehicle,water,pixelated,ship_01072
noise/ship/ship_noise_00103.png,ship,vehicle,water,noise,ship_01072
clean/cat/cat_clean_00123.png,cat,animal,land,clean,cat_01073
blur/cat/cat_blur_00123.png,cat,animal,land,blur,cat_01073
pixelated/cat/cat_pixelated_00123.png,cat,animal,land,pixelated,cat_01073
noise/cat/cat_noise_00123.png,cat,animal,land,noise,cat_01073
clean/deer/deer_clean_00122.png,deer,animal,land,clean,deer_01074
blur/deer/deer_blur_00122.png,deer,animal,land,blur,deer_01074
pixelated/deer/deer_pixelated_00122.png,deer,animal,land,pixelated,deer_01074
noise/deer/deer_noise_00122.png,deer,animal,land,noise,deer_01074
clean/deer/deer_clean_00123.png,deer,animal,land,clean,deer_01075
blur/deer/deer_blur_00123.png,deer,animal,land,blur,deer_01075
pixelated/deer/deer_pixelated_00123.png,deer,animal,land,pixelated,deer_01075
noise/deer/deer_noise_00123.png,deer,animal,land,noise,deer_01075
clean/ship/ship_clean_00104.png,ship,vehicle,water,clean,ship_01076
blur/ship/ship_blur_00104.png,ship,vehicle,water,blur,ship_01076
pixelated/ship/ship_pixelated_00104.png,ship,vehicle,water,pixelated,ship_01076
noise/ship/ship_noise_00104.png,ship,vehicle,water,noise,ship_01076
clean/ship/ship_clean_00105.png,ship,vehicle,water,clean,ship_01077
blur/ship/ship_blur_00105.png,ship,vehicle,water,blur,ship_01077
pixelated/ship/ship_pixelated_00105.png,ship,vehicle,water,pixelated,ship_01077
noise/ship/ship_noise_00105.png,ship,vehicle,water,noise,ship_01077
clean/truck/truck_clean_00091.png,truck,vehicle,land,clean,truck_01078
blur/truck/truck_blur_00091.png,truck,vehicle,land,blur,truck_01078
pixelated/truck/truck_pixelated_00091.png,truck,vehicle,land,pixelated,truck_01078
noise/truck/truck_noise_00091.png,truck,vehicle,land,noise,truck_01078
clean/cat/cat_clean_00124.png,cat,animal,land,clean,cat_01079
blur/cat/cat_blur_00124.png,cat,animal,land,blur,cat_01079
pixelated/cat/cat_pixelated_00124.png,cat,animal,land,pixelated,cat_01079
noise/cat/cat_noise_00124.png,cat,animal,land,noise,cat_01079
clean/horse/horse_clean_00108.png,horse,animal,land,clean,horse_01080
blur/horse/horse_blur_00108.png,horse,animal,land,blur,horse_01080
pixelated/horse/horse_pixelated_00108.png,horse,animal,land,pixelated,horse_01080
noise/horse/horse_noise_00108.png,horse,animal,land,noise,horse_01080
clean/frog/frog_clean_00111.png,frog,animal,land,clean,frog_01081
blur/frog/frog_blur_00111.png,frog,animal,land,blur,frog_01081
pixelated/frog/frog_pixelated_00111.png,frog,animal,land,pixelated,frog_01081
noise/frog/frog_noise_00111.png,frog,animal,land,noise,frog_01081
clean/bird/bird_clean_00108.png,bird,animal,air,clean,bird_01082
blur/bird/bird_blur_00108.png,bird,animal,air,blur,bird_01082
pixelated/bird/bird_pixelated_00108.png,bird,animal,air,pixelated,bird_01082
noise/bird/bird_noise_00108.png,bird,animal,air,noise,bird_01082
clean/deer/deer_clean_00124.png,deer,animal,land,clean,deer_01083
blur/deer/deer_blur_00124.png,deer,animal,land,blur,deer_01083
pixelated/deer/deer_pixelated_00124.png,deer,animal,land,pixelated,deer_01083
noise/deer/deer_noise_00124.png,deer,animal,land,noise,deer_01083
clean/cat/cat_clean_00125.png,cat,animal,land,clean,cat_01084
blur/cat/cat_blur_00125.png,cat,animal,land,blur,cat_01084
pixelated/cat/cat_pixelated_00125.png,cat,animal,land,pixelated,cat_01084
noise/cat/cat_noise_00125.png,cat,animal,land,noise,cat_01084
clean/airplane/airplane_clean_00100.png,airplane,vehicle,air,clean,airplane_01085
blur/airplane/airplane_blur_00100.png,airplane,vehicle,air,blur,airplane_01085
pixelated/airplane/airplane_pixelated_00100.png,airplane,vehicle,air,pixelated,airplane_01085
noise/airplane/airplane_noise_00100.png,airplane,vehicle,air,noise,airplane_01085
clean/airplane/airplane_clean_00101.png,airplane,vehicle,air,clean,airplane_01086
blur/airplane/airplane_blur_00101.png,airplane,vehicle,air,blur,airplane_01086
pixelated/airplane/airplane_pixelated_00101.png,airplane,vehicle,air,pixelated,airplane_01086
noise/airplane/airplane_noise_00101.png,airplane,vehicle,air,noise,airplane_01086
clean/airplane/airplane_clean_00102.png,airplane,vehicle,air,clean,airplane_01087
blur/airplane/airplane_blur_00102.png,airplane,vehicle,air,blur,airplane_01087
pixelated/airplane/airplane_pixelated_00102.png,airplane,vehicle,air,pixelated,airplane_01087
noise/airplane/airplane_noise_00102.png,airplane,vehicle,air,noise,airplane_01087
clean/dog/dog_clean_00112.png,dog,animal,land,clean,dog_01088
blur/dog/dog_blur_00112.png,dog,animal,land,blur,dog_01088
pixelated/dog/dog_pixelated_00112.png,dog,animal,land,pixelated,dog_01088
noise/dog/dog_noise_00112.png,dog,animal,land,noise,dog_01088
clean/dog/dog_clean_00113.png,dog,animal,land,clean,dog_01089
blur/dog/dog_blur_00113.png,dog,animal,land,blur,dog_01089
pixelated/dog/dog_pixelated_00113.png,dog,animal,land,pixelated,dog_01089
noise/dog/dog_noise_00113.png,dog,animal,land,noise,dog_01089
clean/truck/truck_clean_00092.png,truck,vehicle,land,clean,truck_01090
blur/truck/truck_blur_00092.png,truck,vehicle,land,blur,truck_01090
pixelated/truck/truck_pixelated_00092.png,truck,vehicle,land,pixelated,truck_01090
noise/truck/truck_noise_00092.png,truck,vehicle,land,noise,truck_01090
clean/horse/horse_clean_00109.png,horse,animal,land,clean,horse_01091
blur/horse/horse_blur_00109.png,horse,animal,land,blur,horse_01091
pixelated/horse/horse_pixelated_00109.png,horse,animal,land,pixelated,horse_01091
noise/horse/horse_noise_00109.png,horse,animal,land,noise,horse_01091
clean/ship/ship_clean_00106.png,ship,vehicle,water,clean,ship_01092
blur/ship/ship_blur_00106.png,ship,vehicle,water,blur,ship_01092
pixelated/ship/ship_pixelated_00106.png,ship,vehicle,water,pixelated,ship_01092
noise/ship/ship_noise_00106.png,ship,vehicle,water,noise,ship_01092
clean/bird/bird_clean_00109.png,bird,animal,air,clean,bird_01093
blur/bird/bird_blur_00109.png,bird,animal,air,blur,bird_01093
pixelated/bird/bird_pixelated_00109.png,bird,animal,air,pixelated,bird_01093
noise/bird/bird_noise_00109.png,bird,animal,air,noise,bird_01093
clean/deer/deer_clean_00125.png,deer,animal,land,clean,deer_01094
blur/deer/deer_blur_00125.png,deer,animal,land,blur,deer_01094
pixelated/deer/deer_pixelated_00125.png,deer,animal,land,pixelated,deer_01094
noise/deer/deer_noise_00125.png,deer,animal,land,noise,deer_01094
clean/ship/ship_clean_00107.png,ship,vehicle,water,clean,ship_01095
blur/ship/ship_blur_00107.png,ship,vehicle,water,blur,ship_01095
pixelated/ship/ship_pixelated_00107.png,ship,vehicle,water,pixelated,ship_01095
noise/ship/ship_noise_00107.png,ship,vehicle,water,noise,ship_01095
clean/dog/dog_clean_00114.png,dog,animal,land,clean,dog_01096
blur/dog/dog_blur_00114.png,dog,animal,land,blur,dog_01096
pixelated/dog/dog_pixelated_00114.png,dog,animal,land,pixelated,dog_01096
noise/dog/dog_noise_00114.png,dog,animal,land,noise,dog_01096
clean/truck/truck_clean_00093.png,truck,vehicle,land,clean,truck_01097
blur/truck/truck_blur_00093.png,truck,vehicle,land,blur,truck_01097
pixelated/truck/truck_pixelated_00093.png,truck,vehicle,land,pixelated,truck_01097
noise/truck/truck_noise_00093.png,truck,vehicle,land,noise,truck_01097
clean/deer/deer_clean_00126.png,deer,animal,land,clean,deer_01098
blur/deer/deer_blur_00126.png,deer,animal,land,blur,deer_01098
pixelated/deer/deer_pixelated_00126.png,deer,animal,land,pixelated,deer_01098
noise/deer/deer_noise_00126.png,deer,animal,land,noise,deer_01098
clean/frog/frog_clean_00112.png,frog,animal,land,clean,frog_01099
blur/frog/frog_blur_00112.png,frog,animal,land,blur,frog_01099
pixelated/frog/frog_pixelated_00112.png,frog,animal,land,pixelated,frog_01099
noise/frog/frog_noise_00112.png,frog,animal,land,noise,frog_01099
clean/airplane/airplane_clean_00103.png,airplane,vehicle,air,clean,airplane_01100
blur/airplane/airplane_blur_00103.png,airplane,vehicle,air,blur,airplane_01100
pixelated/airplane/airplane_pixelated_00103.png,airplane,vehicle,air,pixelated,airplane_01100
noise/airplane/airplane_noise_00103.png,airplane,vehicle,air,noise,airplane_01100
clean/truck/truck_clean_00094.png,truck,vehicle,land,clean,truck_01101
blur/truck/truck_blur_00094.png,truck,vehicle,land,blur,truck_01101
pixelated/truck/truck_pixelated_00094.png,truck,vehicle,land,pixelated,truck_01101
noise/truck/truck_noise_00094.png,truck,vehicle,land,noise,truck_01101
clean/ship/ship_clean_00108.png,ship,vehicle,water,clean,ship_01102
blur/ship/ship_blur_00108.png,ship,vehicle,water,blur,ship_01102
pixelated/ship/ship_pixelated_00108.png,ship,vehicle,water,pixelated,ship_01102
noise/ship/ship_noise_00108.png,ship,vehicle,water,noise,ship_01102
clean/bird/bird_clean_00110.png,bird,animal,air,clean,bird_01103
blur/bird/bird_blur_00110.png,bird,animal,air,blur,bird_01103
pixelated/bird/bird_pixelated_00110.png,bird,animal,air,pixelated,bird_01103
noise/bird/bird_noise_00110.png,bird,animal,air,noise,bird_01103
clean/airplane/airplane_clean_00104.png,airplane,vehicle,air,clean,airplane_01104
blur/airplane/airplane_blur_00104.png,airplane,vehicle,air,blur,airplane_01104
pixelated/airplane/airplane_pixelated_00104.png,airplane,vehicle,air,pixelated,airplane_01104
noise/airplane/airplane_noise_00104.png,airplane,vehicle,air,noise,airplane_01104
clean/bird/bird_clean_00111.png,bird,animal,air,clean,bird_01105
blur/bird/bird_blur_00111.png,bird,animal,air,blur,bird_01105
pixelated/bird/bird_pixelated_00111.png,bird,animal,air,pixelated,bird_01105
noise/bird/bird_noise_00111.png,bird,animal,air,noise,bird_01105
clean/dog/dog_clean_00115.png,dog,animal,land,clean,dog_01106
blur/dog/dog_blur_00115.png,dog,animal,land,blur,dog_01106
pixelated/dog/dog_pixelated_00115.png,dog,animal,land,pixelated,dog_01106
noise/dog/dog_noise_00115.png,dog,animal,land,noise,dog_01106
clean/deer/deer_clean_00127.png,deer,animal,land,clean,deer_01107
blur/deer/deer_blur_00127.png,deer,animal,land,blur,deer_01107
pixelated/deer/deer_pixelated_00127.png,deer,animal,land,pixelated,deer_01107
noise/deer/deer_noise_00127.png,deer,animal,land,noise,deer_01107
clean/dog/dog_clean_00116.png,dog,animal,land,clean,dog_01108
blur/dog/dog_blur_00116.png,dog,animal,land,blur,dog_01108
pixelated/dog/dog_pixelated_00116.png,dog,animal,land,pixelated,dog_01108
noise/dog/dog_noise_00116.png,dog,animal,land,noise,dog_01108
clean/frog/frog_clean_00113.png,frog,animal,land,clean,frog_01109
blur/frog/frog_blur_00113.png,frog,animal,land,blur,frog_01109
pixelated/frog/frog_pixelated_00113.png,frog,animal,land,pixelated,frog_01109
noise/frog/frog_noise_00113.png,frog,animal,land,noise,frog_01109
clean/bird/bird_clean_00112.png,bird,animal,air,clean,bird_01110
blur/bird/bird_blur_00112.png,bird,animal,air,blur,bird_01110
pixelated/bird/bird_pixelated_00112.png,bird,animal,air,pixelated,bird_01110
noise/bird/bird_noise_00112.png,bird,animal,air,noise,bird_01110
clean/cat/cat_clean_00126.png,cat,animal,land,clean,cat_01111
blur/cat/cat_blur_00126.png,cat,animal,land,blur,cat_01111
pixelated/cat/cat_pixelated_00126.png,cat,animal,land,pixelated,cat_01111
noise/cat/cat_noise_00126.png,cat,animal,land,noise,cat_01111
clean/truck/truck_clean_00095.png,truck,vehicle,land,clean,truck_01112
blur/truck/truck_blur_00095.png,truck,vehicle,land,blur,truck_01112
pixelated/truck/truck_pixelated_00095.png,truck,vehicle,land,pixelated,truck_01112
noise/truck/truck_noise_00095.png,truck,vehicle,land,noise,truck_01112
clean/truck/truck_clean_00096.png,truck,vehicle,land,clean,truck_01113
blur/truck/truck_blur_00096.png,truck,vehicle,land,blur,truck_01113
pixelated/truck/truck_pixelated_00096.png,truck,vehicle,land,pixelated,truck_01113
noise/truck/truck_noise_00096.png,truck,vehicle,land,noise,truck_01113
clean/cat/cat_clean_00127.png,cat,animal,land,clean,cat_01114
blur/cat/cat_blur_00127.png,cat,animal,land,blur,cat_01114
pixelated/cat/cat_pixelated_00127.png,cat,animal,land,pixelated,cat_01114
noise/cat/cat_noise_00127.png,cat,animal,land,noise,cat_01114
clean/frog/frog_clean_00114.png,frog,animal,land,clean,frog_01115
blur/frog/frog_blur_00114.png,frog,animal,land,blur,frog_01115
pixelated/frog/frog_pixelated_00114.png,frog,animal,land,pixelated,frog_01115
noise/frog/frog_noise_00114.png,frog,animal,land,noise,frog_01115
clean/deer/deer_clean_00128.png,deer,animal,land,clean,deer_01116
blur/deer/deer_blur_00128.png,deer,animal,land,blur,deer_01116
pixelated/deer/deer_pixelated_00128.png,deer,animal,land,pixelated,deer_01116
noise/deer/deer_noise_00128.png,deer,animal,land,noise,deer_01116
clean/horse/horse_clean_00110.png,horse,animal,land,clean,horse_01117
blur/horse/horse_blur_00110.png,horse,animal,land,blur,horse_01117
pixelated/horse/horse_pixelated_00110.png,horse,animal,land,pixelated,horse_01117
noise/horse/horse_noise_00110.png,horse,animal,land,noise,horse_01117
clean/automobile/automobile_clean_00103.png,automobile,vehicle,land,clean,automobile_01118
blur/automobile/automobile_blur_00103.png,automobile,vehicle,land,blur,automobile_01118
pixelated/automobile/automobile_pixelated_00103.png,automobile,vehicle,land,pixelated,automobile_01118
noise/automobile/automobile_noise_00103.png,automobile,vehicle,land,noise,automobile_01118
clean/dog/dog_clean_00117.png,dog,animal,land,clean,dog_01119
blur/dog/dog_blur_00117.png,dog,animal,land,blur,dog_01119
pixelated/dog/dog_pixelated_00117.png,dog,animal,land,pixelated,dog_01119
noise/dog/dog_noise_00117.png,dog,animal,land,noise,dog_01119
clean/cat/cat_clean_00128.png,cat,animal,land,clean,cat_01120
blur/cat/cat_blur_00128.png,cat,animal,land,blur,cat_01120
pixelated/cat/cat_pixelated_00128.png,cat,animal,land,pixelated,cat_01120
noise/cat/cat_noise_00128.png,cat,animal,land,noise,cat_01120
clean/airplane/airplane_clean_00105.png,airplane,vehicle,air,clean,airplane_01121
blur/airplane/airplane_blur_00105.png,airplane,vehicle,air,blur,airplane_01121
pixelated/airplane/airplane_pixelated_00105.png,airplane,vehicle,air,pixelated,airplane_01121
noise/airplane/airplane_noise_00105.png,airplane,vehicle,air,noise,airplane_01121
clean/automobile/automobile_clean_00104.png,automobile,vehicle,land,clean,automobile_01122
blur/automobile/automobile_blur_00104.png,automobile,vehicle,land,blur,automobile_01122
pixelated/automobile/automobile_pixelated_00104.png,automobile,vehicle,land,pixelated,automobile_01122
noise/automobile/automobile_noise_00104.png,automobile,vehicle,land,noise,automobile_01122
clean/dog/dog_clean_00118.png,dog,animal,land,clean,dog_01123
blur/dog/dog_blur_00118.png,dog,animal,land,blur,dog_01123
pixelated/dog/dog_pixelated_00118.png,dog,animal,land,pixelated,dog_01123
noise/dog/dog_noise_00118.png,dog,animal,land,noise,dog_01123
clean/airplane/airplane_clean_00106.png,airplane,vehicle,air,clean,airplane_01124
blur/airplane/airplane_blur_00106.png,airplane,vehicle,air,blur,airplane_01124
pixelated/airplane/airplane_pixelated_00106.png,airplane,vehicle,air,pixelated,airplane_01124
noise/airplane/airplane_noise_00106.png,airplane,vehicle,air,noise,airplane_01124
clean/truck/truck_clean_00097.png,truck,vehicle,land,clean,truck_01125
blur/truck/truck_blur_00097.png,truck,vehicle,land,blur,truck_01125
pixelated/truck/truck_pixelated_00097.png,truck,vehicle,land,pixelated,truck_01125
noise/truck/truck_noise_00097.png,truck,vehicle,land,noise,truck_01125
clean/ship/ship_clean_00109.png,ship,vehicle,water,clean,ship_01126
blur/ship/ship_blur_00109.png,ship,vehicle,water,blur,ship_01126
pixelated/ship/ship_pixelated_00109.png,ship,vehicle,water,pixelated,ship_01126
noise/ship/ship_noise_00109.png,ship,vehicle,water,noise,ship_01126
clean/deer/deer_clean_00129.png,deer,animal,land,clean,deer_01127
blur/deer/deer_blur_00129.png,deer,animal,land,blur,deer_01127
pixelated/deer/deer_pixelated_00129.png,deer,animal,land,pixelated,deer_01127
noise/deer/deer_noise_00129.png,deer,animal,land,noise,deer_01127
clean/bird/bird_clean_00113.png,bird,animal,air,clean,bird_01128
blur/bird/bird_blur_00113.png,bird,animal,air,blur,bird_01128
pixelated/bird/bird_pixelated_00113.png,bird,animal,air,pixelated,bird_01128
noise/bird/bird_noise_00113.png,bird,animal,air,noise,bird_01128
clean/ship/ship_clean_00110.png,ship,vehicle,water,clean,ship_01129
blur/ship/ship_blur_00110.png,ship,vehicle,water,blur,ship_01129
pixelated/ship/ship_pixelated_00110.png,ship,vehicle,water,pixelated,ship_01129
noise/ship/ship_noise_00110.png,ship,vehicle,water,noise,ship_01129
clean/truck/truck_clean_00098.png,truck,vehicle,land,clean,truck_01130
blur/truck/truck_blur_00098.png,truck,vehicle,land,blur,truck_01130
pixelated/truck/truck_pixelated_00098.png,truck,vehicle,land,pixelated,truck_01130
noise/truck/truck_noise_00098.png,truck,vehicle,land,noise,truck_01130
clean/frog/frog_clean_00115.png,frog,animal,land,clean,frog_01131
blur/frog/frog_blur_00115.png,frog,animal,land,blur,frog_01131
pixelated/frog/frog_pixelated_00115.png,frog,animal,land,pixelated,frog_01131
noise/frog/frog_noise_00115.png,frog,animal,land,noise,frog_01131
clean/dog/dog_clean_00119.png,dog,animal,land,clean,dog_01132
blur/dog/dog_blur_00119.png,dog,animal,land,blur,dog_01132
pixelated/dog/dog_pixelated_00119.png,dog,animal,land,pixelated,dog_01132
noise/dog/dog_noise_00119.png,dog,animal,land,noise,dog_01132
clean/deer/deer_clean_00130.png,deer,animal,land,clean,deer_01133
blur/deer/deer_blur_00130.png,deer,animal,land,blur,deer_01133
pixelated/deer/deer_pixelated_00130.png,deer,animal,land,pixelated,deer_01133
noise/deer/deer_noise_00130.png,deer,animal,land,noise,deer_01133
clean/dog/dog_clean_00120.png,dog,animal,land,clean,dog_01134
blur/dog/dog_blur_00120.png,dog,animal,land,blur,dog_01134
pixelated/dog/dog_pixelated_00120.png,dog,animal,land,pixelated,dog_01134
noise/dog/dog_noise_00120.png,dog,animal,land,noise,dog_01134
clean/cat/cat_clean_00129.png,cat,animal,land,clean,cat_01135
blur/cat/cat_blur_00129.png,cat,animal,land,blur,cat_01135
pixelated/cat/cat_pixelated_00129.png,cat,animal,land,pixelated,cat_01135
noise/cat/cat_noise_00129.png,cat,animal,land,noise,cat_01135
clean/bird/bird_clean_00114.png,bird,animal,air,clean,bird_01136
blur/bird/bird_blur_00114.png,bird,animal,air,blur,bird_01136
pixelated/bird/bird_pixelated_00114.png,bird,animal,air,pixelated,bird_01136
noise/bird/bird_noise_00114.png,bird,animal,air,noise,bird_01136
clean/cat/cat_clean_00130.png,cat,animal,land,clean,cat_01137
blur/cat/cat_blur_00130.png,cat,animal,land,blur,cat_01137
pixelated/cat/cat_pixelated_00130.png,cat,animal,land,pixelated,cat_01137
noise/cat/cat_noise_00130.png,cat,animal,land,noise,cat_01137
clean/airplane/airplane_clean_00107.png,airplane,vehicle,air,clean,airplane_01138
blur/airplane/airplane_blur_00107.png,airplane,vehicle,air,blur,airplane_01138
pixelated/airplane/airplane_pixelated_00107.png,airplane,vehicle,air,pixelated,airplane_01138
noise/airplane/airplane_noise_00107.png,airplane,vehicle,air,noise,airplane_01138
clean/deer/deer_clean_00131.png,deer,animal,land,clean,deer_01139
blur/deer/deer_blur_00131.png,deer,animal,land,blur,deer_01139
pixelated/deer/deer_pixelated_00131.png,deer,animal,land,pixelated,deer_01139
noise/deer/deer_noise_00131.png,deer,animal,land,noise,deer_01139
clean/frog/frog_clean_00116.png,frog,animal,land,clean,frog_01140
blur/frog/frog_blur_00116.png,frog,animal,land,blur,frog_01140
pixelated/frog/frog_pixelated_00116.png,frog,animal,land,pixelated,frog_01140
noise/frog/frog_noise_00116.png,frog,animal,land,noise,frog_01140
clean/cat/cat_clean_00131.png,cat,animal,land,clean,cat_01141
blur/cat/cat_blur_00131.png,cat,animal,land,blur,cat_01141
pixelated/cat/cat_pixelated_00131.png,cat,animal,land,pixelated,cat_01141
noise/cat/cat_noise_00131.png,cat,animal,land,noise,cat_01141
clean/bird/bird_clean_00115.png,bird,animal,air,clean,bird_01142
blur/bird/bird_blur_00115.png,bird,animal,air,blur,bird_01142
pixelated/bird/bird_pixelated_00115.png,bird,animal,air,pixelated,bird_01142
noise/bird/bird_noise_00115.png,bird,animal,air,noise,bird_01142
clean/dog/dog_clean_00121.png,dog,animal,land,clean,dog_01143
blur/dog/dog_blur_00121.png,dog,animal,land,blur,dog_01143
pixelated/dog/dog_pixelated_00121.png,dog,animal,land,pixelated,dog_01143
noise/dog/dog_noise_00121.png,dog,animal,land,noise,dog_01143
clean/airplane/airplane_clean_00108.png,airplane,vehicle,air,clean,airplane_01144
blur/airplane/airplane_blur_00108.png,airplane,vehicle,air,blur,airplane_01144
pixelated/airplane/airplane_pixelated_00108.png,airplane,vehicle,air,pixelated,airplane_01144
noise/airplane/airplane_noise_00108.png,airplane,vehicle,air,noise,airplane_01144
clean/cat/cat_clean_00132.png,cat,animal,land,clean,cat_01145
blur/cat/cat_blur_00132.png,cat,animal,land,blur,cat_01145
pixelated/cat/cat_pixelated_00132.png,cat,animal,land,pixelated,cat_01145
noise/cat/cat_noise_00132.png,cat,animal,land,noise,cat_01145
clean/deer/deer_clean_00132.png,deer,animal,land,clean,deer_01146
blur/deer/deer_blur_00132.png,deer,animal,land,blur,deer_01146
pixelated/deer/deer_pixelated_00132.png,deer,animal,land,pixelated,deer_01146
noise/deer/deer_noise_00132.png,deer,animal,land,noise,deer_01146
clean/airplane/airplane_clean_00109.png,airplane,vehicle,air,clean,airplane_01147
blur/airplane/airplane_blur_00109.png,airplane,vehicle,air,blur,airplane_01147
pixelated/airplane/airplane_pixelated_00109.png,airplane,vehicle,air,pixelated,airplane_01147
noise/airplane/airplane_noise_00109.png,airplane,vehicle,air,noise,airplane_01147
clean/airplane/airplane_clean_00110.png,airplane,vehicle,air,clean,airplane_01148
blur/airplane/airplane_blur_00110.png,airplane,vehicle,air,blur,airplane_01148
pixelated/airplane/airplane_pixelated_00110.png,airplane,vehicle,air,pixelated,airplane_01148
noise/airplane/airplane_noise_00110.png,airplane,vehicle,air,noise,airplane_01148
clean/airplane/airplane_clean_00111.png,airplane,vehicle,air,clean,airplane_01149
blur/airplane/airplane_blur_00111.png,airplane,vehicle,air,blur,airplane_01149
pixelated/airplane/airplane_pixelated_00111.png,airplane,vehicle,air,pixelated,airplane_01149
noise/airplane/airplane_noise_00111.png,airplane,vehicle,air,noise,airplane_01149
clean/ship/ship_clean_00111.png,ship,vehicle,water,clean,ship_01150
blur/ship/ship_blur_00111.png,ship,vehicle,water,blur,ship_01150
pixelated/ship/ship_pixelated_00111.png,ship,vehicle,water,pixelated,ship_01150
noise/ship/ship_noise_00111.png,ship,vehicle,water,noise,ship_01150
clean/horse/horse_clean_00111.png,horse,animal,land,clean,horse_01151
blur/horse/horse_blur_00111.png,horse,animal,land,blur,horse_01151
pixelated/horse/horse_pixelated_00111.png,horse,animal,land,pixelated,horse_01151
noise/horse/horse_noise_00111.png,horse,animal,land,noise,horse_01151
clean/cat/cat_clean_00133.png,cat,animal,land,clean,cat_01152
blur/cat/cat_blur_00133.png,cat,animal,land,blur,cat_01152
pixelated/cat/cat_pixelated_00133.png,cat,animal,land,pixelated,cat_01152
noise/cat/cat_noise_00133.png,cat,animal,land,noise,cat_01152
clean/deer/deer_clean_00133.png,deer,animal,land,clean,deer_01153
blur/deer/deer_blur_00133.png,deer,animal,land,blur,deer_01153
pixelated/deer/deer_pixelated_00133.png,deer,animal,land,pixelated,deer_01153
noise/deer/deer_noise_00133.png,deer,animal,land,noise,deer_01153
clean/automobile/automobile_clean_00105.png,automobile,vehicle,land,clean,automobile_01154
blur/automobile/automobile_blur_00105.png,automobile,vehicle,land,blur,automobile_01154
pixelated/automobile/automobile_pixelated_00105.png,automobile,vehicle,land,pixelated,automobile_01154
noise/automobile/automobile_noise_00105.png,automobile,vehicle,land,noise,automobile_01154
clean/ship/ship_clean_00112.png,ship,vehicle,water,clean,ship_01155
blur/ship/ship_blur_00112.png,ship,vehicle,water,blur,ship_01155
pixelated/ship/ship_pixelated_00112.png,ship,vehicle,water,pixelated,ship_01155
noise/ship/ship_noise_00112.png,ship,vehicle,water,noise,ship_01155
clean/dog/dog_clean_00122.png,dog,animal,land,clean,dog_01156
blur/dog/dog_blur_00122.png,dog,animal,land,blur,dog_01156
pixelated/dog/dog_pixelated_00122.png,dog,animal,land,pixelated,dog_01156
noise/dog/dog_noise_00122.png,dog,animal,land,noise,dog_01156
clean/ship/ship_clean_00113.png,ship,vehicle,water,clean,ship_01157
blur/ship/ship_blur_00113.png,ship,vehicle,water,blur,ship_01157
pixelated/ship/ship_pixelated_00113.png,ship,vehicle,water,pixelated,ship_01157
noise/ship/ship_noise_00113.png,ship,vehicle,water,noise,ship_01157
clean/bird/bird_clean_00116.png,bird,animal,air,clean,bird_01158
blur/bird/bird_blur_00116.png,bird,animal,air,blur,bird_01158
pixelated/bird/bird_pixelated_00116.png,bird,animal,air,pixelated,bird_01158
noise/bird/bird_noise_00116.png,bird,animal,air,noise,bird_01158
clean/frog/frog_clean_00117.png,frog,animal,land,clean,frog_01159
blur/frog/frog_blur_00117.png,frog,animal,land,blur,frog_01159
pixelated/frog/frog_pixelated_00117.png,frog,animal,land,pixelated,frog_01159
noise/frog/frog_noise_00117.png,frog,animal,land,noise,frog_01159
clean/bird/bird_clean_00117.png,bird,animal,air,clean,bird_01160
blur/bird/bird_blur_00117.png,bird,animal,air,blur,bird_01160
pixelated/bird/bird_pixelated_00117.png,bird,animal,air,pixelated,bird_01160
noise/bird/bird_noise_00117.png,bird,animal,air,noise,bird_01160
clean/truck/truck_clean_00099.png,truck,vehicle,land,clean,truck_01161
blur/truck/truck_blur_00099.png,truck,vehicle,land,blur,truck_01161
pixelated/truck/truck_pixelated_00099.png,truck,vehicle,land,pixelated,truck_01161
noise/truck/truck_noise_00099.png,truck,vehicle,land,noise,truck_01161
clean/automobile/automobile_clean_00106.png,automobile,vehicle,land,clean,automobile_01162
blur/automobile/automobile_blur_00106.png,automobile,vehicle,land,blur,automobile_01162
pixelated/automobile/automobile_pixelated_00106.png,automobile,vehicle,land,pixelated,automobile_01162
noise/automobile/automobile_noise_00106.png,automobile,vehicle,land,noise,automobile_01162
clean/dog/dog_clean_00123.png,dog,animal,land,clean,dog_01163
blur/dog/dog_blur_00123.png,dog,animal,land,blur,dog_01163
pixelated/dog/dog_pixelated_00123.png,dog,animal,land,pixelated,dog_01163
noise/dog/dog_noise_00123.png,dog,animal,land,noise,dog_01163
clean/truck/truck_clean_00100.png,truck,vehicle,land,clean,truck_01164
blur/truck/truck_blur_00100.png,truck,vehicle,land,blur,truck_01164
pixelated/truck/truck_pixelated_00100.png,truck,vehicle,land,pixelated,truck_01164
noise/truck/truck_noise_00100.png,truck,vehicle,land,noise,truck_01164
clean/cat/cat_clean_00134.png,cat,animal,land,clean,cat_01165
blur/cat/cat_blur_00134.png,cat,animal,land,blur,cat_01165
pixelated/cat/cat_pixelated_00134.png,cat,animal,land,pixelated,cat_01165
noise/cat/cat_noise_00134.png,cat,animal,land,noise,cat_01165
clean/truck/truck_clean_00101.png,truck,vehicle,land,clean,truck_01166
blur/truck/truck_blur_00101.png,truck,vehicle,land,blur,truck_01166
pixelated/truck/truck_pixelated_00101.png,truck,vehicle,land,pixelated,truck_01166
noise/truck/truck_noise_00101.png,truck,vehicle,land,noise,truck_01166
clean/deer/deer_clean_00134.png,deer,animal,land,clean,deer_01167
blur/deer/deer_blur_00134.png,deer,animal,land,blur,deer_01167
pixelated/deer/deer_pixelated_00134.png,deer,animal,land,pixelated,deer_01167
noise/deer/deer_noise_00134.png,deer,animal,land,noise,deer_01167
clean/automobile/automobile_clean_00107.png,automobile,vehicle,land,clean,automobile_01168
blur/automobile/automobile_blur_00107.png,automobile,vehicle,land,blur,automobile_01168
pixelated/automobile/automobile_pixelated_00107.png,automobile,vehicle,land,pixelated,automobile_01168
noise/automobile/automobile_noise_00107.png,automobile,vehicle,land,noise,automobile_01168
clean/dog/dog_clean_00124.png,dog,animal,land,clean,dog_01169
blur/dog/dog_blur_00124.png,dog,animal,land,blur,dog_01169
pixelated/dog/dog_pixelated_00124.png,dog,animal,land,pixelated,dog_01169
noise/dog/dog_noise_00124.png,dog,animal,land,noise,dog_01169
clean/ship/ship_clean_00114.png,ship,vehicle,water,clean,ship_01170
blur/ship/ship_blur_00114.png,ship,vehicle,water,blur,ship_01170
pixelated/ship/ship_pixelated_00114.png,ship,vehicle,water,pixelated,ship_01170
noise/ship/ship_noise_00114.png,ship,vehicle,water,noise,ship_01170
clean/cat/cat_clean_00135.png,cat,animal,land,clean,cat_01171
blur/cat/cat_blur_00135.png,cat,animal,land,blur,cat_01171
pixelated/cat/cat_pixelated_00135.png,cat,animal,land,pixelated,cat_01171
noise/cat/cat_noise_00135.png,cat,animal,land,noise,cat_01171
clean/cat/cat_clean_00136.png,cat,animal,land,clean,cat_01172
blur/cat/cat_blur_00136.png,cat,animal,land,blur,cat_01172
pixelated/cat/cat_pixelated_00136.png,cat,animal,land,pixelated,cat_01172
noise/cat/cat_noise_00136.png,cat,animal,land,noise,cat_01172
clean/deer/deer_clean_00135.png,deer,animal,land,clean,deer_01173
blur/deer/deer_blur_00135.png,deer,animal,land,blur,deer_01173
pixelated/deer/deer_pixelated_00135.png,deer,animal,land,pixelated,deer_01173
noise/deer/deer_noise_00135.png,deer,animal,land,noise,deer_01173
clean/dog/dog_clean_00125.png,dog,animal,land,clean,dog_01174
blur/dog/dog_blur_00125.png,dog,animal,land,blur,dog_01174
pixelated/dog/dog_pixelated_00125.png,dog,animal,land,pixelated,dog_01174
noise/dog/dog_noise_00125.png,dog,animal,land,noise,dog_01174
clean/airplane/airplane_clean_00112.png,airplane,vehicle,air,clean,airplane_01175
blur/airplane/airplane_blur_00112.png,airplane,vehicle,air,blur,airplane_01175
pixelated/airplane/airplane_pixelated_00112.png,airplane,vehicle,air,pixelated,airplane_01175
noise/airplane/airplane_noise_00112.png,airplane,vehicle,air,noise,airplane_01175
clean/deer/deer_clean_00136.png,deer,animal,land,clean,deer_01176
blur/deer/deer_blur_00136.png,deer,animal,land,blur,deer_01176
pixelated/deer/deer_pixelated_00136.png,deer,animal,land,pixelated,deer_01176
noise/deer/deer_noise_00136.png,deer,animal,land,noise,deer_01176
clean/deer/deer_clean_00137.png,deer,animal,land,clean,deer_01177
blur/deer/deer_blur_00137.png,deer,animal,land,blur,deer_01177
pixelated/deer/deer_pixelated_00137.png,deer,animal,land,pixelated,deer_01177
noise/deer/deer_noise_00137.png,deer,animal,land,noise,deer_01177
clean/ship/ship_clean_00115.png,ship,vehicle,water,clean,ship_01178
blur/ship/ship_blur_00115.png,ship,vehicle,water,blur,ship_01178
pixelated/ship/ship_pixelated_00115.png,ship,vehicle,water,pixelated,ship_01178
noise/ship/ship_noise_00115.png,ship,vehicle,water,noise,ship_01178
clean/ship/ship_clean_00116.png,ship,vehicle,water,clean,ship_01179
blur/ship/ship_blur_00116.png,ship,vehicle,water,blur,ship_01179
pixelated/ship/ship_pixelated_00116.png,ship,vehicle,water,pixelated,ship_01179
noise/ship/ship_noise_00116.png,ship,vehicle,water,noise,ship_01179
clean/automobile/automobile_clean_00108.png,automobile,vehicle,land,clean,automobile_01180
blur/automobile/automobile_blur_00108.png,automobile,vehicle,land,blur,automobile_01180
pixelated/automobile/automobile_pixelated_00108.png,automobile,vehicle,land,pixelated,automobile_01180
noise/automobile/automobile_noise_00108.png,automobile,vehicle,land,noise,automobile_01180
clean/airplane/airplane_clean_00113.png,airplane,vehicle,air,clean,airplane_01181
blur/airplane/airplane_blur_00113.png,airplane,vehicle,air,blur,airplane_01181
pixelated/airplane/airplane_pixelated_00113.png,airplane,vehicle,air,pixelated,airplane_01181
noise/airplane/airplane_noise_00113.png,airplane,vehicle,air,noise,airplane_01181
clean/automobile/automobile_clean_00109.png,automobile,vehicle,land,clean,automobile_01182
blur/automobile/automobile_blur_00109.png,automobile,vehicle,land,blur,automobile_01182
pixelated/automobile/automobile_pixelated_00109.png,automobile,vehicle,land,pixelated,automobile_01182
noise/automobile/automobile_noise_00109.png,automobile,vehicle,land,noise,automobile_01182
clean/horse/horse_clean_00112.png,horse,animal,land,clean,horse_01183
blur/horse/horse_blur_00112.png,horse,animal,land,blur,horse_01183
pixelated/horse/horse_pixelated_00112.png,horse,animal,land,pixelated,horse_01183
noise/horse/horse_noise_00112.png,horse,animal,land,noise,horse_01183
clean/ship/ship_clean_00117.png,ship,vehicle,water,clean,ship_01184
blur/ship/ship_blur_00117.png,ship,vehicle,water,blur,ship_01184
pixelated/ship/ship_pixelated_00117.png,ship,vehicle,water,pixelated,ship_01184
noise/ship/ship_noise_00117.png,ship,vehicle,water,noise,ship_01184
clean/bird/bird_clean_00118.png,bird,animal,air,clean,bird_01185
blur/bird/bird_blur_00118.png,bird,animal,air,blur,bird_01185
pixelated/bird/bird_pixelated_00118.png,bird,animal,air,pixelated,bird_01185
noise/bird/bird_noise_00118.png,bird,animal,air,noise,bird_01185
clean/truck/truck_clean_00102.png,truck,vehicle,land,clean,truck_01186
blur/truck/truck_blur_00102.png,truck,vehicle,land,blur,truck_01186
pixelated/truck/truck_pixelated_00102.png,truck,vehicle,land,pixelated,truck_01186
noise/truck/truck_noise_00102.png,truck,vehicle,land,noise,truck_01186
clean/horse/horse_clean_00113.png,horse,animal,land,clean,horse_01187
blur/horse/horse_blur_00113.png,horse,animal,land,blur,horse_01187
pixelated/horse/horse_pixelated_00113.png,horse,animal,land,pixelated,horse_01187
noise/horse/horse_noise_00113.png,horse,animal,land,noise,horse_01187
clean/ship/ship_clean_00118.png,ship,vehicle,water,clean,ship_01188
blur/ship/ship_blur_00118.png,ship,vehicle,water,blur,ship_01188
pixelated/ship/ship_pixelated_00118.png,ship,vehicle,water,pixelated,ship_01188
noise/ship/ship_noise_00118.png,ship,vehicle,water,noise,ship_01188
clean/frog/frog_clean_00118.png,frog,animal,land,clean,frog_01189
blur/frog/frog_blur_00118.png,frog,animal,land,blur,frog_01189
pixelated/frog/frog_pixelated_00118.png,frog,animal,land,pixelated,frog_01189
noise/frog/frog_noise_00118.png,frog,animal,land,noise,frog_01189
clean/deer/deer_clean_00138.png,deer,animal,land,clean,deer_01190
blur/deer/deer_blur_00138.png,deer,animal,land,blur,deer_01190
pixelated/deer/deer_pixelated_00138.png,deer,animal,land,pixelated,deer_01190
noise/deer/deer_noise_00138.png,deer,animal,land,noise,deer_01190
clean/frog/frog_clean_00119.png,frog,animal,land,clean,frog_01191
blur/frog/frog_blur_00119.png,frog,animal,land,blur,frog_01191
pixelated/frog/frog_pixelated_00119.png,frog,animal,land,pixelated,frog_01191
noise/frog/frog_noise_00119.png,frog,animal,land,noise,frog_01191
clean/bird/bird_clean_00119.png,bird,animal,air,clean,bird_01192
blur/bird/bird_blur_00119.png,bird,animal,air,blur,bird_01192
pixelated/bird/bird_pixelated_00119.png,bird,animal,air,pixelated,bird_01192
noise/bird/bird_noise_00119.png,bird,animal,air,noise,bird_01192
clean/cat/cat_clean_00137.png,cat,animal,land,clean,cat_01193
blur/cat/cat_blur_00137.png,cat,animal,land,blur,cat_01193
pixelated/cat/cat_pixelated_00137.png,cat,animal,land,pixelated,cat_01193
noise/cat/cat_noise_00137.png,cat,animal,land,noise,cat_01193
clean/truck/truck_clean_00103.png,truck,vehicle,land,clean,truck_01194
blur/truck/truck_blur_00103.png,truck,vehicle,land,blur,truck_01194
pixelated/truck/truck_pixelated_00103.png,truck,vehicle,land,pixelated,truck_01194
noise/truck/truck_noise_00103.png,truck,vehicle,land,noise,truck_01194
clean/frog/frog_clean_00120.png,frog,animal,land,clean,frog_01195
blur/frog/frog_blur_00120.png,frog,animal,land,blur,frog_01195
pixelated/frog/frog_pixelated_00120.png,frog,animal,land,pixelated,frog_01195
noise/frog/frog_noise_00120.png,frog,animal,land,noise,frog_01195
clean/truck/truck_clean_00104.png,truck,vehicle,land,clean,truck_01196
blur/truck/truck_blur_00104.png,truck,vehicle,land,blur,truck_01196
pixelated/truck/truck_pixelated_00104.png,truck,vehicle,land,pixelated,truck_01196
noise/truck/truck_noise_00104.png,truck,vehicle,land,noise,truck_01196
clean/frog/frog_clean_00121.png,frog,animal,land,clean,frog_01197
blur/frog/frog_blur_00121.png,frog,animal,land,blur,frog_01197
pixelated/frog/frog_pixelated_00121.png,frog,animal,land,pixelated,frog_01197
noise/frog/frog_noise_00121.png,frog,animal,land,noise,frog_01197
clean/horse/horse_clean_00114.png,horse,animal,land,clean,horse_01198
blur/horse/horse_blur_00114.png,horse,animal,land,blur,horse_01198
pixelated/horse/horse_pixelated_00114.png,horse,animal,land,pixelated,horse_01198
noise/horse/horse_noise_00114.png,horse,animal,land,noise,horse_01198
clean/horse/horse_clean_00115.png,horse,animal,land,clean,horse_01199
blur/horse/horse_blur_00115.png,horse,animal,land,blur,horse_01199
pixelated/horse/horse_pixelated_00115.png,horse,animal,land,pixelated,horse_01199
noise/horse/horse_noise_00115.png,horse,animal,land,noise,horse_01199
clean/automobile/automobile_clean_00110.png,automobile,vehicle,land,clean,automobile_01200
blur/automobile/automobile_blur_00110.png,automobile,vehicle,land,blur,automobile_01200
pixelated/automobile/automobile_pixelated_00110.png,automobile,vehicle,land,pixelated,automobile_01200
noise/automobile/automobile_noise_00110.png,automobile,vehicle,land,noise,automobile_01200
clean/dog/dog_clean_00126.png,dog,animal,land,clean,dog_01201
blur/dog/dog_blur_00126.png,dog,animal,land,blur,dog_01201
pixelated/dog/dog_pixelated_00126.png,dog,animal,land,pixelated,dog_01201
noise/dog/dog_noise_00126.png,dog,animal,land,noise,dog_01201
clean/ship/ship_clean_00119.png,ship,vehicle,water,clean,ship_01202
blur/ship/ship_blur_00119.png,ship,vehicle,water,blur,ship_01202
pixelated/ship/ship_pixelated_00119.png,ship,vehicle,water,pixelated,ship_01202
noise/ship/ship_noise_00119.png,ship,vehicle,water,noise,ship_01202
clean/ship/ship_clean_00120.png,ship,vehicle,water,clean,ship_01203
blur/ship/ship_blur_00120.png,ship,vehicle,water,blur,ship_01203
pixelated/ship/ship_pixelated_00120.png,ship,vehicle,water,pixelated,ship_01203
noise/ship/ship_noise_00120.png,ship,vehicle,water,noise,ship_01203
clean/horse/horse_clean_00116.png,horse,animal,land,clean,horse_01204
blur/horse/horse_blur_00116.png,horse,animal,land,blur,horse_01204
pixelated/horse/horse_pixelated_00116.png,horse,animal,land,pixelated,horse_01204
noise/horse/horse_noise_00116.png,horse,animal,land,noise,horse_01204
clean/truck/truck_clean_00105.png,truck,vehicle,land,clean,truck_01205
blur/truck/truck_blur_00105.png,truck,vehicle,land,blur,truck_01205
pixelated/truck/truck_pixelated_00105.png,truck,vehicle,land,pixelated,truck_01205
noise/truck/truck_noise_00105.png,truck,vehicle,land,noise,truck_01205
clean/horse/horse_clean_00117.png,horse,animal,land,clean,horse_01206
blur/horse/horse_blur_00117.png,horse,animal,land,blur,horse_01206
pixelated/horse/horse_pixelated_00117.png,horse,animal,land,pixelated,horse_01206
noise/horse/horse_noise_00117.png,horse,animal,land,noise,horse_01206
clean/dog/dog_clean_00127.png,dog,animal,land,clean,dog_01207
blur/dog/dog_blur_00127.png,dog,animal,land,blur,dog_01207
pixelated/dog/dog_pixelated_00127.png,dog,animal,land,pixelated,dog_01207
noise/dog/dog_noise_00127.png,dog,animal,land,noise,dog_01207
clean/ship/ship_clean_00121.png,ship,vehicle,water,clean,ship_01208
blur/ship/ship_blur_00121.png,ship,vehicle,water,blur,ship_01208
pixelated/ship/ship_pixelated_00121.png,ship,vehicle,water,pixelated,ship_01208
noise/ship/ship_noise_00121.png,ship,vehicle,water,noise,ship_01208
clean/automobile/automobile_clean_00111.png,automobile,vehicle,land,clean,automobile_01209
blur/automobile/automobile_blur_00111.png,automobile,vehicle,land,blur,automobile_01209
pixelated/automobile/automobile_pixelated_00111.png,automobile,vehicle,land,pixelated,automobile_01209
noise/automobile/automobile_noise_00111.png,automobile,vehicle,land,noise,automobile_01209
clean/airplane/airplane_clean_00114.png,airplane,vehicle,air,clean,airplane_01210
blur/airplane/airplane_blur_00114.png,airplane,vehicle,air,blur,airplane_01210
pixelated/airplane/airplane_pixelated_00114.png,airplane,vehicle,air,pixelated,airplane_01210
noise/airplane/airplane_noise_00114.png,airplane,vehicle,air,noise,airplane_01210
clean/cat/cat_clean_00138.png,cat,animal,land,clean,cat_01211
blur/cat/cat_blur_00138.png,cat,animal,land,blur,cat_01211
pixelated/cat/cat_pixelated_00138.png,cat,animal,land,pixelated,cat_01211
noise/cat/cat_noise_00138.png,cat,animal,land,noise,cat_01211
clean/deer/deer_clean_00139.png,deer,animal,land,clean,deer_01212
blur/deer/deer_blur_00139.png,deer,animal,land,blur,deer_01212
pixelated/deer/deer_pixelated_00139.png,deer,animal,land,pixelated,deer_01212
noise/deer/deer_noise_00139.png,deer,animal,land,noise,deer_01212
clean/truck/truck_clean_00106.png,truck,vehicle,land,clean,truck_01213
blur/truck/truck_blur_00106.png,truck,vehicle,land,blur,truck_01213
pixelated/truck/truck_pixelated_00106.png,truck,vehicle,land,pixelated,truck_01213
noise/truck/truck_noise_00106.png,truck,vehicle,land,noise,truck_01213
clean/airplane/airplane_clean_00115.png,airplane,vehicle,air,clean,airplane_01214
blur/airplane/airplane_blur_00115.png,airplane,vehicle,air,blur,airplane_01214
pixelated/airplane/airplane_pixelated_00115.png,airplane,vehicle,air,pixelated,airplane_01214
noise/airplane/airplane_noise_00115.png,airplane,vehicle,air,noise,airplane_01214
clean/cat/cat_clean_00139.png,cat,animal,land,clean,cat_01215
blur/cat/cat_blur_00139.png,cat,animal,land,blur,cat_01215
pixelated/cat/cat_pixelated_00139.png,cat,animal,land,pixelated,cat_01215
noise/cat/cat_noise_00139.png,cat,animal,land,noise,cat_01215
clean/airplane/airplane_clean_00116.png,airplane,vehicle,air,clean,airplane_01216
blur/airplane/airplane_blur_00116.png,airplane,vehicle,air,blur,airplane_01216
pixelated/airplane/airplane_pixelated_00116.png,airplane,vehicle,air,pixelated,airplane_01216
noise/airplane/airplane_noise_00116.png,airplane,vehicle,air,noise,airplane_01216
clean/automobile/automobile_clean_00112.png,automobile,vehicle,land,clean,automobile_01217
blur/automobile/automobile_blur_00112.png,automobile,vehicle,land,blur,automobile_01217
pixelated/automobile/automobile_pixelated_00112.png,automobile,vehicle,land,pixelated,automobile_01217
noise/automobile/automobile_noise_00112.png,automobile,vehicle,land,noise,automobile_01217
clean/truck/truck_clean_00107.png,truck,vehicle,land,clean,truck_01218
blur/truck/truck_blur_00107.png,truck,vehicle,land,blur,truck_01218
pixelated/truck/truck_pixelated_00107.png,truck,vehicle,land,pixelated,truck_01218
noise/truck/truck_noise_00107.png,truck,vehicle,land,noise,truck_01218
clean/truck/truck_clean_00108.png,truck,vehicle,land,clean,truck_01219
blur/truck/truck_blur_00108.png,truck,vehicle,land,blur,truck_01219
pixelated/truck/truck_pixelated_00108.png,truck,vehicle,land,pixelated,truck_01219
noise/truck/truck_noise_00108.png,truck,vehicle,land,noise,truck_01219
clean/bird/bird_clean_00120.png,bird,animal,air,clean,bird_01220
blur/bird/bird_blur_00120.png,bird,animal,air,blur,bird_01220
pixelated/bird/bird_pixelated_00120.png,bird,animal,air,pixelated,bird_01220
noise/bird/bird_noise_00120.png,bird,animal,air,noise,bird_01220
clean/horse/horse_clean_00118.png,horse,animal,land,clean,horse_01221
blur/horse/horse_blur_00118.png,horse,animal,land,blur,horse_01221
pixelated/horse/horse_pixelated_00118.png,horse,animal,land,pixelated,horse_01221
noise/horse/horse_noise_00118.png,horse,animal,land,noise,horse_01221
clean/horse/horse_clean_00119.png,horse,animal,land,clean,horse_01222
blur/horse/horse_blur_00119.png,horse,animal,land,blur,horse_01222
pixelated/horse/horse_pixelated_00119.png,horse,animal,land,pixelated,horse_01222
noise/horse/horse_noise_00119.png,horse,animal,land,noise,horse_01222
clean/airplane/airplane_clean_00117.png,airplane,vehicle,air,clean,airplane_01223
blur/airplane/airplane_blur_00117.png,airplane,vehicle,air,blur,airplane_01223
pixelated/airplane/airplane_pixelated_00117.png,airplane,vehicle,air,pixelated,airplane_01223
noise/airplane/airplane_noise_00117.png,airplane,vehicle,air,noise,airplane_01223
clean/truck/truck_clean_00109.png,truck,vehicle,land,clean,truck_01224
blur/truck/truck_blur_00109.png,truck,vehicle,land,blur,truck_01224
pixelated/truck/truck_pixelated_00109.png,truck,vehicle,land,pixelated,truck_01224
noise/truck/truck_noise_00109.png,truck,vehicle,land,noise,truck_01224
clean/horse/horse_clean_00120.png,horse,animal,land,clean,horse_01225
blur/horse/horse_blur_00120.png,horse,animal,land,blur,horse_01225
pixelated/horse/horse_pixelated_00120.png,horse,animal,land,pixelated,horse_01225
noise/horse/horse_noise_00120.png,horse,animal,land,noise,horse_01225
clean/dog/dog_clean_00128.png,dog,animal,land,clean,dog_01226
blur/dog/dog_blur_00128.png,dog,animal,land,blur,dog_01226
pixelated/dog/dog_pixelated_00128.png,dog,animal,land,pixelated,dog_01226
noise/dog/dog_noise_00128.png,dog,animal,land,noise,dog_01226
clean/frog/frog_clean_00122.png,frog,animal,land,clean,frog_01227
blur/frog/frog_blur_00122.png,frog,animal,land,blur,frog_01227
pixelated/frog/frog_pixelated_00122.png,frog,animal,land,pixelated,frog_01227
noise/frog/frog_noise_00122.png,frog,animal,land,noise,frog_01227
clean/automobile/automobile_clean_00113.png,automobile,vehicle,land,clean,automobile_01228
blur/automobile/automobile_blur_00113.png,automobile,vehicle,land,blur,automobile_01228
pixelated/automobile/automobile_pixelated_00113.png,automobile,vehicle,land,pixelated,automobile_01228
noise/automobile/automobile_noise_00113.png,automobile,vehicle,land,noise,automobile_01228
clean/cat/cat_clean_00140.png,cat,animal,land,clean,cat_01229
blur/cat/cat_blur_00140.png,cat,animal,land,blur,cat_01229
pixelated/cat/cat_pixelated_00140.png,cat,animal,land,pixelated,cat_01229
noise/cat/cat_noise_00140.png,cat,animal,land,noise,cat_01229
clean/dog/dog_clean_00129.png,dog,animal,land,clean,dog_01230
blur/dog/dog_blur_00129.png,dog,animal,land,blur,dog_01230
pixelated/dog/dog_pixelated_00129.png,dog,animal,land,pixelated,dog_01230
noise/dog/dog_noise_00129.png,dog,animal,land,noise,dog_01230
clean/bird/bird_clean_00121.png,bird,animal,air,clean,bird_01231
blur/bird/bird_blur_00121.png,bird,animal,air,blur,bird_01231
pixelated/bird/bird_pixelated_00121.png,bird,animal,air,pixelated,bird_01231
noise/bird/bird_noise_00121.png,bird,animal,air,noise,bird_01231
clean/frog/frog_clean_00123.png,frog,animal,land,clean,frog_01232
blur/frog/frog_blur_00123.png,frog,animal,land,blur,frog_01232
pixelated/frog/frog_pixelated_00123.png,frog,animal,land,pixelated,frog_01232
noise/frog/frog_noise_00123.png,frog,animal,land,noise,frog_01232
clean/deer/deer_clean_00140.png,deer,animal,land,clean,deer_01233
blur/deer/deer_blur_00140.png,deer,animal,land,blur,deer_01233
pixelated/deer/deer_pixelated_00140.png,deer,animal,land,pixelated,deer_01233
noise/deer/deer_noise_00140.png,deer,animal,land,noise,deer_01233
clean/frog/frog_clean_00124.png,frog,animal,land,clean,frog_01234
blur/frog/frog_blur_00124.png,frog,animal,land,blur,frog_01234
pixelated/frog/frog_pixelated_00124.png,frog,animal,land,pixelated,frog_01234
noise/frog/frog_noise_00124.png,frog,animal,land,noise,frog_01234
clean/truck/truck_clean_00110.png,truck,vehicle,land,clean,truck_01235
blur/truck/truck_blur_00110.png,truck,vehicle,land,blur,truck_01235
pixelated/truck/truck_pixelated_00110.png,truck,vehicle,land,pixelated,truck_01235
noise/truck/truck_noise_00110.png,truck,vehicle,land,noise,truck_01235
clean/ship/ship_clean_00122.png,ship,vehicle,water,clean,ship_01236
blur/ship/ship_blur_00122.png,ship,vehicle,water,blur,ship_01236
pixelated/ship/ship_pixelated_00122.png,ship,vehicle,water,pixelated,ship_01236
noise/ship/ship_noise_00122.png,ship,vehicle,water,noise,ship_01236
clean/bird/bird_clean_00122.png,bird,animal,air,clean,bird_01237
blur/bird/bird_blur_00122.png,bird,animal,air,blur,bird_01237
pixelated/bird/bird_pixelated_00122.png,bird,animal,air,pixelated,bird_01237
noise/bird/bird_noise_00122.png,bird,animal,air,noise,bird_01237
clean/automobile/automobile_clean_00114.png,automobile,vehicle,land,clean,automobile_01238
blur/automobile/automobile_blur_00114.png,automobile,vehicle,land,blur,automobile_01238
pixelated/automobile/automobile_pixelated_00114.png,automobile,vehicle,land,pixelated,automobile_01238
noise/automobile/automobile_noise_00114.png,automobile,vehicle,land,noise,automobile_01238
clean/dog/dog_clean_00130.png,dog,animal,land,clean,dog_01239
blur/dog/dog_blur_00130.png,dog,animal,land,blur,dog_01239
pixelated/dog/dog_pixelated_00130.png,dog,animal,land,pixelated,dog_01239
noise/dog/dog_noise_00130.png,dog,animal,land,noise,dog_01239
clean/cat/cat_clean_00141.png,cat,animal,land,clean,cat_01240
blur/cat/cat_blur_00141.png,cat,animal,land,blur,cat_01240
pixelated/cat/cat_pixelated_00141.png,cat,animal,land,pixelated,cat_01240
noise/cat/cat_noise_00141.png,cat,animal,land,noise,cat_01240
clean/dog/dog_clean_00131.png,dog,animal,land,clean,dog_01241
blur/dog/dog_blur_00131.png,dog,animal,land,blur,dog_01241
pixelated/dog/dog_pixelated_00131.png,dog,animal,land,pixelated,dog_01241
noise/dog/dog_noise_00131.png,dog,animal,land,noise,dog_01241
clean/airplane/airplane_clean_00118.png,airplane,vehicle,air,clean,airplane_01242
blur/airplane/airplane_blur_00118.png,airplane,vehicle,air,blur,airplane_01242
pixelated/airplane/airplane_pixelated_00118.png,airplane,vehicle,air,pixelated,airplane_01242
noise/airplane/airplane_noise_00118.png,airplane,vehicle,air,noise,airplane_01242
clean/truck/truck_clean_00111.png,truck,vehicle,land,clean,truck_01243
blur/truck/truck_blur_00111.png,truck,vehicle,land,blur,truck_01243
pixelated/truck/truck_pixelated_00111.png,truck,vehicle,land,pixelated,truck_01243
noise/truck/truck_noise_00111.png,truck,vehicle,land,noise,truck_01243
clean/dog/dog_clean_00132.png,dog,animal,land,clean,dog_01244
blur/dog/dog_blur_00132.png,dog,animal,land,blur,dog_01244
pixelated/dog/dog_pixelated_00132.png,dog,animal,land,pixelated,dog_01244
noise/dog/dog_noise_00132.png,dog,animal,land,noise,dog_01244
clean/horse/horse_clean_00121.png,horse,animal,land,clean,horse_01245
blur/horse/horse_blur_00121.png,horse,animal,land,blur,horse_01245
pixelated/horse/horse_pixelated_00121.png,horse,animal,land,pixelated,horse_01245
noise/horse/horse_noise_00121.png,horse,animal,land,noise,horse_01245
clean/ship/ship_clean_00123.png,ship,vehicle,water,clean,ship_01246
blur/ship/ship_blur_00123.png,ship,vehicle,water,blur,ship_01246
pixelated/ship/ship_pixelated_00123.png,ship,vehicle,water,pixelated,ship_01246
noise/ship/ship_noise_00123.png,ship,vehicle,water,noise,ship_01246
clean/airplane/airplane_clean_00119.png,airplane,vehicle,air,clean,airplane_01247
blur/airplane/airplane_blur_00119.png,airplane,vehicle,air,blur,airplane_01247
pixelated/airplane/airplane_pixelated_00119.png,airplane,vehicle,air,pixelated,airplane_01247
noise/airplane/airplane_noise_00119.png,airplane,vehicle,air,noise,airplane_01247
clean/cat/cat_clean_00142.png,cat,animal,land,clean,cat_01248
blur/cat/cat_blur_00142.png,cat,animal,land,blur,cat_01248
pixelated/cat/cat_pixelated_00142.png,cat,animal,land,pixelated,cat_01248
noise/cat/cat_noise_00142.png,cat,animal,land,noise,cat_01248
clean/truck/truck_clean_00112.png,truck,vehicle,land,clean,truck_01249
blur/truck/truck_blur_00112.png,truck,vehicle,land,blur,truck_01249
pixelated/truck/truck_pixelated_00112.png,truck,vehicle,land,pixelated,truck_01249
noise/truck/truck_noise_00112.png,truck,vehicle,land,noise,truck_01249
clean/ship/ship_clean_00124.png,ship,vehicle,water,clean,ship_01250
blur/ship/ship_blur_00124.png,ship,vehicle,water,blur,ship_01250
pixelated/ship/ship_pixelated_00124.png,ship,vehicle,water,pixelated,ship_01250
noise/ship/ship_noise_00124.png,ship,vehicle,water,noise,ship_01250
clean/airplane/airplane_clean_00120.png,airplane,vehicle,air,clean,airplane_01251
blur/airplane/airplane_blur_00120.png,airplane,vehicle,air,blur,airplane_01251
pixelated/airplane/airplane_pixelated_00120.png,airplane,vehicle,air,pixelated,airplane_01251
noise/airplane/airplane_noise_00120.png,airplane,vehicle,air,noise,airplane_01251
clean/airplane/airplane_clean_00121.png,airplane,vehicle,air,clean,airplane_01252
blur/airplane/airplane_blur_00121.png,airplane,vehicle,air,blur,airplane_01252
pixelated/airplane/airplane_pixelated_00121.png,airplane,vehicle,air,pixelated,airplane_01252
noise/airplane/airplane_noise_00121.png,airplane,vehicle,air,noise,airplane_01252
clean/bird/bird_clean_00123.png,bird,animal,air,clean,bird_01253
blur/bird/bird_blur_00123.png,bird,animal,air,blur,bird_01253
pixelated/bird/bird_pixelated_00123.png,bird,animal,air,pixelated,bird_01253
noise/bird/bird_noise_00123.png,bird,animal,air,noise,bird_01253
clean/frog/frog_clean_00125.png,frog,animal,land,clean,frog_01254
blur/frog/frog_blur_00125.png,frog,animal,land,blur,frog_01254
pixelated/frog/frog_pixelated_00125.png,frog,animal,land,pixelated,frog_01254
noise/frog/frog_noise_00125.png,frog,animal,land,noise,frog_01254
clean/horse/horse_clean_00122.png,horse,animal,land,clean,horse_01255
blur/horse/horse_blur_00122.png,horse,animal,land,blur,horse_01255
pixelated/horse/horse_pixelated_00122.png,horse,animal,land,pixelated,horse_01255
noise/horse/horse_noise_00122.png,horse,animal,land,noise,horse_01255
clean/airplane/airplane_clean_00122.png,airplane,vehicle,air,clean,airplane_01256
blur/airplane/airplane_blur_00122.png,airplane,vehicle,air,blur,airplane_01256
pixelated/airplane/airplane_pixelated_00122.png,airplane,vehicle,air,pixelated,airplane_01256
noise/airplane/airplane_noise_00122.png,airplane,vehicle,air,noise,airplane_01256
clean/truck/truck_clean_00113.png,truck,vehicle,land,clean,truck_01257
blur/truck/truck_blur_00113.png,truck,vehicle,land,blur,truck_01257
pixelated/truck/truck_pixelated_00113.png,truck,vehicle,land,pixelated,truck_01257
noise/truck/truck_noise_00113.png,truck,vehicle,land,noise,truck_01257
clean/truck/truck_clean_00114.png,truck,vehicle,land,clean,truck_01258
blur/truck/truck_blur_00114.png,truck,vehicle,land,blur,truck_01258
pixelated/truck/truck_pixelated_00114.png,truck,vehicle,land,pixelated,truck_01258
noise/truck/truck_noise_00114.png,truck,vehicle,land,noise,truck_01258
clean/deer/deer_clean_00141.png,deer,animal,land,clean,deer_01259
blur/deer/deer_blur_00141.png,deer,animal,land,blur,deer_01259
pixelated/deer/deer_pixelated_00141.png,deer,animal,land,pixelated,deer_01259
noise/deer/deer_noise_00141.png,deer,animal,land,noise,deer_01259
clean/ship/ship_clean_00125.png,ship,vehicle,water,clean,ship_01260
blur/ship/ship_blur_00125.png,ship,vehicle,water,blur,ship_01260
pixelated/ship/ship_pixelated_00125.png,ship,vehicle,water,pixelated,ship_01260
noise/ship/ship_noise_00125.png,ship,vehicle,water,noise,ship_01260
clean/dog/dog_clean_00133.png,dog,animal,land,clean,dog_01261
blur/dog/dog_blur_00133.png,dog,animal,land,blur,dog_01261
pixelated/dog/dog_pixelated_00133.png,dog,animal,land,pixelated,dog_01261
noise/dog/dog_noise_00133.png,dog,animal,land,noise,dog_01261
clean/bird/bird_clean_00124.png,bird,animal,air,clean,bird_01262
blur/bird/bird_blur_00124.png,bird,animal,air,blur,bird_01262
pixelated/bird/bird_pixelated_00124.png,bird,animal,air,pixelated,bird_01262
noise/bird/bird_noise_00124.png,bird,animal,air,noise,bird_01262
clean/horse/horse_clean_00123.png,horse,animal,land,clean,horse_01263
blur/horse/horse_blur_00123.png,horse,animal,land,blur,horse_01263
pixelated/horse/horse_pixelated_00123.png,horse,animal,land,pixelated,horse_01263
noise/horse/horse_noise_00123.png,horse,animal,land,noise,horse_01263
clean/frog/frog_clean_00126.png,frog,animal,land,clean,frog_01264
blur/frog/frog_blur_00126.png,frog,animal,land,blur,frog_01264
pixelated/frog/frog_pixelated_00126.png,frog,animal,land,pixelated,frog_01264
noise/frog/frog_noise_00126.png,frog,animal,land,noise,frog_01264
clean/frog/frog_clean_00127.png,frog,animal,land,clean,frog_01265
blur/frog/frog_blur_00127.png,frog,animal,land,blur,frog_01265
pixelated/frog/frog_pixelated_00127.png,frog,animal,land,pixelated,frog_01265
noise/frog/frog_noise_00127.png,frog,animal,land,noise,frog_01265
clean/ship/ship_clean_00126.png,ship,vehicle,water,clean,ship_01266
blur/ship/ship_blur_00126.png,ship,vehicle,water,blur,ship_01266
pixelated/ship/ship_pixelated_00126.png,ship,vehicle,water,pixelated,ship_01266
noise/ship/ship_noise_00126.png,ship,vehicle,water,noise,ship_01266
clean/deer/deer_clean_00142.png,deer,animal,land,clean,deer_01267
blur/deer/deer_blur_00142.png,deer,animal,land,blur,deer_01267
pixelated/deer/deer_pixelated_00142.png,deer,animal,land,pixelated,deer_01267
noise/deer/deer_noise_00142.png,deer,animal,land,noise,deer_01267
clean/bird/bird_clean_00125.png,bird,animal,air,clean,bird_01268
blur/bird/bird_blur_00125.png,bird,animal,air,blur,bird_01268
pixelated/bird/bird_pixelated_00125.png,bird,animal,air,pixelated,bird_01268
noise/bird/bird_noise_00125.png,bird,animal,air,noise,bird_01268
clean/automobile/automobile_clean_00115.png,automobile,vehicle,land,clean,automobile_01269
blur/automobile/automobile_blur_00115.png,automobile,vehicle,land,blur,automobile_01269
pixelated/automobile/automobile_pixelated_00115.png,automobile,vehicle,land,pixelated,automobile_01269
noise/automobile/automobile_noise_00115.png,automobile,vehicle,land,noise,automobile_01269
clean/bird/bird_clean_00126.png,bird,animal,air,clean,bird_01270
blur/bird/bird_blur_00126.png,bird,animal,air,blur,bird_01270
pixelated/bird/bird_pixelated_00126.png,bird,animal,air,pixelated,bird_01270
noise/bird/bird_noise_00126.png,bird,animal,air,noise,bird_01270
clean/ship/ship_clean_00127.png,ship,vehicle,water,clean,ship_01271
blur/ship/ship_blur_00127.png,ship,vehicle,water,blur,ship_01271
pixelated/ship/ship_pixelated_00127.png,ship,vehicle,water,pixelated,ship_01271
noise/ship/ship_noise_00127.png,ship,vehicle,water,noise,ship_01271
clean/automobile/automobile_clean_00116.png,automobile,vehicle,land,clean,automobile_01272
blur/automobile/automobile_blur_00116.png,automobile,vehicle,land,blur,automobile_01272
pixelated/automobile/automobile_pixelated_00116.png,automobile,vehicle,land,pixelated,automobile_01272
noise/automobile/automobile_noise_00116.png,automobile,vehicle,land,noise,automobile_01272
clean/dog/dog_clean_00134.png,dog,animal,land,clean,dog_01273
blur/dog/dog_blur_00134.png,dog,animal,land,blur,dog_01273
pixelated/dog/dog_pixelated_00134.png,dog,animal,land,pixelated,dog_01273
noise/dog/dog_noise_00134.png,dog,animal,land,noise,dog_01273
clean/truck/truck_clean_00115.png,truck,vehicle,land,clean,truck_01274
blur/truck/truck_blur_00115.png,truck,vehicle,land,blur,truck_01274
pixelated/truck/truck_pixelated_00115.png,truck,vehicle,land,pixelated,truck_01274
noise/truck/truck_noise_00115.png,truck,vehicle,land,noise,truck_01274
clean/deer/deer_clean_00143.png,deer,animal,land,clean,deer_01275
blur/deer/deer_blur_00143.png,deer,animal,land,blur,deer_01275
pixelated/deer/deer_pixelated_00143.png,deer,animal,land,pixelated,deer_01275
noise/deer/deer_noise_00143.png,deer,animal,land,noise,deer_01275
clean/bird/bird_clean_00127.png,bird,animal,air,clean,bird_01276
blur/bird/bird_blur_00127.png,bird,animal,air,blur,bird_01276
pixelated/bird/bird_pixelated_00127.png,bird,animal,air,pixelated,bird_01276
noise/bird/bird_noise_00127.png,bird,animal,air,noise,bird_01276
clean/ship/ship_clean_00128.png,ship,vehicle,water,clean,ship_01277
blur/ship/ship_blur_00128.png,ship,vehicle,water,blur,ship_01277
pixelated/ship/ship_pixelated_00128.png,ship,vehicle,water,pixelated,ship_01277
noise/ship/ship_noise_00128.png,ship,vehicle,water,noise,ship_01277
clean/ship/ship_clean_00129.png,ship,vehicle,water,clean,ship_01278
blur/ship/ship_blur_00129.png,ship,vehicle,water,blur,ship_01278
pixelated/ship/ship_pixelated_00129.png,ship,vehicle,water,pixelated,ship_01278
noise/ship/ship_noise_00129.png,ship,vehicle,water,noise,ship_01278
clean/ship/ship_clean_00130.png,ship,vehicle,water,clean,ship_01279
blur/ship/ship_blur_00130.png,ship,vehicle,water,blur,ship_01279
pixelated/ship/ship_pixelated_00130.png,ship,vehicle,water,pixelated,ship_01279
noise/ship/ship_noise_00130.png,ship,vehicle,water,noise,ship_01279
clean/ship/ship_clean_00131.png,ship,vehicle,water,clean,ship_01280
blur/ship/ship_blur_00131.png,ship,vehicle,water,blur,ship_01280
pixelated/ship/ship_pixelated_00131.png,ship,vehicle,water,pixelated,ship_01280
noise/ship/ship_noise_00131.png,ship,vehicle,water,noise,ship_01280
clean/airplane/airplane_clean_00123.png,airplane,vehicle,air,clean,airplane_01281
blur/airplane/airplane_blur_00123.png,airplane,vehicle,air,blur,airplane_01281
pixelated/airplane/airplane_pixelated_00123.png,airplane,vehicle,air,pixelated,airplane_01281
noise/airplane/airplane_noise_00123.png,airplane,vehicle,air,noise,airplane_01281
clean/automobile/automobile_clean_00117.png,automobile,vehicle,land,clean,automobile_01282
blur/automobile/automobile_blur_00117.png,automobile,vehicle,land,blur,automobile_01282
pixelated/automobile/automobile_pixelated_00117.png,automobile,vehicle,land,pixelated,automobile_01282
noise/automobile/automobile_noise_00117.png,automobile,vehicle,land,noise,automobile_01282
clean/automobile/automobile_clean_00118.png,automobile,vehicle,land,clean,automobile_01283
blur/automobile/automobile_blur_00118.png,automobile,vehicle,land,blur,automobile_01283
pixelated/automobile/automobile_pixelated_00118.png,automobile,vehicle,land,pixelated,automobile_01283
noise/automobile/automobile_noise_00118.png,automobile,vehicle,land,noise,automobile_01283
clean/airplane/airplane_clean_00124.png,airplane,vehicle,air,clean,airplane_01284
blur/airplane/airplane_blur_00124.png,airplane,vehicle,air,blur,airplane_01284
pixelated/airplane/airplane_pixelated_00124.png,airplane,vehicle,air,pixelated,airplane_01284
noise/airplane/airplane_noise_00124.png,airplane,vehicle,air,noise,airplane_01284
clean/dog/dog_clean_00135.png,dog,animal,land,clean,dog_01285
blur/dog/dog_blur_00135.png,dog,animal,land,blur,dog_01285
pixelated/dog/dog_pixelated_00135.png,dog,animal,land,pixelated,dog_01285
noise/dog/dog_noise_00135.png,dog,animal,land,noise,dog_01285
clean/frog/frog_clean_00128.png,frog,animal,land,clean,frog_01286
blur/frog/frog_blur_00128.png,frog,animal,land,blur,frog_01286
pixelated/frog/frog_pixelated_00128.png,frog,animal,land,pixelated,frog_01286
noise/frog/frog_noise_00128.png,frog,animal,land,noise,frog_01286
clean/cat/cat_clean_00143.png,cat,animal,land,clean,cat_01287
blur/cat/cat_blur_00143.png,cat,animal,land,blur,cat_01287
pixelated/cat/cat_pixelated_00143.png,cat,animal,land,pixelated,cat_01287
noise/cat/cat_noise_00143.png,cat,animal,land,noise,cat_01287
clean/horse/horse_clean_00124.png,horse,animal,land,clean,horse_01288
blur/horse/horse_blur_00124.png,horse,animal,land,blur,horse_01288
pixelated/horse/horse_pixelated_00124.png,horse,animal,land,pixelated,horse_01288
noise/horse/horse_noise_00124.png,horse,animal,land,noise,horse_01288
clean/truck/truck_clean_00116.png,truck,vehicle,land,clean,truck_01289
blur/truck/truck_blur_00116.png,truck,vehicle,land,blur,truck_01289
pixelated/truck/truck_pixelated_00116.png,truck,vehicle,land,pixelated,truck_01289
noise/truck/truck_noise_00116.png,truck,vehicle,land,noise,truck_01289
clean/cat/cat_clean_00144.png,cat,animal,land,clean,cat_01290
blur/cat/cat_blur_00144.png,cat,animal,land,blur,cat_01290
pixelated/cat/cat_pixelated_00144.png,cat,animal,land,pixelated,cat_01290
noise/cat/cat_noise_00144.png,cat,animal,land,noise,cat_01290
clean/truck/truck_clean_00117.png,truck,vehicle,land,clean,truck_01291
blur/truck/truck_blur_00117.png,truck,vehicle,land,blur,truck_01291
pixelated/truck/truck_pixelated_00117.png,truck,vehicle,land,pixelated,truck_01291
noise/truck/truck_noise_00117.png,truck,vehicle,land,noise,truck_01291
clean/truck/truck_clean_00118.png,truck,vehicle,land,clean,truck_01292
blur/truck/truck_blur_00118.png,truck,vehicle,land,blur,truck_01292
pixelated/truck/truck_pixelated_00118.png,truck,vehicle,land,pixelated,truck_01292
noise/truck/truck_noise_00118.png,truck,vehicle,land,noise,truck_01292
clean/deer/deer_clean_00144.png,deer,animal,land,clean,deer_01293
blur/deer/deer_blur_00144.png,deer,animal,land,blur,deer_01293
pixelated/deer/deer_pixelated_00144.png,deer,animal,land,pixelated,deer_01293
noise/deer/deer_noise_00144.png,deer,animal,land,noise,deer_01293
clean/cat/cat_clean_00145.png,cat,animal,land,clean,cat_01294
blur/cat/cat_blur_00145.png,cat,animal,land,blur,cat_01294
pixelated/cat/cat_pixelated_00145.png,cat,animal,land,pixelated,cat_01294
noise/cat/cat_noise_00145.png,cat,animal,land,noise,cat_01294
clean/frog/frog_clean_00129.png,frog,animal,land,clean,frog_01295
blur/frog/frog_blur_00129.png,frog,animal,land,blur,frog_01295
pixelated/frog/frog_pixelated_00129.png,frog,animal,land,pixelated,frog_01295
noise/frog/frog_noise_00129.png,frog,animal,land,noise,frog_01295
clean/ship/ship_clean_00132.png,ship,vehicle,water,clean,ship_01296
blur/ship/ship_blur_00132.png,ship,vehicle,water,blur,ship_01296
pixelated/ship/ship_pixelated_00132.png,ship,vehicle,water,pixelated,ship_01296
noise/ship/ship_noise_00132.png,ship,vehicle,water,noise,ship_01296
clean/automobile/automobile_clean_00119.png,automobile,vehicle,land,clean,automobile_01297
blur/automobile/automobile_blur_00119.png,automobile,vehicle,land,blur,automobile_01297
pixelated/automobile/automobile_pixelated_00119.png,automobile,vehicle,land,pixelated,automobile_01297
noise/automobile/automobile_noise_00119.png,automobile,vehicle,land,noise,automobile_01297
clean/dog/dog_clean_00136.png,dog,animal,land,clean,dog_01298
blur/dog/dog_blur_00136.png,dog,animal,land,blur,dog_01298
pixelated/dog/dog_pixelated_00136.png,dog,animal,land,pixelated,dog_01298
noise/dog/dog_noise_00136.png,dog,animal,land,noise,dog_01298
clean/frog/frog_clean_00130.png,frog,animal,land,clean,frog_01299
blur/frog/frog_blur_00130.png,frog,animal,land,blur,frog_01299
pixelated/frog/frog_pixelated_00130.png,frog,animal,land,pixelated,frog_01299
noise/frog/frog_noise_00130.png,frog,animal,land,noise,frog_01299
clean/truck/truck_clean_00119.png,truck,vehicle,land,clean,truck_01300
blur/truck/truck_blur_00119.png,truck,vehicle,land,blur,truck_01300
pixelated/truck/truck_pixelated_00119.png,truck,vehicle,land,pixelated,truck_01300
noise/truck/truck_noise_00119.png,truck,vehicle,land,noise,truck_01300
clean/airplane/airplane_clean_00125.png,airplane,vehicle,air,clean,airplane_01301
blur/airplane/airplane_blur_00125.png,airplane,vehicle,air,blur,airplane_01301
pixelated/airplane/airplane_pixelated_00125.png,airplane,vehicle,air,pixelated,airplane_01301
noise/airplane/airplane_noise_00125.png,airplane,vehicle,air,noise,airplane_01301
clean/automobile/automobile_clean_00120.png,automobile,vehicle,land,clean,automobile_01302
blur/automobile/automobile_blur_00120.png,automobile,vehicle,land,blur,automobile_01302
pixelated/automobile/automobile_pixelated_00120.png,automobile,vehicle,land,pixelated,automobile_01302
noise/automobile/automobile_noise_00120.png,automobile,vehicle,land,noise,automobile_01302
clean/truck/truck_clean_00120.png,truck,vehicle,land,clean,truck_01303
blur/truck/truck_blur_00120.png,truck,vehicle,land,blur,truck_01303
pixelated/truck/truck_pixelated_00120.png,truck,vehicle,land,pixelated,truck_01303
noise/truck/truck_noise_00120.png,truck,vehicle,land,noise,truck_01303
clean/dog/dog_clean_00137.png,dog,animal,land,clean,dog_01304
blur/dog/dog_blur_00137.png,dog,animal,land,blur,dog_01304
pixelated/dog/dog_pixelated_00137.png,dog,animal,land,pixelated,dog_01304
noise/dog/dog_noise_00137.png,dog,animal,land,noise,dog_01304
clean/airplane/airplane_clean_00126.png,airplane,vehicle,air,clean,airplane_01305
blur/airplane/airplane_blur_00126.png,airplane,vehicle,air,blur,airplane_01305
pixelated/airplane/airplane_pixelated_00126.png,airplane,vehicle,air,pixelated,airplane_01305
noise/airplane/airplane_noise_00126.png,airplane,vehicle,air,noise,airplane_01305
clean/truck/truck_clean_00121.png,truck,vehicle,land,clean,truck_01306
blur/truck/truck_blur_00121.png,truck,vehicle,land,blur,truck_01306
pixelated/truck/truck_pixelated_00121.png,truck,vehicle,land,pixelated,truck_01306
noise/truck/truck_noise_00121.png,truck,vehicle,land,noise,truck_01306
clean/cat/cat_clean_00146.png,cat,animal,land,clean,cat_01307
blur/cat/cat_blur_00146.png,cat,animal,land,blur,cat_01307
pixelated/cat/cat_pixelated_00146.png,cat,animal,land,pixelated,cat_01307
noise/cat/cat_noise_00146.png,cat,animal,land,noise,cat_01307
clean/dog/dog_clean_00138.png,dog,animal,land,clean,dog_01308
blur/dog/dog_blur_00138.png,dog,animal,land,blur,dog_01308
pixelated/dog/dog_pixelated_00138.png,dog,animal,land,pixelated,dog_01308
noise/dog/dog_noise_00138.png,dog,animal,land,noise,dog_01308
clean/truck/truck_clean_00122.png,truck,vehicle,land,clean,truck_01309
blur/truck/truck_blur_00122.png,truck,vehicle,land,blur,truck_01309
pixelated/truck/truck_pixelated_00122.png,truck,vehicle,land,pixelated,truck_01309
noise/truck/truck_noise_00122.png,truck,vehicle,land,noise,truck_01309
clean/cat/cat_clean_00147.png,cat,animal,land,clean,cat_01310
blur/cat/cat_blur_00147.png,cat,animal,land,blur,cat_01310
pixelated/cat/cat_pixelated_00147.png,cat,animal,land,pixelated,cat_01310
noise/cat/cat_noise_00147.png,cat,animal,land,noise,cat_01310
clean/dog/dog_clean_00139.png,dog,animal,land,clean,dog_01311
blur/dog/dog_blur_00139.png,dog,animal,land,blur,dog_01311
pixelated/dog/dog_pixelated_00139.png,dog,animal,land,pixelated,dog_01311
noise/dog/dog_noise_00139.png,dog,animal,land,noise,dog_01311
clean/airplane/airplane_clean_00127.png,airplane,vehicle,air,clean,airplane_01312
blur/airplane/airplane_blur_00127.png,airplane,vehicle,air,blur,airplane_01312
pixelated/airplane/airplane_pixelated_00127.png,airplane,vehicle,air,pixelated,airplane_01312
noise/airplane/airplane_noise_00127.png,airplane,vehicle,air,noise,airplane_01312
clean/airplane/airplane_clean_00128.png,airplane,vehicle,air,clean,airplane_01313
blur/airplane/airplane_blur_00128.png,airplane,vehicle,air,blur,airplane_01313
pixelated/airplane/airplane_pixelated_00128.png,airplane,vehicle,air,pixelated,airplane_01313
noise/airplane/airplane_noise_00128.png,airplane,vehicle,air,noise,airplane_01313
clean/bird/bird_clean_00128.png,bird,animal,air,clean,bird_01314
blur/bird/bird_blur_00128.png,bird,animal,air,blur,bird_01314
pixelated/bird/bird_pixelated_00128.png,bird,animal,air,pixelated,bird_01314
noise/bird/bird_noise_00128.png,bird,animal,air,noise,bird_01314
clean/dog/dog_clean_00140.png,dog,animal,land,clean,dog_01315
blur/dog/dog_blur_00140.png,dog,animal,land,blur,dog_01315
pixelated/dog/dog_pixelated_00140.png,dog,animal,land,pixelated,dog_01315
noise/dog/dog_noise_00140.png,dog,animal,land,noise,dog_01315
clean/airplane/airplane_clean_00129.png,airplane,vehicle,air,clean,airplane_01316
blur/airplane/airplane_blur_00129.png,airplane,vehicle,air,blur,airplane_01316
pixelated/airplane/airplane_pixelated_00129.png,airplane,vehicle,air,pixelated,airplane_01316
noise/airplane/airplane_noise_00129.png,airplane,vehicle,air,noise,airplane_01316
clean/bird/bird_clean_00129.png,bird,animal,air,clean,bird_01317
blur/bird/bird_blur_00129.png,bird,animal,air,blur,bird_01317
pixelated/bird/bird_pixelated_00129.png,bird,animal,air,pixelated,bird_01317
noise/bird/bird_noise_00129.png,bird,animal,air,noise,bird_01317
clean/deer/deer_clean_00145.png,deer,animal,land,clean,deer_01318
blur/deer/deer_blur_00145.png,deer,animal,land,blur,deer_01318
pixelated/deer/deer_pixelated_00145.png,deer,animal,land,pixelated,deer_01318
noise/deer/deer_noise_00145.png,deer,animal,land,noise,deer_01318
clean/truck/truck_clean_00123.png,truck,vehicle,land,clean,truck_01319
blur/truck/truck_blur_00123.png,truck,vehicle,land,blur,truck_01319
pixelated/truck/truck_pixelated_00123.png,truck,vehicle,land,pixelated,truck_01319
noise/truck/truck_noise_00123.png,truck,vehicle,land,noise,truck_01319
clean/automobile/automobile_clean_00121.png,automobile,vehicle,land,clean,automobile_01320
blur/automobile/automobile_blur_00121.png,automobile,vehicle,land,blur,automobile_01320
pixelated/automobile/automobile_pixelated_00121.png,automobile,vehicle,land,pixelated,automobile_01320
noise/automobile/automobile_noise_00121.png,automobile,vehicle,land,noise,automobile_01320
clean/dog/dog_clean_00141.png,dog,animal,land,clean,dog_01321
blur/dog/dog_blur_00141.png,dog,animal,land,blur,dog_01321
pixelated/dog/dog_pixelated_00141.png,dog,animal,land,pixelated,dog_01321
noise/dog/dog_noise_00141.png,dog,animal,land,noise,dog_01321
clean/horse/horse_clean_00125.png,horse,animal,land,clean,horse_01322
blur/horse/horse_blur_00125.png,horse,animal,land,blur,horse_01322
pixelated/horse/horse_pixelated_00125.png,horse,animal,land,pixelated,horse_01322
noise/horse/horse_noise_00125.png,horse,animal,land,noise,horse_01322
clean/bird/bird_clean_00130.png,bird,animal,air,clean,bird_01323
blur/bird/bird_blur_00130.png,bird,animal,air,blur,bird_01323
pixelated/bird/bird_pixelated_00130.png,bird,animal,air,pixelated,bird_01323
noise/bird/bird_noise_00130.png,bird,animal,air,noise,bird_01323
clean/bird/bird_clean_00131.png,bird,animal,air,clean,bird_01324
blur/bird/bird_blur_00131.png,bird,animal,air,blur,bird_01324
pixelated/bird/bird_pixelated_00131.png,bird,animal,air,pixelated,bird_01324
noise/bird/bird_noise_00131.png,bird,animal,air,noise,bird_01324
clean/deer/deer_clean_00146.png,deer,animal,land,clean,deer_01325
blur/deer/deer_blur_00146.png,deer,animal,land,blur,deer_01325
pixelated/deer/deer_pixelated_00146.png,deer,animal,land,pixelated,deer_01325
noise/deer/deer_noise_00146.png,deer,animal,land,noise,deer_01325
clean/cat/cat_clean_00148.png,cat,animal,land,clean,cat_01326
blur/cat/cat_blur_00148.png,cat,animal,land,blur,cat_01326
pixelated/cat/cat_pixelated_00148.png,cat,animal,land,pixelated,cat_01326
noise/cat/cat_noise_00148.png,cat,animal,land,noise,cat_01326
clean/dog/dog_clean_00142.png,dog,animal,land,clean,dog_01327
blur/dog/dog_blur_00142.png,dog,animal,land,blur,dog_01327
pixelated/dog/dog_pixelated_00142.png,dog,animal,land,pixelated,dog_01327
noise/dog/dog_noise_00142.png,dog,animal,land,noise,dog_01327
clean/bird/bird_clean_00132.png,bird,animal,air,clean,bird_01328
blur/bird/bird_blur_00132.png,bird,animal,air,blur,bird_01328
pixelated/bird/bird_pixelated_00132.png,bird,animal,air,pixelated,bird_01328
noise/bird/bird_noise_00132.png,bird,animal,air,noise,bird_01328
clean/bird/bird_clean_00133.png,bird,animal,air,clean,bird_01329
blur/bird/bird_blur_00133.png,bird,animal,air,blur,bird_01329
pixelated/bird/bird_pixelated_00133.png,bird,animal,air,pixelated,bird_01329
noise/bird/bird_noise_00133.png,bird,animal,air,noise,bird_01329
clean/cat/cat_clean_00149.png,cat,animal,land,clean,cat_01330
blur/cat/cat_blur_00149.png,cat,animal,land,blur,cat_01330
pixelated/cat/cat_pixelated_00149.png,cat,animal,land,pixelated,cat_01330
noise/cat/cat_noise_00149.png,cat,animal,land,noise,cat_01330
clean/frog/frog_clean_00131.png,frog,animal,land,clean,frog_01331
blur/frog/frog_blur_00131.png,frog,animal,land,blur,frog_01331
pixelated/frog/frog_pixelated_00131.png,frog,animal,land,pixelated,frog_01331
noise/frog/frog_noise_00131.png,frog,animal,land,noise,frog_01331
clean/frog/frog_clean_00132.png,frog,animal,land,clean,frog_01332
blur/frog/frog_blur_00132.png,frog,animal,land,blur,frog_01332
pixelated/frog/frog_pixelated_00132.png,frog,animal,land,pixelated,frog_01332
noise/frog/frog_noise_00132.png,frog,animal,land,noise,frog_01332
clean/bird/bird_clean_00134.png,bird,animal,air,clean,bird_01333
blur/bird/bird_blur_00134.png,bird,animal,air,blur,bird_01333
pixelated/bird/bird_pixelated_00134.png,bird,animal,air,pixelated,bird_01333
noise/bird/bird_noise_00134.png,bird,animal,air,noise,bird_01333
clean/truck/truck_clean_00124.png,truck,vehicle,land,clean,truck_01334
blur/truck/truck_blur_00124.png,truck,vehicle,land,blur,truck_01334
pixelated/truck/truck_pixelated_00124.png,truck,vehicle,land,pixelated,truck_01334
noise/truck/truck_noise_00124.png,truck,vehicle,land,noise,truck_01334
clean/frog/frog_clean_00133.png,frog,animal,land,clean,frog_01335
blur/frog/frog_blur_00133.png,frog,animal,land,blur,frog_01335
pixelated/frog/frog_pixelated_00133.png,frog,animal,land,pixelated,frog_01335
noise/frog/frog_noise_00133.png,frog,animal,land,noise,frog_01335
clean/ship/ship_clean_00133.png,ship,vehicle,water,clean,ship_01336
blur/ship/ship_blur_00133.png,ship,vehicle,water,blur,ship_01336
pixelated/ship/ship_pixelated_00133.png,ship,vehicle,water,pixelated,ship_01336
noise/ship/ship_noise_00133.png,ship,vehicle,water,noise,ship_01336
clean/frog/frog_clean_00134.png,frog,animal,land,clean,frog_01337
blur/frog/frog_blur_00134.png,frog,animal,land,blur,frog_01337
pixelated/frog/frog_pixelated_00134.png,frog,animal,land,pixelated,frog_01337
noise/frog/frog_noise_00134.png,frog,animal,land,noise,frog_01337
clean/frog/frog_clean_00135.png,frog,animal,land,clean,frog_01338
blur/frog/frog_blur_00135.png,frog,animal,land,blur,frog_01338
pixelated/frog/frog_pixelated_00135.png,frog,animal,land,pixelated,frog_01338
noise/frog/frog_noise_00135.png,frog,animal,land,noise,frog_01338
clean/bird/bird_clean_00135.png,bird,animal,air,clean,bird_01339
blur/bird/bird_blur_00135.png,bird,animal,air,blur,bird_01339
pixelated/bird/bird_pixelated_00135.png,bird,animal,air,pixelated,bird_01339
noise/bird/bird_noise_00135.png,bird,animal,air,noise,bird_01339
clean/horse/horse_clean_00126.png,horse,animal,land,clean,horse_01340
blur/horse/horse_blur_00126.png,horse,animal,land,blur,horse_01340
pixelated/horse/horse_pixelated_00126.png,horse,animal,land,pixelated,horse_01340
noise/horse/horse_noise_00126.png,horse,animal,land,noise,horse_01340
clean/bird/bird_clean_00136.png,bird,animal,air,clean,bird_01341
blur/bird/bird_blur_00136.png,bird,animal,air,blur,bird_01341
pixelated/bird/bird_pixelated_00136.png,bird,animal,air,pixelated,bird_01341
noise/bird/bird_noise_00136.png,bird,animal,air,noise,bird_01341
clean/horse/horse_clean_00127.png,horse,animal,land,clean,horse_01342
blur/horse/horse_blur_00127.png,horse,animal,land,blur,horse_01342
pixelated/horse/horse_pixelated_00127.png,horse,animal,land,pixelated,horse_01342
noise/horse/horse_noise_00127.png,horse,animal,land,noise,horse_01342
clean/ship/ship_clean_00134.png,ship,vehicle,water,clean,ship_01343
blur/ship/ship_blur_00134.png,ship,vehicle,water,blur,ship_01343
pixelated/ship/ship_pixelated_00134.png,ship,vehicle,water,pixelated,ship_01343
noise/ship/ship_noise_00134.png,ship,vehicle,water,noise,ship_01343
clean/airplane/airplane_clean_00130.png,airplane,vehicle,air,clean,airplane_01344
blur/airplane/airplane_blur_00130.png,airplane,vehicle,air,blur,airplane_01344
pixelated/airplane/airplane_pixelated_00130.png,airplane,vehicle,air,pixelated,airplane_01344
noise/airplane/airplane_noise_00130.png,airplane,vehicle,air,noise,airplane_01344
clean/automobile/automobile_clean_00122.png,automobile,vehicle,land,clean,automobile_01345
blur/automobile/automobile_blur_00122.png,automobile,vehicle,land,blur,automobile_01345
pixelated/automobile/automobile_pixelated_00122.png,automobile,vehicle,land,pixelated,automobile_01345
noise/automobile/automobile_noise_00122.png,automobile,vehicle,land,noise,automobile_01345
clean/deer/deer_clean_00147.png,deer,animal,land,clean,deer_01346
blur/deer/deer_blur_00147.png,deer,animal,land,blur,deer_01346
pixelated/deer/deer_pixelated_00147.png,deer,animal,land,pixelated,deer_01346
noise/deer/deer_noise_00147.png,deer,animal,land,noise,deer_01346
clean/truck/truck_clean_00125.png,truck,vehicle,land,clean,truck_01347
blur/truck/truck_blur_00125.png,truck,vehicle,land,blur,truck_01347
pixelated/truck/truck_pixelated_00125.png,truck,vehicle,land,pixelated,truck_01347
noise/truck/truck_noise_00125.png,truck,vehicle,land,noise,truck_01347
clean/airplane/airplane_clean_00131.png,airplane,vehicle,air,clean,airplane_01348
blur/airplane/airplane_blur_00131.png,airplane,vehicle,air,blur,airplane_01348
pixelated/airplane/airplane_pixelated_00131.png,airplane,vehicle,air,pixelated,airplane_01348
noise/airplane/airplane_noise_00131.png,airplane,vehicle,air,noise,airplane_01348
clean/dog/dog_clean_00143.png,dog,animal,land,clean,dog_01349
blur/dog/dog_blur_00143.png,dog,animal,land,blur,dog_01349
pixelated/dog/dog_pixelated_00143.png,dog,animal,land,pixelated,dog_01349
noise/dog/dog_noise_00143.png,dog,animal,land,noise,dog_01349
clean/automobile/automobile_clean_00123.png,automobile,vehicle,land,clean,automobile_01350
blur/automobile/automobile_blur_00123.png,automobile,vehicle,land,blur,automobile_01350
pixelated/automobile/automobile_pixelated_00123.png,automobile,vehicle,land,pixelated,automobile_01350
noise/automobile/automobile_noise_00123.png,automobile,vehicle,land,noise,automobile_01350
clean/frog/frog_clean_00136.png,frog,animal,land,clean,frog_01351
blur/frog/frog_blur_00136.png,frog,animal,land,blur,frog_01351
pixelated/frog/frog_pixelated_00136.png,frog,animal,land,pixelated,frog_01351
noise/frog/frog_noise_00136.png,frog,animal,land,noise,frog_01351
clean/frog/frog_clean_00137.png,frog,animal,land,clean,frog_01352
blur/frog/frog_blur_00137.png,frog,animal,land,blur,frog_01352
pixelated/frog/frog_pixelated_00137.png,frog,animal,land,pixelated,frog_01352
noise/frog/frog_noise_00137.png,frog,animal,land,noise,frog_01352
clean/cat/cat_clean_00150.png,cat,animal,land,clean,cat_01353
blur/cat/cat_blur_00150.png,cat,animal,land,blur,cat_01353
pixelated/cat/cat_pixelated_00150.png,cat,animal,land,pixelated,cat_01353
noise/cat/cat_noise_00150.png,cat,animal,land,noise,cat_01353
clean/automobile/automobile_clean_00124.png,automobile,vehicle,land,clean,automobile_01354
blur/automobile/automobile_blur_00124.png,automobile,vehicle,land,blur,automobile_01354
pixelated/automobile/automobile_pixelated_00124.png,automobile,vehicle,land,pixelated,automobile_01354
noise/automobile/automobile_noise_00124.png,automobile,vehicle,land,noise,automobile_01354
clean/ship/ship_clean_00135.png,ship,vehicle,water,clean,ship_01355
blur/ship/ship_blur_00135.png,ship,vehicle,water,blur,ship_01355
pixelated/ship/ship_pixelated_00135.png,ship,vehicle,water,pixelated,ship_01355
noise/ship/ship_noise_00135.png,ship,vehicle,water,noise,ship_01355
clean/frog/frog_clean_00138.png,frog,animal,land,clean,frog_01356
blur/frog/frog_blur_00138.png,frog,animal,land,blur,frog_01356
pixelated/frog/frog_pixelated_00138.png,frog,animal,land,pixelated,frog_01356
noise/frog/frog_noise_00138.png,frog,animal,land,noise,frog_01356
clean/cat/cat_clean_00151.png,cat,animal,land,clean,cat_01357
blur/cat/cat_blur_00151.png,cat,animal,land,blur,cat_01357
pixelated/cat/cat_pixelated_00151.png,cat,animal,land,pixelated,cat_01357
noise/cat/cat_noise_00151.png,cat,animal,land,noise,cat_01357
clean/horse/horse_clean_00128.png,horse,animal,land,clean,horse_01358
blur/horse/horse_blur_00128.png,horse,animal,land,blur,horse_01358
pixelated/horse/horse_pixelated_00128.png,horse,animal,land,pixelated,horse_01358
noise/horse/horse_noise_00128.png,horse,animal,land,noise,horse_01358
clean/cat/cat_clean_00152.png,cat,animal,land,clean,cat_01359
blur/cat/cat_blur_00152.png,cat,animal,land,blur,cat_01359
pixelated/cat/cat_pixelated_00152.png,cat,animal,land,pixelated,cat_01359
noise/cat/cat_noise_00152.png,cat,animal,land,noise,cat_01359
clean/deer/deer_clean_00148.png,deer,animal,land,clean,deer_01360
blur/deer/deer_blur_00148.png,deer,animal,land,blur,deer_01360
pixelated/deer/deer_pixelated_00148.png,deer,animal,land,pixelated,deer_01360
noise/deer/deer_noise_00148.png,deer,animal,land,noise,deer_01360
clean/airplane/airplane_clean_00132.png,airplane,vehicle,air,clean,airplane_01361
blur/airplane/airplane_blur_00132.png,airplane,vehicle,air,blur,airplane_01361
pixelated/airplane/airplane_pixelated_00132.png,airplane,vehicle,air,pixelated,airplane_01361
noise/airplane/airplane_noise_00132.png,airplane,vehicle,air,noise,airplane_01361
clean/bird/bird_clean_00137.png,bird,animal,air,clean,bird_01362
blur/bird/bird_blur_00137.png,bird,animal,air,blur,bird_01362
pixelated/bird/bird_pixelated_00137.png,bird,animal,air,pixelated,bird_01362
noise/bird/bird_noise_00137.png,bird,animal,air,noise,bird_01362
clean/truck/truck_clean_00126.png,truck,vehicle,land,clean,truck_01363
blur/truck/truck_blur_00126.png,truck,vehicle,land,blur,truck_01363
pixelated/truck/truck_pixelated_00126.png,truck,vehicle,land,pixelated,truck_01363
noise/truck/truck_noise_00126.png,truck,vehicle,land,noise,truck_01363
clean/truck/truck_clean_00127.png,truck,vehicle,land,clean,truck_01364
blur/truck/truck_blur_00127.png,truck,vehicle,land,blur,truck_01364
pixelated/truck/truck_pixelated_00127.png,truck,vehicle,land,pixelated,truck_01364
noise/truck/truck_noise_00127.png,truck,vehicle,land,noise,truck_01364
clean/cat/cat_clean_00153.png,cat,animal,land,clean,cat_01365
blur/cat/cat_blur_00153.png,cat,animal,land,blur,cat_01365
pixelated/cat/cat_pixelated_00153.png,cat,animal,land,pixelated,cat_01365
noise/cat/cat_noise_00153.png,cat,animal,land,noise,cat_01365
clean/deer/deer_clean_00149.png,deer,animal,land,clean,deer_01366
blur/deer/deer_blur_00149.png,deer,animal,land,blur,deer_01366
pixelated/deer/deer_pixelated_00149.png,deer,animal,land,pixelated,deer_01366
noise/deer/deer_noise_00149.png,deer,animal,land,noise,deer_01366
clean/airplane/airplane_clean_00133.png,airplane,vehicle,air,clean,airplane_01367
blur/airplane/airplane_blur_00133.png,airplane,vehicle,air,blur,airplane_01367
pixelated/airplane/airplane_pixelated_00133.png,airplane,vehicle,air,pixelated,airplane_01367
noise/airplane/airplane_noise_00133.png,airplane,vehicle,air,noise,airplane_01367
clean/airplane/airplane_clean_00134.png,airplane,vehicle,air,clean,airplane_01368
blur/airplane/airplane_blur_00134.png,airplane,vehicle,air,blur,airplane_01368
pixelated/airplane/airplane_pixelated_00134.png,airplane,vehicle,air,pixelated,airplane_01368
noise/airplane/airplane_noise_00134.png,airplane,vehicle,air,noise,airplane_01368
clean/deer/deer_clean_00150.png,deer,animal,land,clean,deer_01369
blur/deer/deer_blur_00150.png,deer,animal,land,blur,deer_01369
pixelated/deer/deer_pixelated_00150.png,deer,animal,land,pixelated,deer_01369
noise/deer/deer_noise_00150.png,deer,animal,land,noise,deer_01369
clean/frog/frog_clean_00139.png,frog,animal,land,clean,frog_01370
blur/frog/frog_blur_00139.png,frog,animal,land,blur,frog_01370
pixelated/frog/frog_pixelated_00139.png,frog,animal,land,pixelated,frog_01370
noise/frog/frog_noise_00139.png,frog,animal,land,noise,frog_01370
clean/truck/truck_clean_00128.png,truck,vehicle,land,clean,truck_01371
blur/truck/truck_blur_00128.png,truck,vehicle,land,blur,truck_01371
pixelated/truck/truck_pixelated_00128.png,truck,vehicle,land,pixelated,truck_01371
noise/truck/truck_noise_00128.png,truck,vehicle,land,noise,truck_01371
clean/cat/cat_clean_00154.png,cat,animal,land,clean,cat_01372
blur/cat/cat_blur_00154.png,cat,animal,land,blur,cat_01372
pixelated/cat/cat_pixelated_00154.png,cat,animal,land,pixelated,cat_01372
noise/cat/cat_noise_00154.png,cat,animal,land,noise,cat_01372
clean/horse/horse_clean_00129.png,horse,animal,land,clean,horse_01373
blur/horse/horse_blur_00129.png,horse,animal,land,blur,horse_01373
pixelated/horse/horse_pixelated_00129.png,horse,animal,land,pixelated,horse_01373
noise/horse/horse_noise_00129.png,horse,animal,land,noise,horse_01373
clean/automobile/automobile_clean_00125.png,automobile,vehicle,land,clean,automobile_01374
blur/automobile/automobile_blur_00125.png,automobile,vehicle,land,blur,automobile_01374
pixelated/automobile/automobile_pixelated_00125.png,automobile,vehicle,land,pixelated,automobile_01374
noise/automobile/automobile_noise_00125.png,automobile,vehicle,land,noise,automobile_01374
clean/deer/deer_clean_00151.png,deer,animal,land,clean,deer_01375
blur/deer/deer_blur_00151.png,deer,animal,land,blur,deer_01375
pixelated/deer/deer_pixelated_00151.png,deer,animal,land,pixelated,deer_01375
noise/deer/deer_noise_00151.png,deer,animal,land,noise,deer_01375
clean/cat/cat_clean_00155.png,cat,animal,land,clean,cat_01376
blur/cat/cat_blur_00155.png,cat,animal,land,blur,cat_01376
pixelated/cat/cat_pixelated_00155.png,cat,animal,land,pixelated,cat_01376
noise/cat/cat_noise_00155.png,cat,animal,land,noise,cat_01376
clean/cat/cat_clean_00156.png,cat,animal,land,clean,cat_01377
blur/cat/cat_blur_00156.png,cat,animal,land,blur,cat_01377
pixelated/cat/cat_pixelated_00156.png,cat,animal,land,pixelated,cat_01377
noise/cat/cat_noise_00156.png,cat,animal,land,noise,cat_01377
clean/dog/dog_clean_00144.png,dog,animal,land,clean,dog_01378
blur/dog/dog_blur_00144.png,dog,animal,land,blur,dog_01378
pixelated/dog/dog_pixelated_00144.png,dog,animal,land,pixelated,dog_01378
noise/dog/dog_noise_00144.png,dog,animal,land,noise,dog_01378
clean/deer/deer_clean_00152.png,deer,animal,land,clean,deer_01379
blur/deer/deer_blur_00152.png,deer,animal,land,blur,deer_01379
pixelated/deer/deer_pixelated_00152.png,deer,animal,land,pixelated,deer_01379
noise/deer/deer_noise_00152.png,deer,animal,land,noise,deer_01379
clean/truck/truck_clean_00129.png,truck,vehicle,land,clean,truck_01380
blur/truck/truck_blur_00129.png,truck,vehicle,land,blur,truck_01380
pixelated/truck/truck_pixelated_00129.png,truck,vehicle,land,pixelated,truck_01380
noise/truck/truck_noise_00129.png,truck,vehicle,land,noise,truck_01380
clean/bird/bird_clean_00138.png,bird,animal,air,clean,bird_01381
blur/bird/bird_blur_00138.png,bird,animal,air,blur,bird_01381
pixelated/bird/bird_pixelated_00138.png,bird,animal,air,pixelated,bird_01381
noise/bird/bird_noise_00138.png,bird,animal,air,noise,bird_01381
clean/deer/deer_clean_00153.png,deer,animal,land,clean,deer_01382
blur/deer/deer_blur_00153.png,deer,animal,land,blur,deer_01382
pixelated/deer/deer_pixelated_00153.png,deer,animal,land,pixelated,deer_01382
noise/deer/deer_noise_00153.png,deer,animal,land,noise,deer_01382
clean/frog/frog_clean_00140.png,frog,animal,land,clean,frog_01383
blur/frog/frog_blur_00140.png,frog,animal,land,blur,frog_01383
pixelated/frog/frog_pixelated_00140.png,frog,animal,land,pixelated,frog_01383
noise/frog/frog_noise_00140.png,frog,animal,land,noise,frog_01383
clean/ship/ship_clean_00136.png,ship,vehicle,water,clean,ship_01384
blur/ship/ship_blur_00136.png,ship,vehicle,water,blur,ship_01384
pixelated/ship/ship_pixelated_00136.png,ship,vehicle,water,pixelated,ship_01384
noise/ship/ship_noise_00136.png,ship,vehicle,water,noise,ship_01384
clean/ship/ship_clean_00137.png,ship,vehicle,water,clean,ship_01385
blur/ship/ship_blur_00137.png,ship,vehicle,water,blur,ship_01385
pixelated/ship/ship_pixelated_00137.png,ship,vehicle,water,pixelated,ship_01385
noise/ship/ship_noise_00137.png,ship,vehicle,water,noise,ship_01385
clean/cat/cat_clean_00157.png,cat,animal,land,clean,cat_01386
blur/cat/cat_blur_00157.png,cat,animal,land,blur,cat_01386
pixelated/cat/cat_pixelated_00157.png,cat,animal,land,pixelated,cat_01386
noise/cat/cat_noise_00157.png,cat,animal,land,noise,cat_01386
clean/truck/truck_clean_00130.png,truck,vehicle,land,clean,truck_01387
blur/truck/truck_blur_00130.png,truck,vehicle,land,blur,truck_01387
pixelated/truck/truck_pixelated_00130.png,truck,vehicle,land,pixelated,truck_01387
noise/truck/truck_noise_00130.png,truck,vehicle,land,noise,truck_01387
clean/truck/truck_clean_00131.png,truck,vehicle,land,clean,truck_01388
blur/truck/truck_blur_00131.png,truck,vehicle,land,blur,truck_01388
pixelated/truck/truck_pixelated_00131.png,truck,vehicle,land,pixelated,truck_01388
noise/truck/truck_noise_00131.png,truck,vehicle,land,noise,truck_01388
clean/deer/deer_clean_00154.png,deer,animal,land,clean,deer_01389
blur/deer/deer_blur_00154.png,deer,animal,land,blur,deer_01389
pixelated/deer/deer_pixelated_00154.png,deer,animal,land,pixelated,deer_01389
noise/deer/deer_noise_00154.png,deer,animal,land,noise,deer_01389
clean/truck/truck_clean_00132.png,truck,vehicle,land,clean,truck_01390
blur/truck/truck_blur_00132.png,truck,vehicle,land,blur,truck_01390
pixelated/truck/truck_pixelated_00132.png,truck,vehicle,land,pixelated,truck_01390
noise/truck/truck_noise_00132.png,truck,vehicle,land,noise,truck_01390
clean/cat/cat_clean_00158.png,cat,animal,land,clean,cat_01391
blur/cat/cat_blur_00158.png,cat,animal,land,blur,cat_01391
pixelated/cat/cat_pixelated_00158.png,cat,animal,land,pixelated,cat_01391
noise/cat/cat_noise_00158.png,cat,animal,land,noise,cat_01391
clean/truck/truck_clean_00133.png,truck,vehicle,land,clean,truck_01392
blur/truck/truck_blur_00133.png,truck,vehicle,land,blur,truck_01392
pixelated/truck/truck_pixelated_00133.png,truck,vehicle,land,pixelated,truck_01392
noise/truck/truck_noise_00133.png,truck,vehicle,land,noise,truck_01392
clean/horse/horse_clean_00130.png,horse,animal,land,clean,horse_01393
blur/horse/horse_blur_00130.png,horse,animal,land,blur,horse_01393
pixelated/horse/horse_pixelated_00130.png,horse,animal,land,pixelated,horse_01393
noise/horse/horse_noise_00130.png,horse,animal,land,noise,horse_01393
clean/truck/truck_clean_00134.png,truck,vehicle,land,clean,truck_01394
blur/truck/truck_blur_00134.png,truck,vehicle,land,blur,truck_01394
pixelated/truck/truck_pixelated_00134.png,truck,vehicle,land,pixelated,truck_01394
noise/truck/truck_noise_00134.png,truck,vehicle,land,noise,truck_01394
clean/ship/ship_clean_00138.png,ship,vehicle,water,clean,ship_01395
blur/ship/ship_blur_00138.png,ship,vehicle,water,blur,ship_01395
pixelated/ship/ship_pixelated_00138.png,ship,vehicle,water,pixelated,ship_01395
noise/ship/ship_noise_00138.png,ship,vehicle,water,noise,ship_01395
clean/airplane/airplane_clean_00135.png,airplane,vehicle,air,clean,airplane_01396
blur/airplane/airplane_blur_00135.png,airplane,vehicle,air,blur,airplane_01396
pixelated/airplane/airplane_pixelated_00135.png,airplane,vehicle,air,pixelated,airplane_01396
noise/airplane/airplane_noise_00135.png,airplane,vehicle,air,noise,airplane_01396
clean/truck/truck_clean_00135.png,truck,vehicle,land,clean,truck_01397
blur/truck/truck_blur_00135.png,truck,vehicle,land,blur,truck_01397
pixelated/truck/truck_pixelated_00135.png,truck,vehicle,land,pixelated,truck_01397
noise/truck/truck_noise_00135.png,truck,vehicle,land,noise,truck_01397
clean/airplane/airplane_clean_00136.png,airplane,vehicle,air,clean,airplane_01398
blur/airplane/airplane_blur_00136.png,airplane,vehicle,air,blur,airplane_01398
pixelated/airplane/airplane_pixelated_00136.png,airplane,vehicle,air,pixelated,airplane_01398
noise/airplane/airplane_noise_00136.png,airplane,vehicle,air,noise,airplane_01398
clean/deer/deer_clean_00155.png,deer,animal,land,clean,deer_01399
blur/deer/deer_blur_00155.png,deer,animal,land,blur,deer_01399
pixelated/deer/deer_pixelated_00155.png,deer,animal,land,pixelated,deer_01399
noise/deer/deer_noise_00155.png,deer,animal,land,noise,deer_01399
clean/ship/ship_clean_00139.png,ship,vehicle,water,clean,ship_01400
blur/ship/ship_blur_00139.png,ship,vehicle,water,blur,ship_01400
pixelated/ship/ship_pixelated_00139.png,ship,vehicle,water,pixelated,ship_01400
noise/ship/ship_noise_00139.png,ship,vehicle,water,noise,ship_01400
clean/ship/ship_clean_00140.png,ship,vehicle,water,clean,ship_01401
blur/ship/ship_blur_00140.png,ship,vehicle,water,blur,ship_01401
pixelated/ship/ship_pixelated_00140.png,ship,vehicle,water,pixelated,ship_01401
noise/ship/ship_noise_00140.png,ship,vehicle,water,noise,ship_01401
clean/deer/deer_clean_00156.png,deer,animal,land,clean,deer_01402
blur/deer/deer_blur_00156.png,deer,animal,land,blur,deer_01402
pixelated/deer/deer_pixelated_00156.png,deer,animal,land,pixelated,deer_01402
noise/deer/deer_noise_00156.png,deer,animal,land,noise,deer_01402
clean/frog/frog_clean_00141.png,frog,animal,land,clean,frog_01403
blur/frog/frog_blur_00141.png,frog,animal,land,blur,frog_01403
pixelated/frog/frog_pixelated_00141.png,frog,animal,land,pixelated,frog_01403
noise/frog/frog_noise_00141.png,frog,animal,land,noise,frog_01403
clean/deer/deer_clean_00157.png,deer,animal,land,clean,deer_01404
blur/deer/deer_blur_00157.png,deer,animal,land,blur,deer_01404
pixelated/deer/deer_pixelated_00157.png,deer,animal,land,pixelated,deer_01404
noise/deer/deer_noise_00157.png,deer,animal,land,noise,deer_01404
clean/bird/bird_clean_00139.png,bird,animal,air,clean,bird_01405
blur/bird/bird_blur_00139.png,bird,animal,air,blur,bird_01405
pixelated/bird/bird_pixelated_00139.png,bird,animal,air,pixelated,bird_01405
noise/bird/bird_noise_00139.png,bird,animal,air,noise,bird_01405
clean/frog/frog_clean_00142.png,frog,animal,land,clean,frog_01406
blur/frog/frog_blur_00142.png,frog,animal,land,blur,frog_01406
pixelated/frog/frog_pixelated_00142.png,frog,animal,land,pixelated,frog_01406
noise/frog/frog_noise_00142.png,frog,animal,land,noise,frog_01406
clean/cat/cat_clean_00159.png,cat,animal,land,clean,cat_01407
blur/cat/cat_blur_00159.png,cat,animal,land,blur,cat_01407
pixelated/cat/cat_pixelated_00159.png,cat,animal,land,pixelated,cat_01407
noise/cat/cat_noise_00159.png,cat,animal,land,noise,cat_01407
clean/deer/deer_clean_00158.png,deer,animal,land,clean,deer_01408
blur/deer/deer_blur_00158.png,deer,animal,land,blur,deer_01408
pixelated/deer/deer_pixelated_00158.png,deer,animal,land,pixelated,deer_01408
noise/deer/deer_noise_00158.png,deer,animal,land,noise,deer_01408
clean/truck/truck_clean_00136.png,truck,vehicle,land,clean,truck_01409
blur/truck/truck_blur_00136.png,truck,vehicle,land,blur,truck_01409
pixelated/truck/truck_pixelated_00136.png,truck,vehicle,land,pixelated,truck_01409
noise/truck/truck_noise_00136.png,truck,vehicle,land,noise,truck_01409
clean/frog/frog_clean_00143.png,frog,animal,land,clean,frog_01410
blur/frog/frog_blur_00143.png,frog,animal,land,blur,frog_01410
pixelated/frog/frog_pixelated_00143.png,frog,animal,land,pixelated,frog_01410
noise/frog/frog_noise_00143.png,frog,animal,land,noise,frog_01410
clean/deer/deer_clean_00159.png,deer,animal,land,clean,deer_01411
blur/deer/deer_blur_00159.png,deer,animal,land,blur,deer_01411
pixelated/deer/deer_pixelated_00159.png,deer,animal,land,pixelated,deer_01411
noise/deer/deer_noise_00159.png,deer,animal,land,noise,deer_01411
clean/airplane/airplane_clean_00137.png,airplane,vehicle,air,clean,airplane_01412
blur/airplane/airplane_blur_00137.png,airplane,vehicle,air,blur,airplane_01412
pixelated/airplane/airplane_pixelated_00137.png,airplane,vehicle,air,pixelated,airplane_01412
noise/airplane/airplane_noise_00137.png,airplane,vehicle,air,noise,airplane_01412
clean/airplane/airplane_clean_00138.png,airplane,vehicle,air,clean,airplane_01413
blur/airplane/airplane_blur_00138.png,airplane,vehicle,air,blur,airplane_01413
pixelated/airplane/airplane_pixelated_00138.png,airplane,vehicle,air,pixelated,airplane_01413
noise/airplane/airplane_noise_00138.png,airplane,vehicle,air,noise,airplane_01413
clean/dog/dog_clean_00145.png,dog,animal,land,clean,dog_01414
blur/dog/dog_blur_00145.png,dog,animal,land,blur,dog_01414
pixelated/dog/dog_pixelated_00145.png,dog,animal,land,pixelated,dog_01414
noise/dog/dog_noise_00145.png,dog,animal,land,noise,dog_01414
clean/cat/cat_clean_00160.png,cat,animal,land,clean,cat_01415
blur/cat/cat_blur_00160.png,cat,animal,land,blur,cat_01415
pixelated/cat/cat_pixelated_00160.png,cat,animal,land,pixelated,cat_01415
noise/cat/cat_noise_00160.png,cat,animal,land,noise,cat_01415
clean/dog/dog_clean_00146.png,dog,animal,land,clean,dog_01416
blur/dog/dog_blur_00146.png,dog,animal,land,blur,dog_01416
pixelated/dog/dog_pixelated_00146.png,dog,animal,land,pixelated,dog_01416
noise/dog/dog_noise_00146.png,dog,animal,land,noise,dog_01416
clean/dog/dog_clean_00147.png,dog,animal,land,clean,dog_01417
blur/dog/dog_blur_00147.png,dog,animal,land,blur,dog_01417
pixelated/dog/dog_pixelated_00147.png,dog,animal,land,pixelated,dog_01417
noise/dog/dog_noise_00147.png,dog,animal,land,noise,dog_01417
clean/automobile/automobile_clean_00126.png,automobile,vehicle,land,clean,automobile_01418
blur/automobile/automobile_blur_00126.png,automobile,vehicle,land,blur,automobile_01418
pixelated/automobile/automobile_pixelated_00126.png,automobile,vehicle,land,pixelated,automobile_01418
noise/automobile/automobile_noise_00126.png,automobile,vehicle,land,noise,automobile_01418
clean/airplane/airplane_clean_00139.png,airplane,vehicle,air,clean,airplane_01419
blur/airplane/airplane_blur_00139.png,airplane,vehicle,air,blur,airplane_01419
pixelated/airplane/airplane_pixelated_00139.png,airplane,vehicle,air,pixelated,airplane_01419
noise/airplane/airplane_noise_00139.png,airplane,vehicle,air,noise,airplane_01419
clean/cat/cat_clean_00161.png,cat,animal,land,clean,cat_01420
blur/cat/cat_blur_00161.png,cat,animal,land,blur,cat_01420
pixelated/cat/cat_pixelated_00161.png,cat,animal,land,pixelated,cat_01420
noise/cat/cat_noise_00161.png,cat,animal,land,noise,cat_01420
clean/automobile/automobile_clean_00127.png,automobile,vehicle,land,clean,automobile_01421
blur/automobile/automobile_blur_00127.png,automobile,vehicle,land,blur,automobile_01421
pixelated/automobile/automobile_pixelated_00127.png,automobile,vehicle,land,pixelated,automobile_01421
noise/automobile/automobile_noise_00127.png,automobile,vehicle,land,noise,automobile_01421
clean/bird/bird_clean_00140.png,bird,animal,air,clean,bird_01422
blur/bird/bird_blur_00140.png,bird,animal,air,blur,bird_01422
pixelated/bird/bird_pixelated_00140.png,bird,animal,air,pixelated,bird_01422
noise/bird/bird_noise_00140.png,bird,animal,air,noise,bird_01422
clean/ship/ship_clean_00141.png,ship,vehicle,water,clean,ship_01423
blur/ship/ship_blur_00141.png,ship,vehicle,water,blur,ship_01423
pixelated/ship/ship_pixelated_00141.png,ship,vehicle,water,pixelated,ship_01423
noise/ship/ship_noise_00141.png,ship,vehicle,water,noise,ship_01423
clean/ship/ship_clean_00142.png,ship,vehicle,water,clean,ship_01424
blur/ship/ship_blur_00142.png,ship,vehicle,water,blur,ship_01424
pixelated/ship/ship_pixelated_00142.png,ship,vehicle,water,pixelated,ship_01424
noise/ship/ship_noise_00142.png,ship,vehicle,water,noise,ship_01424
clean/deer/deer_clean_00160.png,deer,animal,land,clean,deer_01425
blur/deer/deer_blur_00160.png,deer,animal,land,blur,deer_01425
pixelated/deer/deer_pixelated_00160.png,deer,animal,land,pixelated,deer_01425
noise/deer/deer_noise_00160.png,deer,animal,land,noise,deer_01425
clean/automobile/automobile_clean_00128.png,automobile,vehicle,land,clean,automobile_01426
blur/automobile/automobile_blur_00128.png,automobile,vehicle,land,blur,automobile_01426
pixelated/automobile/automobile_pixelated_00128.png,automobile,vehicle,land,pixelated,automobile_01426
noise/automobile/automobile_noise_00128.png,automobile,vehicle,land,noise,automobile_01426
clean/frog/frog_clean_00144.png,frog,animal,land,clean,frog_01427
blur/frog/frog_blur_00144.png,frog,animal,land,blur,frog_01427
pixelated/frog/frog_pixelated_00144.png,frog,animal,land,pixelated,frog_01427
noise/frog/frog_noise_00144.png,frog,animal,land,noise,frog_01427
clean/cat/cat_clean_00162.png,cat,animal,land,clean,cat_01428
blur/cat/cat_blur_00162.png,cat,animal,land,blur,cat_01428
pixelated/cat/cat_pixelated_00162.png,cat,animal,land,pixelated,cat_01428
noise/cat/cat_noise_00162.png,cat,animal,land,noise,cat_01428
clean/truck/truck_clean_00137.png,truck,vehicle,land,clean,truck_01429
blur/truck/truck_blur_00137.png,truck,vehicle,land,blur,truck_01429
pixelated/truck/truck_pixelated_00137.png,truck,vehicle,land,pixelated,truck_01429
noise/truck/truck_noise_00137.png,truck,vehicle,land,noise,truck_01429
clean/ship/ship_clean_00143.png,ship,vehicle,water,clean,ship_01430
blur/ship/ship_blur_00143.png,ship,vehicle,water,blur,ship_01430
pixelated/ship/ship_pixelated_00143.png,ship,vehicle,water,pixelated,ship_01430
noise/ship/ship_noise_00143.png,ship,vehicle,water,noise,ship_01430
clean/truck/truck_clean_00138.png,truck,vehicle,land,clean,truck_01431
blur/truck/truck_blur_00138.png,truck,vehicle,land,blur,truck_01431
pixelated/truck/truck_pixelated_00138.png,truck,vehicle,land,pixelated,truck_01431
noise/truck/truck_noise_00138.png,truck,vehicle,land,noise,truck_01431
clean/dog/dog_clean_00148.png,dog,animal,land,clean,dog_01432
blur/dog/dog_blur_00148.png,dog,animal,land,blur,dog_01432
pixelated/dog/dog_pixelated_00148.png,dog,animal,land,pixelated,dog_01432
noise/dog/dog_noise_00148.png,dog,animal,land,noise,dog_01432
clean/ship/ship_clean_00144.png,ship,vehicle,water,clean,ship_01433
blur/ship/ship_blur_00144.png,ship,vehicle,water,blur,ship_01433
pixelated/ship/ship_pixelated_00144.png,ship,vehicle,water,pixelated,ship_01433
noise/ship/ship_noise_00144.png,ship,vehicle,water,noise,ship_01433
clean/horse/horse_clean_00131.png,horse,animal,land,clean,horse_01434
blur/horse/horse_blur_00131.png,horse,animal,land,blur,horse_01434
pixelated/horse/horse_pixelated_00131.png,horse,animal,land,pixelated,horse_01434
noise/horse/horse_noise_00131.png,horse,animal,land,noise,horse_01434
clean/truck/truck_clean_00139.png,truck,vehicle,land,clean,truck_01435
blur/truck/truck_blur_00139.png,truck,vehicle,land,blur,truck_01435
pixelated/truck/truck_pixelated_00139.png,truck,vehicle,land,pixelated,truck_01435
noise/truck/truck_noise_00139.png,truck,vehicle,land,noise,truck_01435
clean/truck/truck_clean_00140.png,truck,vehicle,land,clean,truck_01436
blur/truck/truck_blur_00140.png,truck,vehicle,land,blur,truck_01436
pixelated/truck/truck_pixelated_00140.png,truck,vehicle,land,pixelated,truck_01436
noise/truck/truck_noise_00140.png,truck,vehicle,land,noise,truck_01436
clean/cat/cat_clean_00163.png,cat,animal,land,clean,cat_01437
blur/cat/cat_blur_00163.png,cat,animal,land,blur,cat_01437
pixelated/cat/cat_pixelated_00163.png,cat,animal,land,pixelated,cat_01437
noise/cat/cat_noise_00163.png,cat,animal,land,noise,cat_01437
clean/deer/deer_clean_00161.png,deer,animal,land,clean,deer_01438
blur/deer/deer_blur_00161.png,deer,animal,land,blur,deer_01438
pixelated/deer/deer_pixelated_00161.png,deer,animal,land,pixelated,deer_01438
noise/deer/deer_noise_00161.png,deer,animal,land,noise,deer_01438
clean/cat/cat_clean_00164.png,cat,animal,land,clean,cat_01439
blur/cat/cat_blur_00164.png,cat,animal,land,blur,cat_01439
pixelated/cat/cat_pixelated_00164.png,cat,animal,land,pixelated,cat_01439
noise/cat/cat_noise_00164.png,cat,animal,land,noise,cat_01439
clean/ship/ship_clean_00145.png,ship,vehicle,water,clean,ship_01440
blur/ship/ship_blur_00145.png,ship,vehicle,water,blur,ship_01440
pixelated/ship/ship_pixelated_00145.png,ship,vehicle,water,pixelated,ship_01440
noise/ship/ship_noise_00145.png,ship,vehicle,water,noise,ship_01440
clean/horse/horse_clean_00132.png,horse,animal,land,clean,horse_01441
blur/horse/horse_blur_00132.png,horse,animal,land,blur,horse_01441
pixelated/horse/horse_pixelated_00132.png,horse,animal,land,pixelated,horse_01441
noise/horse/horse_noise_00132.png,horse,animal,land,noise,horse_01441
clean/cat/cat_clean_00165.png,cat,animal,land,clean,cat_01442
blur/cat/cat_blur_00165.png,cat,animal,land,blur,cat_01442
pixelated/cat/cat_pixelated_00165.png,cat,animal,land,pixelated,cat_01442
noise/cat/cat_noise_00165.png,cat,animal,land,noise,cat_01442
clean/airplane/airplane_clean_00140.png,airplane,vehicle,air,clean,airplane_01443
blur/airplane/airplane_blur_00140.png,airplane,vehicle,air,blur,airplane_01443
pixelated/airplane/airplane_pixelated_00140.png,airplane,vehicle,air,pixelated,airplane_01443
noise/airplane/airplane_noise_00140.png,airplane,vehicle,air,noise,airplane_01443
clean/automobile/automobile_clean_00129.png,automobile,vehicle,land,clean,automobile_01444
blur/automobile/automobile_blur_00129.png,automobile,vehicle,land,blur,automobile_01444
pixelated/automobile/automobile_pixelated_00129.png,automobile,vehicle,land,pixelated,automobile_01444
noise/automobile/automobile_noise_00129.png,automobile,vehicle,land,noise,automobile_01444
clean/deer/deer_clean_00162.png,deer,animal,land,clean,deer_01445
blur/deer/deer_blur_00162.png,deer,animal,land,blur,deer_01445
pixelated/deer/deer_pixelated_00162.png,deer,animal,land,pixelated,deer_01445
noise/deer/deer_noise_00162.png,deer,animal,land,noise,deer_01445
clean/horse/horse_clean_00133.png,horse,animal,land,clean,horse_01446
blur/horse/horse_blur_00133.png,horse,animal,land,blur,horse_01446
pixelated/horse/horse_pixelated_00133.png,horse,animal,land,pixelated,horse_01446
noise/horse/horse_noise_00133.png,horse,animal,land,noise,horse_01446
clean/horse/horse_clean_00134.png,horse,animal,land,clean,horse_01447
blur/horse/horse_blur_00134.png,horse,animal,land,blur,horse_01447
pixelated/horse/horse_pixelated_00134.png,horse,animal,land,pixelated,horse_01447
noise/horse/horse_noise_00134.png,horse,animal,land,noise,horse_01447
clean/airplane/airplane_clean_00141.png,airplane,vehicle,air,clean,airplane_01448
blur/airplane/airplane_blur_00141.png,airplane,vehicle,air,blur,airplane_01448
pixelated/airplane/airplane_pixelated_00141.png,airplane,vehicle,air,pixelated,airplane_01448
noise/airplane/airplane_noise_00141.png,airplane,vehicle,air,noise,airplane_01448
clean/horse/horse_clean_00135.png,horse,animal,land,clean,horse_01449
blur/horse/horse_blur_00135.png,horse,animal,land,blur,horse_01449
pixelated/horse/horse_pixelated_00135.png,horse,animal,land,pixelated,horse_01449
noise/horse/horse_noise_00135.png,horse,animal,land,noise,horse_01449
clean/automobile/automobile_clean_00130.png,automobile,vehicle,land,clean,automobile_01450
blur/automobile/automobile_blur_00130.png,automobile,vehicle,land,blur,automobile_01450
pixelated/automobile/automobile_pixelated_00130.png,automobile,vehicle,land,pixelated,automobile_01450
noise/automobile/automobile_noise_00130.png,automobile,vehicle,land,noise,automobile_01450
clean/frog/frog_clean_00145.png,frog,animal,land,clean,frog_01451
blur/frog/frog_blur_00145.png,frog,animal,land,blur,frog_01451
pixelated/frog/frog_pixelated_00145.png,frog,animal,land,pixelated,frog_01451
noise/frog/frog_noise_00145.png,frog,animal,land,noise,frog_01451
clean/airplane/airplane_clean_00142.png,airplane,vehicle,air,clean,airplane_01452
blur/airplane/airplane_blur_00142.png,airplane,vehicle,air,blur,airplane_01452
pixelated/airplane/airplane_pixelated_00142.png,airplane,vehicle,air,pixelated,airplane_01452
noise/airplane/airplane_noise_00142.png,airplane,vehicle,air,noise,airplane_01452
clean/deer/deer_clean_00163.png,deer,animal,land,clean,deer_01453
blur/deer/deer_blur_00163.png,deer,animal,land,blur,deer_01453
pixelated/deer/deer_pixelated_00163.png,deer,animal,land,pixelated,deer_01453
noise/deer/deer_noise_00163.png,deer,animal,land,noise,deer_01453
clean/cat/cat_clean_00166.png,cat,animal,land,clean,cat_01454
blur/cat/cat_blur_00166.png,cat,animal,land,blur,cat_01454
pixelated/cat/cat_pixelated_00166.png,cat,animal,land,pixelated,cat_01454
noise/cat/cat_noise_00166.png,cat,animal,land,noise,cat_01454
clean/truck/truck_clean_00141.png,truck,vehicle,land,clean,truck_01455
blur/truck/truck_blur_00141.png,truck,vehicle,land,blur,truck_01455
pixelated/truck/truck_pixelated_00141.png,truck,vehicle,land,pixelated,truck_01455
noise/truck/truck_noise_00141.png,truck,vehicle,land,noise,truck_01455
clean/automobile/automobile_clean_00131.png,automobile,vehicle,land,clean,automobile_01456
blur/automobile/automobile_blur_00131.png,automobile,vehicle,land,blur,automobile_01456
pixelated/automobile/automobile_pixelated_00131.png,automobile,vehicle,land,pixelated,automobile_01456
noise/automobile/automobile_noise_00131.png,automobile,vehicle,land,noise,automobile_01456
clean/truck/truck_clean_00142.png,truck,vehicle,land,clean,truck_01457
blur/truck/truck_blur_00142.png,truck,vehicle,land,blur,truck_01457
pixelated/truck/truck_pixelated_00142.png,truck,vehicle,land,pixelated,truck_01457
noise/truck/truck_noise_00142.png,truck,vehicle,land,noise,truck_01457
clean/bird/bird_clean_00141.png,bird,animal,air,clean,bird_01458
blur/bird/bird_blur_00141.png,bird,animal,air,blur,bird_01458
pixelated/bird/bird_pixelated_00141.png,bird,animal,air,pixelated,bird_01458
noise/bird/bird_noise_00141.png,bird,animal,air,noise,bird_01458
clean/frog/frog_clean_00146.png,frog,animal,land,clean,frog_01459
blur/frog/frog_blur_00146.png,frog,animal,land,blur,frog_01459
pixelated/frog/frog_pixelated_00146.png,frog,animal,land,pixelated,frog_01459
noise/frog/frog_noise_00146.png,frog,animal,land,noise,frog_01459
clean/cat/cat_clean_00167.png,cat,animal,land,clean,cat_01460
blur/cat/cat_blur_00167.png,cat,animal,land,blur,cat_01460
pixelated/cat/cat_pixelated_00167.png,cat,animal,land,pixelated,cat_01460
noise/cat/cat_noise_00167.png,cat,animal,land,noise,cat_01460
clean/cat/cat_clean_00168.png,cat,animal,land,clean,cat_01461
blur/cat/cat_blur_00168.png,cat,animal,land,blur,cat_01461
pixelated/cat/cat_pixelated_00168.png,cat,animal,land,pixelated,cat_01461
noise/cat/cat_noise_00168.png,cat,animal,land,noise,cat_01461
clean/ship/ship_clean_00146.png,ship,vehicle,water,clean,ship_01462
blur/ship/ship_blur_00146.png,ship,vehicle,water,blur,ship_01462
pixelated/ship/ship_pixelated_00146.png,ship,vehicle,water,pixelated,ship_01462
noise/ship/ship_noise_00146.png,ship,vehicle,water,noise,ship_01462
clean/dog/dog_clean_00149.png,dog,animal,land,clean,dog_01463
blur/dog/dog_blur_00149.png,dog,animal,land,blur,dog_01463
pixelated/dog/dog_pixelated_00149.png,dog,animal,land,pixelated,dog_01463
noise/dog/dog_noise_00149.png,dog,animal,land,noise,dog_01463
clean/airplane/airplane_clean_00143.png,airplane,vehicle,air,clean,airplane_01464
blur/airplane/airplane_blur_00143.png,airplane,vehicle,air,blur,airplane_01464
pixelated/airplane/airplane_pixelated_00143.png,airplane,vehicle,air,pixelated,airplane_01464
noise/airplane/airplane_noise_00143.png,airplane,vehicle,air,noise,airplane_01464
clean/dog/dog_clean_00150.png,dog,animal,land,clean,dog_01465
blur/dog/dog_blur_00150.png,dog,animal,land,blur,dog_01465
pixelated/dog/dog_pixelated_00150.png,dog,animal,land,pixelated,dog_01465
noise/dog/dog_noise_00150.png,dog,animal,land,noise,dog_01465
clean/frog/frog_clean_00147.png,frog,animal,land,clean,frog_01466
blur/frog/frog_blur_00147.png,frog,animal,land,blur,frog_01466
pixelated/frog/frog_pixelated_00147.png,frog,animal,land,pixelated,frog_01466
noise/frog/frog_noise_00147.png,frog,animal,land,noise,frog_01466
clean/horse/horse_clean_00136.png,horse,animal,land,clean,horse_01467
blur/horse/horse_blur_00136.png,horse,animal,land,blur,horse_01467
pixelated/horse/horse_pixelated_00136.png,horse,animal,land,pixelated,horse_01467
noise/horse/horse_noise_00136.png,horse,animal,land,noise,horse_01467
clean/airplane/airplane_clean_00144.png,airplane,vehicle,air,clean,airplane_01468
blur/airplane/airplane_blur_00144.png,airplane,vehicle,air,blur,airplane_01468
pixelated/airplane/airplane_pixelated_00144.png,airplane,vehicle,air,pixelated,airplane_01468
noise/airplane/airplane_noise_00144.png,airplane,vehicle,air,noise,airplane_01468
clean/frog/frog_clean_00148.png,frog,animal,land,clean,frog_01469
blur/frog/frog_blur_00148.png,frog,animal,land,blur,frog_01469
pixelated/frog/frog_pixelated_00148.png,frog,animal,land,pixelated,frog_01469
noise/frog/frog_noise_00148.png,frog,animal,land,noise,frog_01469
clean/dog/dog_clean_00151.png,dog,animal,land,clean,dog_01470
blur/dog/dog_blur_00151.png,dog,animal,land,blur,dog_01470
pixelated/dog/dog_pixelated_00151.png,dog,animal,land,pixelated,dog_01470
noise/dog/dog_noise_00151.png,dog,animal,land,noise,dog_01470
clean/frog/frog_clean_00149.png,frog,animal,land,clean,frog_01471
blur/frog/frog_blur_00149.png,frog,animal,land,blur,frog_01471
pixelated/frog/frog_pixelated_00149.png,frog,animal,land,pixelated,frog_01471
noise/frog/frog_noise_00149.png,frog,animal,land,noise,frog_01471
clean/truck/truck_clean_00143.png,truck,vehicle,land,clean,truck_01472
blur/truck/truck_blur_00143.png,truck,vehicle,land,blur,truck_01472
pixelated/truck/truck_pixelated_00143.png,truck,vehicle,land,pixelated,truck_01472
noise/truck/truck_noise_00143.png,truck,vehicle,land,noise,truck_01472
clean/airplane/airplane_clean_00145.png,airplane,vehicle,air,clean,airplane_01473
blur/airplane/airplane_blur_00145.png,airplane,vehicle,air,blur,airplane_01473
pixelated/airplane/airplane_pixelated_00145.png,airplane,vehicle,air,pixelated,airplane_01473
noise/airplane/airplane_noise_00145.png,airplane,vehicle,air,noise,airplane_01473
clean/cat/cat_clean_00169.png,cat,animal,land,clean,cat_01474
blur/cat/cat_blur_00169.png,cat,animal,land,blur,cat_01474
pixelated/cat/cat_pixelated_00169.png,cat,animal,land,pixelated,cat_01474
noise/cat/cat_noise_00169.png,cat,animal,land,noise,cat_01474
clean/frog/frog_clean_00150.png,frog,animal,land,clean,frog_01475
blur/frog/frog_blur_00150.png,frog,animal,land,blur,frog_01475
pixelated/frog/frog_pixelated_00150.png,frog,animal,land,pixelated,frog_01475
noise/frog/frog_noise_00150.png,frog,animal,land,noise,frog_01475
clean/airplane/airplane_clean_00146.png,airplane,vehicle,air,clean,airplane_01476
blur/airplane/airplane_blur_00146.png,airplane,vehicle,air,blur,airplane_01476
pixelated/airplane/airplane_pixelated_00146.png,airplane,vehicle,air,pixelated,airplane_01476
noise/airplane/airplane_noise_00146.png,airplane,vehicle,air,noise,airplane_01476
clean/frog/frog_clean_00151.png,frog,animal,land,clean,frog_01477
blur/frog/frog_blur_00151.png,frog,animal,land,blur,frog_01477
pixelated/frog/frog_pixelated_00151.png,frog,animal,land,pixelated,frog_01477
noise/frog/frog_noise_00151.png,frog,animal,land,noise,frog_01477
clean/automobile/automobile_clean_00132.png,automobile,vehicle,land,clean,automobile_01478
blur/automobile/automobile_blur_00132.png,automobile,vehicle,land,blur,automobile_01478
pixelated/automobile/automobile_pixelated_00132.png,automobile,vehicle,land,pixelated,automobile_01478
noise/automobile/automobile_noise_00132.png,automobile,vehicle,land,noise,automobile_01478
clean/truck/truck_clean_00144.png,truck,vehicle,land,clean,truck_01479
blur/truck/truck_blur_00144.png,truck,vehicle,land,blur,truck_01479
pixelated/truck/truck_pixelated_00144.png,truck,vehicle,land,pixelated,truck_01479
noise/truck/truck_noise_00144.png,truck,vehicle,land,noise,truck_01479
clean/deer/deer_clean_00164.png,deer,animal,land,clean,deer_01480
blur/deer/deer_blur_00164.png,deer,animal,land,blur,deer_01480
pixelated/deer/deer_pixelated_00164.png,deer,animal,land,pixelated,deer_01480
noise/deer/deer_noise_00164.png,deer,animal,land,noise,deer_01480
clean/airplane/airplane_clean_00147.png,airplane,vehicle,air,clean,airplane_01481
blur/airplane/airplane_blur_00147.png,airplane,vehicle,air,blur,airplane_01481
pixelated/airplane/airplane_pixelated_00147.png,airplane,vehicle,air,pixelated,airplane_01481
noise/airplane/airplane_noise_00147.png,airplane,vehicle,air,noise,airplane_01481
clean/automobile/automobile_clean_00133.png,automobile,vehicle,land,clean,automobile_01482
blur/automobile/automobile_blur_00133.png,automobile,vehicle,land,blur,automobile_01482
pixelated/automobile/automobile_pixelated_00133.png,automobile,vehicle,land,pixelated,automobile_01482
noise/automobile/automobile_noise_00133.png,automobile,vehicle,land,noise,automobile_01482
clean/automobile/automobile_clean_00134.png,automobile,vehicle,land,clean,automobile_01483
blur/automobile/automobile_blur_00134.png,automobile,vehicle,land,blur,automobile_01483
pixelated/automobile/automobile_pixelated_00134.png,automobile,vehicle,land,pixelated,automobile_01483
noise/automobile/automobile_noise_00134.png,automobile,vehicle,land,noise,automobile_01483
clean/truck/truck_clean_00145.png,truck,vehicle,land,clean,truck_01484
blur/truck/truck_blur_00145.png,truck,vehicle,land,blur,truck_01484
pixelated/truck/truck_pixelated_00145.png,truck,vehicle,land,pixelated,truck_01484
noise/truck/truck_noise_00145.png,truck,vehicle,land,noise,truck_01484
clean/automobile/automobile_clean_00135.png,automobile,vehicle,land,clean,automobile_01485
blur/automobile/automobile_blur_00135.png,automobile,vehicle,land,blur,automobile_01485
pixelated/automobile/automobile_pixelated_00135.png,automobile,vehicle,land,pixelated,automobile_01485
noise/automobile/automobile_noise_00135.png,automobile,vehicle,land,noise,automobile_01485
clean/dog/dog_clean_00152.png,dog,animal,land,clean,dog_01486
blur/dog/dog_blur_00152.png,dog,animal,land,blur,dog_01486
pixelated/dog/dog_pixelated_00152.png,dog,animal,land,pixelated,dog_01486
noise/dog/dog_noise_00152.png,dog,animal,land,noise,dog_01486
clean/ship/ship_clean_00147.png,ship,vehicle,water,clean,ship_01487
blur/ship/ship_blur_00147.png,ship,vehicle,water,blur,ship_01487
pixelated/ship/ship_pixelated_00147.png,ship,vehicle,water,pixelated,ship_01487
noise/ship/ship_noise_00147.png,ship,vehicle,water,noise,ship_01487
clean/dog/dog_clean_00153.png,dog,animal,land,clean,dog_01488
blur/dog/dog_blur_00153.png,dog,animal,land,blur,dog_01488
pixelated/dog/dog_pixelated_00153.png,dog,animal,land,pixelated,dog_01488
noise/dog/dog_noise_00153.png,dog,animal,land,noise,dog_01488
clean/deer/deer_clean_00165.png,deer,animal,land,clean,deer_01489
blur/deer/deer_blur_00165.png,deer,animal,land,blur,deer_01489
pixelated/deer/deer_pixelated_00165.png,deer,animal,land,pixelated,deer_01489
noise/deer/deer_noise_00165.png,deer,animal,land,noise,deer_01489
clean/airplane/airplane_clean_00148.png,airplane,vehicle,air,clean,airplane_01490
blur/airplane/airplane_blur_00148.png,airplane,vehicle,air,blur,airplane_01490
pixelated/airplane/airplane_pixelated_00148.png,airplane,vehicle,air,pixelated,airplane_01490
noise/airplane/airplane_noise_00148.png,airplane,vehicle,air,noise,airplane_01490
clean/bird/bird_clean_00142.png,bird,animal,air,clean,bird_01491
blur/bird/bird_blur_00142.png,bird,animal,air,blur,bird_01491
pixelated/bird/bird_pixelated_00142.png,bird,animal,air,pixelated,bird_01491
noise/bird/bird_noise_00142.png,bird,animal,air,noise,bird_01491
clean/cat/cat_clean_00170.png,cat,animal,land,clean,cat_01492
blur/cat/cat_blur_00170.png,cat,animal,land,blur,cat_01492
pixelated/cat/cat_pixelated_00170.png,cat,animal,land,pixelated,cat_01492
noise/cat/cat_noise_00170.png,cat,animal,land,noise,cat_01492
clean/deer/deer_clean_00166.png,deer,animal,land,clean,deer_01493
blur/deer/deer_blur_00166.png,deer,animal,land,blur,deer_01493
pixelated/deer/deer_pixelated_00166.png,deer,animal,land,pixelated,deer_01493
noise/deer/deer_noise_00166.png,deer,animal,land,noise,deer_01493
clean/dog/dog_clean_00154.png,dog,animal,land,clean,dog_01494
blur/dog/dog_blur_00154.png,dog,animal,land,blur,dog_01494
pixelated/dog/dog_pixelated_00154.png,dog,animal,land,pixelated,dog_01494
noise/dog/dog_noise_00154.png,dog,animal,land,noise,dog_01494
clean/airplane/airplane_clean_00149.png,airplane,vehicle,air,clean,airplane_01495
blur/airplane/airplane_blur_00149.png,airplane,vehicle,air,blur,airplane_01495
pixelated/airplane/airplane_pixelated_00149.png,airplane,vehicle,air,pixelated,airplane_01495
noise/airplane/airplane_noise_00149.png,airplane,vehicle,air,noise,airplane_01495
clean/deer/deer_clean_00167.png,deer,animal,land,clean,deer_01496
blur/deer/deer_blur_00167.png,deer,animal,land,blur,deer_01496
pixelated/deer/deer_pixelated_00167.png,deer,animal,land,pixelated,deer_01496
noise/deer/deer_noise_00167.png,deer,animal,land,noise,deer_01496
clean/truck/truck_clean_00146.png,truck,vehicle,land,clean,truck_01497
blur/truck/truck_blur_00146.png,truck,vehicle,land,blur,truck_01497
pixelated/truck/truck_pixelated_00146.png,truck,vehicle,land,pixelated,truck_01497
noise/truck/truck_noise_00146.png,truck,vehicle,land,noise,truck_01497
clean/bird/bird_clean_00143.png,bird,animal,air,clean,bird_01498
blur/bird/bird_blur_00143.png,bird,animal,air,blur,bird_01498
pixelated/bird/bird_pixelated_00143.png,bird,animal,air,pixelated,bird_01498
noise/bird/bird_noise_00143.png,bird,animal,air,noise,bird_01498
clean/dog/dog_clean_00155.png,dog,animal,land,clean,dog_01499
blur/dog/dog_blur_00155.png,dog,animal,land,blur,dog_01499
pixelated/dog/dog_pixelated_00155.png,dog,animal,land,pixelated,dog_01499
noise/dog/dog_noise_00155.png,dog,animal,land,noise,dog_01499
clean/bird/bird_clean_00144.png,bird,animal,air,clean,bird_01500
blur/bird/bird_blur_00144.png,bird,animal,air,blur,bird_01500
pixelated/bird/bird_pixelated_00144.png,bird,animal,air,pixelated,bird_01500
noise/bird/bird_noise_00144.png,bird,animal,air,noise,bird_01500
clean/airplane/airplane_clean_00150.png,airplane,vehicle,air,clean,airplane_01501
blur/airplane/airplane_blur_00150.png,airplane,vehicle,air,blur,airplane_01501
pixelated/airplane/airplane_pixelated_00150.png,airplane,vehicle,air,pixelated,airplane_01501
noise/airplane/airplane_noise_00150.png,airplane,vehicle,air,noise,airplane_01501
clean/cat/cat_clean_00171.png,cat,animal,land,clean,cat_01502
blur/cat/cat_blur_00171.png,cat,animal,land,blur,cat_01502
pixelated/cat/cat_pixelated_00171.png,cat,animal,land,pixelated,cat_01502
noise/cat/cat_noise_00171.png,cat,animal,land,noise,cat_01502
clean/airplane/airplane_clean_00151.png,airplane,vehicle,air,clean,airplane_01503
blur/airplane/airplane_blur_00151.png,airplane,vehicle,air,blur,airplane_01503
pixelated/airplane/airplane_pixelated_00151.png,airplane,vehicle,air,pixelated,airplane_01503
noise/airplane/airplane_noise_00151.png,airplane,vehicle,air,noise,airplane_01503
clean/deer/deer_clean_00168.png,deer,animal,land,clean,deer_01504
blur/deer/deer_blur_00168.png,deer,animal,land,blur,deer_01504
pixelated/deer/deer_pixelated_00168.png,deer,animal,land,pixelated,deer_01504
noise/deer/deer_noise_00168.png,deer,animal,land,noise,deer_01504
clean/dog/dog_clean_00156.png,dog,animal,land,clean,dog_01505
blur/dog/dog_blur_00156.png,dog,animal,land,blur,dog_01505
pixelated/dog/dog_pixelated_00156.png,dog,animal,land,pixelated,dog_01505
noise/dog/dog_noise_00156.png,dog,animal,land,noise,dog_01505
clean/truck/truck_clean_00147.png,truck,vehicle,land,clean,truck_01506
blur/truck/truck_blur_00147.png,truck,vehicle,land,blur,truck_01506
pixelated/truck/truck_pixelated_00147.png,truck,vehicle,land,pixelated,truck_01506
noise/truck/truck_noise_00147.png,truck,vehicle,land,noise,truck_01506
clean/horse/horse_clean_00137.png,horse,animal,land,clean,horse_01507
blur/horse/horse_blur_00137.png,horse,animal,land,blur,horse_01507
pixelated/horse/horse_pixelated_00137.png,horse,animal,land,pixelated,horse_01507
noise/horse/horse_noise_00137.png,horse,animal,land,noise,horse_01507
clean/airplane/airplane_clean_00152.png,airplane,vehicle,air,clean,airplane_01508
blur/airplane/airplane_blur_00152.png,airplane,vehicle,air,blur,airplane_01508
pixelated/airplane/airplane_pixelated_00152.png,airplane,vehicle,air,pixelated,airplane_01508
noise/airplane/airplane_noise_00152.png,airplane,vehicle,air,noise,airplane_01508
clean/airplane/airplane_clean_00153.png,airplane,vehicle,air,clean,airplane_01509
blur/airplane/airplane_blur_00153.png,airplane,vehicle,air,blur,airplane_01509
pixelated/airplane/airplane_pixelated_00153.png,airplane,vehicle,air,pixelated,airplane_01509
noise/airplane/airplane_noise_00153.png,airplane,vehicle,air,noise,airplane_01509
clean/automobile/automobile_clean_00136.png,automobile,vehicle,land,clean,automobile_01510
blur/automobile/automobile_blur_00136.png,automobile,vehicle,land,blur,automobile_01510
pixelated/automobile/automobile_pixelated_00136.png,automobile,vehicle,land,pixelated,automobile_01510
noise/automobile/automobile_noise_00136.png,automobile,vehicle,land,noise,automobile_01510
clean/truck/truck_clean_00148.png,truck,vehicle,land,clean,truck_01511
blur/truck/truck_blur_00148.png,truck,vehicle,land,blur,truck_01511
pixelated/truck/truck_pixelated_00148.png,truck,vehicle,land,pixelated,truck_01511
noise/truck/truck_noise_00148.png,truck,vehicle,land,noise,truck_01511
clean/deer/deer_clean_00169.png,deer,animal,land,clean,deer_01512
blur/deer/deer_blur_00169.png,deer,animal,land,blur,deer_01512
pixelated/deer/deer_pixelated_00169.png,deer,animal,land,pixelated,deer_01512
noise/deer/deer_noise_00169.png,deer,animal,land,noise,deer_01512
clean/horse/horse_clean_00138.png,horse,animal,land,clean,horse_01513
blur/horse/horse_blur_00138.png,horse,animal,land,blur,horse_01513
pixelated/horse/horse_pixelated_00138.png,horse,animal,land,pixelated,horse_01513
noise/horse/horse_noise_00138.png,horse,animal,land,noise,horse_01513
clean/bird/bird_clean_00145.png,bird,animal,air,clean,bird_01514
blur/bird/bird_blur_00145.png,bird,animal,air,blur,bird_01514
pixelated/bird/bird_pixelated_00145.png,bird,animal,air,pixelated,bird_01514
noise/bird/bird_noise_00145.png,bird,animal,air,noise,bird_01514
clean/automobile/automobile_clean_00137.png,automobile,vehicle,land,clean,automobile_01515
blur/automobile/automobile_blur_00137.png,automobile,vehicle,land,blur,automobile_01515
pixelated/automobile/automobile_pixelated_00137.png,automobile,vehicle,land,pixelated,automobile_01515
noise/automobile/automobile_noise_00137.png,automobile,vehicle,land,noise,automobile_01515
clean/truck/truck_clean_00149.png,truck,vehicle,land,clean,truck_01516
blur/truck/truck_blur_00149.png,truck,vehicle,land,blur,truck_01516
pixelated/truck/truck_pixelated_00149.png,truck,vehicle,land,pixelated,truck_01516
noise/truck/truck_noise_00149.png,truck,vehicle,land,noise,truck_01516
clean/horse/horse_clean_00139.png,horse,animal,land,clean,horse_01517
blur/horse/horse_blur_00139.png,horse,animal,land,blur,horse_01517
pixelated/horse/horse_pixelated_00139.png,horse,animal,land,pixelated,horse_01517
noise/horse/horse_noise_00139.png,horse,animal,land,noise,horse_01517
clean/dog/dog_clean_00157.png,dog,animal,land,clean,dog_01518
blur/dog/dog_blur_00157.png,dog,animal,land,blur,dog_01518
pixelated/dog/dog_pixelated_00157.png,dog,animal,land,pixelated,dog_01518
noise/dog/dog_noise_00157.png,dog,animal,land,noise,dog_01518
clean/bird/bird_clean_00146.png,bird,animal,air,clean,bird_01519
blur/bird/bird_blur_00146.png,bird,animal,air,blur,bird_01519
pixelated/bird/bird_pixelated_00146.png,bird,animal,air,pixelated,bird_01519
noise/bird/bird_noise_00146.png,bird,animal,air,noise,bird_01519
clean/ship/ship_clean_00148.png,ship,vehicle,water,clean,ship_01520
blur/ship/ship_blur_00148.png,ship,vehicle,water,blur,ship_01520
pixelated/ship/ship_pixelated_00148.png,ship,vehicle,water,pixelated,ship_01520
noise/ship/ship_noise_00148.png,ship,vehicle,water,noise,ship_01520
clean/ship/ship_clean_00149.png,ship,vehicle,water,clean,ship_01521
blur/ship/ship_blur_00149.png,ship,vehicle,water,blur,ship_01521
pixelated/ship/ship_pixelated_00149.png,ship,vehicle,water,pixelated,ship_01521
noise/ship/ship_noise_00149.png,ship,vehicle,water,noise,ship_01521
clean/deer/deer_clean_00170.png,deer,animal,land,clean,deer_01522
blur/deer/deer_blur_00170.png,deer,animal,land,blur,deer_01522
pixelated/deer/deer_pixelated_00170.png,deer,animal,land,pixelated,deer_01522
noise/deer/deer_noise_00170.png,deer,animal,land,noise,deer_01522
clean/horse/horse_clean_00140.png,horse,animal,land,clean,horse_01523
blur/horse/horse_blur_00140.png,horse,animal,land,blur,horse_01523
pixelated/horse/horse_pixelated_00140.png,horse,animal,land,pixelated,horse_01523
noise/horse/horse_noise_00140.png,horse,animal,land,noise,horse_01523
clean/automobile/automobile_clean_00138.png,automobile,vehicle,land,clean,automobile_01524
blur/automobile/automobile_blur_00138.png,automobile,vehicle,land,blur,automobile_01524
pixelated/automobile/automobile_pixelated_00138.png,automobile,vehicle,land,pixelated,automobile_01524
noise/automobile/automobile_noise_00138.png,automobile,vehicle,land,noise,automobile_01524
clean/ship/ship_clean_00150.png,ship,vehicle,water,clean,ship_01525
blur/ship/ship_blur_00150.png,ship,vehicle,water,blur,ship_01525
pixelated/ship/ship_pixelated_00150.png,ship,vehicle,water,pixelated,ship_01525
noise/ship/ship_noise_00150.png,ship,vehicle,water,noise,ship_01525
clean/truck/truck_clean_00150.png,truck,vehicle,land,clean,truck_01526
blur/truck/truck_blur_00150.png,truck,vehicle,land,blur,truck_01526
pixelated/truck/truck_pixelated_00150.png,truck,vehicle,land,pixelated,truck_01526
noise/truck/truck_noise_00150.png,truck,vehicle,land,noise,truck_01526
clean/bird/bird_clean_00147.png,bird,animal,air,clean,bird_01527
blur/bird/bird_blur_00147.png,bird,animal,air,blur,bird_01527
pixelated/bird/bird_pixelated_00147.png,bird,animal,air,pixelated,bird_01527
noise/bird/bird_noise_00147.png,bird,animal,air,noise,bird_01527
clean/truck/truck_clean_00151.png,truck,vehicle,land,clean,truck_01528
blur/truck/truck_blur_00151.png,truck,vehicle,land,blur,truck_01528
pixelated/truck/truck_pixelated_00151.png,truck,vehicle,land,pixelated,truck_01528
noise/truck/truck_noise_00151.png,truck,vehicle,land,noise,truck_01528
clean/airplane/airplane_clean_00154.png,airplane,vehicle,air,clean,airplane_01529
blur/airplane/airplane_blur_00154.png,airplane,vehicle,air,blur,airplane_01529
pixelated/airplane/airplane_pixelated_00154.png,airplane,vehicle,air,pixelated,airplane_01529
noise/airplane/airplane_noise_00154.png,airplane,vehicle,air,noise,airplane_01529
clean/bird/bird_clean_00148.png,bird,animal,air,clean,bird_01530
blur/bird/bird_blur_00148.png,bird,animal,air,blur,bird_01530
pixelated/bird/bird_pixelated_00148.png,bird,animal,air,pixelated,bird_01530
noise/bird/bird_noise_00148.png,bird,animal,air,noise,bird_01530
clean/horse/horse_clean_00141.png,horse,animal,land,clean,horse_01531
blur/horse/horse_blur_00141.png,horse,animal,land,blur,horse_01531
pixelated/horse/horse_pixelated_00141.png,horse,animal,land,pixelated,horse_01531
noise/horse/horse_noise_00141.png,horse,animal,land,noise,horse_01531
clean/automobile/automobile_clean_00139.png,automobile,vehicle,land,clean,automobile_01532
blur/automobile/automobile_blur_00139.png,automobile,vehicle,land,blur,automobile_01532
pixelated/automobile/automobile_pixelated_00139.png,automobile,vehicle,land,pixelated,automobile_01532
noise/automobile/automobile_noise_00139.png,automobile,vehicle,land,noise,automobile_01532
clean/deer/deer_clean_00171.png,deer,animal,land,clean,deer_01533
blur/deer/deer_blur_00171.png,deer,animal,land,blur,deer_01533
pixelated/deer/deer_pixelated_00171.png,deer,animal,land,pixelated,deer_01533
noise/deer/deer_noise_00171.png,deer,animal,land,noise,deer_01533
clean/truck/truck_clean_00152.png,truck,vehicle,land,clean,truck_01534
blur/truck/truck_blur_00152.png,truck,vehicle,land,blur,truck_01534
pixelated/truck/truck_pixelated_00152.png,truck,vehicle,land,pixelated,truck_01534
noise/truck/truck_noise_00152.png,truck,vehicle,land,noise,truck_01534
clean/cat/cat_clean_00172.png,cat,animal,land,clean,cat_01535
blur/cat/cat_blur_00172.png,cat,animal,land,blur,cat_01535
pixelated/cat/cat_pixelated_00172.png,cat,animal,land,pixelated,cat_01535
noise/cat/cat_noise_00172.png,cat,animal,land,noise,cat_01535
clean/airplane/airplane_clean_00155.png,airplane,vehicle,air,clean,airplane_01536
blur/airplane/airplane_blur_00155.png,airplane,vehicle,air,blur,airplane_01536
pixelated/airplane/airplane_pixelated_00155.png,airplane,vehicle,air,pixelated,airplane_01536
noise/airplane/airplane_noise_00155.png,airplane,vehicle,air,noise,airplane_01536
clean/dog/dog_clean_00158.png,dog,animal,land,clean,dog_01537
blur/dog/dog_blur_00158.png,dog,animal,land,blur,dog_01537
pixelated/dog/dog_pixelated_00158.png,dog,animal,land,pixelated,dog_01537
noise/dog/dog_noise_00158.png,dog,animal,land,noise,dog_01537
clean/dog/dog_clean_00159.png,dog,animal,land,clean,dog_01538
blur/dog/dog_blur_00159.png,dog,animal,land,blur,dog_01538
pixelated/dog/dog_pixelated_00159.png,dog,animal,land,pixelated,dog_01538
noise/dog/dog_noise_00159.png,dog,animal,land,noise,dog_01538
clean/frog/frog_clean_00152.png,frog,animal,land,clean,frog_01539
blur/frog/frog_blur_00152.png,frog,animal,land,blur,frog_01539
pixelated/frog/frog_pixelated_00152.png,frog,animal,land,pixelated,frog_01539
noise/frog/frog_noise_00152.png,frog,animal,land,noise,frog_01539
clean/automobile/automobile_clean_00140.png,automobile,vehicle,land,clean,automobile_01540
blur/automobile/automobile_blur_00140.png,automobile,vehicle,land,blur,automobile_01540
pixelated/automobile/automobile_pixelated_00140.png,automobile,vehicle,land,pixelated,automobile_01540
noise/automobile/automobile_noise_00140.png,automobile,vehicle,land,noise,automobile_01540
clean/deer/deer_clean_00172.png,deer,animal,land,clean,deer_01541
blur/deer/deer_blur_00172.png,deer,animal,land,blur,deer_01541
pixelated/deer/deer_pixelated_00172.png,deer,animal,land,pixelated,deer_01541
noise/deer/deer_noise_00172.png,deer,animal,land,noise,deer_01541
clean/cat/cat_clean_00173.png,cat,animal,land,clean,cat_01542
blur/cat/cat_blur_00173.png,cat,animal,land,blur,cat_01542
pixelated/cat/cat_pixelated_00173.png,cat,animal,land,pixelated,cat_01542
noise/cat/cat_noise_00173.png,cat,animal,land,noise,cat_01542
clean/truck/truck_clean_00153.png,truck,vehicle,land,clean,truck_01543
blur/truck/truck_blur_00153.png,truck,vehicle,land,blur,truck_01543
pixelated/truck/truck_pixelated_00153.png,truck,vehicle,land,pixelated,truck_01543
noise/truck/truck_noise_00153.png,truck,vehicle,land,noise,truck_01543
clean/airplane/airplane_clean_00156.png,airplane,vehicle,air,clean,airplane_01544
blur/airplane/airplane_blur_00156.png,airplane,vehicle,air,blur,airplane_01544
pixelated/airplane/airplane_pixelated_00156.png,airplane,vehicle,air,pixelated,airplane_01544
noise/airplane/airplane_noise_00156.png,airplane,vehicle,air,noise,airplane_01544
clean/horse/horse_clean_00142.png,horse,animal,land,clean,horse_01545
blur/horse/horse_blur_00142.png,horse,animal,land,blur,horse_01545
pixelated/horse/horse_pixelated_00142.png,horse,animal,land,pixelated,horse_01545
noise/horse/horse_noise_00142.png,horse,animal,land,noise,horse_01545
clean/automobile/automobile_clean_00141.png,automobile,vehicle,land,clean,automobile_01546
blur/automobile/automobile_blur_00141.png,automobile,vehicle,land,blur,automobile_01546
pixelated/automobile/automobile_pixelated_00141.png,automobile,vehicle,land,pixelated,automobile_01546
noise/automobile/automobile_noise_00141.png,automobile,vehicle,land,noise,automobile_01546
clean/horse/horse_clean_00143.png,horse,animal,land,clean,horse_01547
blur/horse/horse_blur_00143.png,horse,animal,land,blur,horse_01547
pixelated/horse/horse_pixelated_00143.png,horse,animal,land,pixelated,horse_01547
noise/horse/horse_noise_00143.png,horse,animal,land,noise,horse_01547
clean/airplane/airplane_clean_00157.png,airplane,vehicle,air,clean,airplane_01548
blur/airplane/airplane_blur_00157.png,airplane,vehicle,air,blur,airplane_01548
pixelated/airplane/airplane_pixelated_00157.png,airplane,vehicle,air,pixelated,airplane_01548
noise/airplane/airplane_noise_00157.png,airplane,vehicle,air,noise,airplane_01548
clean/airplane/airplane_clean_00158.png,airplane,vehicle,air,clean,airplane_01549
blur/airplane/airplane_blur_00158.png,airplane,vehicle,air,blur,airplane_01549
pixelated/airplane/airplane_pixelated_00158.png,airplane,vehicle,air,pixelated,airplane_01549
noise/airplane/airplane_noise_00158.png,airplane,vehicle,air,noise,airplane_01549
clean/truck/truck_clean_00154.png,truck,vehicle,land,clean,truck_01550
blur/truck/truck_blur_00154.png,truck,vehicle,land,blur,truck_01550
pixelated/truck/truck_pixelated_00154.png,truck,vehicle,land,pixelated,truck_01550
noise/truck/truck_noise_00154.png,truck,vehicle,land,noise,truck_01550
clean/automobile/automobile_clean_00142.png,automobile,vehicle,land,clean,automobile_01551
blur/automobile/automobile_blur_00142.png,automobile,vehicle,land,blur,automobile_01551
pixelated/automobile/automobile_pixelated_00142.png,automobile,vehicle,land,pixelated,automobile_01551
noise/automobile/automobile_noise_00142.png,automobile,vehicle,land,noise,automobile_01551
clean/truck/truck_clean_00155.png,truck,vehicle,land,clean,truck_01552
blur/truck/truck_blur_00155.png,truck,vehicle,land,blur,truck_01552
pixelated/truck/truck_pixelated_00155.png,truck,vehicle,land,pixelated,truck_01552
noise/truck/truck_noise_00155.png,truck,vehicle,land,noise,truck_01552
clean/horse/horse_clean_00144.png,horse,animal,land,clean,horse_01553
blur/horse/horse_blur_00144.png,horse,animal,land,blur,horse_01553
pixelated/horse/horse_pixelated_00144.png,horse,animal,land,pixelated,horse_01553
noise/horse/horse_noise_00144.png,horse,animal,land,noise,horse_01553
clean/bird/bird_clean_00149.png,bird,animal,air,clean,bird_01554
blur/bird/bird_blur_00149.png,bird,animal,air,blur,bird_01554
pixelated/bird/bird_pixelated_00149.png,bird,animal,air,pixelated,bird_01554
noise/bird/bird_noise_00149.png,bird,animal,air,noise,bird_01554
clean/ship/ship_clean_00151.png,ship,vehicle,water,clean,ship_01555
blur/ship/ship_blur_00151.png,ship,vehicle,water,blur,ship_01555
pixelated/ship/ship_pixelated_00151.png,ship,vehicle,water,pixelated,ship_01555
noise/ship/ship_noise_00151.png,ship,vehicle,water,noise,ship_01555
clean/airplane/airplane_clean_00159.png,airplane,vehicle,air,clean,airplane_01556
blur/airplane/airplane_blur_00159.png,airplane,vehicle,air,blur,airplane_01556
pixelated/airplane/airplane_pixelated_00159.png,airplane,vehicle,air,pixelated,airplane_01556
noise/airplane/airplane_noise_00159.png,airplane,vehicle,air,noise,airplane_01556
clean/dog/dog_clean_00160.png,dog,animal,land,clean,dog_01557
blur/dog/dog_blur_00160.png,dog,animal,land,blur,dog_01557
pixelated/dog/dog_pixelated_00160.png,dog,animal,land,pixelated,dog_01557
noise/dog/dog_noise_00160.png,dog,animal,land,noise,dog_01557
clean/ship/ship_clean_00152.png,ship,vehicle,water,clean,ship_01558
blur/ship/ship_blur_00152.png,ship,vehicle,water,blur,ship_01558
pixelated/ship/ship_pixelated_00152.png,ship,vehicle,water,pixelated,ship_01558
noise/ship/ship_noise_00152.png,ship,vehicle,water,noise,ship_01558
clean/ship/ship_clean_00153.png,ship,vehicle,water,clean,ship_01559
blur/ship/ship_blur_00153.png,ship,vehicle,water,blur,ship_01559
pixelated/ship/ship_pixelated_00153.png,ship,vehicle,water,pixelated,ship_01559
noise/ship/ship_noise_00153.png,ship,vehicle,water,noise,ship_01559
clean/dog/dog_clean_00161.png,dog,animal,land,clean,dog_01560
blur/dog/dog_blur_00161.png,dog,animal,land,blur,dog_01560
pixelated/dog/dog_pixelated_00161.png,dog,animal,land,pixelated,dog_01560
noise/dog/dog_noise_00161.png,dog,animal,land,noise,dog_01560
clean/cat/cat_clean_00174.png,cat,animal,land,clean,cat_01561
blur/cat/cat_blur_00174.png,cat,animal,land,blur,cat_01561
pixelated/cat/cat_pixelated_00174.png,cat,animal,land,pixelated,cat_01561
noise/cat/cat_noise_00174.png,cat,animal,land,noise,cat_01561
clean/dog/dog_clean_00162.png,dog,animal,land,clean,dog_01562
blur/dog/dog_blur_00162.png,dog,animal,land,blur,dog_01562
pixelated/dog/dog_pixelated_00162.png,dog,animal,land,pixelated,dog_01562
noise/dog/dog_noise_00162.png,dog,animal,land,noise,dog_01562
clean/horse/horse_clean_00145.png,horse,animal,land,clean,horse_01563
blur/horse/horse_blur_00145.png,horse,animal,land,blur,horse_01563
pixelated/horse/horse_pixelated_00145.png,horse,animal,land,pixelated,horse_01563
noise/horse/horse_noise_00145.png,horse,animal,land,noise,horse_01563
clean/cat/cat_clean_00175.png,cat,animal,land,clean,cat_01564
blur/cat/cat_blur_00175.png,cat,animal,land,blur,cat_01564
pixelated/cat/cat_pixelated_00175.png,cat,animal,land,pixelated,cat_01564
noise/cat/cat_noise_00175.png,cat,animal,land,noise,cat_01564
clean/horse/horse_clean_00146.png,horse,animal,land,clean,horse_01565
blur/horse/horse_blur_00146.png,horse,animal,land,blur,horse_01565
pixelated/horse/horse_pixelated_00146.png,horse,animal,land,pixelated,horse_01565
noise/horse/horse_noise_00146.png,horse,animal,land,noise,horse_01565
clean/cat/cat_clean_00176.png,cat,animal,land,clean,cat_01566
blur/cat/cat_blur_00176.png,cat,animal,land,blur,cat_01566
pixelated/cat/cat_pixelated_00176.png,cat,animal,land,pixelated,cat_01566
noise/cat/cat_noise_00176.png,cat,animal,land,noise,cat_01566
clean/bird/bird_clean_00150.png,bird,animal,air,clean,bird_01567
blur/bird/bird_blur_00150.png,bird,animal,air,blur,bird_01567
pixelated/bird/bird_pixelated_00150.png,bird,animal,air,pixelated,bird_01567
noise/bird/bird_noise_00150.png,bird,animal,air,noise,bird_01567
clean/cat/cat_clean_00177.png,cat,animal,land,clean,cat_01568
blur/cat/cat_blur_00177.png,cat,animal,land,blur,cat_01568
pixelated/cat/cat_pixelated_00177.png,cat,animal,land,pixelated,cat_01568
noise/cat/cat_noise_00177.png,cat,animal,land,noise,cat_01568
clean/frog/frog_clean_00153.png,frog,animal,land,clean,frog_01569
blur/frog/frog_blur_00153.png,frog,animal,land,blur,frog_01569
pixelated/frog/frog_pixelated_00153.png,frog,animal,land,pixelated,frog_01569
noise/frog/frog_noise_00153.png,frog,animal,land,noise,frog_01569
clean/truck/truck_clean_00156.png,truck,vehicle,land,clean,truck_01570
blur/truck/truck_blur_00156.png,truck,vehicle,land,blur,truck_01570
pixelated/truck/truck_pixelated_00156.png,truck,vehicle,land,pixelated,truck_01570
noise/truck/truck_noise_00156.png,truck,vehicle,land,noise,truck_01570
clean/frog/frog_clean_00154.png,frog,animal,land,clean,frog_01571
blur/frog/frog_blur_00154.png,frog,animal,land,blur,frog_01571
pixelated/frog/frog_pixelated_00154.png,frog,animal,land,pixelated,frog_01571
noise/frog/frog_noise_00154.png,frog,animal,land,noise,frog_01571
clean/bird/bird_clean_00151.png,bird,animal,air,clean,bird_01572
blur/bird/bird_blur_00151.png,bird,animal,air,blur,bird_01572
pixelated/bird/bird_pixelated_00151.png,bird,animal,air,pixelated,bird_01572
noise/bird/bird_noise_00151.png,bird,animal,air,noise,bird_01572
clean/cat/cat_clean_00178.png,cat,animal,land,clean,cat_01573
blur/cat/cat_blur_00178.png,cat,animal,land,blur,cat_01573
pixelated/cat/cat_pixelated_00178.png,cat,animal,land,pixelated,cat_01573
noise/cat/cat_noise_00178.png,cat,animal,land,noise,cat_01573
clean/truck/truck_clean_00157.png,truck,vehicle,land,clean,truck_01574
blur/truck/truck_blur_00157.png,truck,vehicle,land,blur,truck_01574
pixelated/truck/truck_pixelated_00157.png,truck,vehicle,land,pixelated,truck_01574
noise/truck/truck_noise_00157.png,truck,vehicle,land,noise,truck_01574
clean/automobile/automobile_clean_00143.png,automobile,vehicle,land,clean,automobile_01575
blur/automobile/automobile_blur_00143.png,automobile,vehicle,land,blur,automobile_01575
pixelated/automobile/automobile_pixelated_00143.png,automobile,vehicle,land,pixelated,automobile_01575
noise/automobile/automobile_noise_00143.png,automobile,vehicle,land,noise,automobile_01575
clean/airplane/airplane_clean_00160.png,airplane,vehicle,air,clean,airplane_01576
blur/airplane/airplane_blur_00160.png,airplane,vehicle,air,blur,airplane_01576
pixelated/airplane/airplane_pixelated_00160.png,airplane,vehicle,air,pixelated,airplane_01576
noise/airplane/airplane_noise_00160.png,airplane,vehicle,air,noise,airplane_01576
clean/airplane/airplane_clean_00161.png,airplane,vehicle,air,clean,airplane_01577
blur/airplane/airplane_blur_00161.png,airplane,vehicle,air,blur,airplane_01577
pixelated/airplane/airplane_pixelated_00161.png,airplane,vehicle,air,pixelated,airplane_01577
noise/airplane/airplane_noise_00161.png,airplane,vehicle,air,noise,airplane_01577
clean/automobile/automobile_clean_00144.png,automobile,vehicle,land,clean,automobile_01578
blur/automobile/automobile_blur_00144.png,automobile,vehicle,land,blur,automobile_01578
pixelated/automobile/automobile_pixelated_00144.png,automobile,vehicle,land,pixelated,automobile_01578
noise/automobile/automobile_noise_00144.png,automobile,vehicle,land,noise,automobile_01578
clean/dog/dog_clean_00163.png,dog,animal,land,clean,dog_01579
blur/dog/dog_blur_00163.png,dog,animal,land,blur,dog_01579
pixelated/dog/dog_pixelated_00163.png,dog,animal,land,pixelated,dog_01579
noise/dog/dog_noise_00163.png,dog,animal,land,noise,dog_01579
clean/dog/dog_clean_00164.png,dog,animal,land,clean,dog_01580
blur/dog/dog_blur_00164.png,dog,animal,land,blur,dog_01580
pixelated/dog/dog_pixelated_00164.png,dog,animal,land,pixelated,dog_01580
noise/dog/dog_noise_00164.png,dog,animal,land,noise,dog_01580
clean/deer/deer_clean_00173.png,deer,animal,land,clean,deer_01581
blur/deer/deer_blur_00173.png,deer,animal,land,blur,deer_01581
pixelated/deer/deer_pixelated_00173.png,deer,animal,land,pixelated,deer_01581
noise/deer/deer_noise_00173.png,deer,animal,land,noise,deer_01581
clean/dog/dog_clean_00165.png,dog,animal,land,clean,dog_01582
blur/dog/dog_blur_00165.png,dog,animal,land,blur,dog_01582
pixelated/dog/dog_pixelated_00165.png,dog,animal,land,pixelated,dog_01582
noise/dog/dog_noise_00165.png,dog,animal,land,noise,dog_01582
clean/dog/dog_clean_00166.png,dog,animal,land,clean,dog_01583
blur/dog/dog_blur_00166.png,dog,animal,land,blur,dog_01583
pixelated/dog/dog_pixelated_00166.png,dog,animal,land,pixelated,dog_01583
noise/dog/dog_noise_00166.png,dog,animal,land,noise,dog_01583
clean/ship/ship_clean_00154.png,ship,vehicle,water,clean,ship_01584
blur/ship/ship_blur_00154.png,ship,vehicle,water,blur,ship_01584
pixelated/ship/ship_pixelated_00154.png,ship,vehicle,water,pixelated,ship_01584
noise/ship/ship_noise_00154.png,ship,vehicle,water,noise,ship_01584
clean/deer/deer_clean_00174.png,deer,animal,land,clean,deer_01585
blur/deer/deer_blur_00174.png,deer,animal,land,blur,deer_01585
pixelated/deer/deer_pixelated_00174.png,deer,animal,land,pixelated,deer_01585
noise/deer/deer_noise_00174.png,deer,animal,land,noise,deer_01585
clean/dog/dog_clean_00167.png,dog,animal,land,clean,dog_01586
blur/dog/dog_blur_00167.png,dog,animal,land,blur,dog_01586
pixelated/dog/dog_pixelated_00167.png,dog,animal,land,pixelated,dog_01586
noise/dog/dog_noise_00167.png,dog,animal,land,noise,dog_01586
clean/airplane/airplane_clean_00162.png,airplane,vehicle,air,clean,airplane_01587
blur/airplane/airplane_blur_00162.png,airplane,vehicle,air,blur,airplane_01587
pixelated/airplane/airplane_pixelated_00162.png,airplane,vehicle,air,pixelated,airplane_01587
noise/airplane/airplane_noise_00162.png,airplane,vehicle,air,noise,airplane_01587
clean/airplane/airplane_clean_00163.png,airplane,vehicle,air,clean,airplane_01588
blur/airplane/airplane_blur_00163.png,airplane,vehicle,air,blur,airplane_01588
pixelated/airplane/airplane_pixelated_00163.png,airplane,vehicle,air,pixelated,airplane_01588
noise/airplane/airplane_noise_00163.png,airplane,vehicle,air,noise,airplane_01588
clean/dog/dog_clean_00168.png,dog,animal,land,clean,dog_01589
blur/dog/dog_blur_00168.png,dog,animal,land,blur,dog_01589
pixelated/dog/dog_pixelated_00168.png,dog,animal,land,pixelated,dog_01589
noise/dog/dog_noise_00168.png,dog,animal,land,noise,dog_01589
clean/bird/bird_clean_00152.png,bird,animal,air,clean,bird_01590
blur/bird/bird_blur_00152.png,bird,animal,air,blur,bird_01590
pixelated/bird/bird_pixelated_00152.png,bird,animal,air,pixelated,bird_01590
noise/bird/bird_noise_00152.png,bird,animal,air,noise,bird_01590
clean/deer/deer_clean_00175.png,deer,animal,land,clean,deer_01591
blur/deer/deer_blur_00175.png,deer,animal,land,blur,deer_01591
pixelated/deer/deer_pixelated_00175.png,deer,animal,land,pixelated,deer_01591
noise/deer/deer_noise_00175.png,deer,animal,land,noise,deer_01591
clean/frog/frog_clean_00155.png,frog,animal,land,clean,frog_01592
blur/frog/frog_blur_00155.png,frog,animal,land,blur,frog_01592
pixelated/frog/frog_pixelated_00155.png,frog,animal,land,pixelated,frog_01592
noise/frog/frog_noise_00155.png,frog,animal,land,noise,frog_01592
clean/bird/bird_clean_00153.png,bird,animal,air,clean,bird_01593
blur/bird/bird_blur_00153.png,bird,animal,air,blur,bird_01593
pixelated/bird/bird_pixelated_00153.png,bird,animal,air,pixelated,bird_01593
noise/bird/bird_noise_00153.png,bird,animal,air,noise,bird_01593
clean/bird/bird_clean_00154.png,bird,animal,air,clean,bird_01594
blur/bird/bird_blur_00154.png,bird,animal,air,blur,bird_01594
pixelated/bird/bird_pixelated_00154.png,bird,animal,air,pixelated,bird_01594
noise/bird/bird_noise_00154.png,bird,animal,air,noise,bird_01594
clean/horse/horse_clean_00147.png,horse,animal,land,clean,horse_01595
blur/horse/horse_blur_00147.png,horse,animal,land,blur,horse_01595
pixelated/horse/horse_pixelated_00147.png,horse,animal,land,pixelated,horse_01595
noise/horse/horse_noise_00147.png,horse,animal,land,noise,horse_01595
clean/bird/bird_clean_00155.png,bird,animal,air,clean,bird_01596
blur/bird/bird_blur_00155.png,bird,animal,air,blur,bird_01596
pixelated/bird/bird_pixelated_00155.png,bird,animal,air,pixelated,bird_01596
noise/bird/bird_noise_00155.png,bird,animal,air,noise,bird_01596
clean/cat/cat_clean_00179.png,cat,animal,land,clean,cat_01597
blur/cat/cat_blur_00179.png,cat,animal,land,blur,cat_01597
pixelated/cat/cat_pixelated_00179.png,cat,animal,land,pixelated,cat_01597
noise/cat/cat_noise_00179.png,cat,animal,land,noise,cat_01597
clean/horse/horse_clean_00148.png,horse,animal,land,clean,horse_01598
blur/horse/horse_blur_00148.png,horse,animal,land,blur,horse_01598
pixelated/horse/horse_pixelated_00148.png,horse,animal,land,pixelated,horse_01598
noise/horse/horse_noise_00148.png,horse,animal,land,noise,horse_01598
clean/bird/bird_clean_00156.png,bird,animal,air,clean,bird_01599
blur/bird/bird_blur_00156.png,bird,animal,air,blur,bird_01599
pixelated/bird/bird_pixelated_00156.png,bird,animal,air,pixelated,bird_01599
noise/bird/bird_noise_00156.png,bird,animal,air,noise,bird_01599
clean/horse/horse_clean_00149.png,horse,animal,land,clean,horse_01600
blur/horse/horse_blur_00149.png,horse,animal,land,blur,horse_01600
pixelated/horse/horse_pixelated_00149.png,horse,animal,land,pixelated,horse_01600
noise/horse/horse_noise_00149.png,horse,animal,land,noise,horse_01600
clean/truck/truck_clean_00158.png,truck,vehicle,land,clean,truck_01601
blur/truck/truck_blur_00158.png,truck,vehicle,land,blur,truck_01601
pixelated/truck/truck_pixelated_00158.png,truck,vehicle,land,pixelated,truck_01601
noise/truck/truck_noise_00158.png,truck,vehicle,land,noise,truck_01601
clean/truck/truck_clean_00159.png,truck,vehicle,land,clean,truck_01602
blur/truck/truck_blur_00159.png,truck,vehicle,land,blur,truck_01602
pixelated/truck/truck_pixelated_00159.png,truck,vehicle,land,pixelated,truck_01602
noise/truck/truck_noise_00159.png,truck,vehicle,land,noise,truck_01602
clean/bird/bird_clean_00157.png,bird,animal,air,clean,bird_01603
blur/bird/bird_blur_00157.png,bird,animal,air,blur,bird_01603
pixelated/bird/bird_pixelated_00157.png,bird,animal,air,pixelated,bird_01603
noise/bird/bird_noise_00157.png,bird,animal,air,noise,bird_01603
clean/dog/dog_clean_00169.png,dog,animal,land,clean,dog_01604
blur/dog/dog_blur_00169.png,dog,animal,land,blur,dog_01604
pixelated/dog/dog_pixelated_00169.png,dog,animal,land,pixelated,dog_01604
noise/dog/dog_noise_00169.png,dog,animal,land,noise,dog_01604
clean/automobile/automobile_clean_00145.png,automobile,vehicle,land,clean,automobile_01605
blur/automobile/automobile_blur_00145.png,automobile,vehicle,land,blur,automobile_01605
pixelated/automobile/automobile_pixelated_00145.png,automobile,vehicle,land,pixelated,automobile_01605
noise/automobile/automobile_noise_00145.png,automobile,vehicle,land,noise,automobile_01605
clean/airplane/airplane_clean_00164.png,airplane,vehicle,air,clean,airplane_01606
blur/airplane/airplane_blur_00164.png,airplane,vehicle,air,blur,airplane_01606
pixelated/airplane/airplane_pixelated_00164.png,airplane,vehicle,air,pixelated,airplane_01606
noise/airplane/airplane_noise_00164.png,airplane,vehicle,air,noise,airplane_01606
clean/horse/horse_clean_00150.png,horse,animal,land,clean,horse_01607
blur/horse/horse_blur_00150.png,horse,animal,land,blur,horse_01607
pixelated/horse/horse_pixelated_00150.png,horse,animal,land,pixelated,horse_01607
noise/horse/horse_noise_00150.png,horse,animal,land,noise,horse_01607
clean/dog/dog_clean_00170.png,dog,animal,land,clean,dog_01608
blur/dog/dog_blur_00170.png,dog,animal,land,blur,dog_01608
pixelated/dog/dog_pixelated_00170.png,dog,animal,land,pixelated,dog_01608
noise/dog/dog_noise_00170.png,dog,animal,land,noise,dog_01608
clean/ship/ship_clean_00155.png,ship,vehicle,water,clean,ship_01609
blur/ship/ship_blur_00155.png,ship,vehicle,water,blur,ship_01609
pixelated/ship/ship_pixelated_00155.png,ship,vehicle,water,pixelated,ship_01609
noise/ship/ship_noise_00155.png,ship,vehicle,water,noise,ship_01609
clean/ship/ship_clean_00156.png,ship,vehicle,water,clean,ship_01610
blur/ship/ship_blur_00156.png,ship,vehicle,water,blur,ship_01610
pixelated/ship/ship_pixelated_00156.png,ship,vehicle,water,pixelated,ship_01610
noise/ship/ship_noise_00156.png,ship,vehicle,water,noise,ship_01610
clean/ship/ship_clean_00157.png,ship,vehicle,water,clean,ship_01611
blur/ship/ship_blur_00157.png,ship,vehicle,water,blur,ship_01611
pixelated/ship/ship_pixelated_00157.png,ship,vehicle,water,pixelated,ship_01611
noise/ship/ship_noise_00157.png,ship,vehicle,water,noise,ship_01611
clean/automobile/automobile_clean_00146.png,automobile,vehicle,land,clean,automobile_01612
blur/automobile/automobile_blur_00146.png,automobile,vehicle,land,blur,automobile_01612
pixelated/automobile/automobile_pixelated_00146.png,automobile,vehicle,land,pixelated,automobile_01612
noise/automobile/automobile_noise_00146.png,automobile,vehicle,land,noise,automobile_01612
clean/cat/cat_clean_00180.png,cat,animal,land,clean,cat_01613
blur/cat/cat_blur_00180.png,cat,animal,land,blur,cat_01613
pixelated/cat/cat_pixelated_00180.png,cat,animal,land,pixelated,cat_01613
noise/cat/cat_noise_00180.png,cat,animal,land,noise,cat_01613
clean/horse/horse_clean_00151.png,horse,animal,land,clean,horse_01614
blur/horse/horse_blur_00151.png,horse,animal,land,blur,horse_01614
pixelated/horse/horse_pixelated_00151.png,horse,animal,land,pixelated,horse_01614
noise/horse/horse_noise_00151.png,horse,animal,land,noise,horse_01614
clean/bird/bird_clean_00158.png,bird,animal,air,clean,bird_01615
blur/bird/bird_blur_00158.png,bird,animal,air,blur,bird_01615
pixelated/bird/bird_pixelated_00158.png,bird,animal,air,pixelated,bird_01615
noise/bird/bird_noise_00158.png,bird,animal,air,noise,bird_01615
clean/automobile/automobile_clean_00147.png,automobile,vehicle,land,clean,automobile_01616
blur/automobile/automobile_blur_00147.png,automobile,vehicle,land,blur,automobile_01616
pixelated/automobile/automobile_pixelated_00147.png,automobile,vehicle,land,pixelated,automobile_01616
noise/automobile/automobile_noise_00147.png,automobile,vehicle,land,noise,automobile_01616
clean/horse/horse_clean_00152.png,horse,animal,land,clean,horse_01617
blur/horse/horse_blur_00152.png,horse,animal,land,blur,horse_01617
pixelated/horse/horse_pixelated_00152.png,horse,animal,land,pixelated,horse_01617
noise/horse/horse_noise_00152.png,horse,animal,land,noise,horse_01617
clean/frog/frog_clean_00156.png,frog,animal,land,clean,frog_01618
blur/frog/frog_blur_00156.png,frog,animal,land,blur,frog_01618
pixelated/frog/frog_pixelated_00156.png,frog,animal,land,pixelated,frog_01618
noise/frog/frog_noise_00156.png,frog,animal,land,noise,frog_01618
clean/truck/truck_clean_00160.png,truck,vehicle,land,clean,truck_01619
blur/truck/truck_blur_00160.png,truck,vehicle,land,blur,truck_01619
pixelated/truck/truck_pixelated_00160.png,truck,vehicle,land,pixelated,truck_01619
noise/truck/truck_noise_00160.png,truck,vehicle,land,noise,truck_01619
clean/bird/bird_clean_00159.png,bird,animal,air,clean,bird_01620
blur/bird/bird_blur_00159.png,bird,animal,air,blur,bird_01620
pixelated/bird/bird_pixelated_00159.png,bird,animal,air,pixelated,bird_01620
noise/bird/bird_noise_00159.png,bird,animal,air,noise,bird_01620
clean/ship/ship_clean_00158.png,ship,vehicle,water,clean,ship_01621
blur/ship/ship_blur_00158.png,ship,vehicle,water,blur,ship_01621
pixelated/ship/ship_pixelated_00158.png,ship,vehicle,water,pixelated,ship_01621
noise/ship/ship_noise_00158.png,ship,vehicle,water,noise,ship_01621
clean/horse/horse_clean_00153.png,horse,animal,land,clean,horse_01622
blur/horse/horse_blur_00153.png,horse,animal,land,blur,horse_01622
pixelated/horse/horse_pixelated_00153.png,horse,animal,land,pixelated,horse_01622
noise/horse/horse_noise_00153.png,horse,animal,land,noise,horse_01622
clean/bird/bird_clean_00160.png,bird,animal,air,clean,bird_01623
blur/bird/bird_blur_00160.png,bird,animal,air,blur,bird_01623
pixelated/bird/bird_pixelated_00160.png,bird,animal,air,pixelated,bird_01623
noise/bird/bird_noise_00160.png,bird,animal,air,noise,bird_01623
clean/horse/horse_clean_00154.png,horse,animal,land,clean,horse_01624
blur/horse/horse_blur_00154.png,horse,animal,land,blur,horse_01624
pixelated/horse/horse_pixelated_00154.png,horse,animal,land,pixelated,horse_01624
noise/horse/horse_noise_00154.png,horse,animal,land,noise,horse_01624
clean/deer/deer_clean_00176.png,deer,animal,land,clean,deer_01625
blur/deer/deer_blur_00176.png,deer,animal,land,blur,deer_01625
pixelated/deer/deer_pixelated_00176.png,deer,animal,land,pixelated,deer_01625
noise/deer/deer_noise_00176.png,deer,animal,land,noise,deer_01625
clean/automobile/automobile_clean_00148.png,automobile,vehicle,land,clean,automobile_01626
blur/automobile/automobile_blur_00148.png,automobile,vehicle,land,blur,automobile_01626
pixelated/automobile/automobile_pixelated_00148.png,automobile,vehicle,land,pixelated,automobile_01626
noise/automobile/automobile_noise_00148.png,automobile,vehicle,land,noise,automobile_01626
clean/cat/cat_clean_00181.png,cat,animal,land,clean,cat_01627
blur/cat/cat_blur_00181.png,cat,animal,land,blur,cat_01627
pixelated/cat/cat_pixelated_00181.png,cat,animal,land,pixelated,cat_01627
noise/cat/cat_noise_00181.png,cat,animal,land,noise,cat_01627
clean/bird/bird_clean_00161.png,bird,animal,air,clean,bird_01628
blur/bird/bird_blur_00161.png,bird,animal,air,blur,bird_01628
pixelated/bird/bird_pixelated_00161.png,bird,animal,air,pixelated,bird_01628
noise/bird/bird_noise_00161.png,bird,animal,air,noise,bird_01628
clean/automobile/automobile_clean_00149.png,automobile,vehicle,land,clean,automobile_01629
blur/automobile/automobile_blur_00149.png,automobile,vehicle,land,blur,automobile_01629
pixelated/automobile/automobile_pixelated_00149.png,automobile,vehicle,land,pixelated,automobile_01629
noise/automobile/automobile_noise_00149.png,automobile,vehicle,land,noise,automobile_01629
clean/horse/horse_clean_00155.png,horse,animal,land,clean,horse_01630
blur/horse/horse_blur_00155.png,horse,animal,land,blur,horse_01630
pixelated/horse/horse_pixelated_00155.png,horse,animal,land,pixelated,horse_01630
noise/horse/horse_noise_00155.png,horse,animal,land,noise,horse_01630
clean/automobile/automobile_clean_00150.png,automobile,vehicle,land,clean,automobile_01631
blur/automobile/automobile_blur_00150.png,automobile,vehicle,land,blur,automobile_01631
pixelated/automobile/automobile_pixelated_00150.png,automobile,vehicle,land,pixelated,automobile_01631
noise/automobile/automobile_noise_00150.png,automobile,vehicle,land,noise,automobile_01631
clean/bird/bird_clean_00162.png,bird,animal,air,clean,bird_01632
blur/bird/bird_blur_00162.png,bird,animal,air,blur,bird_01632
pixelated/bird/bird_pixelated_00162.png,bird,animal,air,pixelated,bird_01632
noise/bird/bird_noise_00162.png,bird,animal,air,noise,bird_01632
clean/automobile/automobile_clean_00151.png,automobile,vehicle,land,clean,automobile_01633
blur/automobile/automobile_blur_00151.png,automobile,vehicle,land,blur,automobile_01633
pixelated/automobile/automobile_pixelated_00151.png,automobile,vehicle,land,pixelated,automobile_01633
noise/automobile/automobile_noise_00151.png,automobile,vehicle,land,noise,automobile_01633
clean/automobile/automobile_clean_00152.png,automobile,vehicle,land,clean,automobile_01634
blur/automobile/automobile_blur_00152.png,automobile,vehicle,land,blur,automobile_01634
pixelated/automobile/automobile_pixelated_00152.png,automobile,vehicle,land,pixelated,automobile_01634
noise/automobile/automobile_noise_00152.png,automobile,vehicle,land,noise,automobile_01634
clean/horse/horse_clean_00156.png,horse,animal,land,clean,horse_01635
blur/horse/horse_blur_00156.png,horse,animal,land,blur,horse_01635
pixelated/horse/horse_pixelated_00156.png,horse,animal,land,pixelated,horse_01635
noise/horse/horse_noise_00156.png,horse,animal,land,noise,horse_01635
clean/airplane/airplane_clean_00165.png,airplane,vehicle,air,clean,airplane_01636
blur/airplane/airplane_blur_00165.png,airplane,vehicle,air,blur,airplane_01636
pixelated/airplane/airplane_pixelated_00165.png,airplane,vehicle,air,pixelated,airplane_01636
noise/airplane/airplane_noise_00165.png,airplane,vehicle,air,noise,airplane_01636
clean/truck/truck_clean_00161.png,truck,vehicle,land,clean,truck_01637
blur/truck/truck_blur_00161.png,truck,vehicle,land,blur,truck_01637
pixelated/truck/truck_pixelated_00161.png,truck,vehicle,land,pixelated,truck_01637
noise/truck/truck_noise_00161.png,truck,vehicle,land,noise,truck_01637
clean/frog/frog_clean_00157.png,frog,animal,land,clean,frog_01638
blur/frog/frog_blur_00157.png,frog,animal,land,blur,frog_01638
pixelated/frog/frog_pixelated_00157.png,frog,animal,land,pixelated,frog_01638
noise/frog/frog_noise_00157.png,frog,animal,land,noise,frog_01638
clean/frog/frog_clean_00158.png,frog,animal,land,clean,frog_01639
blur/frog/frog_blur_00158.png,frog,animal,land,blur,frog_01639
pixelated/frog/frog_pixelated_00158.png,frog,animal,land,pixelated,frog_01639
noise/frog/frog_noise_00158.png,frog,animal,land,noise,frog_01639
clean/ship/ship_clean_00159.png,ship,vehicle,water,clean,ship_01640
blur/ship/ship_blur_00159.png,ship,vehicle,water,blur,ship_01640
pixelated/ship/ship_pixelated_00159.png,ship,vehicle,water,pixelated,ship_01640
noise/ship/ship_noise_00159.png,ship,vehicle,water,noise,ship_01640
clean/bird/bird_clean_00163.png,bird,animal,air,clean,bird_01641
blur/bird/bird_blur_00163.png,bird,animal,air,blur,bird_01641
pixelated/bird/bird_pixelated_00163.png,bird,animal,air,pixelated,bird_01641
noise/bird/bird_noise_00163.png,bird,animal,air,noise,bird_01641
clean/truck/truck_clean_00162.png,truck,vehicle,land,clean,truck_01642
blur/truck/truck_blur_00162.png,truck,vehicle,land,blur,truck_01642
pixelated/truck/truck_pixelated_00162.png,truck,vehicle,land,pixelated,truck_01642
noise/truck/truck_noise_00162.png,truck,vehicle,land,noise,truck_01642
clean/horse/horse_clean_00157.png,horse,animal,land,clean,horse_01643
blur/horse/horse_blur_00157.png,horse,animal,land,blur,horse_01643
pixelated/horse/horse_pixelated_00157.png,horse,animal,land,pixelated,horse_01643
noise/horse/horse_noise_00157.png,horse,animal,land,noise,horse_01643
clean/horse/horse_clean_00158.png,horse,animal,land,clean,horse_01644
blur/horse/horse_blur_00158.png,horse,animal,land,blur,horse_01644
pixelated/horse/horse_pixelated_00158.png,horse,animal,land,pixelated,horse_01644
noise/horse/horse_noise_00158.png,horse,animal,land,noise,horse_01644
clean/deer/deer_clean_00177.png,deer,animal,land,clean,deer_01645
blur/deer/deer_blur_00177.png,deer,animal,land,blur,deer_01645
pixelated/deer/deer_pixelated_00177.png,deer,animal,land,pixelated,deer_01645
noise/deer/deer_noise_00177.png,deer,animal,land,noise,deer_01645
clean/airplane/airplane_clean_00166.png,airplane,vehicle,air,clean,airplane_01646
blur/airplane/airplane_blur_00166.png,airplane,vehicle,air,blur,airplane_01646
pixelated/airplane/airplane_pixelated_00166.png,airplane,vehicle,air,pixelated,airplane_01646
noise/airplane/airplane_noise_00166.png,airplane,vehicle,air,noise,airplane_01646
clean/ship/ship_clean_00160.png,ship,vehicle,water,clean,ship_01647
blur/ship/ship_blur_00160.png,ship,vehicle,water,blur,ship_01647
pixelated/ship/ship_pixelated_00160.png,ship,vehicle,water,pixelated,ship_01647
noise/ship/ship_noise_00160.png,ship,vehicle,water,noise,ship_01647
clean/automobile/automobile_clean_00153.png,automobile,vehicle,land,clean,automobile_01648
blur/automobile/automobile_blur_00153.png,automobile,vehicle,land,blur,automobile_01648
pixelated/automobile/automobile_pixelated_00153.png,automobile,vehicle,land,pixelated,automobile_01648
noise/automobile/automobile_noise_00153.png,automobile,vehicle,land,noise,automobile_01648
clean/horse/horse_clean_00159.png,horse,animal,land,clean,horse_01649
blur/horse/horse_blur_00159.png,horse,animal,land,blur,horse_01649
pixelated/horse/horse_pixelated_00159.png,horse,animal,land,pixelated,horse_01649
noise/horse/horse_noise_00159.png,horse,animal,land,noise,horse_01649
clean/ship/ship_clean_00161.png,ship,vehicle,water,clean,ship_01650
blur/ship/ship_blur_00161.png,ship,vehicle,water,blur,ship_01650
pixelated/ship/ship_pixelated_00161.png,ship,vehicle,water,pixelated,ship_01650
noise/ship/ship_noise_00161.png,ship,vehicle,water,noise,ship_01650
clean/truck/truck_clean_00163.png,truck,vehicle,land,clean,truck_01651
blur/truck/truck_blur_00163.png,truck,vehicle,land,blur,truck_01651
pixelated/truck/truck_pixelated_00163.png,truck,vehicle,land,pixelated,truck_01651
noise/truck/truck_noise_00163.png,truck,vehicle,land,noise,truck_01651
clean/automobile/automobile_clean_00154.png,automobile,vehicle,land,clean,automobile_01652
blur/automobile/automobile_blur_00154.png,automobile,vehicle,land,blur,automobile_01652
pixelated/automobile/automobile_pixelated_00154.png,automobile,vehicle,land,pixelated,automobile_01652
noise/automobile/automobile_noise_00154.png,automobile,vehicle,land,noise,automobile_01652
clean/bird/bird_clean_00164.png,bird,animal,air,clean,bird_01653
blur/bird/bird_blur_00164.png,bird,animal,air,blur,bird_01653
pixelated/bird/bird_pixelated_00164.png,bird,animal,air,pixelated,bird_01653
noise/bird/bird_noise_00164.png,bird,animal,air,noise,bird_01653
clean/frog/frog_clean_00159.png,frog,animal,land,clean,frog_01654
blur/frog/frog_blur_00159.png,frog,animal,land,blur,frog_01654
pixelated/frog/frog_pixelated_00159.png,frog,animal,land,pixelated,frog_01654
noise/frog/frog_noise_00159.png,frog,animal,land,noise,frog_01654
clean/dog/dog_clean_00171.png,dog,animal,land,clean,dog_01655
blur/dog/dog_blur_00171.png,dog,animal,land,blur,dog_01655
pixelated/dog/dog_pixelated_00171.png,dog,animal,land,pixelated,dog_01655
noise/dog/dog_noise_00171.png,dog,animal,land,noise,dog_01655
clean/frog/frog_clean_00160.png,frog,animal,land,clean,frog_01656
blur/frog/frog_blur_00160.png,frog,animal,land,blur,frog_01656
pixelated/frog/frog_pixelated_00160.png,frog,animal,land,pixelated,frog_01656
noise/frog/frog_noise_00160.png,frog,animal,land,noise,frog_01656
clean/horse/horse_clean_00160.png,horse,animal,land,clean,horse_01657
blur/horse/horse_blur_00160.png,horse,animal,land,blur,horse_01657
pixelated/horse/horse_pixelated_00160.png,horse,animal,land,pixelated,horse_01657
noise/horse/horse_noise_00160.png,horse,animal,land,noise,horse_01657
clean/frog/frog_clean_00161.png,frog,animal,land,clean,frog_01658
blur/frog/frog_blur_00161.png,frog,animal,land,blur,frog_01658
pixelated/frog/frog_pixelated_00161.png,frog,animal,land,pixelated,frog_01658
noise/frog/frog_noise_00161.png,frog,animal,land,noise,frog_01658
clean/dog/dog_clean_00172.png,dog,animal,land,clean,dog_01659
blur/dog/dog_blur_00172.png,dog,animal,land,blur,dog_01659
pixelated/dog/dog_pixelated_00172.png,dog,animal,land,pixelated,dog_01659
noise/dog/dog_noise_00172.png,dog,animal,land,noise,dog_01659
clean/deer/deer_clean_00178.png,deer,animal,land,clean,deer_01660
blur/deer/deer_blur_00178.png,deer,animal,land,blur,deer_01660
pixelated/deer/deer_pixelated_00178.png,deer,animal,land,pixelated,deer_01660
noise/deer/deer_noise_00178.png,deer,animal,land,noise,deer_01660
clean/deer/deer_clean_00179.png,deer,animal,land,clean,deer_01661
blur/deer/deer_blur_00179.png,deer,animal,land,blur,deer_01661
pixelated/deer/deer_pixelated_00179.png,deer,animal,land,pixelated,deer_01661
noise/deer/deer_noise_00179.png,deer,animal,land,noise,deer_01661
clean/airplane/airplane_clean_00167.png,airplane,vehicle,air,clean,airplane_01662
blur/airplane/airplane_blur_00167.png,airplane,vehicle,air,blur,airplane_01662
pixelated/airplane/airplane_pixelated_00167.png,airplane,vehicle,air,pixelated,airplane_01662
noise/airplane/airplane_noise_00167.png,airplane,vehicle,air,noise,airplane_01662
clean/truck/truck_clean_00164.png,truck,vehicle,land,clean,truck_01663
blur/truck/truck_blur_00164.png,truck,vehicle,land,blur,truck_01663
pixelated/truck/truck_pixelated_00164.png,truck,vehicle,land,pixelated,truck_01663
noise/truck/truck_noise_00164.png,truck,vehicle,land,noise,truck_01663
clean/horse/horse_clean_00161.png,horse,animal,land,clean,horse_01664
blur/horse/horse_blur_00161.png,horse,animal,land,blur,horse_01664
pixelated/horse/horse_pixelated_00161.png,horse,animal,land,pixelated,horse_01664
noise/horse/horse_noise_00161.png,horse,animal,land,noise,horse_01664
clean/horse/horse_clean_00162.png,horse,animal,land,clean,horse_01665
blur/horse/horse_blur_00162.png,horse,animal,land,blur,horse_01665
pixelated/horse/horse_pixelated_00162.png,horse,animal,land,pixelated,horse_01665
noise/horse/horse_noise_00162.png,horse,animal,land,noise,horse_01665
clean/horse/horse_clean_00163.png,horse,animal,land,clean,horse_01666
blur/horse/horse_blur_00163.png,horse,animal,land,blur,horse_01666
pixelated/horse/horse_pixelated_00163.png,horse,animal,land,pixelated,horse_01666
noise/horse/horse_noise_00163.png,horse,animal,land,noise,horse_01666
clean/horse/horse_clean_00164.png,horse,animal,land,clean,horse_01667
blur/horse/horse_blur_00164.png,horse,animal,land,blur,horse_01667
pixelated/horse/horse_pixelated_00164.png,horse,animal,land,pixelated,horse_01667
noise/horse/horse_noise_00164.png,horse,animal,land,noise,horse_01667
clean/ship/ship_clean_00162.png,ship,vehicle,water,clean,ship_01668
blur/ship/ship_blur_00162.png,ship,vehicle,water,blur,ship_01668
pixelated/ship/ship_pixelated_00162.png,ship,vehicle,water,pixelated,ship_01668
noise/ship/ship_noise_00162.png,ship,vehicle,water,noise,ship_01668
clean/ship/ship_clean_00163.png,ship,vehicle,water,clean,ship_01669
blur/ship/ship_blur_00163.png,ship,vehicle,water,blur,ship_01669
pixelated/ship/ship_pixelated_00163.png,ship,vehicle,water,pixelated,ship_01669
noise/ship/ship_noise_00163.png,ship,vehicle,water,noise,ship_01669
clean/horse/horse_clean_00165.png,horse,animal,land,clean,horse_01670
blur/horse/horse_blur_00165.png,horse,animal,land,blur,horse_01670
pixelated/horse/horse_pixelated_00165.png,horse,animal,land,pixelated,horse_01670
noise/horse/horse_noise_00165.png,horse,animal,land,noise,horse_01670
clean/deer/deer_clean_00180.png,deer,animal,land,clean,deer_01671
blur/deer/deer_blur_00180.png,deer,animal,land,blur,deer_01671
pixelated/deer/deer_pixelated_00180.png,deer,animal,land,pixelated,deer_01671
noise/deer/deer_noise_00180.png,deer,animal,land,noise,deer_01671
clean/ship/ship_clean_00164.png,ship,vehicle,water,clean,ship_01672
blur/ship/ship_blur_00164.png,ship,vehicle,water,blur,ship_01672
pixelated/ship/ship_pixelated_00164.png,ship,vehicle,water,pixelated,ship_01672
noise/ship/ship_noise_00164.png,ship,vehicle,water,noise,ship_01672
clean/cat/cat_clean_00182.png,cat,animal,land,clean,cat_01673
blur/cat/cat_blur_00182.png,cat,animal,land,blur,cat_01673
pixelated/cat/cat_pixelated_00182.png,cat,animal,land,pixelated,cat_01673
noise/cat/cat_noise_00182.png,cat,animal,land,noise,cat_01673
clean/horse/horse_clean_00166.png,horse,animal,land,clean,horse_01674
blur/horse/horse_blur_00166.png,horse,animal,land,blur,horse_01674
pixelated/horse/horse_pixelated_00166.png,horse,animal,land,pixelated,horse_01674
noise/horse/horse_noise_00166.png,horse,animal,land,noise,horse_01674
clean/automobile/automobile_clean_00155.png,automobile,vehicle,land,clean,automobile_01675
blur/automobile/automobile_blur_00155.png,automobile,vehicle,land,blur,automobile_01675
pixelated/automobile/automobile_pixelated_00155.png,automobile,vehicle,land,pixelated,automobile_01675
noise/automobile/automobile_noise_00155.png,automobile,vehicle,land,noise,automobile_01675
clean/ship/ship_clean_00165.png,ship,vehicle,water,clean,ship_01676
blur/ship/ship_blur_00165.png,ship,vehicle,water,blur,ship_01676
pixelated/ship/ship_pixelated_00165.png,ship,vehicle,water,pixelated,ship_01676
noise/ship/ship_noise_00165.png,ship,vehicle,water,noise,ship_01676
clean/ship/ship_clean_00166.png,ship,vehicle,water,clean,ship_01677
blur/ship/ship_blur_00166.png,ship,vehicle,water,blur,ship_01677
pixelated/ship/ship_pixelated_00166.png,ship,vehicle,water,pixelated,ship_01677
noise/ship/ship_noise_00166.png,ship,vehicle,water,noise,ship_01677
clean/airplane/airplane_clean_00168.png,airplane,vehicle,air,clean,airplane_01678
blur/airplane/airplane_blur_00168.png,airplane,vehicle,air,blur,airplane_01678
pixelated/airplane/airplane_pixelated_00168.png,airplane,vehicle,air,pixelated,airplane_01678
noise/airplane/airplane_noise_00168.png,airplane,vehicle,air,noise,airplane_01678
clean/airplane/airplane_clean_00169.png,airplane,vehicle,air,clean,airplane_01679
blur/airplane/airplane_blur_00169.png,airplane,vehicle,air,blur,airplane_01679
pixelated/airplane/airplane_pixelated_00169.png,airplane,vehicle,air,pixelated,airplane_01679
noise/airplane/airplane_noise_00169.png,airplane,vehicle,air,noise,airplane_01679
clean/airplane/airplane_clean_00170.png,airplane,vehicle,air,clean,airplane_01680
blur/airplane/airplane_blur_00170.png,airplane,vehicle,air,blur,airplane_01680
pixelated/airplane/airplane_pixelated_00170.png,airplane,vehicle,air,pixelated,airplane_01680
noise/airplane/airplane_noise_00170.png,airplane,vehicle,air,noise,airplane_01680
clean/frog/frog_clean_00162.png,frog,animal,land,clean,frog_01681
blur/frog/frog_blur_00162.png,frog,animal,land,blur,frog_01681
pixelated/frog/frog_pixelated_00162.png,frog,animal,land,pixelated,frog_01681
noise/frog/frog_noise_00162.png,frog,animal,land,noise,frog_01681
clean/deer/deer_clean_00181.png,deer,animal,land,clean,deer_01682
blur/deer/deer_blur_00181.png,deer,animal,land,blur,deer_01682
pixelated/deer/deer_pixelated_00181.png,deer,animal,land,pixelated,deer_01682
noise/deer/deer_noise_00181.png,deer,animal,land,noise,deer_01682
clean/ship/ship_clean_00167.png,ship,vehicle,water,clean,ship_01683
blur/ship/ship_blur_00167.png,ship,vehicle,water,blur,ship_01683
pixelated/ship/ship_pixelated_00167.png,ship,vehicle,water,pixelated,ship_01683
noise/ship/ship_noise_00167.png,ship,vehicle,water,noise,ship_01683
clean/bird/bird_clean_00165.png,bird,animal,air,clean,bird_01684
blur/bird/bird_blur_00165.png,bird,animal,air,blur,bird_01684
pixelated/bird/bird_pixelated_00165.png,bird,animal,air,pixelated,bird_01684
noise/bird/bird_noise_00165.png,bird,animal,air,noise,bird_01684
clean/dog/dog_clean_00173.png,dog,animal,land,clean,dog_01685
blur/dog/dog_blur_00173.png,dog,animal,land,blur,dog_01685
pixelated/dog/dog_pixelated_00173.png,dog,animal,land,pixelated,dog_01685
noise/dog/dog_noise_00173.png,dog,animal,land,noise,dog_01685
clean/ship/ship_clean_00168.png,ship,vehicle,water,clean,ship_01686
blur/ship/ship_blur_00168.png,ship,vehicle,water,blur,ship_01686
pixelated/ship/ship_pixelated_00168.png,ship,vehicle,water,pixelated,ship_01686
noise/ship/ship_noise_00168.png,ship,vehicle,water,noise,ship_01686
clean/cat/cat_clean_00183.png,cat,animal,land,clean,cat_01687
blur/cat/cat_blur_00183.png,cat,animal,land,blur,cat_01687
pixelated/cat/cat_pixelated_00183.png,cat,animal,land,pixelated,cat_01687
noise/cat/cat_noise_00183.png,cat,animal,land,noise,cat_01687
clean/airplane/airplane_clean_00171.png,airplane,vehicle,air,clean,airplane_01688
blur/airplane/airplane_blur_00171.png,airplane,vehicle,air,blur,airplane_01688
pixelated/airplane/airplane_pixelated_00171.png,airplane,vehicle,air,pixelated,airplane_01688
noise/airplane/airplane_noise_00171.png,airplane,vehicle,air,noise,airplane_01688
clean/automobile/automobile_clean_00156.png,automobile,vehicle,land,clean,automobile_01689
blur/automobile/automobile_blur_00156.png,automobile,vehicle,land,blur,automobile_01689
pixelated/automobile/automobile_pixelated_00156.png,automobile,vehicle,land,pixelated,automobile_01689
noise/automobile/automobile_noise_00156.png,automobile,vehicle,land,noise,automobile_01689
clean/automobile/automobile_clean_00157.png,automobile,vehicle,land,clean,automobile_01690
blur/automobile/automobile_blur_00157.png,automobile,vehicle,land,blur,automobile_01690
pixelated/automobile/automobile_pixelated_00157.png,automobile,vehicle,land,pixelated,automobile_01690
noise/automobile/automobile_noise_00157.png,automobile,vehicle,land,noise,automobile_01690
clean/frog/frog_clean_00163.png,frog,animal,land,clean,frog_01691
blur/frog/frog_blur_00163.png,frog,animal,land,blur,frog_01691
pixelated/frog/frog_pixelated_00163.png,frog,animal,land,pixelated,frog_01691
noise/frog/frog_noise_00163.png,frog,animal,land,noise,frog_01691
clean/horse/horse_clean_00167.png,horse,animal,land,clean,horse_01692
blur/horse/horse_blur_00167.png,horse,animal,land,blur,horse_01692
pixelated/horse/horse_pixelated_00167.png,horse,animal,land,pixelated,horse_01692
noise/horse/horse_noise_00167.png,horse,animal,land,noise,horse_01692
clean/airplane/airplane_clean_00172.png,airplane,vehicle,air,clean,airplane_01693
blur/airplane/airplane_blur_00172.png,airplane,vehicle,air,blur,airplane_01693
pixelated/airplane/airplane_pixelated_00172.png,airplane,vehicle,air,pixelated,airplane_01693
noise/airplane/airplane_noise_00172.png,airplane,vehicle,air,noise,airplane_01693
clean/dog/dog_clean_00174.png,dog,animal,land,clean,dog_01694
blur/dog/dog_blur_00174.png,dog,animal,land,blur,dog_01694
pixelated/dog/dog_pixelated_00174.png,dog,animal,land,pixelated,dog_01694
noise/dog/dog_noise_00174.png,dog,animal,land,noise,dog_01694
clean/dog/dog_clean_00175.png,dog,animal,land,clean,dog_01695
blur/dog/dog_blur_00175.png,dog,animal,land,blur,dog_01695
pixelated/dog/dog_pixelated_00175.png,dog,animal,land,pixelated,dog_01695
noise/dog/dog_noise_00175.png,dog,animal,land,noise,dog_01695
clean/airplane/airplane_clean_00173.png,airplane,vehicle,air,clean,airplane_01696
blur/airplane/airplane_blur_00173.png,airplane,vehicle,air,blur,airplane_01696
pixelated/airplane/airplane_pixelated_00173.png,airplane,vehicle,air,pixelated,airplane_01696
noise/airplane/airplane_noise_00173.png,airplane,vehicle,air,noise,airplane_01696
clean/truck/truck_clean_00165.png,truck,vehicle,land,clean,truck_01697
blur/truck/truck_blur_00165.png,truck,vehicle,land,blur,truck_01697
pixelated/truck/truck_pixelated_00165.png,truck,vehicle,land,pixelated,truck_01697
noise/truck/truck_noise_00165.png,truck,vehicle,land,noise,truck_01697
clean/horse/horse_clean_00168.png,horse,animal,land,clean,horse_01698
blur/horse/horse_blur_00168.png,horse,animal,land,blur,horse_01698
pixelated/horse/horse_pixelated_00168.png,horse,animal,land,pixelated,horse_01698
noise/horse/horse_noise_00168.png,horse,animal,land,noise,horse_01698
clean/dog/dog_clean_00176.png,dog,animal,land,clean,dog_01699
blur/dog/dog_blur_00176.png,dog,animal,land,blur,dog_01699
pixelated/dog/dog_pixelated_00176.png,dog,animal,land,pixelated,dog_01699
noise/dog/dog_noise_00176.png,dog,animal,land,noise,dog_01699
clean/dog/dog_clean_00177.png,dog,animal,land,clean,dog_01700
blur/dog/dog_blur_00177.png,dog,animal,land,blur,dog_01700
pixelated/dog/dog_pixelated_00177.png,dog,animal,land,pixelated,dog_01700
noise/dog/dog_noise_00177.png,dog,animal,land,noise,dog_01700
clean/bird/bird_clean_00166.png,bird,animal,air,clean,bird_01701
blur/bird/bird_blur_00166.png,bird,animal,air,blur,bird_01701
pixelated/bird/bird_pixelated_00166.png,bird,animal,air,pixelated,bird_01701
noise/bird/bird_noise_00166.png,bird,animal,air,noise,bird_01701
clean/cat/cat_clean_00184.png,cat,animal,land,clean,cat_01702
blur/cat/cat_blur_00184.png,cat,animal,land,blur,cat_01702
pixelated/cat/cat_pixelated_00184.png,cat,animal,land,pixelated,cat_01702
noise/cat/cat_noise_00184.png,cat,animal,land,noise,cat_01702
clean/ship/ship_clean_00169.png,ship,vehicle,water,clean,ship_01703
blur/ship/ship_blur_00169.png,ship,vehicle,water,blur,ship_01703
pixelated/ship/ship_pixelated_00169.png,ship,vehicle,water,pixelated,ship_01703
noise/ship/ship_noise_00169.png,ship,vehicle,water,noise,ship_01703
clean/frog/frog_clean_00164.png,frog,animal,land,clean,frog_01704
blur/frog/frog_blur_00164.png,frog,animal,land,blur,frog_01704
pixelated/frog/frog_pixelated_00164.png,frog,animal,land,pixelated,frog_01704
noise/frog/frog_noise_00164.png,frog,animal,land,noise,frog_01704
clean/deer/deer_clean_00182.png,deer,animal,land,clean,deer_01705
blur/deer/deer_blur_00182.png,deer,animal,land,blur,deer_01705
pixelated/deer/deer_pixelated_00182.png,deer,animal,land,pixelated,deer_01705
noise/deer/deer_noise_00182.png,deer,animal,land,noise,deer_01705
clean/automobile/automobile_clean_00158.png,automobile,vehicle,land,clean,automobile_01706
blur/automobile/automobile_blur_00158.png,automobile,vehicle,land,blur,automobile_01706
pixelated/automobile/automobile_pixelated_00158.png,automobile,vehicle,land,pixelated,automobile_01706
noise/automobile/automobile_noise_00158.png,automobile,vehicle,land,noise,automobile_01706
clean/dog/dog_clean_00178.png,dog,animal,land,clean,dog_01707
blur/dog/dog_blur_00178.png,dog,animal,land,blur,dog_01707
pixelated/dog/dog_pixelated_00178.png,dog,animal,land,pixelated,dog_01707
noise/dog/dog_noise_00178.png,dog,animal,land,noise,dog_01707
clean/truck/truck_clean_00166.png,truck,vehicle,land,clean,truck_01708
blur/truck/truck_blur_00166.png,truck,vehicle,land,blur,truck_01708
pixelated/truck/truck_pixelated_00166.png,truck,vehicle,land,pixelated,truck_01708
noise/truck/truck_noise_00166.png,truck,vehicle,land,noise,truck_01708
clean/cat/cat_clean_00185.png,cat,animal,land,clean,cat_01709
blur/cat/cat_blur_00185.png,cat,animal,land,blur,cat_01709
pixelated/cat/cat_pixelated_00185.png,cat,animal,land,pixelated,cat_01709
noise/cat/cat_noise_00185.png,cat,animal,land,noise,cat_01709
clean/automobile/automobile_clean_00159.png,automobile,vehicle,land,clean,automobile_01710
blur/automobile/automobile_blur_00159.png,automobile,vehicle,land,blur,automobile_01710
pixelated/automobile/automobile_pixelated_00159.png,automobile,vehicle,land,pixelated,automobile_01710
noise/automobile/automobile_noise_00159.png,automobile,vehicle,land,noise,automobile_01710
clean/truck/truck_clean_00167.png,truck,vehicle,land,clean,truck_01711
blur/truck/truck_blur_00167.png,truck,vehicle,land,blur,truck_01711
pixelated/truck/truck_pixelated_00167.png,truck,vehicle,land,pixelated,truck_01711
noise/truck/truck_noise_00167.png,truck,vehicle,land,noise,truck_01711
clean/cat/cat_clean_00186.png,cat,animal,land,clean,cat_01712
blur/cat/cat_blur_00186.png,cat,animal,land,blur,cat_01712
pixelated/cat/cat_pixelated_00186.png,cat,animal,land,pixelated,cat_01712
noise/cat/cat_noise_00186.png,cat,animal,land,noise,cat_01712
clean/deer/deer_clean_00183.png,deer,animal,land,clean,deer_01713
blur/deer/deer_blur_00183.png,deer,animal,land,blur,deer_01713
pixelated/deer/deer_pixelated_00183.png,deer,animal,land,pixelated,deer_01713
noise/deer/deer_noise_00183.png,deer,animal,land,noise,deer_01713
clean/horse/horse_clean_00169.png,horse,animal,land,clean,horse_01714
blur/horse/horse_blur_00169.png,horse,animal,land,blur,horse_01714
pixelated/horse/horse_pixelated_00169.png,horse,animal,land,pixelated,horse_01714
noise/horse/horse_noise_00169.png,horse,animal,land,noise,horse_01714
clean/airplane/airplane_clean_00174.png,airplane,vehicle,air,clean,airplane_01715
blur/airplane/airplane_blur_00174.png,airplane,vehicle,air,blur,airplane_01715
pixelated/airplane/airplane_pixelated_00174.png,airplane,vehicle,air,pixelated,airplane_01715
noise/airplane/airplane_noise_00174.png,airplane,vehicle,air,noise,airplane_01715
clean/airplane/airplane_clean_00175.png,airplane,vehicle,air,clean,airplane_01716
blur/airplane/airplane_blur_00175.png,airplane,vehicle,air,blur,airplane_01716
pixelated/airplane/airplane_pixelated_00175.png,airplane,vehicle,air,pixelated,airplane_01716
noise/airplane/airplane_noise_00175.png,airplane,vehicle,air,noise,airplane_01716
clean/bird/bird_clean_00167.png,bird,animal,air,clean,bird_01717
blur/bird/bird_blur_00167.png,bird,animal,air,blur,bird_01717
pixelated/bird/bird_pixelated_00167.png,bird,animal,air,pixelated,bird_01717
noise/bird/bird_noise_00167.png,bird,animal,air,noise,bird_01717
clean/deer/deer_clean_00184.png,deer,animal,land,clean,deer_01718
blur/deer/deer_blur_00184.png,deer,animal,land,blur,deer_01718
pixelated/deer/deer_pixelated_00184.png,deer,animal,land,pixelated,deer_01718
noise/deer/deer_noise_00184.png,deer,animal,land,noise,deer_01718
clean/deer/deer_clean_00185.png,deer,animal,land,clean,deer_01719
blur/deer/deer_blur_00185.png,deer,animal,land,blur,deer_01719
pixelated/deer/deer_pixelated_00185.png,deer,animal,land,pixelated,deer_01719
noise/deer/deer_noise_00185.png,deer,animal,land,noise,deer_01719
clean/automobile/automobile_clean_00160.png,automobile,vehicle,land,clean,automobile_01720
blur/automobile/automobile_blur_00160.png,automobile,vehicle,land,blur,automobile_01720
pixelated/automobile/automobile_pixelated_00160.png,automobile,vehicle,land,pixelated,automobile_01720
noise/automobile/automobile_noise_00160.png,automobile,vehicle,land,noise,automobile_01720
clean/truck/truck_clean_00168.png,truck,vehicle,land,clean,truck_01721
blur/truck/truck_blur_00168.png,truck,vehicle,land,blur,truck_01721
pixelated/truck/truck_pixelated_00168.png,truck,vehicle,land,pixelated,truck_01721
noise/truck/truck_noise_00168.png,truck,vehicle,land,noise,truck_01721
clean/frog/frog_clean_00165.png,frog,animal,land,clean,frog_01722
blur/frog/frog_blur_00165.png,frog,animal,land,blur,frog_01722
pixelated/frog/frog_pixelated_00165.png,frog,animal,land,pixelated,frog_01722
noise/frog/frog_noise_00165.png,frog,animal,land,noise,frog_01722
clean/deer/deer_clean_00186.png,deer,animal,land,clean,deer_01723
blur/deer/deer_blur_00186.png,deer,animal,land,blur,deer_01723
pixelated/deer/deer_pixelated_00186.png,deer,animal,land,pixelated,deer_01723
noise/deer/deer_noise_00186.png,deer,animal,land,noise,deer_01723
clean/horse/horse_clean_00170.png,horse,animal,land,clean,horse_01724
blur/horse/horse_blur_00170.png,horse,animal,land,blur,horse_01724
pixelated/horse/horse_pixelated_00170.png,horse,animal,land,pixelated,horse_01724
noise/horse/horse_noise_00170.png,horse,animal,land,noise,horse_01724
clean/bird/bird_clean_00168.png,bird,animal,air,clean,bird_01725
blur/bird/bird_blur_00168.png,bird,animal,air,blur,bird_01725
pixelated/bird/bird_pixelated_00168.png,bird,animal,air,pixelated,bird_01725
noise/bird/bird_noise_00168.png,bird,animal,air,noise,bird_01725
clean/bird/bird_clean_00169.png,bird,animal,air,clean,bird_01726
blur/bird/bird_blur_00169.png,bird,animal,air,blur,bird_01726
pixelated/bird/bird_pixelated_00169.png,bird,animal,air,pixelated,bird_01726
noise/bird/bird_noise_00169.png,bird,animal,air,noise,bird_01726
clean/horse/horse_clean_00171.png,horse,animal,land,clean,horse_01727
blur/horse/horse_blur_00171.png,horse,animal,land,blur,horse_01727
pixelated/horse/horse_pixelated_00171.png,horse,animal,land,pixelated,horse_01727
noise/horse/horse_noise_00171.png,horse,animal,land,noise,horse_01727
clean/bird/bird_clean_00170.png,bird,animal,air,clean,bird_01728
blur/bird/bird_blur_00170.png,bird,animal,air,blur,bird_01728
pixelated/bird/bird_pixelated_00170.png,bird,animal,air,pixelated,bird_01728
noise/bird/bird_noise_00170.png,bird,animal,air,noise,bird_01728
clean/airplane/airplane_clean_00176.png,airplane,vehicle,air,clean,airplane_01729
blur/airplane/airplane_blur_00176.png,airplane,vehicle,air,blur,airplane_01729
pixelated/airplane/airplane_pixelated_00176.png,airplane,vehicle,air,pixelated,airplane_01729
noise/airplane/airplane_noise_00176.png,airplane,vehicle,air,noise,airplane_01729
clean/automobile/automobile_clean_00161.png,automobile,vehicle,land,clean,automobile_01730
blur/automobile/automobile_blur_00161.png,automobile,vehicle,land,blur,automobile_01730
pixelated/automobile/automobile_pixelated_00161.png,automobile,vehicle,land,pixelated,automobile_01730
noise/automobile/automobile_noise_00161.png,automobile,vehicle,land,noise,automobile_01730
clean/deer/deer_clean_00187.png,deer,animal,land,clean,deer_01731
blur/deer/deer_blur_00187.png,deer,animal,land,blur,deer_01731
pixelated/deer/deer_pixelated_00187.png,deer,animal,land,pixelated,deer_01731
noise/deer/deer_noise_00187.png,deer,animal,land,noise,deer_01731
clean/ship/ship_clean_00170.png,ship,vehicle,water,clean,ship_01732
blur/ship/ship_blur_00170.png,ship,vehicle,water,blur,ship_01732
pixelated/ship/ship_pixelated_00170.png,ship,vehicle,water,pixelated,ship_01732
noise/ship/ship_noise_00170.png,ship,vehicle,water,noise,ship_01732
clean/automobile/automobile_clean_00162.png,automobile,vehicle,land,clean,automobile_01733
blur/automobile/automobile_blur_00162.png,automobile,vehicle,land,blur,automobile_01733
pixelated/automobile/automobile_pixelated_00162.png,automobile,vehicle,land,pixelated,automobile_01733
noise/automobile/automobile_noise_00162.png,automobile,vehicle,land,noise,automobile_01733
clean/airplane/airplane_clean_00177.png,airplane,vehicle,air,clean,airplane_01734
blur/airplane/airplane_blur_00177.png,airplane,vehicle,air,blur,airplane_01734
pixelated/airplane/airplane_pixelated_00177.png,airplane,vehicle,air,pixelated,airplane_01734
noise/airplane/airplane_noise_00177.png,airplane,vehicle,air,noise,airplane_01734
clean/deer/deer_clean_00188.png,deer,animal,land,clean,deer_01735
blur/deer/deer_blur_00188.png,deer,animal,land,blur,deer_01735
pixelated/deer/deer_pixelated_00188.png,deer,animal,land,pixelated,deer_01735
noise/deer/deer_noise_00188.png,deer,animal,land,noise,deer_01735
clean/horse/horse_clean_00172.png,horse,animal,land,clean,horse_01736
blur/horse/horse_blur_00172.png,horse,animal,land,blur,horse_01736
pixelated/horse/horse_pixelated_00172.png,horse,animal,land,pixelated,horse_01736
noise/horse/horse_noise_00172.png,horse,animal,land,noise,horse_01736
clean/cat/cat_clean_00187.png,cat,animal,land,clean,cat_01737
blur/cat/cat_blur_00187.png,cat,animal,land,blur,cat_01737
pixelated/cat/cat_pixelated_00187.png,cat,animal,land,pixelated,cat_01737
noise/cat/cat_noise_00187.png,cat,animal,land,noise,cat_01737
clean/automobile/automobile_clean_00163.png,automobile,vehicle,land,clean,automobile_01738
blur/automobile/automobile_blur_00163.png,automobile,vehicle,land,blur,automobile_01738
pixelated/automobile/automobile_pixelated_00163.png,automobile,vehicle,land,pixelated,automobile_01738
noise/automobile/automobile_noise_00163.png,automobile,vehicle,land,noise,automobile_01738
clean/ship/ship_clean_00171.png,ship,vehicle,water,clean,ship_01739
blur/ship/ship_blur_00171.png,ship,vehicle,water,blur,ship_01739
pixelated/ship/ship_pixelated_00171.png,ship,vehicle,water,pixelated,ship_01739
noise/ship/ship_noise_00171.png,ship,vehicle,water,noise,ship_01739
clean/horse/horse_clean_00173.png,horse,animal,land,clean,horse_01740
blur/horse/horse_blur_00173.png,horse,animal,land,blur,horse_01740
pixelated/horse/horse_pixelated_00173.png,horse,animal,land,pixelated,horse_01740
noise/horse/horse_noise_00173.png,horse,animal,land,noise,horse_01740
clean/truck/truck_clean_00169.png,truck,vehicle,land,clean,truck_01741
blur/truck/truck_blur_00169.png,truck,vehicle,land,blur,truck_01741
pixelated/truck/truck_pixelated_00169.png,truck,vehicle,land,pixelated,truck_01741
noise/truck/truck_noise_00169.png,truck,vehicle,land,noise,truck_01741
clean/deer/deer_clean_00189.png,deer,animal,land,clean,deer_01742
blur/deer/deer_blur_00189.png,deer,animal,land,blur,deer_01742
pixelated/deer/deer_pixelated_00189.png,deer,animal,land,pixelated,deer_01742
noise/deer/deer_noise_00189.png,deer,animal,land,noise,deer_01742
clean/automobile/automobile_clean_00164.png,automobile,vehicle,land,clean,automobile_01743
blur/automobile/automobile_blur_00164.png,automobile,vehicle,land,blur,automobile_01743
pixelated/automobile/automobile_pixelated_00164.png,automobile,vehicle,land,pixelated,automobile_01743
noise/automobile/automobile_noise_00164.png,automobile,vehicle,land,noise,automobile_01743
clean/bird/bird_clean_00171.png,bird,animal,air,clean,bird_01744
blur/bird/bird_blur_00171.png,bird,animal,air,blur,bird_01744
pixelated/bird/bird_pixelated_00171.png,bird,animal,air,pixelated,bird_01744
noise/bird/bird_noise_00171.png,bird,animal,air,noise,bird_01744
clean/ship/ship_clean_00172.png,ship,vehicle,water,clean,ship_01745
blur/ship/ship_blur_00172.png,ship,vehicle,water,blur,ship_01745
pixelated/ship/ship_pixelated_00172.png,ship,vehicle,water,pixelated,ship_01745
noise/ship/ship_noise_00172.png,ship,vehicle,water,noise,ship_01745
clean/automobile/automobile_clean_00165.png,automobile,vehicle,land,clean,automobile_01746
blur/automobile/automobile_blur_00165.png,automobile,vehicle,land,blur,automobile_01746
pixelated/automobile/automobile_pixelated_00165.png,automobile,vehicle,land,pixelated,automobile_01746
noise/automobile/automobile_noise_00165.png,automobile,vehicle,land,noise,automobile_01746
clean/bird/bird_clean_00172.png,bird,animal,air,clean,bird_01747
blur/bird/bird_blur_00172.png,bird,animal,air,blur,bird_01747
pixelated/bird/bird_pixelated_00172.png,bird,animal,air,pixelated,bird_01747
noise/bird/bird_noise_00172.png,bird,animal,air,noise,bird_01747
clean/cat/cat_clean_00188.png,cat,animal,land,clean,cat_01748
blur/cat/cat_blur_00188.png,cat,animal,land,blur,cat_01748
pixelated/cat/cat_pixelated_00188.png,cat,animal,land,pixelated,cat_01748
noise/cat/cat_noise_00188.png,cat,animal,land,noise,cat_01748
clean/truck/truck_clean_00170.png,truck,vehicle,land,clean,truck_01749
blur/truck/truck_blur_00170.png,truck,vehicle,land,blur,truck_01749
pixelated/truck/truck_pixelated_00170.png,truck,vehicle,land,pixelated,truck_01749
noise/truck/truck_noise_00170.png,truck,vehicle,land,noise,truck_01749
clean/cat/cat_clean_00189.png,cat,animal,land,clean,cat_01750
blur/cat/cat_blur_00189.png,cat,animal,land,blur,cat_01750
pixelated/cat/cat_pixelated_00189.png,cat,animal,land,pixelated,cat_01750
noise/cat/cat_noise_00189.png,cat,animal,land,noise,cat_01750
clean/horse/horse_clean_00174.png,horse,animal,land,clean,horse_01751
blur/horse/horse_blur_00174.png,horse,animal,land,blur,horse_01751
pixelated/horse/horse_pixelated_00174.png,horse,animal,land,pixelated,horse_01751
noise/horse/horse_noise_00174.png,horse,animal,land,noise,horse_01751
clean/bird/bird_clean_00173.png,bird,animal,air,clean,bird_01752
blur/bird/bird_blur_00173.png,bird,animal,air,blur,bird_01752
pixelated/bird/bird_pixelated_00173.png,bird,animal,air,pixelated,bird_01752
noise/bird/bird_noise_00173.png,bird,animal,air,noise,bird_01752
clean/airplane/airplane_clean_00178.png,airplane,vehicle,air,clean,airplane_01753
blur/airplane/airplane_blur_00178.png,airplane,vehicle,air,blur,airplane_01753
pixelated/airplane/airplane_pixelated_00178.png,airplane,vehicle,air,pixelated,airplane_01753
noise/airplane/airplane_noise_00178.png,airplane,vehicle,air,noise,airplane_01753
clean/truck/truck_clean_00171.png,truck,vehicle,land,clean,truck_01754
blur/truck/truck_blur_00171.png,truck,vehicle,land,blur,truck_01754
pixelated/truck/truck_pixelated_00171.png,truck,vehicle,land,pixelated,truck_01754
noise/truck/truck_noise_00171.png,truck,vehicle,land,noise,truck_01754
clean/bird/bird_clean_00174.png,bird,animal,air,clean,bird_01755
blur/bird/bird_blur_00174.png,bird,animal,air,blur,bird_01755
pixelated/bird/bird_pixelated_00174.png,bird,animal,air,pixelated,bird_01755
noise/bird/bird_noise_00174.png,bird,animal,air,noise,bird_01755
clean/dog/dog_clean_00179.png,dog,animal,land,clean,dog_01756
blur/dog/dog_blur_00179.png,dog,animal,land,blur,dog_01756
pixelated/dog/dog_pixelated_00179.png,dog,animal,land,pixelated,dog_01756
noise/dog/dog_noise_00179.png,dog,animal,land,noise,dog_01756
clean/dog/dog_clean_00180.png,dog,animal,land,clean,dog_01757
blur/dog/dog_blur_00180.png,dog,animal,land,blur,dog_01757
pixelated/dog/dog_pixelated_00180.png,dog,animal,land,pixelated,dog_01757
noise/dog/dog_noise_00180.png,dog,animal,land,noise,dog_01757
clean/deer/deer_clean_00190.png,deer,animal,land,clean,deer_01758
blur/deer/deer_blur_00190.png,deer,animal,land,blur,deer_01758
pixelated/deer/deer_pixelated_00190.png,deer,animal,land,pixelated,deer_01758
noise/deer/deer_noise_00190.png,deer,animal,land,noise,deer_01758
clean/truck/truck_clean_00172.png,truck,vehicle,land,clean,truck_01759
blur/truck/truck_blur_00172.png,truck,vehicle,land,blur,truck_01759
pixelated/truck/truck_pixelated_00172.png,truck,vehicle,land,pixelated,truck_01759
noise/truck/truck_noise_00172.png,truck,vehicle,land,noise,truck_01759
clean/truck/truck_clean_00173.png,truck,vehicle,land,clean,truck_01760
blur/truck/truck_blur_00173.png,truck,vehicle,land,blur,truck_01760
pixelated/truck/truck_pixelated_00173.png,truck,vehicle,land,pixelated,truck_01760
noise/truck/truck_noise_00173.png,truck,vehicle,land,noise,truck_01760
clean/bird/bird_clean_00175.png,bird,animal,air,clean,bird_01761
blur/bird/bird_blur_00175.png,bird,animal,air,blur,bird_01761
pixelated/bird/bird_pixelated_00175.png,bird,animal,air,pixelated,bird_01761
noise/bird/bird_noise_00175.png,bird,animal,air,noise,bird_01761
clean/cat/cat_clean_00190.png,cat,animal,land,clean,cat_01762
blur/cat/cat_blur_00190.png,cat,animal,land,blur,cat_01762
pixelated/cat/cat_pixelated_00190.png,cat,animal,land,pixelated,cat_01762
noise/cat/cat_noise_00190.png,cat,animal,land,noise,cat_01762
clean/cat/cat_clean_00191.png,cat,animal,land,clean,cat_01763
blur/cat/cat_blur_00191.png,cat,animal,land,blur,cat_01763
pixelated/cat/cat_pixelated_00191.png,cat,animal,land,pixelated,cat_01763
noise/cat/cat_noise_00191.png,cat,animal,land,noise,cat_01763
clean/airplane/airplane_clean_00179.png,airplane,vehicle,air,clean,airplane_01764
blur/airplane/airplane_blur_00179.png,airplane,vehicle,air,blur,airplane_01764
pixelated/airplane/airplane_pixelated_00179.png,airplane,vehicle,air,pixelated,airplane_01764
noise/airplane/airplane_noise_00179.png,airplane,vehicle,air,noise,airplane_01764
clean/frog/frog_clean_00166.png,frog,animal,land,clean,frog_01765
blur/frog/frog_blur_00166.png,frog,animal,land,blur,frog_01765
pixelated/frog/frog_pixelated_00166.png,frog,animal,land,pixelated,frog_01765
noise/frog/frog_noise_00166.png,frog,animal,land,noise,frog_01765
clean/airplane/airplane_clean_00180.png,airplane,vehicle,air,clean,airplane_01766
blur/airplane/airplane_blur_00180.png,airplane,vehicle,air,blur,airplane_01766
pixelated/airplane/airplane_pixelated_00180.png,airplane,vehicle,air,pixelated,airplane_01766
noise/airplane/airplane_noise_00180.png,airplane,vehicle,air,noise,airplane_01766
clean/airplane/airplane_clean_00181.png,airplane,vehicle,air,clean,airplane_01767
blur/airplane/airplane_blur_00181.png,airplane,vehicle,air,blur,airplane_01767
pixelated/airplane/airplane_pixelated_00181.png,airplane,vehicle,air,pixelated,airplane_01767
noise/airplane/airplane_noise_00181.png,airplane,vehicle,air,noise,airplane_01767
clean/airplane/airplane_clean_00182.png,airplane,vehicle,air,clean,airplane_01768
blur/airplane/airplane_blur_00182.png,airplane,vehicle,air,blur,airplane_01768
pixelated/airplane/airplane_pixelated_00182.png,airplane,vehicle,air,pixelated,airplane_01768
noise/airplane/airplane_noise_00182.png,airplane,vehicle,air,noise,airplane_01768
clean/cat/cat_clean_00192.png,cat,animal,land,clean,cat_01769
blur/cat/cat_blur_00192.png,cat,animal,land,blur,cat_01769
pixelated/cat/cat_pixelated_00192.png,cat,animal,land,pixelated,cat_01769
noise/cat/cat_noise_00192.png,cat,animal,land,noise,cat_01769
clean/cat/cat_clean_00193.png,cat,animal,land,clean,cat_01770
blur/cat/cat_blur_00193.png,cat,animal,land,blur,cat_01770
pixelated/cat/cat_pixelated_00193.png,cat,animal,land,pixelated,cat_01770
noise/cat/cat_noise_00193.png,cat,animal,land,noise,cat_01770
clean/dog/dog_clean_00181.png,dog,animal,land,clean,dog_01771
blur/dog/dog_blur_00181.png,dog,animal,land,blur,dog_01771
pixelated/dog/dog_pixelated_00181.png,dog,animal,land,pixelated,dog_01771
noise/dog/dog_noise_00181.png,dog,animal,land,noise,dog_01771
clean/bird/bird_clean_00176.png,bird,animal,air,clean,bird_01772
blur/bird/bird_blur_00176.png,bird,animal,air,blur,bird_01772
pixelated/bird/bird_pixelated_00176.png,bird,animal,air,pixelated,bird_01772
noise/bird/bird_noise_00176.png,bird,animal,air,noise,bird_01772
clean/automobile/automobile_clean_00166.png,automobile,vehicle,land,clean,automobile_01773
blur/automobile/automobile_blur_00166.png,automobile,vehicle,land,blur,automobile_01773
pixelated/automobile/automobile_pixelated_00166.png,automobile,vehicle,land,pixelated,automobile_01773
noise/automobile/automobile_noise_00166.png,automobile,vehicle,land,noise,automobile_01773
clean/airplane/airplane_clean_00183.png,airplane,vehicle,air,clean,airplane_01774
blur/airplane/airplane_blur_00183.png,airplane,vehicle,air,blur,airplane_01774
pixelated/airplane/airplane_pixelated_00183.png,airplane,vehicle,air,pixelated,airplane_01774
noise/airplane/airplane_noise_00183.png,airplane,vehicle,air,noise,airplane_01774
clean/bird/bird_clean_00177.png,bird,animal,air,clean,bird_01775
blur/bird/bird_blur_00177.png,bird,animal,air,blur,bird_01775
pixelated/bird/bird_pixelated_00177.png,bird,animal,air,pixelated,bird_01775
noise/bird/bird_noise_00177.png,bird,animal,air,noise,bird_01775
clean/horse/horse_clean_00175.png,horse,animal,land,clean,horse_01776
blur/horse/horse_blur_00175.png,horse,animal,land,blur,horse_01776
pixelated/horse/horse_pixelated_00175.png,horse,animal,land,pixelated,horse_01776
noise/horse/horse_noise_00175.png,horse,animal,land,noise,horse_01776
clean/horse/horse_clean_00176.png,horse,animal,land,clean,horse_01777
blur/horse/horse_blur_00176.png,horse,animal,land,blur,horse_01777
pixelated/horse/horse_pixelated_00176.png,horse,animal,land,pixelated,horse_01777
noise/horse/horse_noise_00176.png,horse,animal,land,noise,horse_01777
clean/deer/deer_clean_00191.png,deer,animal,land,clean,deer_01778
blur/deer/deer_blur_00191.png,deer,animal,land,blur,deer_01778
pixelated/deer/deer_pixelated_00191.png,deer,animal,land,pixelated,deer_01778
noise/deer/deer_noise_00191.png,deer,animal,land,noise,deer_01778
clean/deer/deer_clean_00192.png,deer,animal,land,clean,deer_01779
blur/deer/deer_blur_00192.png,deer,animal,land,blur,deer_01779
pixelated/deer/deer_pixelated_00192.png,deer,animal,land,pixelated,deer_01779
noise/deer/deer_noise_00192.png,deer,animal,land,noise,deer_01779
clean/cat/cat_clean_00194.png,cat,animal,land,clean,cat_01780
blur/cat/cat_blur_00194.png,cat,animal,land,blur,cat_01780
pixelated/cat/cat_pixelated_00194.png,cat,animal,land,pixelated,cat_01780
noise/cat/cat_noise_00194.png,cat,animal,land,noise,cat_01780
clean/bird/bird_clean_00178.png,bird,animal,air,clean,bird_01781
blur/bird/bird_blur_00178.png,bird,animal,air,blur,bird_01781
pixelated/bird/bird_pixelated_00178.png,bird,animal,air,pixelated,bird_01781
noise/bird/bird_noise_00178.png,bird,animal,air,noise,bird_01781
clean/frog/frog_clean_00167.png,frog,animal,land,clean,frog_01782
blur/frog/frog_blur_00167.png,frog,animal,land,blur,frog_01782
pixelated/frog/frog_pixelated_00167.png,frog,animal,land,pixelated,frog_01782
noise/frog/frog_noise_00167.png,frog,animal,land,noise,frog_01782
clean/ship/ship_clean_00173.png,ship,vehicle,water,clean,ship_01783
blur/ship/ship_blur_00173.png,ship,vehicle,water,blur,ship_01783
pixelated/ship/ship_pixelated_00173.png,ship,vehicle,water,pixelated,ship_01783
noise/ship/ship_noise_00173.png,ship,vehicle,water,noise,ship_01783
clean/ship/ship_clean_00174.png,ship,vehicle,water,clean,ship_01784
blur/ship/ship_blur_00174.png,ship,vehicle,water,blur,ship_01784
pixelated/ship/ship_pixelated_00174.png,ship,vehicle,water,pixelated,ship_01784
noise/ship/ship_noise_00174.png,ship,vehicle,water,noise,ship_01784
clean/deer/deer_clean_00193.png,deer,animal,land,clean,deer_01785
blur/deer/deer_blur_00193.png,deer,animal,land,blur,deer_01785
pixelated/deer/deer_pixelated_00193.png,deer,animal,land,pixelated,deer_01785
noise/deer/deer_noise_00193.png,deer,animal,land,noise,deer_01785
clean/dog/dog_clean_00182.png,dog,animal,land,clean,dog_01786
blur/dog/dog_blur_00182.png,dog,animal,land,blur,dog_01786
pixelated/dog/dog_pixelated_00182.png,dog,animal,land,pixelated,dog_01786
noise/dog/dog_noise_00182.png,dog,animal,land,noise,dog_01786
clean/truck/truck_clean_00174.png,truck,vehicle,land,clean,truck_01787
blur/truck/truck_blur_00174.png,truck,vehicle,land,blur,truck_01787
pixelated/truck/truck_pixelated_00174.png,truck,vehicle,land,pixelated,truck_01787
noise/truck/truck_noise_00174.png,truck,vehicle,land,noise,truck_01787
clean/ship/ship_clean_00175.png,ship,vehicle,water,clean,ship_01788
blur/ship/ship_blur_00175.png,ship,vehicle,water,blur,ship_01788
pixelated/ship/ship_pixelated_00175.png,ship,vehicle,water,pixelated,ship_01788
noise/ship/ship_noise_00175.png,ship,vehicle,water,noise,ship_01788
clean/dog/dog_clean_00183.png,dog,animal,land,clean,dog_01789
blur/dog/dog_blur_00183.png,dog,animal,land,blur,dog_01789
pixelated/dog/dog_pixelated_00183.png,dog,animal,land,pixelated,dog_01789
noise/dog/dog_noise_00183.png,dog,animal,land,noise,dog_01789
clean/bird/bird_clean_00179.png,bird,animal,air,clean,bird_01790
blur/bird/bird_blur_00179.png,bird,animal,air,blur,bird_01790
pixelated/bird/bird_pixelated_00179.png,bird,animal,air,pixelated,bird_01790
noise/bird/bird_noise_00179.png,bird,animal,air,noise,bird_01790
clean/dog/dog_clean_00184.png,dog,animal,land,clean,dog_01791
blur/dog/dog_blur_00184.png,dog,animal,land,blur,dog_01791
pixelated/dog/dog_pixelated_00184.png,dog,animal,land,pixelated,dog_01791
noise/dog/dog_noise_00184.png,dog,animal,land,noise,dog_01791
clean/frog/frog_clean_00168.png,frog,animal,land,clean,frog_01792
blur/frog/frog_blur_00168.png,frog,animal,land,blur,frog_01792
pixelated/frog/frog_pixelated_00168.png,frog,animal,land,pixelated,frog_01792
noise/frog/frog_noise_00168.png,frog,animal,land,noise,frog_01792
clean/frog/frog_clean_00169.png,frog,animal,land,clean,frog_01793
blur/frog/frog_blur_00169.png,frog,animal,land,blur,frog_01793
pixelated/frog/frog_pixelated_00169.png,frog,animal,land,pixelated,frog_01793
noise/frog/frog_noise_00169.png,frog,animal,land,noise,frog_01793
clean/ship/ship_clean_00176.png,ship,vehicle,water,clean,ship_01794
blur/ship/ship_blur_00176.png,ship,vehicle,water,blur,ship_01794
pixelated/ship/ship_pixelated_00176.png,ship,vehicle,water,pixelated,ship_01794
noise/ship/ship_noise_00176.png,ship,vehicle,water,noise,ship_01794
clean/automobile/automobile_clean_00167.png,automobile,vehicle,land,clean,automobile_01795
blur/automobile/automobile_blur_00167.png,automobile,vehicle,land,blur,automobile_01795
pixelated/automobile/automobile_pixelated_00167.png,automobile,vehicle,land,pixelated,automobile_01795
noise/automobile/automobile_noise_00167.png,automobile,vehicle,land,noise,automobile_01795
clean/automobile/automobile_clean_00168.png,automobile,vehicle,land,clean,automobile_01796
blur/automobile/automobile_blur_00168.png,automobile,vehicle,land,blur,automobile_01796
pixelated/automobile/automobile_pixelated_00168.png,automobile,vehicle,land,pixelated,automobile_01796
noise/automobile/automobile_noise_00168.png,automobile,vehicle,land,noise,automobile_01796
clean/horse/horse_clean_00177.png,horse,animal,land,clean,horse_01797
blur/horse/horse_blur_00177.png,horse,animal,land,blur,horse_01797
pixelated/horse/horse_pixelated_00177.png,horse,animal,land,pixelated,horse_01797
noise/horse/horse_noise_00177.png,horse,animal,land,noise,horse_01797
clean/deer/deer_clean_00194.png,deer,animal,land,clean,deer_01798
blur/deer/deer_blur_00194.png,deer,animal,land,blur,deer_01798
pixelated/deer/deer_pixelated_00194.png,deer,animal,land,pixelated,deer_01798
noise/deer/deer_noise_00194.png,deer,animal,land,noise,deer_01798
clean/truck/truck_clean_00175.png,truck,vehicle,land,clean,truck_01799
blur/truck/truck_blur_00175.png,truck,vehicle,land,blur,truck_01799
pixelated/truck/truck_pixelated_00175.png,truck,vehicle,land,pixelated,truck_01799
noise/truck/truck_noise_00175.png,truck,vehicle,land,noise,truck_01799
clean/ship/ship_clean_00177.png,ship,vehicle,water,clean,ship_01800
blur/ship/ship_blur_00177.png,ship,vehicle,water,blur,ship_01800
pixelated/ship/ship_pixelated_00177.png,ship,vehicle,water,pixelated,ship_01800
noise/ship/ship_noise_00177.png,ship,vehicle,water,noise,ship_01800
clean/automobile/automobile_clean_00169.png,automobile,vehicle,land,clean,automobile_01801
blur/automobile/automobile_blur_00169.png,automobile,vehicle,land,blur,automobile_01801
pixelated/automobile/automobile_pixelated_00169.png,automobile,vehicle,land,pixelated,automobile_01801
noise/automobile/automobile_noise_00169.png,automobile,vehicle,land,noise,automobile_01801
clean/frog/frog_clean_00170.png,frog,animal,land,clean,frog_01802
blur/frog/frog_blur_00170.png,frog,animal,land,blur,frog_01802
pixelated/frog/frog_pixelated_00170.png,frog,animal,land,pixelated,frog_01802
noise/frog/frog_noise_00170.png,frog,animal,land,noise,frog_01802
clean/ship/ship_clean_00178.png,ship,vehicle,water,clean,ship_01803
blur/ship/ship_blur_00178.png,ship,vehicle,water,blur,ship_01803
pixelated/ship/ship_pixelated_00178.png,ship,vehicle,water,pixelated,ship_01803
noise/ship/ship_noise_00178.png,ship,vehicle,water,noise,ship_01803
clean/airplane/airplane_clean_00184.png,airplane,vehicle,air,clean,airplane_01804
blur/airplane/airplane_blur_00184.png,airplane,vehicle,air,blur,airplane_01804
pixelated/airplane/airplane_pixelated_00184.png,airplane,vehicle,air,pixelated,airplane_01804
noise/airplane/airplane_noise_00184.png,airplane,vehicle,air,noise,airplane_01804
clean/truck/truck_clean_00176.png,truck,vehicle,land,clean,truck_01805
blur/truck/truck_blur_00176.png,truck,vehicle,land,blur,truck_01805
pixelated/truck/truck_pixelated_00176.png,truck,vehicle,land,pixelated,truck_01805
noise/truck/truck_noise_00176.png,truck,vehicle,land,noise,truck_01805
clean/deer/deer_clean_00195.png,deer,animal,land,clean,deer_01806
blur/deer/deer_blur_00195.png,deer,animal,land,blur,deer_01806
pixelated/deer/deer_pixelated_00195.png,deer,animal,land,pixelated,deer_01806
noise/deer/deer_noise_00195.png,deer,animal,land,noise,deer_01806
clean/airplane/airplane_clean_00185.png,airplane,vehicle,air,clean,airplane_01807
blur/airplane/airplane_blur_00185.png,airplane,vehicle,air,blur,airplane_01807
pixelated/airplane/airplane_pixelated_00185.png,airplane,vehicle,air,pixelated,airplane_01807
noise/airplane/airplane_noise_00185.png,airplane,vehicle,air,noise,airplane_01807
clean/bird/bird_clean_00180.png,bird,animal,air,clean,bird_01808
blur/bird/bird_blur_00180.png,bird,animal,air,blur,bird_01808
pixelated/bird/bird_pixelated_00180.png,bird,animal,air,pixelated,bird_01808
noise/bird/bird_noise_00180.png,bird,animal,air,noise,bird_01808
clean/ship/ship_clean_00179.png,ship,vehicle,water,clean,ship_01809
blur/ship/ship_blur_00179.png,ship,vehicle,water,blur,ship_01809
pixelated/ship/ship_pixelated_00179.png,ship,vehicle,water,pixelated,ship_01809
noise/ship/ship_noise_00179.png,ship,vehicle,water,noise,ship_01809
clean/horse/horse_clean_00178.png,horse,animal,land,clean,horse_01810
blur/horse/horse_blur_00178.png,horse,animal,land,blur,horse_01810
pixelated/horse/horse_pixelated_00178.png,horse,animal,land,pixelated,horse_01810
noise/horse/horse_noise_00178.png,horse,animal,land,noise,horse_01810
clean/deer/deer_clean_00196.png,deer,animal,land,clean,deer_01811
blur/deer/deer_blur_00196.png,deer,animal,land,blur,deer_01811
pixelated/deer/deer_pixelated_00196.png,deer,animal,land,pixelated,deer_01811
noise/deer/deer_noise_00196.png,deer,animal,land,noise,deer_01811
clean/truck/truck_clean_00177.png,truck,vehicle,land,clean,truck_01812
blur/truck/truck_blur_00177.png,truck,vehicle,land,blur,truck_01812
pixelated/truck/truck_pixelated_00177.png,truck,vehicle,land,pixelated,truck_01812
noise/truck/truck_noise_00177.png,truck,vehicle,land,noise,truck_01812
clean/dog/dog_clean_00185.png,dog,animal,land,clean,dog_01813
blur/dog/dog_blur_00185.png,dog,animal,land,blur,dog_01813
pixelated/dog/dog_pixelated_00185.png,dog,animal,land,pixelated,dog_01813
noise/dog/dog_noise_00185.png,dog,animal,land,noise,dog_01813
clean/truck/truck_clean_00178.png,truck,vehicle,land,clean,truck_01814
blur/truck/truck_blur_00178.png,truck,vehicle,land,blur,truck_01814
pixelated/truck/truck_pixelated_00178.png,truck,vehicle,land,pixelated,truck_01814
noise/truck/truck_noise_00178.png,truck,vehicle,land,noise,truck_01814
clean/automobile/automobile_clean_00170.png,automobile,vehicle,land,clean,automobile_01815
blur/automobile/automobile_blur_00170.png,automobile,vehicle,land,blur,automobile_01815
pixelated/automobile/automobile_pixelated_00170.png,automobile,vehicle,land,pixelated,automobile_01815
noise/automobile/automobile_noise_00170.png,automobile,vehicle,land,noise,automobile_01815
clean/cat/cat_clean_00195.png,cat,animal,land,clean,cat_01816
blur/cat/cat_blur_00195.png,cat,animal,land,blur,cat_01816
pixelated/cat/cat_pixelated_00195.png,cat,animal,land,pixelated,cat_01816
noise/cat/cat_noise_00195.png,cat,animal,land,noise,cat_01816
clean/deer/deer_clean_00197.png,deer,animal,land,clean,deer_01817
blur/deer/deer_blur_00197.png,deer,animal,land,blur,deer_01817
pixelated/deer/deer_pixelated_00197.png,deer,animal,land,pixelated,deer_01817
noise/deer/deer_noise_00197.png,deer,animal,land,noise,deer_01817
clean/ship/ship_clean_00180.png,ship,vehicle,water,clean,ship_01818
blur/ship/ship_blur_00180.png,ship,vehicle,water,blur,ship_01818
pixelated/ship/ship_pixelated_00180.png,ship,vehicle,water,pixelated,ship_01818
noise/ship/ship_noise_00180.png,ship,vehicle,water,noise,ship_01818
clean/cat/cat_clean_00196.png,cat,animal,land,clean,cat_01819
blur/cat/cat_blur_00196.png,cat,animal,land,blur,cat_01819
pixelated/cat/cat_pixelated_00196.png,cat,animal,land,pixelated,cat_01819
noise/cat/cat_noise_00196.png,cat,animal,land,noise,cat_01819
clean/bird/bird_clean_00181.png,bird,animal,air,clean,bird_01820
blur/bird/bird_blur_00181.png,bird,animal,air,blur,bird_01820
pixelated/bird/bird_pixelated_00181.png,bird,animal,air,pixelated,bird_01820
noise/bird/bird_noise_00181.png,bird,animal,air,noise,bird_01820
clean/ship/ship_clean_00181.png,ship,vehicle,water,clean,ship_01821
blur/ship/ship_blur_00181.png,ship,vehicle,water,blur,ship_01821
pixelated/ship/ship_pixelated_00181.png,ship,vehicle,water,pixelated,ship_01821
noise/ship/ship_noise_00181.png,ship,vehicle,water,noise,ship_01821
clean/cat/cat_clean_00197.png,cat,animal,land,clean,cat_01822
blur/cat/cat_blur_00197.png,cat,animal,land,blur,cat_01822
pixelated/cat/cat_pixelated_00197.png,cat,animal,land,pixelated,cat_01822
noise/cat/cat_noise_00197.png,cat,animal,land,noise,cat_01822
clean/bird/bird_clean_00182.png,bird,animal,air,clean,bird_01823
blur/bird/bird_blur_00182.png,bird,animal,air,blur,bird_01823
pixelated/bird/bird_pixelated_00182.png,bird,animal,air,pixelated,bird_01823
noise/bird/bird_noise_00182.png,bird,animal,air,noise,bird_01823
clean/frog/frog_clean_00171.png,frog,animal,land,clean,frog_01824
blur/frog/frog_blur_00171.png,frog,animal,land,blur,frog_01824
pixelated/frog/frog_pixelated_00171.png,frog,animal,land,pixelated,frog_01824
noise/frog/frog_noise_00171.png,frog,animal,land,noise,frog_01824
clean/cat/cat_clean_00198.png,cat,animal,land,clean,cat_01825
blur/cat/cat_blur_00198.png,cat,animal,land,blur,cat_01825
pixelated/cat/cat_pixelated_00198.png,cat,animal,land,pixelated,cat_01825
noise/cat/cat_noise_00198.png,cat,animal,land,noise,cat_01825
clean/automobile/automobile_clean_00171.png,automobile,vehicle,land,clean,automobile_01826
blur/automobile/automobile_blur_00171.png,automobile,vehicle,land,blur,automobile_01826
pixelated/automobile/automobile_pixelated_00171.png,automobile,vehicle,land,pixelated,automobile_01826
noise/automobile/automobile_noise_00171.png,automobile,vehicle,land,noise,automobile_01826
clean/airplane/airplane_clean_00186.png,airplane,vehicle,air,clean,airplane_01827
blur/airplane/airplane_blur_00186.png,airplane,vehicle,air,blur,airplane_01827
pixelated/airplane/airplane_pixelated_00186.png,airplane,vehicle,air,pixelated,airplane_01827
noise/airplane/airplane_noise_00186.png,airplane,vehicle,air,noise,airplane_01827
clean/bird/bird_clean_00183.png,bird,animal,air,clean,bird_01828
blur/bird/bird_blur_00183.png,bird,animal,air,blur,bird_01828
pixelated/bird/bird_pixelated_00183.png,bird,animal,air,pixelated,bird_01828
noise/bird/bird_noise_00183.png,bird,animal,air,noise,bird_01828
clean/horse/horse_clean_00179.png,horse,animal,land,clean,horse_01829
blur/horse/horse_blur_00179.png,horse,animal,land,blur,horse_01829
pixelated/horse/horse_pixelated_00179.png,horse,animal,land,pixelated,horse_01829
noise/horse/horse_noise_00179.png,horse,animal,land,noise,horse_01829
clean/airplane/airplane_clean_00187.png,airplane,vehicle,air,clean,airplane_01830
blur/airplane/airplane_blur_00187.png,airplane,vehicle,air,blur,airplane_01830
pixelated/airplane/airplane_pixelated_00187.png,airplane,vehicle,air,pixelated,airplane_01830
noise/airplane/airplane_noise_00187.png,airplane,vehicle,air,noise,airplane_01830
clean/cat/cat_clean_00199.png,cat,animal,land,clean,cat_01831
blur/cat/cat_blur_00199.png,cat,animal,land,blur,cat_01831
pixelated/cat/cat_pixelated_00199.png,cat,animal,land,pixelated,cat_01831
noise/cat/cat_noise_00199.png,cat,animal,land,noise,cat_01831
clean/bird/bird_clean_00184.png,bird,animal,air,clean,bird_01832
blur/bird/bird_blur_00184.png,bird,animal,air,blur,bird_01832
pixelated/bird/bird_pixelated_00184.png,bird,animal,air,pixelated,bird_01832
noise/bird/bird_noise_00184.png,bird,animal,air,noise,bird_01832
clean/deer/deer_clean_00198.png,deer,animal,land,clean,deer_01833
blur/deer/deer_blur_00198.png,deer,animal,land,blur,deer_01833
pixelated/deer/deer_pixelated_00198.png,deer,animal,land,pixelated,deer_01833
noise/deer/deer_noise_00198.png,deer,animal,land,noise,deer_01833
clean/horse/horse_clean_00180.png,horse,animal,land,clean,horse_01834
blur/horse/horse_blur_00180.png,horse,animal,land,blur,horse_01834
pixelated/horse/horse_pixelated_00180.png,horse,animal,land,pixelated,horse_01834
noise/horse/horse_noise_00180.png,horse,animal,land,noise,horse_01834
clean/airplane/airplane_clean_00188.png,airplane,vehicle,air,clean,airplane_01835
blur/airplane/airplane_blur_00188.png,airplane,vehicle,air,blur,airplane_01835
pixelated/airplane/airplane_pixelated_00188.png,airplane,vehicle,air,pixelated,airplane_01835
noise/airplane/airplane_noise_00188.png,airplane,vehicle,air,noise,airplane_01835
clean/ship/ship_clean_00182.png,ship,vehicle,water,clean,ship_01836
blur/ship/ship_blur_00182.png,ship,vehicle,water,blur,ship_01836
pixelated/ship/ship_pixelated_00182.png,ship,vehicle,water,pixelated,ship_01836
noise/ship/ship_noise_00182.png,ship,vehicle,water,noise,ship_01836
clean/dog/dog_clean_00186.png,dog,animal,land,clean,dog_01837
blur/dog/dog_blur_00186.png,dog,animal,land,blur,dog_01837
pixelated/dog/dog_pixelated_00186.png,dog,animal,land,pixelated,dog_01837
noise/dog/dog_noise_00186.png,dog,animal,land,noise,dog_01837
clean/ship/ship_clean_00183.png,ship,vehicle,water,clean,ship_01838
blur/ship/ship_blur_00183.png,ship,vehicle,water,blur,ship_01838
pixelated/ship/ship_pixelated_00183.png,ship,vehicle,water,pixelated,ship_01838
noise/ship/ship_noise_00183.png,ship,vehicle,water,noise,ship_01838
clean/cat/cat_clean_00200.png,cat,animal,land,clean,cat_01839
blur/cat/cat_blur_00200.png,cat,animal,land,blur,cat_01839
pixelated/cat/cat_pixelated_00200.png,cat,animal,land,pixelated,cat_01839
noise/cat/cat_noise_00200.png,cat,animal,land,noise,cat_01839
clean/automobile/automobile_clean_00172.png,automobile,vehicle,land,clean,automobile_01840
blur/automobile/automobile_blur_00172.png,automobile,vehicle,land,blur,automobile_01840
pixelated/automobile/automobile_pixelated_00172.png,automobile,vehicle,land,pixelated,automobile_01840
noise/automobile/automobile_noise_00172.png,automobile,vehicle,land,noise,automobile_01840
clean/horse/horse_clean_00181.png,horse,animal,land,clean,horse_01841
blur/horse/horse_blur_00181.png,horse,animal,land,blur,horse_01841
pixelated/horse/horse_pixelated_00181.png,horse,animal,land,pixelated,horse_01841
noise/horse/horse_noise_00181.png,horse,animal,land,noise,horse_01841
clean/automobile/automobile_clean_00173.png,automobile,vehicle,land,clean,automobile_01842
blur/automobile/automobile_blur_00173.png,automobile,vehicle,land,blur,automobile_01842
pixelated/automobile/automobile_pixelated_00173.png,automobile,vehicle,land,pixelated,automobile_01842
noise/automobile/automobile_noise_00173.png,automobile,vehicle,land,noise,automobile_01842
clean/frog/frog_clean_00172.png,frog,animal,land,clean,frog_01843
blur/frog/frog_blur_00172.png,frog,animal,land,blur,frog_01843
pixelated/frog/frog_pixelated_00172.png,frog,animal,land,pixelated,frog_01843
noise/frog/frog_noise_00172.png,frog,animal,land,noise,frog_01843
clean/dog/dog_clean_00187.png,dog,animal,land,clean,dog_01844
blur/dog/dog_blur_00187.png,dog,animal,land,blur,dog_01844
pixelated/dog/dog_pixelated_00187.png,dog,animal,land,pixelated,dog_01844
noise/dog/dog_noise_00187.png,dog,animal,land,noise,dog_01844
clean/bird/bird_clean_00185.png,bird,animal,air,clean,bird_01845
blur/bird/bird_blur_00185.png,bird,animal,air,blur,bird_01845
pixelated/bird/bird_pixelated_00185.png,bird,animal,air,pixelated,bird_01845
noise/bird/bird_noise_00185.png,bird,animal,air,noise,bird_01845
clean/cat/cat_clean_00201.png,cat,animal,land,clean,cat_01846
blur/cat/cat_blur_00201.png,cat,animal,land,blur,cat_01846
pixelated/cat/cat_pixelated_00201.png,cat,animal,land,pixelated,cat_01846
noise/cat/cat_noise_00201.png,cat,animal,land,noise,cat_01846
clean/bird/bird_clean_00186.png,bird,animal,air,clean,bird_01847
blur/bird/bird_blur_00186.png,bird,animal,air,blur,bird_01847
pixelated/bird/bird_pixelated_00186.png,bird,animal,air,pixelated,bird_01847
noise/bird/bird_noise_00186.png,bird,animal,air,noise,bird_01847
clean/bird/bird_clean_00187.png,bird,animal,air,clean,bird_01848
blur/bird/bird_blur_00187.png,bird,animal,air,blur,bird_01848
pixelated/bird/bird_pixelated_00187.png,bird,animal,air,pixelated,bird_01848
noise/bird/bird_noise_00187.png,bird,animal,air,noise,bird_01848
clean/airplane/airplane_clean_00189.png,airplane,vehicle,air,clean,airplane_01849
blur/airplane/airplane_blur_00189.png,airplane,vehicle,air,blur,airplane_01849
pixelated/airplane/airplane_pixelated_00189.png,airplane,vehicle,air,pixelated,airplane_01849
noise/airplane/airplane_noise_00189.png,airplane,vehicle,air,noise,airplane_01849
clean/ship/ship_clean_00184.png,ship,vehicle,water,clean,ship_01850
blur/ship/ship_blur_00184.png,ship,vehicle,water,blur,ship_01850
pixelated/ship/ship_pixelated_00184.png,ship,vehicle,water,pixelated,ship_01850
noise/ship/ship_noise_00184.png,ship,vehicle,water,noise,ship_01850
clean/automobile/automobile_clean_00174.png,automobile,vehicle,land,clean,automobile_01851
blur/automobile/automobile_blur_00174.png,automobile,vehicle,land,blur,automobile_01851
pixelated/automobile/automobile_pixelated_00174.png,automobile,vehicle,land,pixelated,automobile_01851
noise/automobile/automobile_noise_00174.png,automobile,vehicle,land,noise,automobile_01851
clean/truck/truck_clean_00179.png,truck,vehicle,land,clean,truck_01852
blur/truck/truck_blur_00179.png,truck,vehicle,land,blur,truck_01852
pixelated/truck/truck_pixelated_00179.png,truck,vehicle,land,pixelated,truck_01852
noise/truck/truck_noise_00179.png,truck,vehicle,land,noise,truck_01852
clean/frog/frog_clean_00173.png,frog,animal,land,clean,frog_01853
blur/frog/frog_blur_00173.png,frog,animal,land,blur,frog_01853
pixelated/frog/frog_pixelated_00173.png,frog,animal,land,pixelated,frog_01853
noise/frog/frog_noise_00173.png,frog,animal,land,noise,frog_01853
clean/horse/horse_clean_00182.png,horse,animal,land,clean,horse_01854
blur/horse/horse_blur_00182.png,horse,animal,land,blur,horse_01854
pixelated/horse/horse_pixelated_00182.png,horse,animal,land,pixelated,horse_01854
noise/horse/horse_noise_00182.png,horse,animal,land,noise,horse_01854
clean/airplane/airplane_clean_00190.png,airplane,vehicle,air,clean,airplane_01855
blur/airplane/airplane_blur_00190.png,airplane,vehicle,air,blur,airplane_01855
pixelated/airplane/airplane_pixelated_00190.png,airplane,vehicle,air,pixelated,airplane_01855
noise/airplane/airplane_noise_00190.png,airplane,vehicle,air,noise,airplane_01855
clean/bird/bird_clean_00188.png,bird,animal,air,clean,bird_01856
blur/bird/bird_blur_00188.png,bird,animal,air,blur,bird_01856
pixelated/bird/bird_pixelated_00188.png,bird,animal,air,pixelated,bird_01856
noise/bird/bird_noise_00188.png,bird,animal,air,noise,bird_01856
clean/horse/horse_clean_00183.png,horse,animal,land,clean,horse_01857
blur/horse/horse_blur_00183.png,horse,animal,land,blur,horse_01857
pixelated/horse/horse_pixelated_00183.png,horse,animal,land,pixelated,horse_01857
noise/horse/horse_noise_00183.png,horse,animal,land,noise,horse_01857
clean/deer/deer_clean_00199.png,deer,animal,land,clean,deer_01858
blur/deer/deer_blur_00199.png,deer,animal,land,blur,deer_01858
pixelated/deer/deer_pixelated_00199.png,deer,animal,land,pixelated,deer_01858
noise/deer/deer_noise_00199.png,deer,animal,land,noise,deer_01858
clean/truck/truck_clean_00180.png,truck,vehicle,land,clean,truck_01859
blur/truck/truck_blur_00180.png,truck,vehicle,land,blur,truck_01859
pixelated/truck/truck_pixelated_00180.png,truck,vehicle,land,pixelated,truck_01859
noise/truck/truck_noise_00180.png,truck,vehicle,land,noise,truck_01859
clean/cat/cat_clean_00202.png,cat,animal,land,clean,cat_01860
blur/cat/cat_blur_00202.png,cat,animal,land,blur,cat_01860
pixelated/cat/cat_pixelated_00202.png,cat,animal,land,pixelated,cat_01860
noise/cat/cat_noise_00202.png,cat,animal,land,noise,cat_01860
clean/airplane/airplane_clean_00191.png,airplane,vehicle,air,clean,airplane_01861
blur/airplane/airplane_blur_00191.png,airplane,vehicle,air,blur,airplane_01861
pixelated/airplane/airplane_pixelated_00191.png,airplane,vehicle,air,pixelated,airplane_01861
noise/airplane/airplane_noise_00191.png,airplane,vehicle,air,noise,airplane_01861
clean/deer/deer_clean_00200.png,deer,animal,land,clean,deer_01862
blur/deer/deer_blur_00200.png,deer,animal,land,blur,deer_01862
pixelated/deer/deer_pixelated_00200.png,deer,animal,land,pixelated,deer_01862
noise/deer/deer_noise_00200.png,deer,animal,land,noise,deer_01862
clean/truck/truck_clean_00181.png,truck,vehicle,land,clean,truck_01863
blur/truck/truck_blur_00181.png,truck,vehicle,land,blur,truck_01863
pixelated/truck/truck_pixelated_00181.png,truck,vehicle,land,pixelated,truck_01863
noise/truck/truck_noise_00181.png,truck,vehicle,land,noise,truck_01863
clean/bird/bird_clean_00189.png,bird,animal,air,clean,bird_01864
blur/bird/bird_blur_00189.png,bird,animal,air,blur,bird_01864
pixelated/bird/bird_pixelated_00189.png,bird,animal,air,pixelated,bird_01864
noise/bird/bird_noise_00189.png,bird,animal,air,noise,bird_01864
clean/truck/truck_clean_00182.png,truck,vehicle,land,clean,truck_01865
blur/truck/truck_blur_00182.png,truck,vehicle,land,blur,truck_01865
pixelated/truck/truck_pixelated_00182.png,truck,vehicle,land,pixelated,truck_01865
noise/truck/truck_noise_00182.png,truck,vehicle,land,noise,truck_01865
clean/truck/truck_clean_00183.png,truck,vehicle,land,clean,truck_01866
blur/truck/truck_blur_00183.png,truck,vehicle,land,blur,truck_01866
pixelated/truck/truck_pixelated_00183.png,truck,vehicle,land,pixelated,truck_01866
noise/truck/truck_noise_00183.png,truck,vehicle,land,noise,truck_01866
clean/cat/cat_clean_00203.png,cat,animal,land,clean,cat_01867
blur/cat/cat_blur_00203.png,cat,animal,land,blur,cat_01867
pixelated/cat/cat_pixelated_00203.png,cat,animal,land,pixelated,cat_01867
noise/cat/cat_noise_00203.png,cat,animal,land,noise,cat_01867
clean/bird/bird_clean_00190.png,bird,animal,air,clean,bird_01868
blur/bird/bird_blur_00190.png,bird,animal,air,blur,bird_01868
pixelated/bird/bird_pixelated_00190.png,bird,animal,air,pixelated,bird_01868
noise/bird/bird_noise_00190.png,bird,animal,air,noise,bird_01868
clean/cat/cat_clean_00204.png,cat,animal,land,clean,cat_01869
blur/cat/cat_blur_00204.png,cat,animal,land,blur,cat_01869
pixelated/cat/cat_pixelated_00204.png,cat,animal,land,pixelated,cat_01869
noise/cat/cat_noise_00204.png,cat,animal,land,noise,cat_01869
clean/cat/cat_clean_00205.png,cat,animal,land,clean,cat_01870
blur/cat/cat_blur_00205.png,cat,animal,land,blur,cat_01870
pixelated/cat/cat_pixelated_00205.png,cat,animal,land,pixelated,cat_01870
noise/cat/cat_noise_00205.png,cat,animal,land,noise,cat_01870
clean/deer/deer_clean_00201.png,deer,animal,land,clean,deer_01871
blur/deer/deer_blur_00201.png,deer,animal,land,blur,deer_01871
pixelated/deer/deer_pixelated_00201.png,deer,animal,land,pixelated,deer_01871
noise/deer/deer_noise_00201.png,deer,animal,land,noise,deer_01871
clean/dog/dog_clean_00188.png,dog,animal,land,clean,dog_01872
blur/dog/dog_blur_00188.png,dog,animal,land,blur,dog_01872
pixelated/dog/dog_pixelated_00188.png,dog,animal,land,pixelated,dog_01872
noise/dog/dog_noise_00188.png,dog,animal,land,noise,dog_01872
clean/automobile/automobile_clean_00175.png,automobile,vehicle,land,clean,automobile_01873
blur/automobile/automobile_blur_00175.png,automobile,vehicle,land,blur,automobile_01873
pixelated/automobile/automobile_pixelated_00175.png,automobile,vehicle,land,pixelated,automobile_01873
noise/automobile/automobile_noise_00175.png,automobile,vehicle,land,noise,automobile_01873
clean/truck/truck_clean_00184.png,truck,vehicle,land,clean,truck_01874
blur/truck/truck_blur_00184.png,truck,vehicle,land,blur,truck_01874
pixelated/truck/truck_pixelated_00184.png,truck,vehicle,land,pixelated,truck_01874
noise/truck/truck_noise_00184.png,truck,vehicle,land,noise,truck_01874
clean/truck/truck_clean_00185.png,truck,vehicle,land,clean,truck_01875
blur/truck/truck_blur_00185.png,truck,vehicle,land,blur,truck_01875
pixelated/truck/truck_pixelated_00185.png,truck,vehicle,land,pixelated,truck_01875
noise/truck/truck_noise_00185.png,truck,vehicle,land,noise,truck_01875
clean/ship/ship_clean_00185.png,ship,vehicle,water,clean,ship_01876
blur/ship/ship_blur_00185.png,ship,vehicle,water,blur,ship_01876
pixelated/ship/ship_pixelated_00185.png,ship,vehicle,water,pixelated,ship_01876
noise/ship/ship_noise_00185.png,ship,vehicle,water,noise,ship_01876
clean/frog/frog_clean_00174.png,frog,animal,land,clean,frog_01877
blur/frog/frog_blur_00174.png,frog,animal,land,blur,frog_01877
pixelated/frog/frog_pixelated_00174.png,frog,animal,land,pixelated,frog_01877
noise/frog/frog_noise_00174.png,frog,animal,land,noise,frog_01877
clean/cat/cat_clean_00206.png,cat,animal,land,clean,cat_01878
blur/cat/cat_blur_00206.png,cat,animal,land,blur,cat_01878
pixelated/cat/cat_pixelated_00206.png,cat,animal,land,pixelated,cat_01878
noise/cat/cat_noise_00206.png,cat,animal,land,noise,cat_01878
clean/truck/truck_clean_00186.png,truck,vehicle,land,clean,truck_01879
blur/truck/truck_blur_00186.png,truck,vehicle,land,blur,truck_01879
pixelated/truck/truck_pixelated_00186.png,truck,vehicle,land,pixelated,truck_01879
noise/truck/truck_noise_00186.png,truck,vehicle,land,noise,truck_01879
clean/automobile/automobile_clean_00176.png,automobile,vehicle,land,clean,automobile_01880
blur/automobile/automobile_blur_00176.png,automobile,vehicle,land,blur,automobile_01880
pixelated/automobile/automobile_pixelated_00176.png,automobile,vehicle,land,pixelated,automobile_01880
noise/automobile/automobile_noise_00176.png,automobile,vehicle,land,noise,automobile_01880
clean/frog/frog_clean_00175.png,frog,animal,land,clean,frog_01881
blur/frog/frog_blur_00175.png,frog,animal,land,blur,frog_01881
pixelated/frog/frog_pixelated_00175.png,frog,animal,land,pixelated,frog_01881
noise/frog/frog_noise_00175.png,frog,animal,land,noise,frog_01881
clean/deer/deer_clean_00202.png,deer,animal,land,clean,deer_01882
blur/deer/deer_blur_00202.png,deer,animal,land,blur,deer_01882
pixelated/deer/deer_pixelated_00202.png,deer,animal,land,pixelated,deer_01882
noise/deer/deer_noise_00202.png,deer,animal,land,noise,deer_01882
clean/ship/ship_clean_00186.png,ship,vehicle,water,clean,ship_01883
blur/ship/ship_blur_00186.png,ship,vehicle,water,blur,ship_01883
pixelated/ship/ship_pixelated_00186.png,ship,vehicle,water,pixelated,ship_01883
noise/ship/ship_noise_00186.png,ship,vehicle,water,noise,ship_01883
clean/frog/frog_clean_00176.png,frog,animal,land,clean,frog_01884
blur/frog/frog_blur_00176.png,frog,animal,land,blur,frog_01884
pixelated/frog/frog_pixelated_00176.png,frog,animal,land,pixelated,frog_01884
noise/frog/frog_noise_00176.png,frog,animal,land,noise,frog_01884
clean/airplane/airplane_clean_00192.png,airplane,vehicle,air,clean,airplane_01885
blur/airplane/airplane_blur_00192.png,airplane,vehicle,air,blur,airplane_01885
pixelated/airplane/airplane_pixelated_00192.png,airplane,vehicle,air,pixelated,airplane_01885
noise/airplane/airplane_noise_00192.png,airplane,vehicle,air,noise,airplane_01885
clean/truck/truck_clean_00187.png,truck,vehicle,land,clean,truck_01886
blur/truck/truck_blur_00187.png,truck,vehicle,land,blur,truck_01886
pixelated/truck/truck_pixelated_00187.png,truck,vehicle,land,pixelated,truck_01886
noise/truck/truck_noise_00187.png,truck,vehicle,land,noise,truck_01886
clean/dog/dog_clean_00189.png,dog,animal,land,clean,dog_01887
blur/dog/dog_blur_00189.png,dog,animal,land,blur,dog_01887
pixelated/dog/dog_pixelated_00189.png,dog,animal,land,pixelated,dog_01887
noise/dog/dog_noise_00189.png,dog,animal,land,noise,dog_01887
clean/frog/frog_clean_00177.png,frog,animal,land,clean,frog_01888
blur/frog/frog_blur_00177.png,frog,animal,land,blur,frog_01888
pixelated/frog/frog_pixelated_00177.png,frog,animal,land,pixelated,frog_01888
noise/frog/frog_noise_00177.png,frog,animal,land,noise,frog_01888
clean/deer/deer_clean_00203.png,deer,animal,land,clean,deer_01889
blur/deer/deer_blur_00203.png,deer,animal,land,blur,deer_01889
pixelated/deer/deer_pixelated_00203.png,deer,animal,land,pixelated,deer_01889
noise/deer/deer_noise_00203.png,deer,animal,land,noise,deer_01889
clean/horse/horse_clean_00184.png,horse,animal,land,clean,horse_01890
blur/horse/horse_blur_00184.png,horse,animal,land,blur,horse_01890
pixelated/horse/horse_pixelated_00184.png,horse,animal,land,pixelated,horse_01890
noise/horse/horse_noise_00184.png,horse,animal,land,noise,horse_01890
clean/frog/frog_clean_00178.png,frog,animal,land,clean,frog_01891
blur/frog/frog_blur_00178.png,frog,animal,land,blur,frog_01891
pixelated/frog/frog_pixelated_00178.png,frog,animal,land,pixelated,frog_01891
noise/frog/frog_noise_00178.png,frog,animal,land,noise,frog_01891
clean/frog/frog_clean_00179.png,frog,animal,land,clean,frog_01892
blur/frog/frog_blur_00179.png,frog,animal,land,blur,frog_01892
pixelated/frog/frog_pixelated_00179.png,frog,animal,land,pixelated,frog_01892
noise/frog/frog_noise_00179.png,frog,animal,land,noise,frog_01892
clean/truck/truck_clean_00188.png,truck,vehicle,land,clean,truck_01893
blur/truck/truck_blur_00188.png,truck,vehicle,land,blur,truck_01893
pixelated/truck/truck_pixelated_00188.png,truck,vehicle,land,pixelated,truck_01893
noise/truck/truck_noise_00188.png,truck,vehicle,land,noise,truck_01893
clean/airplane/airplane_clean_00193.png,airplane,vehicle,air,clean,airplane_01894
blur/airplane/airplane_blur_00193.png,airplane,vehicle,air,blur,airplane_01894
pixelated/airplane/airplane_pixelated_00193.png,airplane,vehicle,air,pixelated,airplane_01894
noise/airplane/airplane_noise_00193.png,airplane,vehicle,air,noise,airplane_01894
clean/truck/truck_clean_00189.png,truck,vehicle,land,clean,truck_01895
blur/truck/truck_blur_00189.png,truck,vehicle,land,blur,truck_01895
pixelated/truck/truck_pixelated_00189.png,truck,vehicle,land,pixelated,truck_01895
noise/truck/truck_noise_00189.png,truck,vehicle,land,noise,truck_01895
clean/airplane/airplane_clean_00194.png,airplane,vehicle,air,clean,airplane_01896
blur/airplane/airplane_blur_00194.png,airplane,vehicle,air,blur,airplane_01896
pixelated/airplane/airplane_pixelated_00194.png,airplane,vehicle,air,pixelated,airplane_01896
noise/airplane/airplane_noise_00194.png,airplane,vehicle,air,noise,airplane_01896
clean/cat/cat_clean_00207.png,cat,animal,land,clean,cat_01897
blur/cat/cat_blur_00207.png,cat,animal,land,blur,cat_01897
pixelated/cat/cat_pixelated_00207.png,cat,animal,land,pixelated,cat_01897
noise/cat/cat_noise_00207.png,cat,animal,land,noise,cat_01897
clean/dog/dog_clean_00190.png,dog,animal,land,clean,dog_01898
blur/dog/dog_blur_00190.png,dog,animal,land,blur,dog_01898
pixelated/dog/dog_pixelated_00190.png,dog,animal,land,pixelated,dog_01898
noise/dog/dog_noise_00190.png,dog,animal,land,noise,dog_01898
clean/airplane/airplane_clean_00195.png,airplane,vehicle,air,clean,airplane_01899
blur/airplane/airplane_blur_00195.png,airplane,vehicle,air,blur,airplane_01899
pixelated/airplane/airplane_pixelated_00195.png,airplane,vehicle,air,pixelated,airplane_01899
noise/airplane/airplane_noise_00195.png,airplane,vehicle,air,noise,airplane_01899
clean/horse/horse_clean_00185.png,horse,animal,land,clean,horse_01900
blur/horse/horse_blur_00185.png,horse,animal,land,blur,horse_01900
pixelated/horse/horse_pixelated_00185.png,horse,animal,land,pixelated,horse_01900
noise/horse/horse_noise_00185.png,horse,animal,land,noise,horse_01900
clean/deer/deer_clean_00204.png,deer,animal,land,clean,deer_01901
blur/deer/deer_blur_00204.png,deer,animal,land,blur,deer_01901
pixelated/deer/deer_pixelated_00204.png,deer,animal,land,pixelated,deer_01901
noise/deer/deer_noise_00204.png,deer,animal,land,noise,deer_01901
clean/dog/dog_clean_00191.png,dog,animal,land,clean,dog_01902
blur/dog/dog_blur_00191.png,dog,animal,land,blur,dog_01902
pixelated/dog/dog_pixelated_00191.png,dog,animal,land,pixelated,dog_01902
noise/dog/dog_noise_00191.png,dog,animal,land,noise,dog_01902
clean/truck/truck_clean_00190.png,truck,vehicle,land,clean,truck_01903
blur/truck/truck_blur_00190.png,truck,vehicle,land,blur,truck_01903
pixelated/truck/truck_pixelated_00190.png,truck,vehicle,land,pixelated,truck_01903
noise/truck/truck_noise_00190.png,truck,vehicle,land,noise,truck_01903
clean/ship/ship_clean_00187.png,ship,vehicle,water,clean,ship_01904
blur/ship/ship_blur_00187.png,ship,vehicle,water,blur,ship_01904
pixelated/ship/ship_pixelated_00187.png,ship,vehicle,water,pixelated,ship_01904
noise/ship/ship_noise_00187.png,ship,vehicle,water,noise,ship_01904
clean/automobile/automobile_clean_00177.png,automobile,vehicle,land,clean,automobile_01905
blur/automobile/automobile_blur_00177.png,automobile,vehicle,land,blur,automobile_01905
pixelated/automobile/automobile_pixelated_00177.png,automobile,vehicle,land,pixelated,automobile_01905
noise/automobile/automobile_noise_00177.png,automobile,vehicle,land,noise,automobile_01905
clean/dog/dog_clean_00192.png,dog,animal,land,clean,dog_01906
blur/dog/dog_blur_00192.png,dog,animal,land,blur,dog_01906
pixelated/dog/dog_pixelated_00192.png,dog,animal,land,pixelated,dog_01906
noise/dog/dog_noise_00192.png,dog,animal,land,noise,dog_01906
clean/cat/cat_clean_00208.png,cat,animal,land,clean,cat_01907
blur/cat/cat_blur_00208.png,cat,animal,land,blur,cat_01907
pixelated/cat/cat_pixelated_00208.png,cat,animal,land,pixelated,cat_01907
noise/cat/cat_noise_00208.png,cat,animal,land,noise,cat_01907
clean/bird/bird_clean_00191.png,bird,animal,air,clean,bird_01908
blur/bird/bird_blur_00191.png,bird,animal,air,blur,bird_01908
pixelated/bird/bird_pixelated_00191.png,bird,animal,air,pixelated,bird_01908
noise/bird/bird_noise_00191.png,bird,animal,air,noise,bird_01908
clean/automobile/automobile_clean_00178.png,automobile,vehicle,land,clean,automobile_01909
blur/automobile/automobile_blur_00178.png,automobile,vehicle,land,blur,automobile_01909
pixelated/automobile/automobile_pixelated_00178.png,automobile,vehicle,land,pixelated,automobile_01909
noise/automobile/automobile_noise_00178.png,automobile,vehicle,land,noise,automobile_01909
clean/bird/bird_clean_00192.png,bird,animal,air,clean,bird_01910
blur/bird/bird_blur_00192.png,bird,animal,air,blur,bird_01910
pixelated/bird/bird_pixelated_00192.png,bird,animal,air,pixelated,bird_01910
noise/bird/bird_noise_00192.png,bird,animal,air,noise,bird_01910
clean/dog/dog_clean_00193.png,dog,animal,land,clean,dog_01911
blur/dog/dog_blur_00193.png,dog,animal,land,blur,dog_01911
pixelated/dog/dog_pixelated_00193.png,dog,animal,land,pixelated,dog_01911
noise/dog/dog_noise_00193.png,dog,animal,land,noise,dog_01911
clean/ship/ship_clean_00188.png,ship,vehicle,water,clean,ship_01912
blur/ship/ship_blur_00188.png,ship,vehicle,water,blur,ship_01912
pixelated/ship/ship_pixelated_00188.png,ship,vehicle,water,pixelated,ship_01912
noise/ship/ship_noise_00188.png,ship,vehicle,water,noise,ship_01912
clean/automobile/automobile_clean_00179.png,automobile,vehicle,land,clean,automobile_01913
blur/automobile/automobile_blur_00179.png,automobile,vehicle,land,blur,automobile_01913
pixelated/automobile/automobile_pixelated_00179.png,automobile,vehicle,land,pixelated,automobile_01913
noise/automobile/automobile_noise_00179.png,automobile,vehicle,land,noise,automobile_01913
clean/deer/deer_clean_00205.png,deer,animal,land,clean,deer_01914
blur/deer/deer_blur_00205.png,deer,animal,land,blur,deer_01914
pixelated/deer/deer_pixelated_00205.png,deer,animal,land,pixelated,deer_01914
noise/deer/deer_noise_00205.png,deer,animal,land,noise,deer_01914
clean/cat/cat_clean_00209.png,cat,animal,land,clean,cat_01915
blur/cat/cat_blur_00209.png,cat,animal,land,blur,cat_01915
pixelated/cat/cat_pixelated_00209.png,cat,animal,land,pixelated,cat_01915
noise/cat/cat_noise_00209.png,cat,animal,land,noise,cat_01915
clean/airplane/airplane_clean_00196.png,airplane,vehicle,air,clean,airplane_01916
blur/airplane/airplane_blur_00196.png,airplane,vehicle,air,blur,airplane_01916
pixelated/airplane/airplane_pixelated_00196.png,airplane,vehicle,air,pixelated,airplane_01916
noise/airplane/airplane_noise_00196.png,airplane,vehicle,air,noise,airplane_01916
clean/truck/truck_clean_00191.png,truck,vehicle,land,clean,truck_01917
blur/truck/truck_blur_00191.png,truck,vehicle,land,blur,truck_01917
pixelated/truck/truck_pixelated_00191.png,truck,vehicle,land,pixelated,truck_01917
noise/truck/truck_noise_00191.png,truck,vehicle,land,noise,truck_01917
clean/automobile/automobile_clean_00180.png,automobile,vehicle,land,clean,automobile_01918
blur/automobile/automobile_blur_00180.png,automobile,vehicle,land,blur,automobile_01918
pixelated/automobile/automobile_pixelated_00180.png,automobile,vehicle,land,pixelated,automobile_01918
noise/automobile/automobile_noise_00180.png,automobile,vehicle,land,noise,automobile_01918
clean/horse/horse_clean_00186.png,horse,animal,land,clean,horse_01919
blur/horse/horse_blur_00186.png,horse,animal,land,blur,horse_01919
pixelated/horse/horse_pixelated_00186.png,horse,animal,land,pixelated,horse_01919
noise/horse/horse_noise_00186.png,horse,animal,land,noise,horse_01919
clean/deer/deer_clean_00206.png,deer,animal,land,clean,deer_01920
blur/deer/deer_blur_00206.png,deer,animal,land,blur,deer_01920
pixelated/deer/deer_pixelated_00206.png,deer,animal,land,pixelated,deer_01920
noise/deer/deer_noise_00206.png,deer,animal,land,noise,deer_01920
clean/deer/deer_clean_00207.png,deer,animal,land,clean,deer_01921
blur/deer/deer_blur_00207.png,deer,animal,land,blur,deer_01921
pixelated/deer/deer_pixelated_00207.png,deer,animal,land,pixelated,deer_01921
noise/deer/deer_noise_00207.png,deer,animal,land,noise,deer_01921
clean/dog/dog_clean_00194.png,dog,animal,land,clean,dog_01922
blur/dog/dog_blur_00194.png,dog,animal,land,blur,dog_01922
pixelated/dog/dog_pixelated_00194.png,dog,animal,land,pixelated,dog_01922
noise/dog/dog_noise_00194.png,dog,animal,land,noise,dog_01922
clean/deer/deer_clean_00208.png,deer,animal,land,clean,deer_01923
blur/deer/deer_blur_00208.png,deer,animal,land,blur,deer_01923
pixelated/deer/deer_pixelated_00208.png,deer,animal,land,pixelated,deer_01923
noise/deer/deer_noise_00208.png,deer,animal,land,noise,deer_01923
clean/truck/truck_clean_00192.png,truck,vehicle,land,clean,truck_01924
blur/truck/truck_blur_00192.png,truck,vehicle,land,blur,truck_01924
pixelated/truck/truck_pixelated_00192.png,truck,vehicle,land,pixelated,truck_01924
noise/truck/truck_noise_00192.png,truck,vehicle,land,noise,truck_01924
clean/ship/ship_clean_00189.png,ship,vehicle,water,clean,ship_01925
blur/ship/ship_blur_00189.png,ship,vehicle,water,blur,ship_01925
pixelated/ship/ship_pixelated_00189.png,ship,vehicle,water,pixelated,ship_01925
noise/ship/ship_noise_00189.png,ship,vehicle,water,noise,ship_01925
clean/automobile/automobile_clean_00181.png,automobile,vehicle,land,clean,automobile_01926
blur/automobile/automobile_blur_00181.png,automobile,vehicle,land,blur,automobile_01926
pixelated/automobile/automobile_pixelated_00181.png,automobile,vehicle,land,pixelated,automobile_01926
noise/automobile/automobile_noise_00181.png,automobile,vehicle,land,noise,automobile_01926
clean/dog/dog_clean_00195.png,dog,animal,land,clean,dog_01927
blur/dog/dog_blur_00195.png,dog,animal,land,blur,dog_01927
pixelated/dog/dog_pixelated_00195.png,dog,animal,land,pixelated,dog_01927
noise/dog/dog_noise_00195.png,dog,animal,land,noise,dog_01927
clean/horse/horse_clean_00187.png,horse,animal,land,clean,horse_01928
blur/horse/horse_blur_00187.png,horse,animal,land,blur,horse_01928
pixelated/horse/horse_pixelated_00187.png,horse,animal,land,pixelated,horse_01928
noise/horse/horse_noise_00187.png,horse,animal,land,noise,horse_01928
clean/automobile/automobile_clean_00182.png,automobile,vehicle,land,clean,automobile_01929
blur/automobile/automobile_blur_00182.png,automobile,vehicle,land,blur,automobile_01929
pixelated/automobile/automobile_pixelated_00182.png,automobile,vehicle,land,pixelated,automobile_01929
noise/automobile/automobile_noise_00182.png,automobile,vehicle,land,noise,automobile_01929
clean/dog/dog_clean_00196.png,dog,animal,land,clean,dog_01930
blur/dog/dog_blur_00196.png,dog,animal,land,blur,dog_01930
pixelated/dog/dog_pixelated_00196.png,dog,animal,land,pixelated,dog_01930
noise/dog/dog_noise_00196.png,dog,animal,land,noise,dog_01930
clean/airplane/airplane_clean_00197.png,airplane,vehicle,air,clean,airplane_01931
blur/airplane/airplane_blur_00197.png,airplane,vehicle,air,blur,airplane_01931
pixelated/airplane/airplane_pixelated_00197.png,airplane,vehicle,air,pixelated,airplane_01931
noise/airplane/airplane_noise_00197.png,airplane,vehicle,air,noise,airplane_01931
clean/automobile/automobile_clean_00183.png,automobile,vehicle,land,clean,automobile_01932
blur/automobile/automobile_blur_00183.png,automobile,vehicle,land,blur,automobile_01932
pixelated/automobile/automobile_pixelated_00183.png,automobile,vehicle,land,pixelated,automobile_01932
noise/automobile/automobile_noise_00183.png,automobile,vehicle,land,noise,automobile_01932
clean/cat/cat_clean_00210.png,cat,animal,land,clean,cat_01933
blur/cat/cat_blur_00210.png,cat,animal,land,blur,cat_01933
pixelated/cat/cat_pixelated_00210.png,cat,animal,land,pixelated,cat_01933
noise/cat/cat_noise_00210.png,cat,animal,land,noise,cat_01933
clean/frog/frog_clean_00180.png,frog,animal,land,clean,frog_01934
blur/frog/frog_blur_00180.png,frog,animal,land,blur,frog_01934
pixelated/frog/frog_pixelated_00180.png,frog,animal,land,pixelated,frog_01934
noise/frog/frog_noise_00180.png,frog,animal,land,noise,frog_01934
clean/airplane/airplane_clean_00198.png,airplane,vehicle,air,clean,airplane_01935
blur/airplane/airplane_blur_00198.png,airplane,vehicle,air,blur,airplane_01935
pixelated/airplane/airplane_pixelated_00198.png,airplane,vehicle,air,pixelated,airplane_01935
noise/airplane/airplane_noise_00198.png,airplane,vehicle,air,noise,airplane_01935
clean/frog/frog_clean_00181.png,frog,animal,land,clean,frog_01936
blur/frog/frog_blur_00181.png,frog,animal,land,blur,frog_01936
pixelated/frog/frog_pixelated_00181.png,frog,animal,land,pixelated,frog_01936
noise/frog/frog_noise_00181.png,frog,animal,land,noise,frog_01936
clean/dog/dog_clean_00197.png,dog,animal,land,clean,dog_01937
blur/dog/dog_blur_00197.png,dog,animal,land,blur,dog_01937
pixelated/dog/dog_pixelated_00197.png,dog,animal,land,pixelated,dog_01937
noise/dog/dog_noise_00197.png,dog,animal,land,noise,dog_01937
clean/automobile/automobile_clean_00184.png,automobile,vehicle,land,clean,automobile_01938
blur/automobile/automobile_blur_00184.png,automobile,vehicle,land,blur,automobile_01938
pixelated/automobile/automobile_pixelated_00184.png,automobile,vehicle,land,pixelated,automobile_01938
noise/automobile/automobile_noise_00184.png,automobile,vehicle,land,noise,automobile_01938
clean/bird/bird_clean_00193.png,bird,animal,air,clean,bird_01939
blur/bird/bird_blur_00193.png,bird,animal,air,blur,bird_01939
pixelated/bird/bird_pixelated_00193.png,bird,animal,air,pixelated,bird_01939
noise/bird/bird_noise_00193.png,bird,animal,air,noise,bird_01939
clean/ship/ship_clean_00190.png,ship,vehicle,water,clean,ship_01940
blur/ship/ship_blur_00190.png,ship,vehicle,water,blur,ship_01940
pixelated/ship/ship_pixelated_00190.png,ship,vehicle,water,pixelated,ship_01940
noise/ship/ship_noise_00190.png,ship,vehicle,water,noise,ship_01940
clean/truck/truck_clean_00193.png,truck,vehicle,land,clean,truck_01941
blur/truck/truck_blur_00193.png,truck,vehicle,land,blur,truck_01941
pixelated/truck/truck_pixelated_00193.png,truck,vehicle,land,pixelated,truck_01941
noise/truck/truck_noise_00193.png,truck,vehicle,land,noise,truck_01941
clean/cat/cat_clean_00211.png,cat,animal,land,clean,cat_01942
blur/cat/cat_blur_00211.png,cat,animal,land,blur,cat_01942
pixelated/cat/cat_pixelated_00211.png,cat,animal,land,pixelated,cat_01942
noise/cat/cat_noise_00211.png,cat,animal,land,noise,cat_01942
clean/truck/truck_clean_00194.png,truck,vehicle,land,clean,truck_01943
blur/truck/truck_blur_00194.png,truck,vehicle,land,blur,truck_01943
pixelated/truck/truck_pixelated_00194.png,truck,vehicle,land,pixelated,truck_01943
noise/truck/truck_noise_00194.png,truck,vehicle,land,noise,truck_01943
clean/automobile/automobile_clean_00185.png,automobile,vehicle,land,clean,automobile_01944
blur/automobile/automobile_blur_00185.png,automobile,vehicle,land,blur,automobile_01944
pixelated/automobile/automobile_pixelated_00185.png,automobile,vehicle,land,pixelated,automobile_01944
noise/automobile/automobile_noise_00185.png,automobile,vehicle,land,noise,automobile_01944
clean/cat/cat_clean_00212.png,cat,animal,land,clean,cat_01945
blur/cat/cat_blur_00212.png,cat,animal,land,blur,cat_01945
pixelated/cat/cat_pixelated_00212.png,cat,animal,land,pixelated,cat_01945
noise/cat/cat_noise_00212.png,cat,animal,land,noise,cat_01945
clean/dog/dog_clean_00198.png,dog,animal,land,clean,dog_01946
blur/dog/dog_blur_00198.png,dog,animal,land,blur,dog_01946
pixelated/dog/dog_pixelated_00198.png,dog,animal,land,pixelated,dog_01946
noise/dog/dog_noise_00198.png,dog,animal,land,noise,dog_01946
clean/dog/dog_clean_00199.png,dog,animal,land,clean,dog_01947
blur/dog/dog_blur_00199.png,dog,animal,land,blur,dog_01947
pixelated/dog/dog_pixelated_00199.png,dog,animal,land,pixelated,dog_01947
noise/dog/dog_noise_00199.png,dog,animal,land,noise,dog_01947
clean/truck/truck_clean_00195.png,truck,vehicle,land,clean,truck_01948
blur/truck/truck_blur_00195.png,truck,vehicle,land,blur,truck_01948
pixelated/truck/truck_pixelated_00195.png,truck,vehicle,land,pixelated,truck_01948
noise/truck/truck_noise_00195.png,truck,vehicle,land,noise,truck_01948
clean/horse/horse_clean_00188.png,horse,animal,land,clean,horse_01949
blur/horse/horse_blur_00188.png,horse,animal,land,blur,horse_01949
pixelated/horse/horse_pixelated_00188.png,horse,animal,land,pixelated,horse_01949
noise/horse/horse_noise_00188.png,horse,animal,land,noise,horse_01949
clean/bird/bird_clean_00194.png,bird,animal,air,clean,bird_01950
blur/bird/bird_blur_00194.png,bird,animal,air,blur,bird_01950
pixelated/bird/bird_pixelated_00194.png,bird,animal,air,pixelated,bird_01950
noise/bird/bird_noise_00194.png,bird,animal,air,noise,bird_01950
clean/automobile/automobile_clean_00186.png,automobile,vehicle,land,clean,automobile_01951
blur/automobile/automobile_blur_00186.png,automobile,vehicle,land,blur,automobile_01951
pixelated/automobile/automobile_pixelated_00186.png,automobile,vehicle,land,pixelated,automobile_01951
noise/automobile/automobile_noise_00186.png,automobile,vehicle,land,noise,automobile_01951
clean/automobile/automobile_clean_00187.png,automobile,vehicle,land,clean,automobile_01952
blur/automobile/automobile_blur_00187.png,automobile,vehicle,land,blur,automobile_01952
pixelated/automobile/automobile_pixelated_00187.png,automobile,vehicle,land,pixelated,automobile_01952
noise/automobile/automobile_noise_00187.png,automobile,vehicle,land,noise,automobile_01952
clean/ship/ship_clean_00191.png,ship,vehicle,water,clean,ship_01953
blur/ship/ship_blur_00191.png,ship,vehicle,water,blur,ship_01953
pixelated/ship/ship_pixelated_00191.png,ship,vehicle,water,pixelated,ship_01953
noise/ship/ship_noise_00191.png,ship,vehicle,water,noise,ship_01953
clean/bird/bird_clean_00195.png,bird,animal,air,clean,bird_01954
blur/bird/bird_blur_00195.png,bird,animal,air,blur,bird_01954
pixelated/bird/bird_pixelated_00195.png,bird,animal,air,pixelated,bird_01954
noise/bird/bird_noise_00195.png,bird,animal,air,noise,bird_01954
clean/truck/truck_clean_00196.png,truck,vehicle,land,clean,truck_01955
blur/truck/truck_blur_00196.png,truck,vehicle,land,blur,truck_01955
pixelated/truck/truck_pixelated_00196.png,truck,vehicle,land,pixelated,truck_01955
noise/truck/truck_noise_00196.png,truck,vehicle,land,noise,truck_01955
clean/deer/deer_clean_00209.png,deer,animal,land,clean,deer_01956
blur/deer/deer_blur_00209.png,deer,animal,land,blur,deer_01956
pixelated/deer/deer_pixelated_00209.png,deer,animal,land,pixelated,deer_01956
noise/deer/deer_noise_00209.png,deer,animal,land,noise,deer_01956
clean/frog/frog_clean_00182.png,frog,animal,land,clean,frog_01957
blur/frog/frog_blur_00182.png,frog,animal,land,blur,frog_01957
pixelated/frog/frog_pixelated_00182.png,frog,animal,land,pixelated,frog_01957
noise/frog/frog_noise_00182.png,frog,animal,land,noise,frog_01957
clean/frog/frog_clean_00183.png,frog,animal,land,clean,frog_01958
blur/frog/frog_blur_00183.png,frog,animal,land,blur,frog_01958
pixelated/frog/frog_pixelated_00183.png,frog,animal,land,pixelated,frog_01958
noise/frog/frog_noise_00183.png,frog,animal,land,noise,frog_01958
clean/dog/dog_clean_00200.png,dog,animal,land,clean,dog_01959
blur/dog/dog_blur_00200.png,dog,animal,land,blur,dog_01959
pixelated/dog/dog_pixelated_00200.png,dog,animal,land,pixelated,dog_01959
noise/dog/dog_noise_00200.png,dog,animal,land,noise,dog_01959
clean/ship/ship_clean_00192.png,ship,vehicle,water,clean,ship_01960
blur/ship/ship_blur_00192.png,ship,vehicle,water,blur,ship_01960
pixelated/ship/ship_pixelated_00192.png,ship,vehicle,water,pixelated,ship_01960
noise/ship/ship_noise_00192.png,ship,vehicle,water,noise,ship_01960
clean/dog/dog_clean_00201.png,dog,animal,land,clean,dog_01961
blur/dog/dog_blur_00201.png,dog,animal,land,blur,dog_01961
pixelated/dog/dog_pixelated_00201.png,dog,animal,land,pixelated,dog_01961
noise/dog/dog_noise_00201.png,dog,animal,land,noise,dog_01961
clean/horse/horse_clean_00189.png,horse,animal,land,clean,horse_01962
blur/horse/horse_blur_00189.png,horse,animal,land,blur,horse_01962
pixelated/horse/horse_pixelated_00189.png,horse,animal,land,pixelated,horse_01962
noise/horse/horse_noise_00189.png,horse,animal,land,noise,horse_01962
clean/automobile/automobile_clean_00188.png,automobile,vehicle,land,clean,automobile_01963
blur/automobile/automobile_blur_00188.png,automobile,vehicle,land,blur,automobile_01963
pixelated/automobile/automobile_pixelated_00188.png,automobile,vehicle,land,pixelated,automobile_01963
noise/automobile/automobile_noise_00188.png,automobile,vehicle,land,noise,automobile_01963
clean/cat/cat_clean_00213.png,cat,animal,land,clean,cat_01964
blur/cat/cat_blur_00213.png,cat,animal,land,blur,cat_01964
pixelated/cat/cat_pixelated_00213.png,cat,animal,land,pixelated,cat_01964
noise/cat/cat_noise_00213.png,cat,animal,land,noise,cat_01964
clean/truck/truck_clean_00197.png,truck,vehicle,land,clean,truck_01965
blur/truck/truck_blur_00197.png,truck,vehicle,land,blur,truck_01965
pixelated/truck/truck_pixelated_00197.png,truck,vehicle,land,pixelated,truck_01965
noise/truck/truck_noise_00197.png,truck,vehicle,land,noise,truck_01965
clean/airplane/airplane_clean_00199.png,airplane,vehicle,air,clean,airplane_01966
blur/airplane/airplane_blur_00199.png,airplane,vehicle,air,blur,airplane_01966
pixelated/airplane/airplane_pixelated_00199.png,airplane,vehicle,air,pixelated,airplane_01966
noise/airplane/airplane_noise_00199.png,airplane,vehicle,air,noise,airplane_01966
clean/truck/truck_clean_00198.png,truck,vehicle,land,clean,truck_01967
blur/truck/truck_blur_00198.png,truck,vehicle,land,blur,truck_01967
pixelated/truck/truck_pixelated_00198.png,truck,vehicle,land,pixelated,truck_01967
noise/truck/truck_noise_00198.png,truck,vehicle,land,noise,truck_01967
clean/horse/horse_clean_00190.png,horse,animal,land,clean,horse_01968
blur/horse/horse_blur_00190.png,horse,animal,land,blur,horse_01968
pixelated/horse/horse_pixelated_00190.png,horse,animal,land,pixelated,horse_01968
noise/horse/horse_noise_00190.png,horse,animal,land,noise,horse_01968
clean/airplane/airplane_clean_00200.png,airplane,vehicle,air,clean,airplane_01969
blur/airplane/airplane_blur_00200.png,airplane,vehicle,air,blur,airplane_01969
pixelated/airplane/airplane_pixelated_00200.png,airplane,vehicle,air,pixelated,airplane_01969
noise/airplane/airplane_noise_00200.png,airplane,vehicle,air,noise,airplane_01969
clean/bird/bird_clean_00196.png,bird,animal,air,clean,bird_01970
blur/bird/bird_blur_00196.png,bird,animal,air,blur,bird_01970
pixelated/bird/bird_pixelated_00196.png,bird,animal,air,pixelated,bird_01970
noise/bird/bird_noise_00196.png,bird,animal,air,noise,bird_01970
clean/frog/frog_clean_00184.png,frog,animal,land,clean,frog_01971
blur/frog/frog_blur_00184.png,frog,animal,land,blur,frog_01971
pixelated/frog/frog_pixelated_00184.png,frog,animal,land,pixelated,frog_01971
noise/frog/frog_noise_00184.png,frog,animal,land,noise,frog_01971
clean/cat/cat_clean_00214.png,cat,animal,land,clean,cat_01972
blur/cat/cat_blur_00214.png,cat,animal,land,blur,cat_01972
pixelated/cat/cat_pixelated_00214.png,cat,animal,land,pixelated,cat_01972
noise/cat/cat_noise_00214.png,cat,animal,land,noise,cat_01972
clean/frog/frog_clean_00185.png,frog,animal,land,clean,frog_01973
blur/frog/frog_blur_00185.png,frog,animal,land,blur,frog_01973
pixelated/frog/frog_pixelated_00185.png,frog,animal,land,pixelated,frog_01973
noise/frog/frog_noise_00185.png,frog,animal,land,noise,frog_01973
clean/ship/ship_clean_00193.png,ship,vehicle,water,clean,ship_01974
blur/ship/ship_blur_00193.png,ship,vehicle,water,blur,ship_01974
pixelated/ship/ship_pixelated_00193.png,ship,vehicle,water,pixelated,ship_01974
noise/ship/ship_noise_00193.png,ship,vehicle,water,noise,ship_01974
clean/frog/frog_clean_00186.png,frog,animal,land,clean,frog_01975
blur/frog/frog_blur_00186.png,frog,animal,land,blur,frog_01975
pixelated/frog/frog_pixelated_00186.png,frog,animal,land,pixelated,frog_01975
noise/frog/frog_noise_00186.png,frog,animal,land,noise,frog_01975
clean/dog/dog_clean_00202.png,dog,animal,land,clean,dog_01976
blur/dog/dog_blur_00202.png,dog,animal,land,blur,dog_01976
pixelated/dog/dog_pixelated_00202.png,dog,animal,land,pixelated,dog_01976
noise/dog/dog_noise_00202.png,dog,animal,land,noise,dog_01976
clean/ship/ship_clean_00194.png,ship,vehicle,water,clean,ship_01977
blur/ship/ship_blur_00194.png,ship,vehicle,water,blur,ship_01977
pixelated/ship/ship_pixelated_00194.png,ship,vehicle,water,pixelated,ship_01977
noise/ship/ship_noise_00194.png,ship,vehicle,water,noise,ship_01977
clean/cat/cat_clean_00215.png,cat,animal,land,clean,cat_01978
blur/cat/cat_blur_00215.png,cat,animal,land,blur,cat_01978
pixelated/cat/cat_pixelated_00215.png,cat,animal,land,pixelated,cat_01978
noise/cat/cat_noise_00215.png,cat,animal,land,noise,cat_01978
clean/bird/bird_clean_00197.png,bird,animal,air,clean,bird_01979
blur/bird/bird_blur_00197.png,bird,animal,air,blur,bird_01979
pixelated/bird/bird_pixelated_00197.png,bird,animal,air,pixelated,bird_01979
noise/bird/bird_noise_00197.png,bird,animal,air,noise,bird_01979
clean/dog/dog_clean_00203.png,dog,animal,land,clean,dog_01980
blur/dog/dog_blur_00203.png,dog,animal,land,blur,dog_01980
pixelated/dog/dog_pixelated_00203.png,dog,animal,land,pixelated,dog_01980
noise/dog/dog_noise_00203.png,dog,animal,land,noise,dog_01980
clean/deer/deer_clean_00210.png,deer,animal,land,clean,deer_01981
blur/deer/deer_blur_00210.png,deer,animal,land,blur,deer_01981
pixelated/deer/deer_pixelated_00210.png,deer,animal,land,pixelated,deer_01981
noise/deer/deer_noise_00210.png,deer,animal,land,noise,deer_01981
clean/cat/cat_clean_00216.png,cat,animal,land,clean,cat_01982
blur/cat/cat_blur_00216.png,cat,animal,land,blur,cat_01982
pixelated/cat/cat_pixelated_00216.png,cat,animal,land,pixelated,cat_01982
noise/cat/cat_noise_00216.png,cat,animal,land,noise,cat_01982
clean/deer/deer_clean_00211.png,deer,animal,land,clean,deer_01983
blur/deer/deer_blur_00211.png,deer,animal,land,blur,deer_01983
pixelated/deer/deer_pixelated_00211.png,deer,animal,land,pixelated,deer_01983
noise/deer/deer_noise_00211.png,deer,animal,land,noise,deer_01983
clean/dog/dog_clean_00204.png,dog,animal,land,clean,dog_01984
blur/dog/dog_blur_00204.png,dog,animal,land,blur,dog_01984
pixelated/dog/dog_pixelated_00204.png,dog,animal,land,pixelated,dog_01984
noise/dog/dog_noise_00204.png,dog,animal,land,noise,dog_01984
clean/frog/frog_clean_00187.png,frog,animal,land,clean,frog_01985
blur/frog/frog_blur_00187.png,frog,animal,land,blur,frog_01985
pixelated/frog/frog_pixelated_00187.png,frog,animal,land,pixelated,frog_01985
noise/frog/frog_noise_00187.png,frog,animal,land,noise,frog_01985
clean/truck/truck_clean_00199.png,truck,vehicle,land,clean,truck_01986
blur/truck/truck_blur_00199.png,truck,vehicle,land,blur,truck_01986
pixelated/truck/truck_pixelated_00199.png,truck,vehicle,land,pixelated,truck_01986
noise/truck/truck_noise_00199.png,truck,vehicle,land,noise,truck_01986
clean/automobile/automobile_clean_00189.png,automobile,vehicle,land,clean,automobile_01987
blur/automobile/automobile_blur_00189.png,automobile,vehicle,land,blur,automobile_01987
pixelated/automobile/automobile_pixelated_00189.png,automobile,vehicle,land,pixelated,automobile_01987
noise/automobile/automobile_noise_00189.png,automobile,vehicle,land,noise,automobile_01987
clean/dog/dog_clean_00205.png,dog,animal,land,clean,dog_01988
blur/dog/dog_blur_00205.png,dog,animal,land,blur,dog_01988
pixelated/dog/dog_pixelated_00205.png,dog,animal,land,pixelated,dog_01988
noise/dog/dog_noise_00205.png,dog,animal,land,noise,dog_01988
clean/dog/dog_clean_00206.png,dog,animal,land,clean,dog_01989
blur/dog/dog_blur_00206.png,dog,animal,land,blur,dog_01989
pixelated/dog/dog_pixelated_00206.png,dog,animal,land,pixelated,dog_01989
noise/dog/dog_noise_00206.png,dog,animal,land,noise,dog_01989
clean/dog/dog_clean_00207.png,dog,animal,land,clean,dog_01990
blur/dog/dog_blur_00207.png,dog,animal,land,blur,dog_01990
pixelated/dog/dog_pixelated_00207.png,dog,animal,land,pixelated,dog_01990
noise/dog/dog_noise_00207.png,dog,animal,land,noise,dog_01990
clean/truck/truck_clean_00200.png,truck,vehicle,land,clean,truck_01991
blur/truck/truck_blur_00200.png,truck,vehicle,land,blur,truck_01991
pixelated/truck/truck_pixelated_00200.png,truck,vehicle,land,pixelated,truck_01991
noise/truck/truck_noise_00200.png,truck,vehicle,land,noise,truck_01991
clean/deer/deer_clean_00212.png,deer,animal,land,clean,deer_01992
blur/deer/deer_blur_00212.png,deer,animal,land,blur,deer_01992
pixelated/deer/deer_pixelated_00212.png,deer,animal,land,pixelated,deer_01992
noise/deer/deer_noise_00212.png,deer,animal,land,noise,deer_01992
clean/dog/dog_clean_00208.png,dog,animal,land,clean,dog_01993
blur/dog/dog_blur_00208.png,dog,animal,land,blur,dog_01993
pixelated/dog/dog_pixelated_00208.png,dog,animal,land,pixelated,dog_01993
noise/dog/dog_noise_00208.png,dog,animal,land,noise,dog_01993
clean/frog/frog_clean_00188.png,frog,animal,land,clean,frog_01994
blur/frog/frog_blur_00188.png,frog,animal,land,blur,frog_01994
pixelated/frog/frog_pixelated_00188.png,frog,animal,land,pixelated,frog_01994
noise/frog/frog_noise_00188.png,frog,animal,land,noise,frog_01994
clean/deer/deer_clean_00213.png,deer,animal,land,clean,deer_01995
blur/deer/deer_blur_00213.png,deer,animal,land,blur,deer_01995
pixelated/deer/deer_pixelated_00213.png,deer,animal,land,pixelated,deer_01995
noise/deer/deer_noise_00213.png,deer,animal,land,noise,deer_01995
clean/frog/frog_clean_00189.png,frog,animal,land,clean,frog_01996
blur/frog/frog_blur_00189.png,frog,animal,land,blur,frog_01996
pixelated/frog/frog_pixelated_00189.png,frog,animal,land,pixelated,frog_01996
noise/frog/frog_noise_00189.png,frog,animal,land,noise,frog_01996
clean/truck/truck_clean_00201.png,truck,vehicle,land,clean,truck_01997
blur/truck/truck_blur_00201.png,truck,vehicle,land,blur,truck_01997
pixelated/truck/truck_pixelated_00201.png,truck,vehicle,land,pixelated,truck_01997
noise/truck/truck_noise_00201.png,truck,vehicle,land,noise,truck_01997
clean/airplane/airplane_clean_00201.png,airplane,vehicle,air,clean,airplane_01998
blur/airplane/airplane_blur_00201.png,airplane,vehicle,air,blur,airplane_01998
pixelated/airplane/airplane_pixelated_00201.png,airplane,vehicle,air,pixelated,airplane_01998
noise/airplane/airplane_noise_00201.png,airplane,vehicle,air,noise,airplane_01998
clean/ship/ship_clean_00195.png,ship,vehicle,water,clean,ship_01999
blur/ship/ship_blur_00195.png,ship,vehicle,water,blur,ship_01999
pixelated/ship/ship_pixelated_00195.png,ship,vehicle,water,pixelated,ship_01999
noise/ship/ship_noise_00195.png,ship,vehicle,water,noise,ship_01999
clean/automobile/automobile_clean_00190.png,automobile,vehicle,land,clean,automobile_02000
blur/automobile/automobile_blur_00190.png,automobile,vehicle,land,blur,automobile_02000
pixelated/automobile/automobile_pixelated_00190.png,automobile,vehicle,land,pixelated,automobile_02000
noise/automobile/automobile_noise_00190.png,automobile,vehicle,land,noise,automobile_02000
clean/airplane/airplane_clean_00202.png,airplane,vehicle,air,clean,airplane_02001
blur/airplane/airplane_blur_00202.png,airplane,vehicle,air,blur,airplane_02001
pixelated/airplane/airplane_pixelated_00202.png,airplane,vehicle,air,pixelated,airplane_02001
noise/airplane/airplane_noise_00202.png,airplane,vehicle,air,noise,airplane_02001
clean/horse/horse_clean_00191.png,horse,animal,land,clean,horse_02002
blur/horse/horse_blur_00191.png,horse,animal,land,blur,horse_02002
pixelated/horse/horse_pixelated_00191.png,horse,animal,land,pixelated,horse_02002
noise/horse/horse_noise_00191.png,horse,animal,land,noise,horse_02002
clean/truck/truck_clean_00202.png,truck,vehicle,land,clean,truck_02003
blur/truck/truck_blur_00202.png,truck,vehicle,land,blur,truck_02003
pixelated/truck/truck_pixelated_00202.png,truck,vehicle,land,pixelated,truck_02003
noise/truck/truck_noise_00202.png,truck,vehicle,land,noise,truck_02003
clean/horse/horse_clean_00192.png,horse,animal,land,clean,horse_02004
blur/horse/horse_blur_00192.png,horse,animal,land,blur,horse_02004
pixelated/horse/horse_pixelated_00192.png,horse,animal,land,pixelated,horse_02004
noise/horse/horse_noise_00192.png,horse,animal,land,noise,horse_02004
clean/frog/frog_clean_00190.png,frog,animal,land,clean,frog_02005
blur/frog/frog_blur_00190.png,frog,animal,land,blur,frog_02005
pixelated/frog/frog_pixelated_00190.png,frog,animal,land,pixelated,frog_02005
noise/frog/frog_noise_00190.png,frog,animal,land,noise,frog_02005
clean/bird/bird_clean_00198.png,bird,animal,air,clean,bird_02006
blur/bird/bird_blur_00198.png,bird,animal,air,blur,bird_02006
pixelated/bird/bird_pixelated_00198.png,bird,animal,air,pixelated,bird_02006
noise/bird/bird_noise_00198.png,bird,animal,air,noise,bird_02006
clean/airplane/airplane_clean_00203.png,airplane,vehicle,air,clean,airplane_02007
blur/airplane/airplane_blur_00203.png,airplane,vehicle,air,blur,airplane_02007
pixelated/airplane/airplane_pixelated_00203.png,airplane,vehicle,air,pixelated,airplane_02007
noise/airplane/airplane_noise_00203.png,airplane,vehicle,air,noise,airplane_02007
clean/bird/bird_clean_00199.png,bird,animal,air,clean,bird_02008
blur/bird/bird_blur_00199.png,bird,animal,air,blur,bird_02008
pixelated/bird/bird_pixelated_00199.png,bird,animal,air,pixelated,bird_02008
noise/bird/bird_noise_00199.png,bird,animal,air,noise,bird_02008
clean/ship/ship_clean_00196.png,ship,vehicle,water,clean,ship_02009
blur/ship/ship_blur_00196.png,ship,vehicle,water,blur,ship_02009
pixelated/ship/ship_pixelated_00196.png,ship,vehicle,water,pixelated,ship_02009
noise/ship/ship_noise_00196.png,ship,vehicle,water,noise,ship_02009
clean/ship/ship_clean_00197.png,ship,vehicle,water,clean,ship_02010
blur/ship/ship_blur_00197.png,ship,vehicle,water,blur,ship_02010
pixelated/ship/ship_pixelated_00197.png,ship,vehicle,water,pixelated,ship_02010
noise/ship/ship_noise_00197.png,ship,vehicle,water,noise,ship_02010
clean/dog/dog_clean_00209.png,dog,animal,land,clean,dog_02011
blur/dog/dog_blur_00209.png,dog,animal,land,blur,dog_02011
pixelated/dog/dog_pixelated_00209.png,dog,animal,land,pixelated,dog_02011
noise/dog/dog_noise_00209.png,dog,animal,land,noise,dog_02011
clean/automobile/automobile_clean_00191.png,automobile,vehicle,land,clean,automobile_02012
blur/automobile/automobile_blur_00191.png,automobile,vehicle,land,blur,automobile_02012
pixelated/automobile/automobile_pixelated_00191.png,automobile,vehicle,land,pixelated,automobile_02012
noise/automobile/automobile_noise_00191.png,automobile,vehicle,land,noise,automobile_02012
clean/airplane/airplane_clean_00204.png,airplane,vehicle,air,clean,airplane_02013
blur/airplane/airplane_blur_00204.png,airplane,vehicle,air,blur,airplane_02013
pixelated/airplane/airplane_pixelated_00204.png,airplane,vehicle,air,pixelated,airplane_02013
noise/airplane/airplane_noise_00204.png,airplane,vehicle,air,noise,airplane_02013
clean/airplane/airplane_clean_00205.png,airplane,vehicle,air,clean,airplane_02014
blur/airplane/airplane_blur_00205.png,airplane,vehicle,air,blur,airplane_02014
pixelated/airplane/airplane_pixelated_00205.png,airplane,vehicle,air,pixelated,airplane_02014
noise/airplane/airplane_noise_00205.png,airplane,vehicle,air,noise,airplane_02014
clean/deer/deer_clean_00214.png,deer,animal,land,clean,deer_02015
blur/deer/deer_blur_00214.png,deer,animal,land,blur,deer_02015
pixelated/deer/deer_pixelated_00214.png,deer,animal,land,pixelated,deer_02015
noise/deer/deer_noise_00214.png,deer,animal,land,noise,deer_02015
clean/cat/cat_clean_00217.png,cat,animal,land,clean,cat_02016
blur/cat/cat_blur_00217.png,cat,animal,land,blur,cat_02016
pixelated/cat/cat_pixelated_00217.png,cat,animal,land,pixelated,cat_02016
noise/cat/cat_noise_00217.png,cat,animal,land,noise,cat_02016
clean/horse/horse_clean_00193.png,horse,animal,land,clean,horse_02017
blur/horse/horse_blur_00193.png,horse,animal,land,blur,horse_02017
pixelated/horse/horse_pixelated_00193.png,horse,animal,land,pixelated,horse_02017
noise/horse/horse_noise_00193.png,horse,animal,land,noise,horse_02017
clean/cat/cat_clean_00218.png,cat,animal,land,clean,cat_02018
blur/cat/cat_blur_00218.png,cat,animal,land,blur,cat_02018
pixelated/cat/cat_pixelated_00218.png,cat,animal,land,pixelated,cat_02018
noise/cat/cat_noise_00218.png,cat,animal,land,noise,cat_02018
clean/frog/frog_clean_00191.png,frog,animal,land,clean,frog_02019
blur/frog/frog_blur_00191.png,frog,animal,land,blur,frog_02019
pixelated/frog/frog_pixelated_00191.png,frog,animal,land,pixelated,frog_02019
noise/frog/frog_noise_00191.png,frog,animal,land,noise,frog_02019
clean/truck/truck_clean_00203.png,truck,vehicle,land,clean,truck_02020
blur/truck/truck_blur_00203.png,truck,vehicle,land,blur,truck_02020
pixelated/truck/truck_pixelated_00203.png,truck,vehicle,land,pixelated,truck_02020
noise/truck/truck_noise_00203.png,truck,vehicle,land,noise,truck_02020
clean/frog/frog_clean_00192.png,frog,animal,land,clean,frog_02021
blur/frog/frog_blur_00192.png,frog,animal,land,blur,frog_02021
pixelated/frog/frog_pixelated_00192.png,frog,animal,land,pixelated,frog_02021
noise/frog/frog_noise_00192.png,frog,animal,land,noise,frog_02021
clean/truck/truck_clean_00204.png,truck,vehicle,land,clean,truck_02022
blur/truck/truck_blur_00204.png,truck,vehicle,land,blur,truck_02022
pixelated/truck/truck_pixelated_00204.png,truck,vehicle,land,pixelated,truck_02022
noise/truck/truck_noise_00204.png,truck,vehicle,land,noise,truck_02022
clean/ship/ship_clean_00198.png,ship,vehicle,water,clean,ship_02023
blur/ship/ship_blur_00198.png,ship,vehicle,water,blur,ship_02023
pixelated/ship/ship_pixelated_00198.png,ship,vehicle,water,pixelated,ship_02023
noise/ship/ship_noise_00198.png,ship,vehicle,water,noise,ship_02023
clean/horse/horse_clean_00194.png,horse,animal,land,clean,horse_02024
blur/horse/horse_blur_00194.png,horse,animal,land,blur,horse_02024
pixelated/horse/horse_pixelated_00194.png,horse,animal,land,pixelated,horse_02024
noise/horse/horse_noise_00194.png,horse,animal,land,noise,horse_02024
clean/frog/frog_clean_00193.png,frog,animal,land,clean,frog_02025
blur/frog/frog_blur_00193.png,frog,animal,land,blur,frog_02025
pixelated/frog/frog_pixelated_00193.png,frog,animal,land,pixelated,frog_02025
noise/frog/frog_noise_00193.png,frog,animal,land,noise,frog_02025
clean/dog/dog_clean_00210.png,dog,animal,land,clean,dog_02026
blur/dog/dog_blur_00210.png,dog,animal,land,blur,dog_02026
pixelated/dog/dog_pixelated_00210.png,dog,animal,land,pixelated,dog_02026
noise/dog/dog_noise_00210.png,dog,animal,land,noise,dog_02026
clean/bird/bird_clean_00200.png,bird,animal,air,clean,bird_02027
blur/bird/bird_blur_00200.png,bird,animal,air,blur,bird_02027
pixelated/bird/bird_pixelated_00200.png,bird,animal,air,pixelated,bird_02027
noise/bird/bird_noise_00200.png,bird,animal,air,noise,bird_02027
clean/ship/ship_clean_00199.png,ship,vehicle,water,clean,ship_02028
blur/ship/ship_blur_00199.png,ship,vehicle,water,blur,ship_02028
pixelated/ship/ship_pixelated_00199.png,ship,vehicle,water,pixelated,ship_02028
noise/ship/ship_noise_00199.png,ship,vehicle,water,noise,ship_02028
clean/dog/dog_clean_00211.png,dog,animal,land,clean,dog_02029
blur/dog/dog_blur_00211.png,dog,animal,land,blur,dog_02029
pixelated/dog/dog_pixelated_00211.png,dog,animal,land,pixelated,dog_02029
noise/dog/dog_noise_00211.png,dog,animal,land,noise,dog_02029
clean/truck/truck_clean_00205.png,truck,vehicle,land,clean,truck_02030
blur/truck/truck_blur_00205.png,truck,vehicle,land,blur,truck_02030
pixelated/truck/truck_pixelated_00205.png,truck,vehicle,land,pixelated,truck_02030
noise/truck/truck_noise_00205.png,truck,vehicle,land,noise,truck_02030
clean/dog/dog_clean_00212.png,dog,animal,land,clean,dog_02031
blur/dog/dog_blur_00212.png,dog,animal,land,blur,dog_02031
pixelated/dog/dog_pixelated_00212.png,dog,animal,land,pixelated,dog_02031
noise/dog/dog_noise_00212.png,dog,animal,land,noise,dog_02031
clean/automobile/automobile_clean_00192.png,automobile,vehicle,land,clean,automobile_02032
blur/automobile/automobile_blur_00192.png,automobile,vehicle,land,blur,automobile_02032
pixelated/automobile/automobile_pixelated_00192.png,automobile,vehicle,land,pixelated,automobile_02032
noise/automobile/automobile_noise_00192.png,automobile,vehicle,land,noise,automobile_02032
clean/automobile/automobile_clean_00193.png,automobile,vehicle,land,clean,automobile_02033
blur/automobile/automobile_blur_00193.png,automobile,vehicle,land,blur,automobile_02033
pixelated/automobile/automobile_pixelated_00193.png,automobile,vehicle,land,pixelated,automobile_02033
noise/automobile/automobile_noise_00193.png,automobile,vehicle,land,noise,automobile_02033
clean/cat/cat_clean_00219.png,cat,animal,land,clean,cat_02034
blur/cat/cat_blur_00219.png,cat,animal,land,blur,cat_02034
pixelated/cat/cat_pixelated_00219.png,cat,animal,land,pixelated,cat_02034
noise/cat/cat_noise_00219.png,cat,animal,land,noise,cat_02034
clean/truck/truck_clean_00206.png,truck,vehicle,land,clean,truck_02035
blur/truck/truck_blur_00206.png,truck,vehicle,land,blur,truck_02035
pixelated/truck/truck_pixelated_00206.png,truck,vehicle,land,pixelated,truck_02035
noise/truck/truck_noise_00206.png,truck,vehicle,land,noise,truck_02035
clean/horse/horse_clean_00195.png,horse,animal,land,clean,horse_02036
blur/horse/horse_blur_00195.png,horse,animal,land,blur,horse_02036
pixelated/horse/horse_pixelated_00195.png,horse,animal,land,pixelated,horse_02036
noise/horse/horse_noise_00195.png,horse,animal,land,noise,horse_02036
clean/truck/truck_clean_00207.png,truck,vehicle,land,clean,truck_02037
blur/truck/truck_blur_00207.png,truck,vehicle,land,blur,truck_02037
pixelated/truck/truck_pixelated_00207.png,truck,vehicle,land,pixelated,truck_02037
noise/truck/truck_noise_00207.png,truck,vehicle,land,noise,truck_02037
clean/truck/truck_clean_00208.png,truck,vehicle,land,clean,truck_02038
blur/truck/truck_blur_00208.png,truck,vehicle,land,blur,truck_02038
pixelated/truck/truck_pixelated_00208.png,truck,vehicle,land,pixelated,truck_02038
noise/truck/truck_noise_00208.png,truck,vehicle,land,noise,truck_02038
clean/bird/bird_clean_00201.png,bird,animal,air,clean,bird_02039
blur/bird/bird_blur_00201.png,bird,animal,air,blur,bird_02039
pixelated/bird/bird_pixelated_00201.png,bird,animal,air,pixelated,bird_02039
noise/bird/bird_noise_00201.png,bird,animal,air,noise,bird_02039
clean/truck/truck_clean_00209.png,truck,vehicle,land,clean,truck_02040
blur/truck/truck_blur_00209.png,truck,vehicle,land,blur,truck_02040
pixelated/truck/truck_pixelated_00209.png,truck,vehicle,land,pixelated,truck_02040
noise/truck/truck_noise_00209.png,truck,vehicle,land,noise,truck_02040
clean/airplane/airplane_clean_00206.png,airplane,vehicle,air,clean,airplane_02041
blur/airplane/airplane_blur_00206.png,airplane,vehicle,air,blur,airplane_02041
pixelated/airplane/airplane_pixelated_00206.png,airplane,vehicle,air,pixelated,airplane_02041
noise/airplane/airplane_noise_00206.png,airplane,vehicle,air,noise,airplane_02041
clean/bird/bird_clean_00202.png,bird,animal,air,clean,bird_02042
blur/bird/bird_blur_00202.png,bird,animal,air,blur,bird_02042
pixelated/bird/bird_pixelated_00202.png,bird,animal,air,pixelated,bird_02042
noise/bird/bird_noise_00202.png,bird,animal,air,noise,bird_02042
clean/ship/ship_clean_00200.png,ship,vehicle,water,clean,ship_02043
blur/ship/ship_blur_00200.png,ship,vehicle,water,blur,ship_02043
pixelated/ship/ship_pixelated_00200.png,ship,vehicle,water,pixelated,ship_02043
noise/ship/ship_noise_00200.png,ship,vehicle,water,noise,ship_02043
clean/deer/deer_clean_00215.png,deer,animal,land,clean,deer_02044
blur/deer/deer_blur_00215.png,deer,animal,land,blur,deer_02044
pixelated/deer/deer_pixelated_00215.png,deer,animal,land,pixelated,deer_02044
noise/deer/deer_noise_00215.png,deer,animal,land,noise,deer_02044
clean/frog/frog_clean_00194.png,frog,animal,land,clean,frog_02045
blur/frog/frog_blur_00194.png,frog,animal,land,blur,frog_02045
pixelated/frog/frog_pixelated_00194.png,frog,animal,land,pixelated,frog_02045
noise/frog/frog_noise_00194.png,frog,animal,land,noise,frog_02045
clean/ship/ship_clean_00201.png,ship,vehicle,water,clean,ship_02046
blur/ship/ship_blur_00201.png,ship,vehicle,water,blur,ship_02046
pixelated/ship/ship_pixelated_00201.png,ship,vehicle,water,pixelated,ship_02046
noise/ship/ship_noise_00201.png,ship,vehicle,water,noise,ship_02046
clean/automobile/automobile_clean_00194.png,automobile,vehicle,land,clean,automobile_02047
blur/automobile/automobile_blur_00194.png,automobile,vehicle,land,blur,automobile_02047
pixelated/automobile/automobile_pixelated_00194.png,automobile,vehicle,land,pixelated,automobile_02047
noise/automobile/automobile_noise_00194.png,automobile,vehicle,land,noise,automobile_02047
clean/truck/truck_clean_00210.png,truck,vehicle,land,clean,truck_02048
blur/truck/truck_blur_00210.png,truck,vehicle,land,blur,truck_02048
pixelated/truck/truck_pixelated_00210.png,truck,vehicle,land,pixelated,truck_02048
noise/truck/truck_noise_00210.png,truck,vehicle,land,noise,truck_02048
clean/frog/frog_clean_00195.png,frog,animal,land,clean,frog_02049
blur/frog/frog_blur_00195.png,frog,animal,land,blur,frog_02049
pixelated/frog/frog_pixelated_00195.png,frog,animal,land,pixelated,frog_02049
noise/frog/frog_noise_00195.png,frog,animal,land,noise,frog_02049
clean/truck/truck_clean_00211.png,truck,vehicle,land,clean,truck_02050
blur/truck/truck_blur_00211.png,truck,vehicle,land,blur,truck_02050
pixelated/truck/truck_pixelated_00211.png,truck,vehicle,land,pixelated,truck_02050
noise/truck/truck_noise_00211.png,truck,vehicle,land,noise,truck_02050
clean/horse/horse_clean_00196.png,horse,animal,land,clean,horse_02051
blur/horse/horse_blur_00196.png,horse,animal,land,blur,horse_02051
pixelated/horse/horse_pixelated_00196.png,horse,animal,land,pixelated,horse_02051
noise/horse/horse_noise_00196.png,horse,animal,land,noise,horse_02051
clean/dog/dog_clean_00213.png,dog,animal,land,clean,dog_02052
blur/dog/dog_blur_00213.png,dog,animal,land,blur,dog_02052
pixelated/dog/dog_pixelated_00213.png,dog,animal,land,pixelated,dog_02052
noise/dog/dog_noise_00213.png,dog,animal,land,noise,dog_02052
clean/ship/ship_clean_00202.png,ship,vehicle,water,clean,ship_02053
blur/ship/ship_blur_00202.png,ship,vehicle,water,blur,ship_02053
pixelated/ship/ship_pixelated_00202.png,ship,vehicle,water,pixelated,ship_02053
noise/ship/ship_noise_00202.png,ship,vehicle,water,noise,ship_02053
clean/truck/truck_clean_00212.png,truck,vehicle,land,clean,truck_02054
blur/truck/truck_blur_00212.png,truck,vehicle,land,blur,truck_02054
pixelated/truck/truck_pixelated_00212.png,truck,vehicle,land,pixelated,truck_02054
noise/truck/truck_noise_00212.png,truck,vehicle,land,noise,truck_02054
clean/airplane/airplane_clean_00207.png,airplane,vehicle,air,clean,airplane_02055
blur/airplane/airplane_blur_00207.png,airplane,vehicle,air,blur,airplane_02055
pixelated/airplane/airplane_pixelated_00207.png,airplane,vehicle,air,pixelated,airplane_02055
noise/airplane/airplane_noise_00207.png,airplane,vehicle,air,noise,airplane_02055
clean/frog/frog_clean_00196.png,frog,animal,land,clean,frog_02056
blur/frog/frog_blur_00196.png,frog,animal,land,blur,frog_02056
pixelated/frog/frog_pixelated_00196.png,frog,animal,land,pixelated,frog_02056
noise/frog/frog_noise_00196.png,frog,animal,land,noise,frog_02056
clean/frog/frog_clean_00197.png,frog,animal,land,clean,frog_02057
blur/frog/frog_blur_00197.png,frog,animal,land,blur,frog_02057
pixelated/frog/frog_pixelated_00197.png,frog,animal,land,pixelated,frog_02057
noise/frog/frog_noise_00197.png,frog,animal,land,noise,frog_02057
clean/automobile/automobile_clean_00195.png,automobile,vehicle,land,clean,automobile_02058
blur/automobile/automobile_blur_00195.png,automobile,vehicle,land,blur,automobile_02058
pixelated/automobile/automobile_pixelated_00195.png,automobile,vehicle,land,pixelated,automobile_02058
noise/automobile/automobile_noise_00195.png,automobile,vehicle,land,noise,automobile_02058
clean/ship/ship_clean_00203.png,ship,vehicle,water,clean,ship_02059
blur/ship/ship_blur_00203.png,ship,vehicle,water,blur,ship_02059
pixelated/ship/ship_pixelated_00203.png,ship,vehicle,water,pixelated,ship_02059
noise/ship/ship_noise_00203.png,ship,vehicle,water,noise,ship_02059
clean/deer/deer_clean_00216.png,deer,animal,land,clean,deer_02060
blur/deer/deer_blur_00216.png,deer,animal,land,blur,deer_02060
pixelated/deer/deer_pixelated_00216.png,deer,animal,land,pixelated,deer_02060
noise/deer/deer_noise_00216.png,deer,animal,land,noise,deer_02060
clean/airplane/airplane_clean_00208.png,airplane,vehicle,air,clean,airplane_02061
blur/airplane/airplane_blur_00208.png,airplane,vehicle,air,blur,airplane_02061
pixelated/airplane/airplane_pixelated_00208.png,airplane,vehicle,air,pixelated,airplane_02061
noise/airplane/airplane_noise_00208.png,airplane,vehicle,air,noise,airplane_02061
clean/deer/deer_clean_00217.png,deer,animal,land,clean,deer_02062
blur/deer/deer_blur_00217.png,deer,animal,land,blur,deer_02062
pixelated/deer/deer_pixelated_00217.png,deer,animal,land,pixelated,deer_02062
noise/deer/deer_noise_00217.png,deer,animal,land,noise,deer_02062
clean/automobile/automobile_clean_00196.png,automobile,vehicle,land,clean,automobile_02063
blur/automobile/automobile_blur_00196.png,automobile,vehicle,land,blur,automobile_02063
pixelated/automobile/automobile_pixelated_00196.png,automobile,vehicle,land,pixelated,automobile_02063
noise/automobile/automobile_noise_00196.png,automobile,vehicle,land,noise,automobile_02063
clean/cat/cat_clean_00220.png,cat,animal,land,clean,cat_02064
blur/cat/cat_blur_00220.png,cat,animal,land,blur,cat_02064
pixelated/cat/cat_pixelated_00220.png,cat,animal,land,pixelated,cat_02064
noise/cat/cat_noise_00220.png,cat,animal,land,noise,cat_02064
clean/airplane/airplane_clean_00209.png,airplane,vehicle,air,clean,airplane_02065
blur/airplane/airplane_blur_00209.png,airplane,vehicle,air,blur,airplane_02065
pixelated/airplane/airplane_pixelated_00209.png,airplane,vehicle,air,pixelated,airplane_02065
noise/airplane/airplane_noise_00209.png,airplane,vehicle,air,noise,airplane_02065
clean/dog/dog_clean_00214.png,dog,animal,land,clean,dog_02066
blur/dog/dog_blur_00214.png,dog,animal,land,blur,dog_02066
pixelated/dog/dog_pixelated_00214.png,dog,animal,land,pixelated,dog_02066
noise/dog/dog_noise_00214.png,dog,animal,land,noise,dog_02066
clean/airplane/airplane_clean_00210.png,airplane,vehicle,air,clean,airplane_02067
blur/airplane/airplane_blur_00210.png,airplane,vehicle,air,blur,airplane_02067
pixelated/airplane/airplane_pixelated_00210.png,airplane,vehicle,air,pixelated,airplane_02067
noise/airplane/airplane_noise_00210.png,airplane,vehicle,air,noise,airplane_02067
clean/frog/frog_clean_00198.png,frog,animal,land,clean,frog_02068
blur/frog/frog_blur_00198.png,frog,animal,land,blur,frog_02068
pixelated/frog/frog_pixelated_00198.png,frog,animal,land,pixelated,frog_02068
noise/frog/frog_noise_00198.png,frog,animal,land,noise,frog_02068
clean/dog/dog_clean_00215.png,dog,animal,land,clean,dog_02069
blur/dog/dog_blur_00215.png,dog,animal,land,blur,dog_02069
pixelated/dog/dog_pixelated_00215.png,dog,animal,land,pixelated,dog_02069
noise/dog/dog_noise_00215.png,dog,animal,land,noise,dog_02069
clean/dog/dog_clean_00216.png,dog,animal,land,clean,dog_02070
blur/dog/dog_blur_00216.png,dog,animal,land,blur,dog_02070
pixelated/dog/dog_pixelated_00216.png,dog,animal,land,pixelated,dog_02070
noise/dog/dog_noise_00216.png,dog,animal,land,noise,dog_02070
clean/horse/horse_clean_00197.png,horse,animal,land,clean,horse_02071
blur/horse/horse_blur_00197.png,horse,animal,land,blur,horse_02071
pixelated/horse/horse_pixelated_00197.png,horse,animal,land,pixelated,horse_02071
noise/horse/horse_noise_00197.png,horse,animal,land,noise,horse_02071
clean/truck/truck_clean_00213.png,truck,vehicle,land,clean,truck_02072
blur/truck/truck_blur_00213.png,truck,vehicle,land,blur,truck_02072
pixelated/truck/truck_pixelated_00213.png,truck,vehicle,land,pixelated,truck_02072
noise/truck/truck_noise_00213.png,truck,vehicle,land,noise,truck_02072
clean/airplane/airplane_clean_00211.png,airplane,vehicle,air,clean,airplane_02073
blur/airplane/airplane_blur_00211.png,airplane,vehicle,air,blur,airplane_02073
pixelated/airplane/airplane_pixelated_00211.png,airplane,vehicle,air,pixelated,airplane_02073
noise/airplane/airplane_noise_00211.png,airplane,vehicle,air,noise,airplane_02073
clean/deer/deer_clean_00218.png,deer,animal,land,clean,deer_02074
blur/deer/deer_blur_00218.png,deer,animal,land,blur,deer_02074
pixelated/deer/deer_pixelated_00218.png,deer,animal,land,pixelated,deer_02074
noise/deer/deer_noise_00218.png,deer,animal,land,noise,deer_02074
clean/airplane/airplane_clean_00212.png,airplane,vehicle,air,clean,airplane_02075
blur/airplane/airplane_blur_00212.png,airplane,vehicle,air,blur,airplane_02075
pixelated/airplane/airplane_pixelated_00212.png,airplane,vehicle,air,pixelated,airplane_02075
noise/airplane/airplane_noise_00212.png,airplane,vehicle,air,noise,airplane_02075
clean/airplane/airplane_clean_00213.png,airplane,vehicle,air,clean,airplane_02076
blur/airplane/airplane_blur_00213.png,airplane,vehicle,air,blur,airplane_02076
pixelated/airplane/airplane_pixelated_00213.png,airplane,vehicle,air,pixelated,airplane_02076
noise/airplane/airplane_noise_00213.png,airplane,vehicle,air,noise,airplane_02076
clean/deer/deer_clean_00219.png,deer,animal,land,clean,deer_02077
blur/deer/deer_blur_00219.png,deer,animal,land,blur,deer_02077
pixelated/deer/deer_pixelated_00219.png,deer,animal,land,pixelated,deer_02077
noise/deer/deer_noise_00219.png,deer,animal,land,noise,deer_02077
clean/dog/dog_clean_00217.png,dog,animal,land,clean,dog_02078
blur/dog/dog_blur_00217.png,dog,animal,land,blur,dog_02078
pixelated/dog/dog_pixelated_00217.png,dog,animal,land,pixelated,dog_02078
noise/dog/dog_noise_00217.png,dog,animal,land,noise,dog_02078
clean/dog/dog_clean_00218.png,dog,animal,land,clean,dog_02079
blur/dog/dog_blur_00218.png,dog,animal,land,blur,dog_02079
pixelated/dog/dog_pixelated_00218.png,dog,animal,land,pixelated,dog_02079
noise/dog/dog_noise_00218.png,dog,animal,land,noise,dog_02079
clean/bird/bird_clean_00203.png,bird,animal,air,clean,bird_02080
blur/bird/bird_blur_00203.png,bird,animal,air,blur,bird_02080
pixelated/bird/bird_pixelated_00203.png,bird,animal,air,pixelated,bird_02080
noise/bird/bird_noise_00203.png,bird,animal,air,noise,bird_02080
clean/bird/bird_clean_00204.png,bird,animal,air,clean,bird_02081
blur/bird/bird_blur_00204.png,bird,animal,air,blur,bird_02081
pixelated/bird/bird_pixelated_00204.png,bird,animal,air,pixelated,bird_02081
noise/bird/bird_noise_00204.png,bird,animal,air,noise,bird_02081
clean/ship/ship_clean_00204.png,ship,vehicle,water,clean,ship_02082
blur/ship/ship_blur_00204.png,ship,vehicle,water,blur,ship_02082
pixelated/ship/ship_pixelated_00204.png,ship,vehicle,water,pixelated,ship_02082
noise/ship/ship_noise_00204.png,ship,vehicle,water,noise,ship_02082
clean/dog/dog_clean_00219.png,dog,animal,land,clean,dog_02083
blur/dog/dog_blur_00219.png,dog,animal,land,blur,dog_02083
pixelated/dog/dog_pixelated_00219.png,dog,animal,land,pixelated,dog_02083
noise/dog/dog_noise_00219.png,dog,animal,land,noise,dog_02083
clean/airplane/airplane_clean_00214.png,airplane,vehicle,air,clean,airplane_02084
blur/airplane/airplane_blur_00214.png,airplane,vehicle,air,blur,airplane_02084
pixelated/airplane/airplane_pixelated_00214.png,airplane,vehicle,air,pixelated,airplane_02084
noise/airplane/airplane_noise_00214.png,airplane,vehicle,air,noise,airplane_02084
clean/automobile/automobile_clean_00197.png,automobile,vehicle,land,clean,automobile_02085
blur/automobile/automobile_blur_00197.png,automobile,vehicle,land,blur,automobile_02085
pixelated/automobile/automobile_pixelated_00197.png,automobile,vehicle,land,pixelated,automobile_02085
noise/automobile/automobile_noise_00197.png,automobile,vehicle,land,noise,automobile_02085
clean/frog/frog_clean_00199.png,frog,animal,land,clean,frog_02086
blur/frog/frog_blur_00199.png,frog,animal,land,blur,frog_02086
pixelated/frog/frog_pixelated_00199.png,frog,animal,land,pixelated,frog_02086
noise/frog/frog_noise_00199.png,frog,animal,land,noise,frog_02086
clean/truck/truck_clean_00214.png,truck,vehicle,land,clean,truck_02087
blur/truck/truck_blur_00214.png,truck,vehicle,land,blur,truck_02087
pixelated/truck/truck_pixelated_00214.png,truck,vehicle,land,pixelated,truck_02087
noise/truck/truck_noise_00214.png,truck,vehicle,land,noise,truck_02087
clean/automobile/automobile_clean_00198.png,automobile,vehicle,land,clean,automobile_02088
blur/automobile/automobile_blur_00198.png,automobile,vehicle,land,blur,automobile_02088
pixelated/automobile/automobile_pixelated_00198.png,automobile,vehicle,land,pixelated,automobile_02088
noise/automobile/automobile_noise_00198.png,automobile,vehicle,land,noise,automobile_02088
clean/ship/ship_clean_00205.png,ship,vehicle,water,clean,ship_02089
blur/ship/ship_blur_00205.png,ship,vehicle,water,blur,ship_02089
pixelated/ship/ship_pixelated_00205.png,ship,vehicle,water,pixelated,ship_02089
noise/ship/ship_noise_00205.png,ship,vehicle,water,noise,ship_02089
clean/cat/cat_clean_00221.png,cat,animal,land,clean,cat_02090
blur/cat/cat_blur_00221.png,cat,animal,land,blur,cat_02090
pixelated/cat/cat_pixelated_00221.png,cat,animal,land,pixelated,cat_02090
noise/cat/cat_noise_00221.png,cat,animal,land,noise,cat_02090
clean/frog/frog_clean_00200.png,frog,animal,land,clean,frog_02091
blur/frog/frog_blur_00200.png,frog,animal,land,blur,frog_02091
pixelated/frog/frog_pixelated_00200.png,frog,animal,land,pixelated,frog_02091
noise/frog/frog_noise_00200.png,frog,animal,land,noise,frog_02091
clean/cat/cat_clean_00222.png,cat,animal,land,clean,cat_02092
blur/cat/cat_blur_00222.png,cat,animal,land,blur,cat_02092
pixelated/cat/cat_pixelated_00222.png,cat,animal,land,pixelated,cat_02092
noise/cat/cat_noise_00222.png,cat,animal,land,noise,cat_02092
clean/horse/horse_clean_00198.png,horse,animal,land,clean,horse_02093
blur/horse/horse_blur_00198.png,horse,animal,land,blur,horse_02093
pixelated/horse/horse_pixelated_00198.png,horse,animal,land,pixelated,horse_02093
noise/horse/horse_noise_00198.png,horse,animal,land,noise,horse_02093
clean/bird/bird_clean_00205.png,bird,animal,air,clean,bird_02094
blur/bird/bird_blur_00205.png,bird,animal,air,blur,bird_02094
pixelated/bird/bird_pixelated_00205.png,bird,animal,air,pixelated,bird_02094
noise/bird/bird_noise_00205.png,bird,animal,air,noise,bird_02094
clean/dog/dog_clean_00220.png,dog,animal,land,clean,dog_02095
blur/dog/dog_blur_00220.png,dog,animal,land,blur,dog_02095
pixelated/dog/dog_pixelated_00220.png,dog,animal,land,pixelated,dog_02095
noise/dog/dog_noise_00220.png,dog,animal,land,noise,dog_02095
clean/automobile/automobile_clean_00199.png,automobile,vehicle,land,clean,automobile_02096
blur/automobile/automobile_blur_00199.png,automobile,vehicle,land,blur,automobile_02096
pixelated/automobile/automobile_pixelated_00199.png,automobile,vehicle,land,pixelated,automobile_02096
noise/automobile/automobile_noise_00199.png,automobile,vehicle,land,noise,automobile_02096
clean/deer/deer_clean_00220.png,deer,animal,land,clean,deer_02097
blur/deer/deer_blur_00220.png,deer,animal,land,blur,deer_02097
pixelated/deer/deer_pixelated_00220.png,deer,animal,land,pixelated,deer_02097
noise/deer/deer_noise_00220.png,deer,animal,land,noise,deer_02097
clean/truck/truck_clean_00215.png,truck,vehicle,land,clean,truck_02098
blur/truck/truck_blur_00215.png,truck,vehicle,land,blur,truck_02098
pixelated/truck/truck_pixelated_00215.png,truck,vehicle,land,pixelated,truck_02098
noise/truck/truck_noise_00215.png,truck,vehicle,land,noise,truck_02098
clean/automobile/automobile_clean_00200.png,automobile,vehicle,land,clean,automobile_02099
blur/automobile/automobile_blur_00200.png,automobile,vehicle,land,blur,automobile_02099
pixelated/automobile/automobile_pixelated_00200.png,automobile,vehicle,land,pixelated,automobile_02099
noise/automobile/automobile_noise_00200.png,automobile,vehicle,land,noise,automobile_02099
clean/dog/dog_clean_00221.png,dog,animal,land,clean,dog_02100
blur/dog/dog_blur_00221.png,dog,animal,land,blur,dog_02100
pixelated/dog/dog_pixelated_00221.png,dog,animal,land,pixelated,dog_02100
noise/dog/dog_noise_00221.png,dog,animal,land,noise,dog_02100
clean/automobile/automobile_clean_00201.png,automobile,vehicle,land,clean,automobile_02101
blur/automobile/automobile_blur_00201.png,automobile,vehicle,land,blur,automobile_02101
pixelated/automobile/automobile_pixelated_00201.png,automobile,vehicle,land,pixelated,automobile_02101
noise/automobile/automobile_noise_00201.png,automobile,vehicle,land,noise,automobile_02101
clean/airplane/airplane_clean_00215.png,airplane,vehicle,air,clean,airplane_02102
blur/airplane/airplane_blur_00215.png,airplane,vehicle,air,blur,airplane_02102
pixelated/airplane/airplane_pixelated_00215.png,airplane,vehicle,air,pixelated,airplane_02102
noise/airplane/airplane_noise_00215.png,airplane,vehicle,air,noise,airplane_02102
clean/airplane/airplane_clean_00216.png,airplane,vehicle,air,clean,airplane_02103
blur/airplane/airplane_blur_00216.png,airplane,vehicle,air,blur,airplane_02103
pixelated/airplane/airplane_pixelated_00216.png,airplane,vehicle,air,pixelated,airplane_02103
noise/airplane/airplane_noise_00216.png,airplane,vehicle,air,noise,airplane_02103
clean/truck/truck_clean_00216.png,truck,vehicle,land,clean,truck_02104
blur/truck/truck_blur_00216.png,truck,vehicle,land,blur,truck_02104
pixelated/truck/truck_pixelated_00216.png,truck,vehicle,land,pixelated,truck_02104
noise/truck/truck_noise_00216.png,truck,vehicle,land,noise,truck_02104
clean/truck/truck_clean_00217.png,truck,vehicle,land,clean,truck_02105
blur/truck/truck_blur_00217.png,truck,vehicle,land,blur,truck_02105
pixelated/truck/truck_pixelated_00217.png,truck,vehicle,land,pixelated,truck_02105
noise/truck/truck_noise_00217.png,truck,vehicle,land,noise,truck_02105
clean/truck/truck_clean_00218.png,truck,vehicle,land,clean,truck_02106
blur/truck/truck_blur_00218.png,truck,vehicle,land,blur,truck_02106
pixelated/truck/truck_pixelated_00218.png,truck,vehicle,land,pixelated,truck_02106
noise/truck/truck_noise_00218.png,truck,vehicle,land,noise,truck_02106
clean/ship/ship_clean_00206.png,ship,vehicle,water,clean,ship_02107
blur/ship/ship_blur_00206.png,ship,vehicle,water,blur,ship_02107
pixelated/ship/ship_pixelated_00206.png,ship,vehicle,water,pixelated,ship_02107
noise/ship/ship_noise_00206.png,ship,vehicle,water,noise,ship_02107
clean/cat/cat_clean_00223.png,cat,animal,land,clean,cat_02108
blur/cat/cat_blur_00223.png,cat,animal,land,blur,cat_02108
pixelated/cat/cat_pixelated_00223.png,cat,animal,land,pixelated,cat_02108
noise/cat/cat_noise_00223.png,cat,animal,land,noise,cat_02108
clean/automobile/automobile_clean_00202.png,automobile,vehicle,land,clean,automobile_02109
blur/automobile/automobile_blur_00202.png,automobile,vehicle,land,blur,automobile_02109
pixelated/automobile/automobile_pixelated_00202.png,automobile,vehicle,land,pixelated,automobile_02109
noise/automobile/automobile_noise_00202.png,automobile,vehicle,land,noise,automobile_02109
clean/deer/deer_clean_00221.png,deer,animal,land,clean,deer_02110
blur/deer/deer_blur_00221.png,deer,animal,land,blur,deer_02110
pixelated/deer/deer_pixelated_00221.png,deer,animal,land,pixelated,deer_02110
noise/deer/deer_noise_00221.png,deer,animal,land,noise,deer_02110
clean/automobile/automobile_clean_00203.png,automobile,vehicle,land,clean,automobile_02111
blur/automobile/automobile_blur_00203.png,automobile,vehicle,land,blur,automobile_02111
pixelated/automobile/automobile_pixelated_00203.png,automobile,vehicle,land,pixelated,automobile_02111
noise/automobile/automobile_noise_00203.png,automobile,vehicle,land,noise,automobile_02111
clean/truck/truck_clean_00219.png,truck,vehicle,land,clean,truck_02112
blur/truck/truck_blur_00219.png,truck,vehicle,land,blur,truck_02112
pixelated/truck/truck_pixelated_00219.png,truck,vehicle,land,pixelated,truck_02112
noise/truck/truck_noise_00219.png,truck,vehicle,land,noise,truck_02112
clean/frog/frog_clean_00201.png,frog,animal,land,clean,frog_02113
blur/frog/frog_blur_00201.png,frog,animal,land,blur,frog_02113
pixelated/frog/frog_pixelated_00201.png,frog,animal,land,pixelated,frog_02113
noise/frog/frog_noise_00201.png,frog,animal,land,noise,frog_02113
clean/frog/frog_clean_00202.png,frog,animal,land,clean,frog_02114
blur/frog/frog_blur_00202.png,frog,animal,land,blur,frog_02114
pixelated/frog/frog_pixelated_00202.png,frog,animal,land,pixelated,frog_02114
noise/frog/frog_noise_00202.png,frog,animal,land,noise,frog_02114
clean/horse/horse_clean_00199.png,horse,animal,land,clean,horse_02115
blur/horse/horse_blur_00199.png,horse,animal,land,blur,horse_02115
pixelated/horse/horse_pixelated_00199.png,horse,animal,land,pixelated,horse_02115
noise/horse/horse_noise_00199.png,horse,animal,land,noise,horse_02115
clean/frog/frog_clean_00203.png,frog,animal,land,clean,frog_02116
blur/frog/frog_blur_00203.png,frog,animal,land,blur,frog_02116
pixelated/frog/frog_pixelated_00203.png,frog,animal,land,pixelated,frog_02116
noise/frog/frog_noise_00203.png,frog,animal,land,noise,frog_02116
clean/truck/truck_clean_00220.png,truck,vehicle,land,clean,truck_02117
blur/truck/truck_blur_00220.png,truck,vehicle,land,blur,truck_02117
pixelated/truck/truck_pixelated_00220.png,truck,vehicle,land,pixelated,truck_02117
noise/truck/truck_noise_00220.png,truck,vehicle,land,noise,truck_02117
clean/frog/frog_clean_00204.png,frog,animal,land,clean,frog_02118
blur/frog/frog_blur_00204.png,frog,animal,land,blur,frog_02118
pixelated/frog/frog_pixelated_00204.png,frog,animal,land,pixelated,frog_02118
noise/frog/frog_noise_00204.png,frog,animal,land,noise,frog_02118
clean/horse/horse_clean_00200.png,horse,animal,land,clean,horse_02119
blur/horse/horse_blur_00200.png,horse,animal,land,blur,horse_02119
pixelated/horse/horse_pixelated_00200.png,horse,animal,land,pixelated,horse_02119
noise/horse/horse_noise_00200.png,horse,animal,land,noise,horse_02119
clean/cat/cat_clean_00224.png,cat,animal,land,clean,cat_02120
blur/cat/cat_blur_00224.png,cat,animal,land,blur,cat_02120
pixelated/cat/cat_pixelated_00224.png,cat,animal,land,pixelated,cat_02120
noise/cat/cat_noise_00224.png,cat,animal,land,noise,cat_02120
clean/bird/bird_clean_00206.png,bird,animal,air,clean,bird_02121
blur/bird/bird_blur_00206.png,bird,animal,air,blur,bird_02121
pixelated/bird/bird_pixelated_00206.png,bird,animal,air,pixelated,bird_02121
noise/bird/bird_noise_00206.png,bird,animal,air,noise,bird_02121
clean/airplane/airplane_clean_00217.png,airplane,vehicle,air,clean,airplane_02122
blur/airplane/airplane_blur_00217.png,airplane,vehicle,air,blur,airplane_02122
pixelated/airplane/airplane_pixelated_00217.png,airplane,vehicle,air,pixelated,airplane_02122
noise/airplane/airplane_noise_00217.png,airplane,vehicle,air,noise,airplane_02122
clean/horse/horse_clean_00201.png,horse,animal,land,clean,horse_02123
blur/horse/horse_blur_00201.png,horse,animal,land,blur,horse_02123
pixelated/horse/horse_pixelated_00201.png,horse,animal,land,pixelated,horse_02123
noise/horse/horse_noise_00201.png,horse,animal,land,noise,horse_02123
clean/dog/dog_clean_00222.png,dog,animal,land,clean,dog_02124
blur/dog/dog_blur_00222.png,dog,animal,land,blur,dog_02124
pixelated/dog/dog_pixelated_00222.png,dog,animal,land,pixelated,dog_02124
noise/dog/dog_noise_00222.png,dog,animal,land,noise,dog_02124
clean/automobile/automobile_clean_00204.png,automobile,vehicle,land,clean,automobile_02125
blur/automobile/automobile_blur_00204.png,automobile,vehicle,land,blur,automobile_02125
pixelated/automobile/automobile_pixelated_00204.png,automobile,vehicle,land,pixelated,automobile_02125
noise/automobile/automobile_noise_00204.png,automobile,vehicle,land,noise,automobile_02125
clean/bird/bird_clean_00207.png,bird,animal,air,clean,bird_02126
blur/bird/bird_blur_00207.png,bird,animal,air,blur,bird_02126
pixelated/bird/bird_pixelated_00207.png,bird,animal,air,pixelated,bird_02126
noise/bird/bird_noise_00207.png,bird,animal,air,noise,bird_02126
clean/cat/cat_clean_00225.png,cat,animal,land,clean,cat_02127
blur/cat/cat_blur_00225.png,cat,animal,land,blur,cat_02127
pixelated/cat/cat_pixelated_00225.png,cat,animal,land,pixelated,cat_02127
noise/cat/cat_noise_00225.png,cat,animal,land,noise,cat_02127
clean/dog/dog_clean_00223.png,dog,animal,land,clean,dog_02128
blur/dog/dog_blur_00223.png,dog,animal,land,blur,dog_02128
pixelated/dog/dog_pixelated_00223.png,dog,animal,land,pixelated,dog_02128
noise/dog/dog_noise_00223.png,dog,animal,land,noise,dog_02128
clean/airplane/airplane_clean_00218.png,airplane,vehicle,air,clean,airplane_02129
blur/airplane/airplane_blur_00218.png,airplane,vehicle,air,blur,airplane_02129
pixelated/airplane/airplane_pixelated_00218.png,airplane,vehicle,air,pixelated,airplane_02129
noise/airplane/airplane_noise_00218.png,airplane,vehicle,air,noise,airplane_02129
clean/truck/truck_clean_00221.png,truck,vehicle,land,clean,truck_02130
blur/truck/truck_blur_00221.png,truck,vehicle,land,blur,truck_02130
pixelated/truck/truck_pixelated_00221.png,truck,vehicle,land,pixelated,truck_02130
noise/truck/truck_noise_00221.png,truck,vehicle,land,noise,truck_02130
clean/bird/bird_clean_00208.png,bird,animal,air,clean,bird_02131
blur/bird/bird_blur_00208.png,bird,animal,air,blur,bird_02131
pixelated/bird/bird_pixelated_00208.png,bird,animal,air,pixelated,bird_02131
noise/bird/bird_noise_00208.png,bird,animal,air,noise,bird_02131
clean/deer/deer_clean_00222.png,deer,animal,land,clean,deer_02132
blur/deer/deer_blur_00222.png,deer,animal,land,blur,deer_02132
pixelated/deer/deer_pixelated_00222.png,deer,animal,land,pixelated,deer_02132
noise/deer/deer_noise_00222.png,deer,animal,land,noise,deer_02132
clean/deer/deer_clean_00223.png,deer,animal,land,clean,deer_02133
blur/deer/deer_blur_00223.png,deer,animal,land,blur,deer_02133
pixelated/deer/deer_pixelated_00223.png,deer,animal,land,pixelated,deer_02133
noise/deer/deer_noise_00223.png,deer,animal,land,noise,deer_02133
clean/airplane/airplane_clean_00219.png,airplane,vehicle,air,clean,airplane_02134
blur/airplane/airplane_blur_00219.png,airplane,vehicle,air,blur,airplane_02134
pixelated/airplane/airplane_pixelated_00219.png,airplane,vehicle,air,pixelated,airplane_02134
noise/airplane/airplane_noise_00219.png,airplane,vehicle,air,noise,airplane_02134
clean/bird/bird_clean_00209.png,bird,animal,air,clean,bird_02135
blur/bird/bird_blur_00209.png,bird,animal,air,blur,bird_02135
pixelated/bird/bird_pixelated_00209.png,bird,animal,air,pixelated,bird_02135
noise/bird/bird_noise_00209.png,bird,animal,air,noise,bird_02135
clean/frog/frog_clean_00205.png,frog,animal,land,clean,frog_02136
blur/frog/frog_blur_00205.png,frog,animal,land,blur,frog_02136
pixelated/frog/frog_pixelated_00205.png,frog,animal,land,pixelated,frog_02136
noise/frog/frog_noise_00205.png,frog,animal,land,noise,frog_02136
clean/cat/cat_clean_00226.png,cat,animal,land,clean,cat_02137
blur/cat/cat_blur_00226.png,cat,animal,land,blur,cat_02137
pixelated/cat/cat_pixelated_00226.png,cat,animal,land,pixelated,cat_02137
noise/cat/cat_noise_00226.png,cat,animal,land,noise,cat_02137
clean/frog/frog_clean_00206.png,frog,animal,land,clean,frog_02138
blur/frog/frog_blur_00206.png,frog,animal,land,blur,frog_02138
pixelated/frog/frog_pixelated_00206.png,frog,animal,land,pixelated,frog_02138
noise/frog/frog_noise_00206.png,frog,animal,land,noise,frog_02138
clean/cat/cat_clean_00227.png,cat,animal,land,clean,cat_02139
blur/cat/cat_blur_00227.png,cat,animal,land,blur,cat_02139
pixelated/cat/cat_pixelated_00227.png,cat,animal,land,pixelated,cat_02139
noise/cat/cat_noise_00227.png,cat,animal,land,noise,cat_02139
clean/horse/horse_clean_00202.png,horse,animal,land,clean,horse_02140
blur/horse/horse_blur_00202.png,horse,animal,land,blur,horse_02140
pixelated/horse/horse_pixelated_00202.png,horse,animal,land,pixelated,horse_02140
noise/horse/horse_noise_00202.png,horse,animal,land,noise,horse_02140
clean/dog/dog_clean_00224.png,dog,animal,land,clean,dog_02141
blur/dog/dog_blur_00224.png,dog,animal,land,blur,dog_02141
pixelated/dog/dog_pixelated_00224.png,dog,animal,land,pixelated,dog_02141
noise/dog/dog_noise_00224.png,dog,animal,land,noise,dog_02141
clean/airplane/airplane_clean_00220.png,airplane,vehicle,air,clean,airplane_02142
blur/airplane/airplane_blur_00220.png,airplane,vehicle,air,blur,airplane_02142
pixelated/airplane/airplane_pixelated_00220.png,airplane,vehicle,air,pixelated,airplane_02142
noise/airplane/airplane_noise_00220.png,airplane,vehicle,air,noise,airplane_02142
clean/horse/horse_clean_00203.png,horse,animal,land,clean,horse_02143
blur/horse/horse_blur_00203.png,horse,animal,land,blur,horse_02143
pixelated/horse/horse_pixelated_00203.png,horse,animal,land,pixelated,horse_02143
noise/horse/horse_noise_00203.png,horse,animal,land,noise,horse_02143
clean/horse/horse_clean_00204.png,horse,animal,land,clean,horse_02144
blur/horse/horse_blur_00204.png,horse,animal,land,blur,horse_02144
pixelated/horse/horse_pixelated_00204.png,horse,animal,land,pixelated,horse_02144
noise/horse/horse_noise_00204.png,horse,animal,land,noise,horse_02144
clean/ship/ship_clean_00207.png,ship,vehicle,water,clean,ship_02145
blur/ship/ship_blur_00207.png,ship,vehicle,water,blur,ship_02145
pixelated/ship/ship_pixelated_00207.png,ship,vehicle,water,pixelated,ship_02145
noise/ship/ship_noise_00207.png,ship,vehicle,water,noise,ship_02145
clean/automobile/automobile_clean_00205.png,automobile,vehicle,land,clean,automobile_02146
blur/automobile/automobile_blur_00205.png,automobile,vehicle,land,blur,automobile_02146
pixelated/automobile/automobile_pixelated_00205.png,automobile,vehicle,land,pixelated,automobile_02146
noise/automobile/automobile_noise_00205.png,automobile,vehicle,land,noise,automobile_02146
clean/frog/frog_clean_00207.png,frog,animal,land,clean,frog_02147
blur/frog/frog_blur_00207.png,frog,animal,land,blur,frog_02147
pixelated/frog/frog_pixelated_00207.png,frog,animal,land,pixelated,frog_02147
noise/frog/frog_noise_00207.png,frog,animal,land,noise,frog_02147
clean/automobile/automobile_clean_00206.png,automobile,vehicle,land,clean,automobile_02148
blur/automobile/automobile_blur_00206.png,automobile,vehicle,land,blur,automobile_02148
pixelated/automobile/automobile_pixelated_00206.png,automobile,vehicle,land,pixelated,automobile_02148
noise/automobile/automobile_noise_00206.png,automobile,vehicle,land,noise,automobile_02148
clean/truck/truck_clean_00222.png,truck,vehicle,land,clean,truck_02149
blur/truck/truck_blur_00222.png,truck,vehicle,land,blur,truck_02149
pixelated/truck/truck_pixelated_00222.png,truck,vehicle,land,pixelated,truck_02149
noise/truck/truck_noise_00222.png,truck,vehicle,land,noise,truck_02149
clean/cat/cat_clean_00228.png,cat,animal,land,clean,cat_02150
blur/cat/cat_blur_00228.png,cat,animal,land,blur,cat_02150
pixelated/cat/cat_pixelated_00228.png,cat,animal,land,pixelated,cat_02150
noise/cat/cat_noise_00228.png,cat,animal,land,noise,cat_02150
clean/ship/ship_clean_00208.png,ship,vehicle,water,clean,ship_02151
blur/ship/ship_blur_00208.png,ship,vehicle,water,blur,ship_02151
pixelated/ship/ship_pixelated_00208.png,ship,vehicle,water,pixelated,ship_02151
noise/ship/ship_noise_00208.png,ship,vehicle,water,noise,ship_02151
clean/frog/frog_clean_00208.png,frog,animal,land,clean,frog_02152
blur/frog/frog_blur_00208.png,frog,animal,land,blur,frog_02152
pixelated/frog/frog_pixelated_00208.png,frog,animal,land,pixelated,frog_02152
noise/frog/frog_noise_00208.png,frog,animal,land,noise,frog_02152
clean/airplane/airplane_clean_00221.png,airplane,vehicle,air,clean,airplane_02153
blur/airplane/airplane_blur_00221.png,airplane,vehicle,air,blur,airplane_02153
pixelated/airplane/airplane_pixelated_00221.png,airplane,vehicle,air,pixelated,airplane_02153
noise/airplane/airplane_noise_00221.png,airplane,vehicle,air,noise,airplane_02153
clean/ship/ship_clean_00209.png,ship,vehicle,water,clean,ship_02154
blur/ship/ship_blur_00209.png,ship,vehicle,water,blur,ship_02154
pixelated/ship/ship_pixelated_00209.png,ship,vehicle,water,pixelated,ship_02154
noise/ship/ship_noise_00209.png,ship,vehicle,water,noise,ship_02154
clean/bird/bird_clean_00210.png,bird,animal,air,clean,bird_02155
blur/bird/bird_blur_00210.png,bird,animal,air,blur,bird_02155
pixelated/bird/bird_pixelated_00210.png,bird,animal,air,pixelated,bird_02155
noise/bird/bird_noise_00210.png,bird,animal,air,noise,bird_02155
clean/dog/dog_clean_00225.png,dog,animal,land,clean,dog_02156
blur/dog/dog_blur_00225.png,dog,animal,land,blur,dog_02156
pixelated/dog/dog_pixelated_00225.png,dog,animal,land,pixelated,dog_02156
noise/dog/dog_noise_00225.png,dog,animal,land,noise,dog_02156
clean/automobile/automobile_clean_00207.png,automobile,vehicle,land,clean,automobile_02157
blur/automobile/automobile_blur_00207.png,automobile,vehicle,land,blur,automobile_02157
pixelated/automobile/automobile_pixelated_00207.png,automobile,vehicle,land,pixelated,automobile_02157
noise/automobile/automobile_noise_00207.png,automobile,vehicle,land,noise,automobile_02157
clean/ship/ship_clean_00210.png,ship,vehicle,water,clean,ship_02158
blur/ship/ship_blur_00210.png,ship,vehicle,water,blur,ship_02158
pixelated/ship/ship_pixelated_00210.png,ship,vehicle,water,pixelated,ship_02158
noise/ship/ship_noise_00210.png,ship,vehicle,water,noise,ship_02158
clean/airplane/airplane_clean_00222.png,airplane,vehicle,air,clean,airplane_02159
blur/airplane/airplane_blur_00222.png,airplane,vehicle,air,blur,airplane_02159
pixelated/airplane/airplane_pixelated_00222.png,airplane,vehicle,air,pixelated,airplane_02159
noise/airplane/airplane_noise_00222.png,airplane,vehicle,air,noise,airplane_02159
clean/bird/bird_clean_00211.png,bird,animal,air,clean,bird_02160
blur/bird/bird_blur_00211.png,bird,animal,air,blur,bird_02160
pixelated/bird/bird_pixelated_00211.png,bird,animal,air,pixelated,bird_02160
noise/bird/bird_noise_00211.png,bird,animal,air,noise,bird_02160
clean/deer/deer_clean_00224.png,deer,animal,land,clean,deer_02161
blur/deer/deer_blur_00224.png,deer,animal,land,blur,deer_02161
pixelated/deer/deer_pixelated_00224.png,deer,animal,land,pixelated,deer_02161
noise/deer/deer_noise_00224.png,deer,animal,land,noise,deer_02161
clean/cat/cat_clean_00229.png,cat,animal,land,clean,cat_02162
blur/cat/cat_blur_00229.png,cat,animal,land,blur,cat_02162
pixelated/cat/cat_pixelated_00229.png,cat,animal,land,pixelated,cat_02162
noise/cat/cat_noise_00229.png,cat,animal,land,noise,cat_02162
clean/horse/horse_clean_00205.png,horse,animal,land,clean,horse_02163
blur/horse/horse_blur_00205.png,horse,animal,land,blur,horse_02163
pixelated/horse/horse_pixelated_00205.png,horse,animal,land,pixelated,horse_02163
noise/horse/horse_noise_00205.png,horse,animal,land,noise,horse_02163
clean/bird/bird_clean_00212.png,bird,animal,air,clean,bird_02164
blur/bird/bird_blur_00212.png,bird,animal,air,blur,bird_02164
pixelated/bird/bird_pixelated_00212.png,bird,animal,air,pixelated,bird_02164
noise/bird/bird_noise_00212.png,bird,animal,air,noise,bird_02164
clean/truck/truck_clean_00223.png,truck,vehicle,land,clean,truck_02165
blur/truck/truck_blur_00223.png,truck,vehicle,land,blur,truck_02165
pixelated/truck/truck_pixelated_00223.png,truck,vehicle,land,pixelated,truck_02165
noise/truck/truck_noise_00223.png,truck,vehicle,land,noise,truck_02165
clean/automobile/automobile_clean_00208.png,automobile,vehicle,land,clean,automobile_02166
blur/automobile/automobile_blur_00208.png,automobile,vehicle,land,blur,automobile_02166
pixelated/automobile/automobile_pixelated_00208.png,automobile,vehicle,land,pixelated,automobile_02166
noise/automobile/automobile_noise_00208.png,automobile,vehicle,land,noise,automobile_02166
clean/bird/bird_clean_00213.png,bird,animal,air,clean,bird_02167
blur/bird/bird_blur_00213.png,bird,animal,air,blur,bird_02167
pixelated/bird/bird_pixelated_00213.png,bird,animal,air,pixelated,bird_02167
noise/bird/bird_noise_00213.png,bird,animal,air,noise,bird_02167
clean/truck/truck_clean_00224.png,truck,vehicle,land,clean,truck_02168
blur/truck/truck_blur_00224.png,truck,vehicle,land,blur,truck_02168
pixelated/truck/truck_pixelated_00224.png,truck,vehicle,land,pixelated,truck_02168
noise/truck/truck_noise_00224.png,truck,vehicle,land,noise,truck_02168
clean/automobile/automobile_clean_00209.png,automobile,vehicle,land,clean,automobile_02169
blur/automobile/automobile_blur_00209.png,automobile,vehicle,land,blur,automobile_02169
pixelated/automobile/automobile_pixelated_00209.png,automobile,vehicle,land,pixelated,automobile_02169
noise/automobile/automobile_noise_00209.png,automobile,vehicle,land,noise,automobile_02169
clean/bird/bird_clean_00214.png,bird,animal,air,clean,bird_02170
blur/bird/bird_blur_00214.png,bird,animal,air,blur,bird_02170
pixelated/bird/bird_pixelated_00214.png,bird,animal,air,pixelated,bird_02170
noise/bird/bird_noise_00214.png,bird,animal,air,noise,bird_02170
clean/dog/dog_clean_00226.png,dog,animal,land,clean,dog_02171
blur/dog/dog_blur_00226.png,dog,animal,land,blur,dog_02171
pixelated/dog/dog_pixelated_00226.png,dog,animal,land,pixelated,dog_02171
noise/dog/dog_noise_00226.png,dog,animal,land,noise,dog_02171
clean/ship/ship_clean_00211.png,ship,vehicle,water,clean,ship_02172
blur/ship/ship_blur_00211.png,ship,vehicle,water,blur,ship_02172
pixelated/ship/ship_pixelated_00211.png,ship,vehicle,water,pixelated,ship_02172
noise/ship/ship_noise_00211.png,ship,vehicle,water,noise,ship_02172
clean/frog/frog_clean_00209.png,frog,animal,land,clean,frog_02173
blur/frog/frog_blur_00209.png,frog,animal,land,blur,frog_02173
pixelated/frog/frog_pixelated_00209.png,frog,animal,land,pixelated,frog_02173
noise/frog/frog_noise_00209.png,frog,animal,land,noise,frog_02173
clean/airplane/airplane_clean_00223.png,airplane,vehicle,air,clean,airplane_02174
blur/airplane/airplane_blur_00223.png,airplane,vehicle,air,blur,airplane_02174
pixelated/airplane/airplane_pixelated_00223.png,airplane,vehicle,air,pixelated,airplane_02174
noise/airplane/airplane_noise_00223.png,airplane,vehicle,air,noise,airplane_02174
clean/ship/ship_clean_00212.png,ship,vehicle,water,clean,ship_02175
blur/ship/ship_blur_00212.png,ship,vehicle,water,blur,ship_02175
pixelated/ship/ship_pixelated_00212.png,ship,vehicle,water,pixelated,ship_02175
noise/ship/ship_noise_00212.png,ship,vehicle,water,noise,ship_02175
clean/truck/truck_clean_00225.png,truck,vehicle,land,clean,truck_02176
blur/truck/truck_blur_00225.png,truck,vehicle,land,blur,truck_02176
pixelated/truck/truck_pixelated_00225.png,truck,vehicle,land,pixelated,truck_02176
noise/truck/truck_noise_00225.png,truck,vehicle,land,noise,truck_02176
clean/frog/frog_clean_00210.png,frog,animal,land,clean,frog_02177
blur/frog/frog_blur_00210.png,frog,animal,land,blur,frog_02177
pixelated/frog/frog_pixelated_00210.png,frog,animal,land,pixelated,frog_02177
noise/frog/frog_noise_00210.png,frog,animal,land,noise,frog_02177
clean/frog/frog_clean_00211.png,frog,animal,land,clean,frog_02178
blur/frog/frog_blur_00211.png,frog,animal,land,blur,frog_02178
pixelated/frog/frog_pixelated_00211.png,frog,animal,land,pixelated,frog_02178
noise/frog/frog_noise_00211.png,frog,animal,land,noise,frog_02178
clean/deer/deer_clean_00225.png,deer,animal,land,clean,deer_02179
blur/deer/deer_blur_00225.png,deer,animal,land,blur,deer_02179
pixelated/deer/deer_pixelated_00225.png,deer,animal,land,pixelated,deer_02179
noise/deer/deer_noise_00225.png,deer,animal,land,noise,deer_02179
clean/horse/horse_clean_00206.png,horse,animal,land,clean,horse_02180
blur/horse/horse_blur_00206.png,horse,animal,land,blur,horse_02180
pixelated/horse/horse_pixelated_00206.png,horse,animal,land,pixelated,horse_02180
noise/horse/horse_noise_00206.png,horse,animal,land,noise,horse_02180
clean/ship/ship_clean_00213.png,ship,vehicle,water,clean,ship_02181
blur/ship/ship_blur_00213.png,ship,vehicle,water,blur,ship_02181
pixelated/ship/ship_pixelated_00213.png,ship,vehicle,water,pixelated,ship_02181
noise/ship/ship_noise_00213.png,ship,vehicle,water,noise,ship_02181
clean/horse/horse_clean_00207.png,horse,animal,land,clean,horse_02182
blur/horse/horse_blur_00207.png,horse,animal,land,blur,horse_02182
pixelated/horse/horse_pixelated_00207.png,horse,animal,land,pixelated,horse_02182
noise/horse/horse_noise_00207.png,horse,animal,land,noise,horse_02182
clean/bird/bird_clean_00215.png,bird,animal,air,clean,bird_02183
blur/bird/bird_blur_00215.png,bird,animal,air,blur,bird_02183
pixelated/bird/bird_pixelated_00215.png,bird,animal,air,pixelated,bird_02183
noise/bird/bird_noise_00215.png,bird,animal,air,noise,bird_02183
clean/automobile/automobile_clean_00210.png,automobile,vehicle,land,clean,automobile_02184
blur/automobile/automobile_blur_00210.png,automobile,vehicle,land,blur,automobile_02184
pixelated/automobile/automobile_pixelated_00210.png,automobile,vehicle,land,pixelated,automobile_02184
noise/automobile/automobile_noise_00210.png,automobile,vehicle,land,noise,automobile_02184
clean/ship/ship_clean_00214.png,ship,vehicle,water,clean,ship_02185
blur/ship/ship_blur_00214.png,ship,vehicle,water,blur,ship_02185
pixelated/ship/ship_pixelated_00214.png,ship,vehicle,water,pixelated,ship_02185
noise/ship/ship_noise_00214.png,ship,vehicle,water,noise,ship_02185
clean/dog/dog_clean_00227.png,dog,animal,land,clean,dog_02186
blur/dog/dog_blur_00227.png,dog,animal,land,blur,dog_02186
pixelated/dog/dog_pixelated_00227.png,dog,animal,land,pixelated,dog_02186
noise/dog/dog_noise_00227.png,dog,animal,land,noise,dog_02186
clean/automobile/automobile_clean_00211.png,automobile,vehicle,land,clean,automobile_02187
blur/automobile/automobile_blur_00211.png,automobile,vehicle,land,blur,automobile_02187
pixelated/automobile/automobile_pixelated_00211.png,automobile,vehicle,land,pixelated,automobile_02187
noise/automobile/automobile_noise_00211.png,automobile,vehicle,land,noise,automobile_02187
clean/frog/frog_clean_00212.png,frog,animal,land,clean,frog_02188
blur/frog/frog_blur_00212.png,frog,animal,land,blur,frog_02188
pixelated/frog/frog_pixelated_00212.png,frog,animal,land,pixelated,frog_02188
noise/frog/frog_noise_00212.png,frog,animal,land,noise,frog_02188
clean/automobile/automobile_clean_00212.png,automobile,vehicle,land,clean,automobile_02189
blur/automobile/automobile_blur_00212.png,automobile,vehicle,land,blur,automobile_02189
pixelated/automobile/automobile_pixelated_00212.png,automobile,vehicle,land,pixelated,automobile_02189
noise/automobile/automobile_noise_00212.png,automobile,vehicle,land,noise,automobile_02189
clean/horse/horse_clean_00208.png,horse,animal,land,clean,horse_02190
blur/horse/horse_blur_00208.png,horse,animal,land,blur,horse_02190
pixelated/horse/horse_pixelated_00208.png,horse,animal,land,pixelated,horse_02190
noise/horse/horse_noise_00208.png,horse,animal,land,noise,horse_02190
clean/dog/dog_clean_00228.png,dog,animal,land,clean,dog_02191
blur/dog/dog_blur_00228.png,dog,animal,land,blur,dog_02191
pixelated/dog/dog_pixelated_00228.png,dog,animal,land,pixelated,dog_02191
noise/dog/dog_noise_00228.png,dog,animal,land,noise,dog_02191
clean/horse/horse_clean_00209.png,horse,animal,land,clean,horse_02192
blur/horse/horse_blur_00209.png,horse,animal,land,blur,horse_02192
pixelated/horse/horse_pixelated_00209.png,horse,animal,land,pixelated,horse_02192
noise/horse/horse_noise_00209.png,horse,animal,land,noise,horse_02192
clean/ship/ship_clean_00215.png,ship,vehicle,water,clean,ship_02193
blur/ship/ship_blur_00215.png,ship,vehicle,water,blur,ship_02193
pixelated/ship/ship_pixelated_00215.png,ship,vehicle,water,pixelated,ship_02193
noise/ship/ship_noise_00215.png,ship,vehicle,water,noise,ship_02193
clean/ship/ship_clean_00216.png,ship,vehicle,water,clean,ship_02194
blur/ship/ship_blur_00216.png,ship,vehicle,water,blur,ship_02194
pixelated/ship/ship_pixelated_00216.png,ship,vehicle,water,pixelated,ship_02194
noise/ship/ship_noise_00216.png,ship,vehicle,water,noise,ship_02194
clean/frog/frog_clean_00213.png,frog,animal,land,clean,frog_02195
blur/frog/frog_blur_00213.png,frog,animal,land,blur,frog_02195
pixelated/frog/frog_pixelated_00213.png,frog,animal,land,pixelated,frog_02195
noise/frog/frog_noise_00213.png,frog,animal,land,noise,frog_02195
clean/truck/truck_clean_00226.png,truck,vehicle,land,clean,truck_02196
blur/truck/truck_blur_00226.png,truck,vehicle,land,blur,truck_02196
pixelated/truck/truck_pixelated_00226.png,truck,vehicle,land,pixelated,truck_02196
noise/truck/truck_noise_00226.png,truck,vehicle,land,noise,truck_02196
clean/truck/truck_clean_00227.png,truck,vehicle,land,clean,truck_02197
blur/truck/truck_blur_00227.png,truck,vehicle,land,blur,truck_02197
pixelated/truck/truck_pixelated_00227.png,truck,vehicle,land,pixelated,truck_02197
noise/truck/truck_noise_00227.png,truck,vehicle,land,noise,truck_02197
clean/ship/ship_clean_00217.png,ship,vehicle,water,clean,ship_02198
blur/ship/ship_blur_00217.png,ship,vehicle,water,blur,ship_02198
pixelated/ship/ship_pixelated_00217.png,ship,vehicle,water,pixelated,ship_02198
noise/ship/ship_noise_00217.png,ship,vehicle,water,noise,ship_02198
clean/frog/frog_clean_00214.png,frog,animal,land,clean,frog_02199
blur/frog/frog_blur_00214.png,frog,animal,land,blur,frog_02199
pixelated/frog/frog_pixelated_00214.png,frog,animal,land,pixelated,frog_02199
noise/frog/frog_noise_00214.png,frog,animal,land,noise,frog_02199
clean/cat/cat_clean_00230.png,cat,animal,land,clean,cat_02200
blur/cat/cat_blur_00230.png,cat,animal,land,blur,cat_02200
pixelated/cat/cat_pixelated_00230.png,cat,animal,land,pixelated,cat_02200
noise/cat/cat_noise_00230.png,cat,animal,land,noise,cat_02200
clean/bird/bird_clean_00216.png,bird,animal,air,clean,bird_02201
blur/bird/bird_blur_00216.png,bird,animal,air,blur,bird_02201
pixelated/bird/bird_pixelated_00216.png,bird,animal,air,pixelated,bird_02201
noise/bird/bird_noise_00216.png,bird,animal,air,noise,bird_02201
clean/truck/truck_clean_00228.png,truck,vehicle,land,clean,truck_02202
blur/truck/truck_blur_00228.png,truck,vehicle,land,blur,truck_02202
pixelated/truck/truck_pixelated_00228.png,truck,vehicle,land,pixelated,truck_02202
noise/truck/truck_noise_00228.png,truck,vehicle,land,noise,truck_02202
clean/bird/bird_clean_00217.png,bird,animal,air,clean,bird_02203
blur/bird/bird_blur_00217.png,bird,animal,air,blur,bird_02203
pixelated/bird/bird_pixelated_00217.png,bird,animal,air,pixelated,bird_02203
noise/bird/bird_noise_00217.png,bird,animal,air,noise,bird_02203
clean/deer/deer_clean_00226.png,deer,animal,land,clean,deer_02204
blur/deer/deer_blur_00226.png,deer,animal,land,blur,deer_02204
pixelated/deer/deer_pixelated_00226.png,deer,animal,land,pixelated,deer_02204
noise/deer/deer_noise_00226.png,deer,animal,land,noise,deer_02204
clean/airplane/airplane_clean_00224.png,airplane,vehicle,air,clean,airplane_02205
blur/airplane/airplane_blur_00224.png,airplane,vehicle,air,blur,airplane_02205
pixelated/airplane/airplane_pixelated_00224.png,airplane,vehicle,air,pixelated,airplane_02205
noise/airplane/airplane_noise_00224.png,airplane,vehicle,air,noise,airplane_02205
clean/dog/dog_clean_00229.png,dog,animal,land,clean,dog_02206
blur/dog/dog_blur_00229.png,dog,animal,land,blur,dog_02206
pixelated/dog/dog_pixelated_00229.png,dog,animal,land,pixelated,dog_02206
noise/dog/dog_noise_00229.png,dog,animal,land,noise,dog_02206
clean/frog/frog_clean_00215.png,frog,animal,land,clean,frog_02207
blur/frog/frog_blur_00215.png,frog,animal,land,blur,frog_02207
pixelated/frog/frog_pixelated_00215.png,frog,animal,land,pixelated,frog_02207
noise/frog/frog_noise_00215.png,frog,animal,land,noise,frog_02207
clean/automobile/automobile_clean_00213.png,automobile,vehicle,land,clean,automobile_02208
blur/automobile/automobile_blur_00213.png,automobile,vehicle,land,blur,automobile_02208
pixelated/automobile/automobile_pixelated_00213.png,automobile,vehicle,land,pixelated,automobile_02208
noise/automobile/automobile_noise_00213.png,automobile,vehicle,land,noise,automobile_02208
clean/truck/truck_clean_00229.png,truck,vehicle,land,clean,truck_02209
blur/truck/truck_blur_00229.png,truck,vehicle,land,blur,truck_02209
pixelated/truck/truck_pixelated_00229.png,truck,vehicle,land,pixelated,truck_02209
noise/truck/truck_noise_00229.png,truck,vehicle,land,noise,truck_02209
clean/horse/horse_clean_00210.png,horse,animal,land,clean,horse_02210
blur/horse/horse_blur_00210.png,horse,animal,land,blur,horse_02210
pixelated/horse/horse_pixelated_00210.png,horse,animal,land,pixelated,horse_02210
noise/horse/horse_noise_00210.png,horse,animal,land,noise,horse_02210
clean/ship/ship_clean_00218.png,ship,vehicle,water,clean,ship_02211
blur/ship/ship_blur_00218.png,ship,vehicle,water,blur,ship_02211
pixelated/ship/ship_pixelated_00218.png,ship,vehicle,water,pixelated,ship_02211
noise/ship/ship_noise_00218.png,ship,vehicle,water,noise,ship_02211
clean/dog/dog_clean_00230.png,dog,animal,land,clean,dog_02212
blur/dog/dog_blur_00230.png,dog,animal,land,blur,dog_02212
pixelated/dog/dog_pixelated_00230.png,dog,animal,land,pixelated,dog_02212
noise/dog/dog_noise_00230.png,dog,animal,land,noise,dog_02212
clean/cat/cat_clean_00231.png,cat,animal,land,clean,cat_02213
blur/cat/cat_blur_00231.png,cat,animal,land,blur,cat_02213
pixelated/cat/cat_pixelated_00231.png,cat,animal,land,pixelated,cat_02213
noise/cat/cat_noise_00231.png,cat,animal,land,noise,cat_02213
clean/deer/deer_clean_00227.png,deer,animal,land,clean,deer_02214
blur/deer/deer_blur_00227.png,deer,animal,land,blur,deer_02214
pixelated/deer/deer_pixelated_00227.png,deer,animal,land,pixelated,deer_02214
noise/deer/deer_noise_00227.png,deer,animal,land,noise,deer_02214
clean/airplane/airplane_clean_00225.png,airplane,vehicle,air,clean,airplane_02215
blur/airplane/airplane_blur_00225.png,airplane,vehicle,air,blur,airplane_02215
pixelated/airplane/airplane_pixelated_00225.png,airplane,vehicle,air,pixelated,airplane_02215
noise/airplane/airplane_noise_00225.png,airplane,vehicle,air,noise,airplane_02215
clean/horse/horse_clean_00211.png,horse,animal,land,clean,horse_02216
blur/horse/horse_blur_00211.png,horse,animal,land,blur,horse_02216
pixelated/horse/horse_pixelated_00211.png,horse,animal,land,pixelated,horse_02216
noise/horse/horse_noise_00211.png,horse,animal,land,noise,horse_02216
clean/truck/truck_clean_00230.png,truck,vehicle,land,clean,truck_02217
blur/truck/truck_blur_00230.png,truck,vehicle,land,blur,truck_02217
pixelated/truck/truck_pixelated_00230.png,truck,vehicle,land,pixelated,truck_02217
noise/truck/truck_noise_00230.png,truck,vehicle,land,noise,truck_02217
clean/cat/cat_clean_00232.png,cat,animal,land,clean,cat_02218
blur/cat/cat_blur_00232.png,cat,animal,land,blur,cat_02218
pixelated/cat/cat_pixelated_00232.png,cat,animal,land,pixelated,cat_02218
noise/cat/cat_noise_00232.png,cat,animal,land,noise,cat_02218
clean/automobile/automobile_clean_00214.png,automobile,vehicle,land,clean,automobile_02219
blur/automobile/automobile_blur_00214.png,automobile,vehicle,land,blur,automobile_02219
pixelated/automobile/automobile_pixelated_00214.png,automobile,vehicle,land,pixelated,automobile_02219
noise/automobile/automobile_noise_00214.png,automobile,vehicle,land,noise,automobile_02219
clean/horse/horse_clean_00212.png,horse,animal,land,clean,horse_02220
blur/horse/horse_blur_00212.png,horse,animal,land,blur,horse_02220
pixelated/horse/horse_pixelated_00212.png,horse,animal,land,pixelated,horse_02220
noise/horse/horse_noise_00212.png,horse,animal,land,noise,horse_02220
clean/truck/truck_clean_00231.png,truck,vehicle,land,clean,truck_02221
blur/truck/truck_blur_00231.png,truck,vehicle,land,blur,truck_02221
pixelated/truck/truck_pixelated_00231.png,truck,vehicle,land,pixelated,truck_02221
noise/truck/truck_noise_00231.png,truck,vehicle,land,noise,truck_02221
clean/deer/deer_clean_00228.png,deer,animal,land,clean,deer_02222
blur/deer/deer_blur_00228.png,deer,animal,land,blur,deer_02222
pixelated/deer/deer_pixelated_00228.png,deer,animal,land,pixelated,deer_02222
noise/deer/deer_noise_00228.png,deer,animal,land,noise,deer_02222
clean/automobile/automobile_clean_00215.png,automobile,vehicle,land,clean,automobile_02223
blur/automobile/automobile_blur_00215.png,automobile,vehicle,land,blur,automobile_02223
pixelated/automobile/automobile_pixelated_00215.png,automobile,vehicle,land,pixelated,automobile_02223
noise/automobile/automobile_noise_00215.png,automobile,vehicle,land,noise,automobile_02223
clean/frog/frog_clean_00216.png,frog,animal,land,clean,frog_02224
blur/frog/frog_blur_00216.png,frog,animal,land,blur,frog_02224
pixelated/frog/frog_pixelated_00216.png,frog,animal,land,pixelated,frog_02224
noise/frog/frog_noise_00216.png,frog,animal,land,noise,frog_02224
clean/ship/ship_clean_00219.png,ship,vehicle,water,clean,ship_02225
blur/ship/ship_blur_00219.png,ship,vehicle,water,blur,ship_02225
pixelated/ship/ship_pixelated_00219.png,ship,vehicle,water,pixelated,ship_02225
noise/ship/ship_noise_00219.png,ship,vehicle,water,noise,ship_02225
clean/frog/frog_clean_00217.png,frog,animal,land,clean,frog_02226
blur/frog/frog_blur_00217.png,frog,animal,land,blur,frog_02226
pixelated/frog/frog_pixelated_00217.png,frog,animal,land,pixelated,frog_02226
noise/frog/frog_noise_00217.png,frog,animal,land,noise,frog_02226
clean/ship/ship_clean_00220.png,ship,vehicle,water,clean,ship_02227
blur/ship/ship_blur_00220.png,ship,vehicle,water,blur,ship_02227
pixelated/ship/ship_pixelated_00220.png,ship,vehicle,water,pixelated,ship_02227
noise/ship/ship_noise_00220.png,ship,vehicle,water,noise,ship_02227
clean/bird/bird_clean_00218.png,bird,animal,air,clean,bird_02228
blur/bird/bird_blur_00218.png,bird,animal,air,blur,bird_02228
pixelated/bird/bird_pixelated_00218.png,bird,animal,air,pixelated,bird_02228
noise/bird/bird_noise_00218.png,bird,animal,air,noise,bird_02228
clean/dog/dog_clean_00231.png,dog,animal,land,clean,dog_02229
blur/dog/dog_blur_00231.png,dog,animal,land,blur,dog_02229
pixelated/dog/dog_pixelated_00231.png,dog,animal,land,pixelated,dog_02229
noise/dog/dog_noise_00231.png,dog,animal,land,noise,dog_02229
clean/ship/ship_clean_00221.png,ship,vehicle,water,clean,ship_02230
blur/ship/ship_blur_00221.png,ship,vehicle,water,blur,ship_02230
pixelated/ship/ship_pixelated_00221.png,ship,vehicle,water,pixelated,ship_02230
noise/ship/ship_noise_00221.png,ship,vehicle,water,noise,ship_02230
clean/cat/cat_clean_00233.png,cat,animal,land,clean,cat_02231
blur/cat/cat_blur_00233.png,cat,animal,land,blur,cat_02231
pixelated/cat/cat_pixelated_00233.png,cat,animal,land,pixelated,cat_02231
noise/cat/cat_noise_00233.png,cat,animal,land,noise,cat_02231
clean/ship/ship_clean_00222.png,ship,vehicle,water,clean,ship_02232
blur/ship/ship_blur_00222.png,ship,vehicle,water,blur,ship_02232
pixelated/ship/ship_pixelated_00222.png,ship,vehicle,water,pixelated,ship_02232
noise/ship/ship_noise_00222.png,ship,vehicle,water,noise,ship_02232
clean/horse/horse_clean_00213.png,horse,animal,land,clean,horse_02233
blur/horse/horse_blur_00213.png,horse,animal,land,blur,horse_02233
pixelated/horse/horse_pixelated_00213.png,horse,animal,land,pixelated,horse_02233
noise/horse/horse_noise_00213.png,horse,animal,land,noise,horse_02233
clean/cat/cat_clean_00234.png,cat,animal,land,clean,cat_02234
blur/cat/cat_blur_00234.png,cat,animal,land,blur,cat_02234
pixelated/cat/cat_pixelated_00234.png,cat,animal,land,pixelated,cat_02234
noise/cat/cat_noise_00234.png,cat,animal,land,noise,cat_02234
clean/frog/frog_clean_00218.png,frog,animal,land,clean,frog_02235
blur/frog/frog_blur_00218.png,frog,animal,land,blur,frog_02235
pixelated/frog/frog_pixelated_00218.png,frog,animal,land,pixelated,frog_02235
noise/frog/frog_noise_00218.png,frog,animal,land,noise,frog_02235
clean/bird/bird_clean_00219.png,bird,animal,air,clean,bird_02236
blur/bird/bird_blur_00219.png,bird,animal,air,blur,bird_02236
pixelated/bird/bird_pixelated_00219.png,bird,animal,air,pixelated,bird_02236
noise/bird/bird_noise_00219.png,bird,animal,air,noise,bird_02236
clean/truck/truck_clean_00232.png,truck,vehicle,land,clean,truck_02237
blur/truck/truck_blur_00232.png,truck,vehicle,land,blur,truck_02237
pixelated/truck/truck_pixelated_00232.png,truck,vehicle,land,pixelated,truck_02237
noise/truck/truck_noise_00232.png,truck,vehicle,land,noise,truck_02237
clean/dog/dog_clean_00232.png,dog,animal,land,clean,dog_02238
blur/dog/dog_blur_00232.png,dog,animal,land,blur,dog_02238
pixelated/dog/dog_pixelated_00232.png,dog,animal,land,pixelated,dog_02238
noise/dog/dog_noise_00232.png,dog,animal,land,noise,dog_02238
clean/airplane/airplane_clean_00226.png,airplane,vehicle,air,clean,airplane_02239
blur/airplane/airplane_blur_00226.png,airplane,vehicle,air,blur,airplane_02239
pixelated/airplane/airplane_pixelated_00226.png,airplane,vehicle,air,pixelated,airplane_02239
noise/airplane/airplane_noise_00226.png,airplane,vehicle,air,noise,airplane_02239
clean/truck/truck_clean_00233.png,truck,vehicle,land,clean,truck_02240
blur/truck/truck_blur_00233.png,truck,vehicle,land,blur,truck_02240
pixelated/truck/truck_pixelated_00233.png,truck,vehicle,land,pixelated,truck_02240
noise/truck/truck_noise_00233.png,truck,vehicle,land,noise,truck_02240
clean/horse/horse_clean_00214.png,horse,animal,land,clean,horse_02241
blur/horse/horse_blur_00214.png,horse,animal,land,blur,horse_02241
pixelated/horse/horse_pixelated_00214.png,horse,animal,land,pixelated,horse_02241
noise/horse/horse_noise_00214.png,horse,animal,land,noise,horse_02241
clean/cat/cat_clean_00235.png,cat,animal,land,clean,cat_02242
blur/cat/cat_blur_00235.png,cat,animal,land,blur,cat_02242
pixelated/cat/cat_pixelated_00235.png,cat,animal,land,pixelated,cat_02242
noise/cat/cat_noise_00235.png,cat,animal,land,noise,cat_02242
clean/horse/horse_clean_00215.png,horse,animal,land,clean,horse_02243
blur/horse/horse_blur_00215.png,horse,animal,land,blur,horse_02243
pixelated/horse/horse_pixelated_00215.png,horse,animal,land,pixelated,horse_02243
noise/horse/horse_noise_00215.png,horse,animal,land,noise,horse_02243
clean/dog/dog_clean_00233.png,dog,animal,land,clean,dog_02244
blur/dog/dog_blur_00233.png,dog,animal,land,blur,dog_02244
pixelated/dog/dog_pixelated_00233.png,dog,animal,land,pixelated,dog_02244
noise/dog/dog_noise_00233.png,dog,animal,land,noise,dog_02244
clean/automobile/automobile_clean_00216.png,automobile,vehicle,land,clean,automobile_02245
blur/automobile/automobile_blur_00216.png,automobile,vehicle,land,blur,automobile_02245
pixelated/automobile/automobile_pixelated_00216.png,automobile,vehicle,land,pixelated,automobile_02245
noise/automobile/automobile_noise_00216.png,automobile,vehicle,land,noise,automobile_02245
clean/airplane/airplane_clean_00227.png,airplane,vehicle,air,clean,airplane_02246
blur/airplane/airplane_blur_00227.png,airplane,vehicle,air,blur,airplane_02246
pixelated/airplane/airplane_pixelated_00227.png,airplane,vehicle,air,pixelated,airplane_02246
noise/airplane/airplane_noise_00227.png,airplane,vehicle,air,noise,airplane_02246
clean/airplane/airplane_clean_00228.png,airplane,vehicle,air,clean,airplane_02247
blur/airplane/airplane_blur_00228.png,airplane,vehicle,air,blur,airplane_02247
pixelated/airplane/airplane_pixelated_00228.png,airplane,vehicle,air,pixelated,airplane_02247
noise/airplane/airplane_noise_00228.png,airplane,vehicle,air,noise,airplane_02247
clean/automobile/automobile_clean_00217.png,automobile,vehicle,land,clean,automobile_02248
blur/automobile/automobile_blur_00217.png,automobile,vehicle,land,blur,automobile_02248
pixelated/automobile/automobile_pixelated_00217.png,automobile,vehicle,land,pixelated,automobile_02248
noise/automobile/automobile_noise_00217.png,automobile,vehicle,land,noise,automobile_02248
clean/deer/deer_clean_00229.png,deer,animal,land,clean,deer_02249
blur/deer/deer_blur_00229.png,deer,animal,land,blur,deer_02249
pixelated/deer/deer_pixelated_00229.png,deer,animal,land,pixelated,deer_02249
noise/deer/deer_noise_00229.png,deer,animal,land,noise,deer_02249
clean/horse/horse_clean_00216.png,horse,animal,land,clean,horse_02250
blur/horse/horse_blur_00216.png,horse,animal,land,blur,horse_02250
pixelated/horse/horse_pixelated_00216.png,horse,animal,land,pixelated,horse_02250
noise/horse/horse_noise_00216.png,horse,animal,land,noise,horse_02250
clean/ship/ship_clean_00223.png,ship,vehicle,water,clean,ship_02251
blur/ship/ship_blur_00223.png,ship,vehicle,water,blur,ship_02251
pixelated/ship/ship_pixelated_00223.png,ship,vehicle,water,pixelated,ship_02251
noise/ship/ship_noise_00223.png,ship,vehicle,water,noise,ship_02251
clean/frog/frog_clean_00219.png,frog,animal,land,clean,frog_02252
blur/frog/frog_blur_00219.png,frog,animal,land,blur,frog_02252
pixelated/frog/frog_pixelated_00219.png,frog,animal,land,pixelated,frog_02252
noise/frog/frog_noise_00219.png,frog,animal,land,noise,frog_02252
clean/dog/dog_clean_00234.png,dog,animal,land,clean,dog_02253
blur/dog/dog_blur_00234.png,dog,animal,land,blur,dog_02253
pixelated/dog/dog_pixelated_00234.png,dog,animal,land,pixelated,dog_02253
noise/dog/dog_noise_00234.png,dog,animal,land,noise,dog_02253
clean/horse/horse_clean_00217.png,horse,animal,land,clean,horse_02254
blur/horse/horse_blur_00217.png,horse,animal,land,blur,horse_02254
pixelated/horse/horse_pixelated_00217.png,horse,animal,land,pixelated,horse_02254
noise/horse/horse_noise_00217.png,horse,animal,land,noise,horse_02254
clean/automobile/automobile_clean_00218.png,automobile,vehicle,land,clean,automobile_02255
blur/automobile/automobile_blur_00218.png,automobile,vehicle,land,blur,automobile_02255
pixelated/automobile/automobile_pixelated_00218.png,automobile,vehicle,land,pixelated,automobile_02255
noise/automobile/automobile_noise_00218.png,automobile,vehicle,land,noise,automobile_02255
clean/airplane/airplane_clean_00229.png,airplane,vehicle,air,clean,airplane_02256
blur/airplane/airplane_blur_00229.png,airplane,vehicle,air,blur,airplane_02256
pixelated/airplane/airplane_pixelated_00229.png,airplane,vehicle,air,pixelated,airplane_02256
noise/airplane/airplane_noise_00229.png,airplane,vehicle,air,noise,airplane_02256
clean/deer/deer_clean_00230.png,deer,animal,land,clean,deer_02257
blur/deer/deer_blur_00230.png,deer,animal,land,blur,deer_02257
pixelated/deer/deer_pixelated_00230.png,deer,animal,land,pixelated,deer_02257
noise/deer/deer_noise_00230.png,deer,animal,land,noise,deer_02257
clean/ship/ship_clean_00224.png,ship,vehicle,water,clean,ship_02258
blur/ship/ship_blur_00224.png,ship,vehicle,water,blur,ship_02258
pixelated/ship/ship_pixelated_00224.png,ship,vehicle,water,pixelated,ship_02258
noise/ship/ship_noise_00224.png,ship,vehicle,water,noise,ship_02258
clean/frog/frog_clean_00220.png,frog,animal,land,clean,frog_02259
blur/frog/frog_blur_00220.png,frog,animal,land,blur,frog_02259
pixelated/frog/frog_pixelated_00220.png,frog,animal,land,pixelated,frog_02259
noise/frog/frog_noise_00220.png,frog,animal,land,noise,frog_02259
clean/frog/frog_clean_00221.png,frog,animal,land,clean,frog_02260
blur/frog/frog_blur_00221.png,frog,animal,land,blur,frog_02260
pixelated/frog/frog_pixelated_00221.png,frog,animal,land,pixelated,frog_02260
noise/frog/frog_noise_00221.png,frog,animal,land,noise,frog_02260
clean/ship/ship_clean_00225.png,ship,vehicle,water,clean,ship_02261
blur/ship/ship_blur_00225.png,ship,vehicle,water,blur,ship_02261
pixelated/ship/ship_pixelated_00225.png,ship,vehicle,water,pixelated,ship_02261
noise/ship/ship_noise_00225.png,ship,vehicle,water,noise,ship_02261
clean/frog/frog_clean_00222.png,frog,animal,land,clean,frog_02262
blur/frog/frog_blur_00222.png,frog,animal,land,blur,frog_02262
pixelated/frog/frog_pixelated_00222.png,frog,animal,land,pixelated,frog_02262
noise/frog/frog_noise_00222.png,frog,animal,land,noise,frog_02262
clean/airplane/airplane_clean_00230.png,airplane,vehicle,air,clean,airplane_02263
blur/airplane/airplane_blur_00230.png,airplane,vehicle,air,blur,airplane_02263
pixelated/airplane/airplane_pixelated_00230.png,airplane,vehicle,air,pixelated,airplane_02263
noise/airplane/airplane_noise_00230.png,airplane,vehicle,air,noise,airplane_02263
clean/deer/deer_clean_00231.png,deer,animal,land,clean,deer_02264
blur/deer/deer_blur_00231.png,deer,animal,land,blur,deer_02264
pixelated/deer/deer_pixelated_00231.png,deer,animal,land,pixelated,deer_02264
noise/deer/deer_noise_00231.png,deer,animal,land,noise,deer_02264
clean/deer/deer_clean_00232.png,deer,animal,land,clean,deer_02265
blur/deer/deer_blur_00232.png,deer,animal,land,blur,deer_02265
pixelated/deer/deer_pixelated_00232.png,deer,animal,land,pixelated,deer_02265
noise/deer/deer_noise_00232.png,deer,animal,land,noise,deer_02265
clean/bird/bird_clean_00220.png,bird,animal,air,clean,bird_02266
blur/bird/bird_blur_00220.png,bird,animal,air,blur,bird_02266
pixelated/bird/bird_pixelated_00220.png,bird,animal,air,pixelated,bird_02266
noise/bird/bird_noise_00220.png,bird,animal,air,noise,bird_02266
clean/ship/ship_clean_00226.png,ship,vehicle,water,clean,ship_02267
blur/ship/ship_blur_00226.png,ship,vehicle,water,blur,ship_02267
pixelated/ship/ship_pixelated_00226.png,ship,vehicle,water,pixelated,ship_02267
noise/ship/ship_noise_00226.png,ship,vehicle,water,noise,ship_02267
clean/dog/dog_clean_00235.png,dog,animal,land,clean,dog_02268
blur/dog/dog_blur_00235.png,dog,animal,land,blur,dog_02268
pixelated/dog/dog_pixelated_00235.png,dog,animal,land,pixelated,dog_02268
noise/dog/dog_noise_00235.png,dog,animal,land,noise,dog_02268
clean/frog/frog_clean_00223.png,frog,animal,land,clean,frog_02269
blur/frog/frog_blur_00223.png,frog,animal,land,blur,frog_02269
pixelated/frog/frog_pixelated_00223.png,frog,animal,land,pixelated,frog_02269
noise/frog/frog_noise_00223.png,frog,animal,land,noise,frog_02269
clean/truck/truck_clean_00234.png,truck,vehicle,land,clean,truck_02270
blur/truck/truck_blur_00234.png,truck,vehicle,land,blur,truck_02270
pixelated/truck/truck_pixelated_00234.png,truck,vehicle,land,pixelated,truck_02270
noise/truck/truck_noise_00234.png,truck,vehicle,land,noise,truck_02270
clean/frog/frog_clean_00224.png,frog,animal,land,clean,frog_02271
blur/frog/frog_blur_00224.png,frog,animal,land,blur,frog_02271
pixelated/frog/frog_pixelated_00224.png,frog,animal,land,pixelated,frog_02271
noise/frog/frog_noise_00224.png,frog,animal,land,noise,frog_02271
clean/automobile/automobile_clean_00219.png,automobile,vehicle,land,clean,automobile_02272
blur/automobile/automobile_blur_00219.png,automobile,vehicle,land,blur,automobile_02272
pixelated/automobile/automobile_pixelated_00219.png,automobile,vehicle,land,pixelated,automobile_02272
noise/automobile/automobile_noise_00219.png,automobile,vehicle,land,noise,automobile_02272
clean/dog/dog_clean_00236.png,dog,animal,land,clean,dog_02273
blur/dog/dog_blur_00236.png,dog,animal,land,blur,dog_02273
pixelated/dog/dog_pixelated_00236.png,dog,animal,land,pixelated,dog_02273
noise/dog/dog_noise_00236.png,dog,animal,land,noise,dog_02273
clean/deer/deer_clean_00233.png,deer,animal,land,clean,deer_02274
blur/deer/deer_blur_00233.png,deer,animal,land,blur,deer_02274
pixelated/deer/deer_pixelated_00233.png,deer,animal,land,pixelated,deer_02274
noise/deer/deer_noise_00233.png,deer,animal,land,noise,deer_02274
clean/dog/dog_clean_00237.png,dog,animal,land,clean,dog_02275
blur/dog/dog_blur_00237.png,dog,animal,land,blur,dog_02275
pixelated/dog/dog_pixelated_00237.png,dog,animal,land,pixelated,dog_02275
noise/dog/dog_noise_00237.png,dog,animal,land,noise,dog_02275
clean/ship/ship_clean_00227.png,ship,vehicle,water,clean,ship_02276
blur/ship/ship_blur_00227.png,ship,vehicle,water,blur,ship_02276
pixelated/ship/ship_pixelated_00227.png,ship,vehicle,water,pixelated,ship_02276
noise/ship/ship_noise_00227.png,ship,vehicle,water,noise,ship_02276
clean/ship/ship_clean_00228.png,ship,vehicle,water,clean,ship_02277
blur/ship/ship_blur_00228.png,ship,vehicle,water,blur,ship_02277
pixelated/ship/ship_pixelated_00228.png,ship,vehicle,water,pixelated,ship_02277
noise/ship/ship_noise_00228.png,ship,vehicle,water,noise,ship_02277
clean/airplane/airplane_clean_00231.png,airplane,vehicle,air,clean,airplane_02278
blur/airplane/airplane_blur_00231.png,airplane,vehicle,air,blur,airplane_02278
pixelated/airplane/airplane_pixelated_00231.png,airplane,vehicle,air,pixelated,airplane_02278
noise/airplane/airplane_noise_00231.png,airplane,vehicle,air,noise,airplane_02278
clean/automobile/automobile_clean_00220.png,automobile,vehicle,land,clean,automobile_02279
blur/automobile/automobile_blur_00220.png,automobile,vehicle,land,blur,automobile_02279
pixelated/automobile/automobile_pixelated_00220.png,automobile,vehicle,land,pixelated,automobile_02279
noise/automobile/automobile_noise_00220.png,automobile,vehicle,land,noise,automobile_02279
clean/automobile/automobile_clean_00221.png,automobile,vehicle,land,clean,automobile_02280
blur/automobile/automobile_blur_00221.png,automobile,vehicle,land,blur,automobile_02280
pixelated/automobile/automobile_pixelated_00221.png,automobile,vehicle,land,pixelated,automobile_02280
noise/automobile/automobile_noise_00221.png,automobile,vehicle,land,noise,automobile_02280
clean/bird/bird_clean_00221.png,bird,animal,air,clean,bird_02281
blur/bird/bird_blur_00221.png,bird,animal,air,blur,bird_02281
pixelated/bird/bird_pixelated_00221.png,bird,animal,air,pixelated,bird_02281
noise/bird/bird_noise_00221.png,bird,animal,air,noise,bird_02281
clean/bird/bird_clean_00222.png,bird,animal,air,clean,bird_02282
blur/bird/bird_blur_00222.png,bird,animal,air,blur,bird_02282
pixelated/bird/bird_pixelated_00222.png,bird,animal,air,pixelated,bird_02282
noise/bird/bird_noise_00222.png,bird,animal,air,noise,bird_02282
clean/cat/cat_clean_00236.png,cat,animal,land,clean,cat_02283
blur/cat/cat_blur_00236.png,cat,animal,land,blur,cat_02283
pixelated/cat/cat_pixelated_00236.png,cat,animal,land,pixelated,cat_02283
noise/cat/cat_noise_00236.png,cat,animal,land,noise,cat_02283
clean/deer/deer_clean_00234.png,deer,animal,land,clean,deer_02284
blur/deer/deer_blur_00234.png,deer,animal,land,blur,deer_02284
pixelated/deer/deer_pixelated_00234.png,deer,animal,land,pixelated,deer_02284
noise/deer/deer_noise_00234.png,deer,animal,land,noise,deer_02284
clean/horse/horse_clean_00218.png,horse,animal,land,clean,horse_02285
blur/horse/horse_blur_00218.png,horse,animal,land,blur,horse_02285
pixelated/horse/horse_pixelated_00218.png,horse,animal,land,pixelated,horse_02285
noise/horse/horse_noise_00218.png,horse,animal,land,noise,horse_02285
clean/deer/deer_clean_00235.png,deer,animal,land,clean,deer_02286
blur/deer/deer_blur_00235.png,deer,animal,land,blur,deer_02286
pixelated/deer/deer_pixelated_00235.png,deer,animal,land,pixelated,deer_02286
noise/deer/deer_noise_00235.png,deer,animal,land,noise,deer_02286
clean/horse/horse_clean_00219.png,horse,animal,land,clean,horse_02287
blur/horse/horse_blur_00219.png,horse,animal,land,blur,horse_02287
pixelated/horse/horse_pixelated_00219.png,horse,animal,land,pixelated,horse_02287
noise/horse/horse_noise_00219.png,horse,animal,land,noise,horse_02287
clean/deer/deer_clean_00236.png,deer,animal,land,clean,deer_02288
blur/deer/deer_blur_00236.png,deer,animal,land,blur,deer_02288
pixelated/deer/deer_pixelated_00236.png,deer,animal,land,pixelated,deer_02288
noise/deer/deer_noise_00236.png,deer,animal,land,noise,deer_02288
clean/frog/frog_clean_00225.png,frog,animal,land,clean,frog_02289
blur/frog/frog_blur_00225.png,frog,animal,land,blur,frog_02289
pixelated/frog/frog_pixelated_00225.png,frog,animal,land,pixelated,frog_02289
noise/frog/frog_noise_00225.png,frog,animal,land,noise,frog_02289
clean/ship/ship_clean_00229.png,ship,vehicle,water,clean,ship_02290
blur/ship/ship_blur_00229.png,ship,vehicle,water,blur,ship_02290
pixelated/ship/ship_pixelated_00229.png,ship,vehicle,water,pixelated,ship_02290
noise/ship/ship_noise_00229.png,ship,vehicle,water,noise,ship_02290
clean/deer/deer_clean_00237.png,deer,animal,land,clean,deer_02291
blur/deer/deer_blur_00237.png,deer,animal,land,blur,deer_02291
pixelated/deer/deer_pixelated_00237.png,deer,animal,land,pixelated,deer_02291
noise/deer/deer_noise_00237.png,deer,animal,land,noise,deer_02291
clean/airplane/airplane_clean_00232.png,airplane,vehicle,air,clean,airplane_02292
blur/airplane/airplane_blur_00232.png,airplane,vehicle,air,blur,airplane_02292
pixelated/airplane/airplane_pixelated_00232.png,airplane,vehicle,air,pixelated,airplane_02292
noise/airplane/airplane_noise_00232.png,airplane,vehicle,air,noise,airplane_02292
clean/horse/horse_clean_00220.png,horse,animal,land,clean,horse_02293
blur/horse/horse_blur_00220.png,horse,animal,land,blur,horse_02293
pixelated/horse/horse_pixelated_00220.png,horse,animal,land,pixelated,horse_02293
noise/horse/horse_noise_00220.png,horse,animal,land,noise,horse_02293
clean/airplane/airplane_clean_00233.png,airplane,vehicle,air,clean,airplane_02294
blur/airplane/airplane_blur_00233.png,airplane,vehicle,air,blur,airplane_02294
pixelated/airplane/airplane_pixelated_00233.png,airplane,vehicle,air,pixelated,airplane_02294
noise/airplane/airplane_noise_00233.png,airplane,vehicle,air,noise,airplane_02294
clean/dog/dog_clean_00238.png,dog,animal,land,clean,dog_02295
blur/dog/dog_blur_00238.png,dog,animal,land,blur,dog_02295
pixelated/dog/dog_pixelated_00238.png,dog,animal,land,pixelated,dog_02295
noise/dog/dog_noise_00238.png,dog,animal,land,noise,dog_02295
clean/truck/truck_clean_00235.png,truck,vehicle,land,clean,truck_02296
blur/truck/truck_blur_00235.png,truck,vehicle,land,blur,truck_02296
pixelated/truck/truck_pixelated_00235.png,truck,vehicle,land,pixelated,truck_02296
noise/truck/truck_noise_00235.png,truck,vehicle,land,noise,truck_02296
clean/frog/frog_clean_00226.png,frog,animal,land,clean,frog_02297
blur/frog/frog_blur_00226.png,frog,animal,land,blur,frog_02297
pixelated/frog/frog_pixelated_00226.png,frog,animal,land,pixelated,frog_02297
noise/frog/frog_noise_00226.png,frog,animal,land,noise,frog_02297
clean/dog/dog_clean_00239.png,dog,animal,land,clean,dog_02298
blur/dog/dog_blur_00239.png,dog,animal,land,blur,dog_02298
pixelated/dog/dog_pixelated_00239.png,dog,animal,land,pixelated,dog_02298
noise/dog/dog_noise_00239.png,dog,animal,land,noise,dog_02298
clean/automobile/automobile_clean_00222.png,automobile,vehicle,land,clean,automobile_02299
blur/automobile/automobile_blur_00222.png,automobile,vehicle,land,blur,automobile_02299
pixelated/automobile/automobile_pixelated_00222.png,automobile,vehicle,land,pixelated,automobile_02299
noise/automobile/automobile_noise_00222.png,automobile,vehicle,land,noise,automobile_02299
clean/deer/deer_clean_00238.png,deer,animal,land,clean,deer_02300
blur/deer/deer_blur_00238.png,deer,animal,land,blur,deer_02300
pixelated/deer/deer_pixelated_00238.png,deer,animal,land,pixelated,deer_02300
noise/deer/deer_noise_00238.png,deer,animal,land,noise,deer_02300
clean/cat/cat_clean_00237.png,cat,animal,land,clean,cat_02301
blur/cat/cat_blur_00237.png,cat,animal,land,blur,cat_02301
pixelated/cat/cat_pixelated_00237.png,cat,animal,land,pixelated,cat_02301
noise/cat/cat_noise_00237.png,cat,animal,land,noise,cat_02301
clean/dog/dog_clean_00240.png,dog,animal,land,clean,dog_02302
blur/dog/dog_blur_00240.png,dog,animal,land,blur,dog_02302
pixelated/dog/dog_pixelated_00240.png,dog,animal,land,pixelated,dog_02302
noise/dog/dog_noise_00240.png,dog,animal,land,noise,dog_02302
clean/airplane/airplane_clean_00234.png,airplane,vehicle,air,clean,airplane_02303
blur/airplane/airplane_blur_00234.png,airplane,vehicle,air,blur,airplane_02303
pixelated/airplane/airplane_pixelated_00234.png,airplane,vehicle,air,pixelated,airplane_02303
noise/airplane/airplane_noise_00234.png,airplane,vehicle,air,noise,airplane_02303
clean/bird/bird_clean_00223.png,bird,animal,air,clean,bird_02304
blur/bird/bird_blur_00223.png,bird,animal,air,blur,bird_02304
pixelated/bird/bird_pixelated_00223.png,bird,animal,air,pixelated,bird_02304
noise/bird/bird_noise_00223.png,bird,animal,air,noise,bird_02304
clean/deer/deer_clean_00239.png,deer,animal,land,clean,deer_02305
blur/deer/deer_blur_00239.png,deer,animal,land,blur,deer_02305
pixelated/deer/deer_pixelated_00239.png,deer,animal,land,pixelated,deer_02305
noise/deer/deer_noise_00239.png,deer,animal,land,noise,deer_02305
clean/truck/truck_clean_00236.png,truck,vehicle,land,clean,truck_02306
blur/truck/truck_blur_00236.png,truck,vehicle,land,blur,truck_02306
pixelated/truck/truck_pixelated_00236.png,truck,vehicle,land,pixelated,truck_02306
noise/truck/truck_noise_00236.png,truck,vehicle,land,noise,truck_02306
clean/cat/cat_clean_00238.png,cat,animal,land,clean,cat_02307
blur/cat/cat_blur_00238.png,cat,animal,land,blur,cat_02307
pixelated/cat/cat_pixelated_00238.png,cat,animal,land,pixelated,cat_02307
noise/cat/cat_noise_00238.png,cat,animal,land,noise,cat_02307
clean/frog/frog_clean_00227.png,frog,animal,land,clean,frog_02308
blur/frog/frog_blur_00227.png,frog,animal,land,blur,frog_02308
pixelated/frog/frog_pixelated_00227.png,frog,animal,land,pixelated,frog_02308
noise/frog/frog_noise_00227.png,frog,animal,land,noise,frog_02308
clean/automobile/automobile_clean_00223.png,automobile,vehicle,land,clean,automobile_02309
blur/automobile/automobile_blur_00223.png,automobile,vehicle,land,blur,automobile_02309
pixelated/automobile/automobile_pixelated_00223.png,automobile,vehicle,land,pixelated,automobile_02309
noise/automobile/automobile_noise_00223.png,automobile,vehicle,land,noise,automobile_02309
clean/automobile/automobile_clean_00224.png,automobile,vehicle,land,clean,automobile_02310
blur/automobile/automobile_blur_00224.png,automobile,vehicle,land,blur,automobile_02310
pixelated/automobile/automobile_pixelated_00224.png,automobile,vehicle,land,pixelated,automobile_02310
noise/automobile/automobile_noise_00224.png,automobile,vehicle,land,noise,automobile_02310
clean/horse/horse_clean_00221.png,horse,animal,land,clean,horse_02311
blur/horse/horse_blur_00221.png,horse,animal,land,blur,horse_02311
pixelated/horse/horse_pixelated_00221.png,horse,animal,land,pixelated,horse_02311
noise/horse/horse_noise_00221.png,horse,animal,land,noise,horse_02311
clean/automobile/automobile_clean_00225.png,automobile,vehicle,land,clean,automobile_02312
blur/automobile/automobile_blur_00225.png,automobile,vehicle,land,blur,automobile_02312
pixelated/automobile/automobile_pixelated_00225.png,automobile,vehicle,land,pixelated,automobile_02312
noise/automobile/automobile_noise_00225.png,automobile,vehicle,land,noise,automobile_02312
clean/deer/deer_clean_00240.png,deer,animal,land,clean,deer_02313
blur/deer/deer_blur_00240.png,deer,animal,land,blur,deer_02313
pixelated/deer/deer_pixelated_00240.png,deer,animal,land,pixelated,deer_02313
noise/deer/deer_noise_00240.png,deer,animal,land,noise,deer_02313
clean/bird/bird_clean_00224.png,bird,animal,air,clean,bird_02314
blur/bird/bird_blur_00224.png,bird,animal,air,blur,bird_02314
pixelated/bird/bird_pixelated_00224.png,bird,animal,air,pixelated,bird_02314
noise/bird/bird_noise_00224.png,bird,animal,air,noise,bird_02314
clean/deer/deer_clean_00241.png,deer,animal,land,clean,deer_02315
blur/deer/deer_blur_00241.png,deer,animal,land,blur,deer_02315
pixelated/deer/deer_pixelated_00241.png,deer,animal,land,pixelated,deer_02315
noise/deer/deer_noise_00241.png,deer,animal,land,noise,deer_02315
clean/ship/ship_clean_00230.png,ship,vehicle,water,clean,ship_02316
blur/ship/ship_blur_00230.png,ship,vehicle,water,blur,ship_02316
pixelated/ship/ship_pixelated_00230.png,ship,vehicle,water,pixelated,ship_02316
noise/ship/ship_noise_00230.png,ship,vehicle,water,noise,ship_02316
clean/horse/horse_clean_00222.png,horse,animal,land,clean,horse_02317
blur/horse/horse_blur_00222.png,horse,animal,land,blur,horse_02317
pixelated/horse/horse_pixelated_00222.png,horse,animal,land,pixelated,horse_02317
noise/horse/horse_noise_00222.png,horse,animal,land,noise,horse_02317
clean/automobile/automobile_clean_00226.png,automobile,vehicle,land,clean,automobile_02318
blur/automobile/automobile_blur_00226.png,automobile,vehicle,land,blur,automobile_02318
pixelated/automobile/automobile_pixelated_00226.png,automobile,vehicle,land,pixelated,automobile_02318
noise/automobile/automobile_noise_00226.png,automobile,vehicle,land,noise,automobile_02318
clean/ship/ship_clean_00231.png,ship,vehicle,water,clean,ship_02319
blur/ship/ship_blur_00231.png,ship,vehicle,water,blur,ship_02319
pixelated/ship/ship_pixelated_00231.png,ship,vehicle,water,pixelated,ship_02319
noise/ship/ship_noise_00231.png,ship,vehicle,water,noise,ship_02319
clean/truck/truck_clean_00237.png,truck,vehicle,land,clean,truck_02320
blur/truck/truck_blur_00237.png,truck,vehicle,land,blur,truck_02320
pixelated/truck/truck_pixelated_00237.png,truck,vehicle,land,pixelated,truck_02320
noise/truck/truck_noise_00237.png,truck,vehicle,land,noise,truck_02320
clean/horse/horse_clean_00223.png,horse,animal,land,clean,horse_02321
blur/horse/horse_blur_00223.png,horse,animal,land,blur,horse_02321
pixelated/horse/horse_pixelated_00223.png,horse,animal,land,pixelated,horse_02321
noise/horse/horse_noise_00223.png,horse,animal,land,noise,horse_02321
clean/dog/dog_clean_00241.png,dog,animal,land,clean,dog_02322
blur/dog/dog_blur_00241.png,dog,animal,land,blur,dog_02322
pixelated/dog/dog_pixelated_00241.png,dog,animal,land,pixelated,dog_02322
noise/dog/dog_noise_00241.png,dog,animal,land,noise,dog_02322
clean/frog/frog_clean_00228.png,frog,animal,land,clean,frog_02323
blur/frog/frog_blur_00228.png,frog,animal,land,blur,frog_02323
pixelated/frog/frog_pixelated_00228.png,frog,animal,land,pixelated,frog_02323
noise/frog/frog_noise_00228.png,frog,animal,land,noise,frog_02323
clean/deer/deer_clean_00242.png,deer,animal,land,clean,deer_02324
blur/deer/deer_blur_00242.png,deer,animal,land,blur,deer_02324
pixelated/deer/deer_pixelated_00242.png,deer,animal,land,pixelated,deer_02324
noise/deer/deer_noise_00242.png,deer,animal,land,noise,deer_02324
clean/truck/truck_clean_00238.png,truck,vehicle,land,clean,truck_02325
blur/truck/truck_blur_00238.png,truck,vehicle,land,blur,truck_02325
pixelated/truck/truck_pixelated_00238.png,truck,vehicle,land,pixelated,truck_02325
noise/truck/truck_noise_00238.png,truck,vehicle,land,noise,truck_02325
clean/dog/dog_clean_00242.png,dog,animal,land,clean,dog_02326
blur/dog/dog_blur_00242.png,dog,animal,land,blur,dog_02326
pixelated/dog/dog_pixelated_00242.png,dog,animal,land,pixelated,dog_02326
noise/dog/dog_noise_00242.png,dog,animal,land,noise,dog_02326
clean/bird/bird_clean_00225.png,bird,animal,air,clean,bird_02327
blur/bird/bird_blur_00225.png,bird,animal,air,blur,bird_02327
pixelated/bird/bird_pixelated_00225.png,bird,animal,air,pixelated,bird_02327
noise/bird/bird_noise_00225.png,bird,animal,air,noise,bird_02327
clean/truck/truck_clean_00239.png,truck,vehicle,land,clean,truck_02328
blur/truck/truck_blur_00239.png,truck,vehicle,land,blur,truck_02328
pixelated/truck/truck_pixelated_00239.png,truck,vehicle,land,pixelated,truck_02328
noise/truck/truck_noise_00239.png,truck,vehicle,land,noise,truck_02328
clean/deer/deer_clean_00243.png,deer,animal,land,clean,deer_02329
blur/deer/deer_blur_00243.png,deer,animal,land,blur,deer_02329
pixelated/deer/deer_pixelated_00243.png,deer,animal,land,pixelated,deer_02329
noise/deer/deer_noise_00243.png,deer,animal,land,noise,deer_02329
clean/frog/frog_clean_00229.png,frog,animal,land,clean,frog_02330
blur/frog/frog_blur_00229.png,frog,animal,land,blur,frog_02330
pixelated/frog/frog_pixelated_00229.png,frog,animal,land,pixelated,frog_02330
noise/frog/frog_noise_00229.png,frog,animal,land,noise,frog_02330
clean/automobile/automobile_clean_00227.png,automobile,vehicle,land,clean,automobile_02331
blur/automobile/automobile_blur_00227.png,automobile,vehicle,land,blur,automobile_02331
pixelated/automobile/automobile_pixelated_00227.png,automobile,vehicle,land,pixelated,automobile_02331
noise/automobile/automobile_noise_00227.png,automobile,vehicle,land,noise,automobile_02331
clean/cat/cat_clean_00239.png,cat,animal,land,clean,cat_02332
blur/cat/cat_blur_00239.png,cat,animal,land,blur,cat_02332
pixelated/cat/cat_pixelated_00239.png,cat,animal,land,pixelated,cat_02332
noise/cat/cat_noise_00239.png,cat,animal,land,noise,cat_02332
clean/bird/bird_clean_00226.png,bird,animal,air,clean,bird_02333
blur/bird/bird_blur_00226.png,bird,animal,air,blur,bird_02333
pixelated/bird/bird_pixelated_00226.png,bird,animal,air,pixelated,bird_02333
noise/bird/bird_noise_00226.png,bird,animal,air,noise,bird_02333
clean/automobile/automobile_clean_00228.png,automobile,vehicle,land,clean,automobile_02334
blur/automobile/automobile_blur_00228.png,automobile,vehicle,land,blur,automobile_02334
pixelated/automobile/automobile_pixelated_00228.png,automobile,vehicle,land,pixelated,automobile_02334
noise/automobile/automobile_noise_00228.png,automobile,vehicle,land,noise,automobile_02334
clean/truck/truck_clean_00240.png,truck,vehicle,land,clean,truck_02335
blur/truck/truck_blur_00240.png,truck,vehicle,land,blur,truck_02335
pixelated/truck/truck_pixelated_00240.png,truck,vehicle,land,pixelated,truck_02335
noise/truck/truck_noise_00240.png,truck,vehicle,land,noise,truck_02335
clean/horse/horse_clean_00224.png,horse,animal,land,clean,horse_02336
blur/horse/horse_blur_00224.png,horse,animal,land,blur,horse_02336
pixelated/horse/horse_pixelated_00224.png,horse,animal,land,pixelated,horse_02336
noise/horse/horse_noise_00224.png,horse,animal,land,noise,horse_02336
clean/deer/deer_clean_00244.png,deer,animal,land,clean,deer_02337
blur/deer/deer_blur_00244.png,deer,animal,land,blur,deer_02337
pixelated/deer/deer_pixelated_00244.png,deer,animal,land,pixelated,deer_02337
noise/deer/deer_noise_00244.png,deer,animal,land,noise,deer_02337
clean/ship/ship_clean_00232.png,ship,vehicle,water,clean,ship_02338
blur/ship/ship_blur_00232.png,ship,vehicle,water,blur,ship_02338
pixelated/ship/ship_pixelated_00232.png,ship,vehicle,water,pixelated,ship_02338
noise/ship/ship_noise_00232.png,ship,vehicle,water,noise,ship_02338
clean/ship/ship_clean_00233.png,ship,vehicle,water,clean,ship_02339
blur/ship/ship_blur_00233.png,ship,vehicle,water,blur,ship_02339
pixelated/ship/ship_pixelated_00233.png,ship,vehicle,water,pixelated,ship_02339
noise/ship/ship_noise_00233.png,ship,vehicle,water,noise,ship_02339
clean/frog/frog_clean_00230.png,frog,animal,land,clean,frog_02340
blur/frog/frog_blur_00230.png,frog,animal,land,blur,frog_02340
pixelated/frog/frog_pixelated_00230.png,frog,animal,land,pixelated,frog_02340
noise/frog/frog_noise_00230.png,frog,animal,land,noise,frog_02340
clean/truck/truck_clean_00241.png,truck,vehicle,land,clean,truck_02341
blur/truck/truck_blur_00241.png,truck,vehicle,land,blur,truck_02341
pixelated/truck/truck_pixelated_00241.png,truck,vehicle,land,pixelated,truck_02341
noise/truck/truck_noise_00241.png,truck,vehicle,land,noise,truck_02341
clean/automobile/automobile_clean_00229.png,automobile,vehicle,land,clean,automobile_02342
blur/automobile/automobile_blur_00229.png,automobile,vehicle,land,blur,automobile_02342
pixelated/automobile/automobile_pixelated_00229.png,automobile,vehicle,land,pixelated,automobile_02342
noise/automobile/automobile_noise_00229.png,automobile,vehicle,land,noise,automobile_02342
clean/dog/dog_clean_00243.png,dog,animal,land,clean,dog_02343
blur/dog/dog_blur_00243.png,dog,animal,land,blur,dog_02343
pixelated/dog/dog_pixelated_00243.png,dog,animal,land,pixelated,dog_02343
noise/dog/dog_noise_00243.png,dog,animal,land,noise,dog_02343
clean/airplane/airplane_clean_00235.png,airplane,vehicle,air,clean,airplane_02344
blur/airplane/airplane_blur_00235.png,airplane,vehicle,air,blur,airplane_02344
pixelated/airplane/airplane_pixelated_00235.png,airplane,vehicle,air,pixelated,airplane_02344
noise/airplane/airplane_noise_00235.png,airplane,vehicle,air,noise,airplane_02344
clean/bird/bird_clean_00227.png,bird,animal,air,clean,bird_02345
blur/bird/bird_blur_00227.png,bird,animal,air,blur,bird_02345
pixelated/bird/bird_pixelated_00227.png,bird,animal,air,pixelated,bird_02345
noise/bird/bird_noise_00227.png,bird,animal,air,noise,bird_02345
clean/dog/dog_clean_00244.png,dog,animal,land,clean,dog_02346
blur/dog/dog_blur_00244.png,dog,animal,land,blur,dog_02346
pixelated/dog/dog_pixelated_00244.png,dog,animal,land,pixelated,dog_02346
noise/dog/dog_noise_00244.png,dog,animal,land,noise,dog_02346
clean/ship/ship_clean_00234.png,ship,vehicle,water,clean,ship_02347
blur/ship/ship_blur_00234.png,ship,vehicle,water,blur,ship_02347
pixelated/ship/ship_pixelated_00234.png,ship,vehicle,water,pixelated,ship_02347
noise/ship/ship_noise_00234.png,ship,vehicle,water,noise,ship_02347
clean/horse/horse_clean_00225.png,horse,animal,land,clean,horse_02348
blur/horse/horse_blur_00225.png,horse,animal,land,blur,horse_02348
pixelated/horse/horse_pixelated_00225.png,horse,animal,land,pixelated,horse_02348
noise/horse/horse_noise_00225.png,horse,animal,land,noise,horse_02348
clean/dog/dog_clean_00245.png,dog,animal,land,clean,dog_02349
blur/dog/dog_blur_00245.png,dog,animal,land,blur,dog_02349
pixelated/dog/dog_pixelated_00245.png,dog,animal,land,pixelated,dog_02349
noise/dog/dog_noise_00245.png,dog,animal,land,noise,dog_02349
clean/truck/truck_clean_00242.png,truck,vehicle,land,clean,truck_02350
blur/truck/truck_blur_00242.png,truck,vehicle,land,blur,truck_02350
pixelated/truck/truck_pixelated_00242.png,truck,vehicle,land,pixelated,truck_02350
noise/truck/truck_noise_00242.png,truck,vehicle,land,noise,truck_02350
clean/bird/bird_clean_00228.png,bird,animal,air,clean,bird_02351
blur/bird/bird_blur_00228.png,bird,animal,air,blur,bird_02351
pixelated/bird/bird_pixelated_00228.png,bird,animal,air,pixelated,bird_02351
noise/bird/bird_noise_00228.png,bird,animal,air,noise,bird_02351
clean/frog/frog_clean_00231.png,frog,animal,land,clean,frog_02352
blur/frog/frog_blur_00231.png,frog,animal,land,blur,frog_02352
pixelated/frog/frog_pixelated_00231.png,frog,animal,land,pixelated,frog_02352
noise/frog/frog_noise_00231.png,frog,animal,land,noise,frog_02352
clean/bird/bird_clean_00229.png,bird,animal,air,clean,bird_02353
blur/bird/bird_blur_00229.png,bird,animal,air,blur,bird_02353
pixelated/bird/bird_pixelated_00229.png,bird,animal,air,pixelated,bird_02353
noise/bird/bird_noise_00229.png,bird,animal,air,noise,bird_02353
clean/horse/horse_clean_00226.png,horse,animal,land,clean,horse_02354
blur/horse/horse_blur_00226.png,horse,animal,land,blur,horse_02354
pixelated/horse/horse_pixelated_00226.png,horse,animal,land,pixelated,horse_02354
noise/horse/horse_noise_00226.png,horse,animal,land,noise,horse_02354
clean/horse/horse_clean_00227.png,horse,animal,land,clean,horse_02355
blur/horse/horse_blur_00227.png,horse,animal,land,blur,horse_02355
pixelated/horse/horse_pixelated_00227.png,horse,animal,land,pixelated,horse_02355
noise/horse/horse_noise_00227.png,horse,animal,land,noise,horse_02355
clean/horse/horse_clean_00228.png,horse,animal,land,clean,horse_02356
blur/horse/horse_blur_00228.png,horse,animal,land,blur,horse_02356
pixelated/horse/horse_pixelated_00228.png,horse,animal,land,pixelated,horse_02356
noise/horse/horse_noise_00228.png,horse,animal,land,noise,horse_02356
clean/airplane/airplane_clean_00236.png,airplane,vehicle,air,clean,airplane_02357
blur/airplane/airplane_blur_00236.png,airplane,vehicle,air,blur,airplane_02357
pixelated/airplane/airplane_pixelated_00236.png,airplane,vehicle,air,pixelated,airplane_02357
noise/airplane/airplane_noise_00236.png,airplane,vehicle,air,noise,airplane_02357
clean/horse/horse_clean_00229.png,horse,animal,land,clean,horse_02358
blur/horse/horse_blur_00229.png,horse,animal,land,blur,horse_02358
pixelated/horse/horse_pixelated_00229.png,horse,animal,land,pixelated,horse_02358
noise/horse/horse_noise_00229.png,horse,animal,land,noise,horse_02358
clean/frog/frog_clean_00232.png,frog,animal,land,clean,frog_02359
blur/frog/frog_blur_00232.png,frog,animal,land,blur,frog_02359
pixelated/frog/frog_pixelated_00232.png,frog,animal,land,pixelated,frog_02359
noise/frog/frog_noise_00232.png,frog,animal,land,noise,frog_02359
clean/frog/frog_clean_00233.png,frog,animal,land,clean,frog_02360
blur/frog/frog_blur_00233.png,frog,animal,land,blur,frog_02360
pixelated/frog/frog_pixelated_00233.png,frog,animal,land,pixelated,frog_02360
noise/frog/frog_noise_00233.png,frog,animal,land,noise,frog_02360
clean/bird/bird_clean_00230.png,bird,animal,air,clean,bird_02361
blur/bird/bird_blur_00230.png,bird,animal,air,blur,bird_02361
pixelated/bird/bird_pixelated_00230.png,bird,animal,air,pixelated,bird_02361
noise/bird/bird_noise_00230.png,bird,animal,air,noise,bird_02361
clean/dog/dog_clean_00246.png,dog,animal,land,clean,dog_02362
blur/dog/dog_blur_00246.png,dog,animal,land,blur,dog_02362
pixelated/dog/dog_pixelated_00246.png,dog,animal,land,pixelated,dog_02362
noise/dog/dog_noise_00246.png,dog,animal,land,noise,dog_02362
clean/airplane/airplane_clean_00237.png,airplane,vehicle,air,clean,airplane_02363
blur/airplane/airplane_blur_00237.png,airplane,vehicle,air,blur,airplane_02363
pixelated/airplane/airplane_pixelated_00237.png,airplane,vehicle,air,pixelated,airplane_02363
noise/airplane/airplane_noise_00237.png,airplane,vehicle,air,noise,airplane_02363
clean/horse/horse_clean_00230.png,horse,animal,land,clean,horse_02364
blur/horse/horse_blur_00230.png,horse,animal,land,blur,horse_02364
pixelated/horse/horse_pixelated_00230.png,horse,animal,land,pixelated,horse_02364
noise/horse/horse_noise_00230.png,horse,animal,land,noise,horse_02364
clean/ship/ship_clean_00235.png,ship,vehicle,water,clean,ship_02365
blur/ship/ship_blur_00235.png,ship,vehicle,water,blur,ship_02365
pixelated/ship/ship_pixelated_00235.png,ship,vehicle,water,pixelated,ship_02365
noise/ship/ship_noise_00235.png,ship,vehicle,water,noise,ship_02365
clean/ship/ship_clean_00236.png,ship,vehicle,water,clean,ship_02366
blur/ship/ship_blur_00236.png,ship,vehicle,water,blur,ship_02366
pixelated/ship/ship_pixelated_00236.png,ship,vehicle,water,pixelated,ship_02366
noise/ship/ship_noise_00236.png,ship,vehicle,water,noise,ship_02366
clean/ship/ship_clean_00237.png,ship,vehicle,water,clean,ship_02367
blur/ship/ship_blur_00237.png,ship,vehicle,water,blur,ship_02367
pixelated/ship/ship_pixelated_00237.png,ship,vehicle,water,pixelated,ship_02367
noise/ship/ship_noise_00237.png,ship,vehicle,water,noise,ship_02367
clean/deer/deer_clean_00245.png,deer,animal,land,clean,deer_02368
blur/deer/deer_blur_00245.png,deer,animal,land,blur,deer_02368
pixelated/deer/deer_pixelated_00245.png,deer,animal,land,pixelated,deer_02368
noise/deer/deer_noise_00245.png,deer,animal,land,noise,deer_02368
clean/bird/bird_clean_00231.png,bird,animal,air,clean,bird_02369
blur/bird/bird_blur_00231.png,bird,animal,air,blur,bird_02369
pixelated/bird/bird_pixelated_00231.png,bird,animal,air,pixelated,bird_02369
noise/bird/bird_noise_00231.png,bird,animal,air,noise,bird_02369
clean/automobile/automobile_clean_00230.png,automobile,vehicle,land,clean,automobile_02370
blur/automobile/automobile_blur_00230.png,automobile,vehicle,land,blur,automobile_02370
pixelated/automobile/automobile_pixelated_00230.png,automobile,vehicle,land,pixelated,automobile_02370
noise/automobile/automobile_noise_00230.png,automobile,vehicle,land,noise,automobile_02370
clean/horse/horse_clean_00231.png,horse,animal,land,clean,horse_02371
blur/horse/horse_blur_00231.png,horse,animal,land,blur,horse_02371
pixelated/horse/horse_pixelated_00231.png,horse,animal,land,pixelated,horse_02371
noise/horse/horse_noise_00231.png,horse,animal,land,noise,horse_02371
clean/ship/ship_clean_00238.png,ship,vehicle,water,clean,ship_02372
blur/ship/ship_blur_00238.png,ship,vehicle,water,blur,ship_02372
pixelated/ship/ship_pixelated_00238.png,ship,vehicle,water,pixelated,ship_02372
noise/ship/ship_noise_00238.png,ship,vehicle,water,noise,ship_02372
clean/dog/dog_clean_00247.png,dog,animal,land,clean,dog_02373
blur/dog/dog_blur_00247.png,dog,animal,land,blur,dog_02373
pixelated/dog/dog_pixelated_00247.png,dog,animal,land,pixelated,dog_02373
noise/dog/dog_noise_00247.png,dog,animal,land,noise,dog_02373
clean/horse/horse_clean_00232.png,horse,animal,land,clean,horse_02374
blur/horse/horse_blur_00232.png,horse,animal,land,blur,horse_02374
pixelated/horse/horse_pixelated_00232.png,horse,animal,land,pixelated,horse_02374
noise/horse/horse_noise_00232.png,horse,animal,land,noise,horse_02374
clean/airplane/airplane_clean_00238.png,airplane,vehicle,air,clean,airplane_02375
blur/airplane/airplane_blur_00238.png,airplane,vehicle,air,blur,airplane_02375
pixelated/airplane/airplane_pixelated_00238.png,airplane,vehicle,air,pixelated,airplane_02375
noise/airplane/airplane_noise_00238.png,airplane,vehicle,air,noise,airplane_02375
clean/airplane/airplane_clean_00239.png,airplane,vehicle,air,clean,airplane_02376
blur/airplane/airplane_blur_00239.png,airplane,vehicle,air,blur,airplane_02376
pixelated/airplane/airplane_pixelated_00239.png,airplane,vehicle,air,pixelated,airplane_02376
noise/airplane/airplane_noise_00239.png,airplane,vehicle,air,noise,airplane_02376
clean/ship/ship_clean_00239.png,ship,vehicle,water,clean,ship_02377
blur/ship/ship_blur_00239.png,ship,vehicle,water,blur,ship_02377
pixelated/ship/ship_pixelated_00239.png,ship,vehicle,water,pixelated,ship_02377
noise/ship/ship_noise_00239.png,ship,vehicle,water,noise,ship_02377
clean/ship/ship_clean_00240.png,ship,vehicle,water,clean,ship_02378
blur/ship/ship_blur_00240.png,ship,vehicle,water,blur,ship_02378
pixelated/ship/ship_pixelated_00240.png,ship,vehicle,water,pixelated,ship_02378
noise/ship/ship_noise_00240.png,ship,vehicle,water,noise,ship_02378
clean/deer/deer_clean_00246.png,deer,animal,land,clean,deer_02379
blur/deer/deer_blur_00246.png,deer,animal,land,blur,deer_02379
pixelated/deer/deer_pixelated_00246.png,deer,animal,land,pixelated,deer_02379
noise/deer/deer_noise_00246.png,deer,animal,land,noise,deer_02379
clean/dog/dog_clean_00248.png,dog,animal,land,clean,dog_02380
blur/dog/dog_blur_00248.png,dog,animal,land,blur,dog_02380
pixelated/dog/dog_pixelated_00248.png,dog,animal,land,pixelated,dog_02380
noise/dog/dog_noise_00248.png,dog,animal,land,noise,dog_02380
clean/airplane/airplane_clean_00240.png,airplane,vehicle,air,clean,airplane_02381
blur/airplane/airplane_blur_00240.png,airplane,vehicle,air,blur,airplane_02381
pixelated/airplane/airplane_pixelated_00240.png,airplane,vehicle,air,pixelated,airplane_02381
noise/airplane/airplane_noise_00240.png,airplane,vehicle,air,noise,airplane_02381
clean/horse/horse_clean_00233.png,horse,animal,land,clean,horse_02382
blur/horse/horse_blur_00233.png,horse,animal,land,blur,horse_02382
pixelated/horse/horse_pixelated_00233.png,horse,animal,land,pixelated,horse_02382
noise/horse/horse_noise_00233.png,horse,animal,land,noise,horse_02382
clean/frog/frog_clean_00234.png,frog,animal,land,clean,frog_02383
blur/frog/frog_blur_00234.png,frog,animal,land,blur,frog_02383
pixelated/frog/frog_pixelated_00234.png,frog,animal,land,pixelated,frog_02383
noise/frog/frog_noise_00234.png,frog,animal,land,noise,frog_02383
clean/frog/frog_clean_00235.png,frog,animal,land,clean,frog_02384
blur/frog/frog_blur_00235.png,frog,animal,land,blur,frog_02384
pixelated/frog/frog_pixelated_00235.png,frog,animal,land,pixelated,frog_02384
noise/frog/frog_noise_00235.png,frog,animal,land,noise,frog_02384
clean/cat/cat_clean_00240.png,cat,animal,land,clean,cat_02385
blur/cat/cat_blur_00240.png,cat,animal,land,blur,cat_02385
pixelated/cat/cat_pixelated_00240.png,cat,animal,land,pixelated,cat_02385
noise/cat/cat_noise_00240.png,cat,animal,land,noise,cat_02385
clean/bird/bird_clean_00232.png,bird,animal,air,clean,bird_02386
blur/bird/bird_blur_00232.png,bird,animal,air,blur,bird_02386
pixelated/bird/bird_pixelated_00232.png,bird,animal,air,pixelated,bird_02386
noise/bird/bird_noise_00232.png,bird,animal,air,noise,bird_02386
clean/automobile/automobile_clean_00231.png,automobile,vehicle,land,clean,automobile_02387
blur/automobile/automobile_blur_00231.png,automobile,vehicle,land,blur,automobile_02387
pixelated/automobile/automobile_pixelated_00231.png,automobile,vehicle,land,pixelated,automobile_02387
noise/automobile/automobile_noise_00231.png,automobile,vehicle,land,noise,automobile_02387
clean/ship/ship_clean_00241.png,ship,vehicle,water,clean,ship_02388
blur/ship/ship_blur_00241.png,ship,vehicle,water,blur,ship_02388
pixelated/ship/ship_pixelated_00241.png,ship,vehicle,water,pixelated,ship_02388
noise/ship/ship_noise_00241.png,ship,vehicle,water,noise,ship_02388
clean/deer/deer_clean_00247.png,deer,animal,land,clean,deer_02389
blur/deer/deer_blur_00247.png,deer,animal,land,blur,deer_02389
pixelated/deer/deer_pixelated_00247.png,deer,animal,land,pixelated,deer_02389
noise/deer/deer_noise_00247.png,deer,animal,land,noise,deer_02389
clean/ship/ship_clean_00242.png,ship,vehicle,water,clean,ship_02390
blur/ship/ship_blur_00242.png,ship,vehicle,water,blur,ship_02390
pixelated/ship/ship_pixelated_00242.png,ship,vehicle,water,pixelated,ship_02390
noise/ship/ship_noise_00242.png,ship,vehicle,water,noise,ship_02390
clean/bird/bird_clean_00233.png,bird,animal,air,clean,bird_02391
blur/bird/bird_blur_00233.png,bird,animal,air,blur,bird_02391
pixelated/bird/bird_pixelated_00233.png,bird,animal,air,pixelated,bird_02391
noise/bird/bird_noise_00233.png,bird,animal,air,noise,bird_02391
clean/bird/bird_clean_00234.png,bird,animal,air,clean,bird_02392
blur/bird/bird_blur_00234.png,bird,animal,air,blur,bird_02392
pixelated/bird/bird_pixelated_00234.png,bird,animal,air,pixelated,bird_02392
noise/bird/bird_noise_00234.png,bird,animal,air,noise,bird_02392
clean/frog/frog_clean_00236.png,frog,animal,land,clean,frog_02393
blur/frog/frog_blur_00236.png,frog,animal,land,blur,frog_02393
pixelated/frog/frog_pixelated_00236.png,frog,animal,land,pixelated,frog_02393
noise/frog/frog_noise_00236.png,frog,animal,land,noise,frog_02393
clean/truck/truck_clean_00243.png,truck,vehicle,land,clean,truck_02394
blur/truck/truck_blur_00243.png,truck,vehicle,land,blur,truck_02394
pixelated/truck/truck_pixelated_00243.png,truck,vehicle,land,pixelated,truck_02394
noise/truck/truck_noise_00243.png,truck,vehicle,land,noise,truck_02394
clean/truck/truck_clean_00244.png,truck,vehicle,land,clean,truck_02395
blur/truck/truck_blur_00244.png,truck,vehicle,land,blur,truck_02395
pixelated/truck/truck_pixelated_00244.png,truck,vehicle,land,pixelated,truck_02395
noise/truck/truck_noise_00244.png,truck,vehicle,land,noise,truck_02395
clean/cat/cat_clean_00241.png,cat,animal,land,clean,cat_02396
blur/cat/cat_blur_00241.png,cat,animal,land,blur,cat_02396
pixelated/cat/cat_pixelated_00241.png,cat,animal,land,pixelated,cat_02396
noise/cat/cat_noise_00241.png,cat,animal,land,noise,cat_02396
clean/airplane/airplane_clean_00241.png,airplane,vehicle,air,clean,airplane_02397
blur/airplane/airplane_blur_00241.png,airplane,vehicle,air,blur,airplane_02397
pixelated/airplane/airplane_pixelated_00241.png,airplane,vehicle,air,pixelated,airplane_02397
noise/airplane/airplane_noise_00241.png,airplane,vehicle,air,noise,airplane_02397
clean/ship/ship_clean_00243.png,ship,vehicle,water,clean,ship_02398
blur/ship/ship_blur_00243.png,ship,vehicle,water,blur,ship_02398
pixelated/ship/ship_pixelated_00243.png,ship,vehicle,water,pixelated,ship_02398
noise/ship/ship_noise_00243.png,ship,vehicle,water,noise,ship_02398
clean/frog/frog_clean_00237.png,frog,animal,land,clean,frog_02399
blur/frog/frog_blur_00237.png,frog,animal,land,blur,frog_02399
pixelated/frog/frog_pixelated_00237.png,frog,animal,land,pixelated,frog_02399
noise/frog/frog_noise_00237.png,frog,animal,land,noise,frog_02399
clean/ship/ship_clean_00244.png,ship,vehicle,water,clean,ship_02400
blur/ship/ship_blur_00244.png,ship,vehicle,water,blur,ship_02400
pixelated/ship/ship_pixelated_00244.png,ship,vehicle,water,pixelated,ship_02400
noise/ship/ship_noise_00244.png,ship,vehicle,water,noise,ship_02400
clean/automobile/automobile_clean_00232.png,automobile,vehicle,land,clean,automobile_02401
blur/automobile/automobile_blur_00232.png,automobile,vehicle,land,blur,automobile_02401
pixelated/automobile/automobile_pixelated_00232.png,automobile,vehicle,land,pixelated,automobile_02401
noise/automobile/automobile_noise_00232.png,automobile,vehicle,land,noise,automobile_02401
clean/horse/horse_clean_00234.png,horse,animal,land,clean,horse_02402
blur/horse/horse_blur_00234.png,horse,animal,land,blur,horse_02402
pixelated/horse/horse_pixelated_00234.png,horse,animal,land,pixelated,horse_02402
noise/horse/horse_noise_00234.png,horse,animal,land,noise,horse_02402
clean/deer/deer_clean_00248.png,deer,animal,land,clean,deer_02403
blur/deer/deer_blur_00248.png,deer,animal,land,blur,deer_02403
pixelated/deer/deer_pixelated_00248.png,deer,animal,land,pixelated,deer_02403
noise/deer/deer_noise_00248.png,deer,animal,land,noise,deer_02403
clean/ship/ship_clean_00245.png,ship,vehicle,water,clean,ship_02404
blur/ship/ship_blur_00245.png,ship,vehicle,water,blur,ship_02404
pixelated/ship/ship_pixelated_00245.png,ship,vehicle,water,pixelated,ship_02404
noise/ship/ship_noise_00245.png,ship,vehicle,water,noise,ship_02404
clean/bird/bird_clean_00235.png,bird,animal,air,clean,bird_02405
blur/bird/bird_blur_00235.png,bird,animal,air,blur,bird_02405
pixelated/bird/bird_pixelated_00235.png,bird,animal,air,pixelated,bird_02405
noise/bird/bird_noise_00235.png,bird,animal,air,noise,bird_02405
clean/dog/dog_clean_00249.png,dog,animal,land,clean,dog_02406
blur/dog/dog_blur_00249.png,dog,animal,land,blur,dog_02406
pixelated/dog/dog_pixelated_00249.png,dog,animal,land,pixelated,dog_02406
noise/dog/dog_noise_00249.png,dog,animal,land,noise,dog_02406
clean/cat/cat_clean_00242.png,cat,animal,land,clean,cat_02407
blur/cat/cat_blur_00242.png,cat,animal,land,blur,cat_02407
pixelated/cat/cat_pixelated_00242.png,cat,animal,land,pixelated,cat_02407
noise/cat/cat_noise_00242.png,cat,animal,land,noise,cat_02407
clean/dog/dog_clean_00250.png,dog,animal,land,clean,dog_02408
blur/dog/dog_blur_00250.png,dog,animal,land,blur,dog_02408
pixelated/dog/dog_pixelated_00250.png,dog,animal,land,pixelated,dog_02408
noise/dog/dog_noise_00250.png,dog,animal,land,noise,dog_02408
clean/frog/frog_clean_00238.png,frog,animal,land,clean,frog_02409
blur/frog/frog_blur_00238.png,frog,animal,land,blur,frog_02409
pixelated/frog/frog_pixelated_00238.png,frog,animal,land,pixelated,frog_02409
noise/frog/frog_noise_00238.png,frog,animal,land,noise,frog_02409
clean/cat/cat_clean_00243.png,cat,animal,land,clean,cat_02410
blur/cat/cat_blur_00243.png,cat,animal,land,blur,cat_02410
pixelated/cat/cat_pixelated_00243.png,cat,animal,land,pixelated,cat_02410
noise/cat/cat_noise_00243.png,cat,animal,land,noise,cat_02410
clean/cat/cat_clean_00244.png,cat,animal,land,clean,cat_02411
blur/cat/cat_blur_00244.png,cat,animal,land,blur,cat_02411
pixelated/cat/cat_pixelated_00244.png,cat,animal,land,pixelated,cat_02411
noise/cat/cat_noise_00244.png,cat,animal,land,noise,cat_02411
clean/automobile/automobile_clean_00233.png,automobile,vehicle,land,clean,automobile_02412
blur/automobile/automobile_blur_00233.png,automobile,vehicle,land,blur,automobile_02412
pixelated/automobile/automobile_pixelated_00233.png,automobile,vehicle,land,pixelated,automobile_02412
noise/automobile/automobile_noise_00233.png,automobile,vehicle,land,noise,automobile_02412
clean/cat/cat_clean_00245.png,cat,animal,land,clean,cat_02413
blur/cat/cat_blur_00245.png,cat,animal,land,blur,cat_02413
pixelated/cat/cat_pixelated_00245.png,cat,animal,land,pixelated,cat_02413
noise/cat/cat_noise_00245.png,cat,animal,land,noise,cat_02413
clean/cat/cat_clean_00246.png,cat,animal,land,clean,cat_02414
blur/cat/cat_blur_00246.png,cat,animal,land,blur,cat_02414
pixelated/cat/cat_pixelated_00246.png,cat,animal,land,pixelated,cat_02414
noise/cat/cat_noise_00246.png,cat,animal,land,noise,cat_02414
clean/frog/frog_clean_00239.png,frog,animal,land,clean,frog_02415
blur/frog/frog_blur_00239.png,frog,animal,land,blur,frog_02415
pixelated/frog/frog_pixelated_00239.png,frog,animal,land,pixelated,frog_02415
noise/frog/frog_noise_00239.png,frog,animal,land,noise,frog_02415
clean/horse/horse_clean_00235.png,horse,animal,land,clean,horse_02416
blur/horse/horse_blur_00235.png,horse,animal,land,blur,horse_02416
pixelated/horse/horse_pixelated_00235.png,horse,animal,land,pixelated,horse_02416
noise/horse/horse_noise_00235.png,horse,animal,land,noise,horse_02416
clean/frog/frog_clean_00240.png,frog,animal,land,clean,frog_02417
blur/frog/frog_blur_00240.png,frog,animal,land,blur,frog_02417
pixelated/frog/frog_pixelated_00240.png,frog,animal,land,pixelated,frog_02417
noise/frog/frog_noise_00240.png,frog,animal,land,noise,frog_02417
clean/dog/dog_clean_00251.png,dog,animal,land,clean,dog_02418
blur/dog/dog_blur_00251.png,dog,animal,land,blur,dog_02418
pixelated/dog/dog_pixelated_00251.png,dog,animal,land,pixelated,dog_02418
noise/dog/dog_noise_00251.png,dog,animal,land,noise,dog_02418
clean/deer/deer_clean_00249.png,deer,animal,land,clean,deer_02419
blur/deer/deer_blur_00249.png,deer,animal,land,blur,deer_02419
pixelated/deer/deer_pixelated_00249.png,deer,animal,land,pixelated,deer_02419
noise/deer/deer_noise_00249.png,deer,animal,land,noise,deer_02419
clean/truck/truck_clean_00245.png,truck,vehicle,land,clean,truck_02420
blur/truck/truck_blur_00245.png,truck,vehicle,land,blur,truck_02420
pixelated/truck/truck_pixelated_00245.png,truck,vehicle,land,pixelated,truck_02420
noise/truck/truck_noise_00245.png,truck,vehicle,land,noise,truck_02420
clean/cat/cat_clean_00247.png,cat,animal,land,clean,cat_02421
blur/cat/cat_blur_00247.png,cat,animal,land,blur,cat_02421
pixelated/cat/cat_pixelated_00247.png,cat,animal,land,pixelated,cat_02421
noise/cat/cat_noise_00247.png,cat,animal,land,noise,cat_02421
clean/dog/dog_clean_00252.png,dog,animal,land,clean,dog_02422
blur/dog/dog_blur_00252.png,dog,animal,land,blur,dog_02422
pixelated/dog/dog_pixelated_00252.png,dog,animal,land,pixelated,dog_02422
noise/dog/dog_noise_00252.png,dog,animal,land,noise,dog_02422
clean/cat/cat_clean_00248.png,cat,animal,land,clean,cat_02423
blur/cat/cat_blur_00248.png,cat,animal,land,blur,cat_02423
pixelated/cat/cat_pixelated_00248.png,cat,animal,land,pixelated,cat_02423
noise/cat/cat_noise_00248.png,cat,animal,land,noise,cat_02423
clean/airplane/airplane_clean_00242.png,airplane,vehicle,air,clean,airplane_02424
blur/airplane/airplane_blur_00242.png,airplane,vehicle,air,blur,airplane_02424
pixelated/airplane/airplane_pixelated_00242.png,airplane,vehicle,air,pixelated,airplane_02424
noise/airplane/airplane_noise_00242.png,airplane,vehicle,air,noise,airplane_02424
clean/bird/bird_clean_00236.png,bird,animal,air,clean,bird_02425
blur/bird/bird_blur_00236.png,bird,animal,air,blur,bird_02425
pixelated/bird/bird_pixelated_00236.png,bird,animal,air,pixelated,bird_02425
noise/bird/bird_noise_00236.png,bird,animal,air,noise,bird_02425
clean/dog/dog_clean_00253.png,dog,animal,land,clean,dog_02426
blur/dog/dog_blur_00253.png,dog,animal,land,blur,dog_02426
pixelated/dog/dog_pixelated_00253.png,dog,animal,land,pixelated,dog_02426
noise/dog/dog_noise_00253.png,dog,animal,land,noise,dog_02426
clean/bird/bird_clean_00237.png,bird,animal,air,clean,bird_02427
blur/bird/bird_blur_00237.png,bird,animal,air,blur,bird_02427
pixelated/bird/bird_pixelated_00237.png,bird,animal,air,pixelated,bird_02427
noise/bird/bird_noise_00237.png,bird,animal,air,noise,bird_02427
clean/airplane/airplane_clean_00243.png,airplane,vehicle,air,clean,airplane_02428
blur/airplane/airplane_blur_00243.png,airplane,vehicle,air,blur,airplane_02428
pixelated/airplane/airplane_pixelated_00243.png,airplane,vehicle,air,pixelated,airplane_02428
noise/airplane/airplane_noise_00243.png,airplane,vehicle,air,noise,airplane_02428
clean/bird/bird_clean_00238.png,bird,animal,air,clean,bird_02429
blur/bird/bird_blur_00238.png,bird,animal,air,blur,bird_02429
pixelated/bird/bird_pixelated_00238.png,bird,animal,air,pixelated,bird_02429
noise/bird/bird_noise_00238.png,bird,animal,air,noise,bird_02429
clean/frog/frog_clean_00241.png,frog,animal,land,clean,frog_02430
blur/frog/frog_blur_00241.png,frog,animal,land,blur,frog_02430
pixelated/frog/frog_pixelated_00241.png,frog,animal,land,pixelated,frog_02430
noise/frog/frog_noise_00241.png,frog,animal,land,noise,frog_02430
clean/cat/cat_clean_00249.png,cat,animal,land,clean,cat_02431
blur/cat/cat_blur_00249.png,cat,animal,land,blur,cat_02431
pixelated/cat/cat_pixelated_00249.png,cat,animal,land,pixelated,cat_02431
noise/cat/cat_noise_00249.png,cat,animal,land,noise,cat_02431
clean/frog/frog_clean_00242.png,frog,animal,land,clean,frog_02432
blur/frog/frog_blur_00242.png,frog,animal,land,blur,frog_02432
pixelated/frog/frog_pixelated_00242.png,frog,animal,land,pixelated,frog_02432
noise/frog/frog_noise_00242.png,frog,animal,land,noise,frog_02432
clean/airplane/airplane_clean_00244.png,airplane,vehicle,air,clean,airplane_02433
blur/airplane/airplane_blur_00244.png,airplane,vehicle,air,blur,airplane_02433
pixelated/airplane/airplane_pixelated_00244.png,airplane,vehicle,air,pixelated,airplane_02433
noise/airplane/airplane_noise_00244.png,airplane,vehicle,air,noise,airplane_02433
clean/horse/horse_clean_00236.png,horse,animal,land,clean,horse_02434
blur/horse/horse_blur_00236.png,horse,animal,land,blur,horse_02434
pixelated/horse/horse_pixelated_00236.png,horse,animal,land,pixelated,horse_02434
noise/horse/horse_noise_00236.png,horse,animal,land,noise,horse_02434
clean/horse/horse_clean_00237.png,horse,animal,land,clean,horse_02435
blur/horse/horse_blur_00237.png,horse,animal,land,blur,horse_02435
pixelated/horse/horse_pixelated_00237.png,horse,animal,land,pixelated,horse_02435
noise/horse/horse_noise_00237.png,horse,animal,land,noise,horse_02435
clean/truck/truck_clean_00246.png,truck,vehicle,land,clean,truck_02436
blur/truck/truck_blur_00246.png,truck,vehicle,land,blur,truck_02436
pixelated/truck/truck_pixelated_00246.png,truck,vehicle,land,pixelated,truck_02436
noise/truck/truck_noise_00246.png,truck,vehicle,land,noise,truck_02436
clean/airplane/airplane_clean_00245.png,airplane,vehicle,air,clean,airplane_02437
blur/airplane/airplane_blur_00245.png,airplane,vehicle,air,blur,airplane_02437
pixelated/airplane/airplane_pixelated_00245.png,airplane,vehicle,air,pixelated,airplane_02437
noise/airplane/airplane_noise_00245.png,airplane,vehicle,air,noise,airplane_02437
clean/ship/ship_clean_00246.png,ship,vehicle,water,clean,ship_02438
blur/ship/ship_blur_00246.png,ship,vehicle,water,blur,ship_02438
pixelated/ship/ship_pixelated_00246.png,ship,vehicle,water,pixelated,ship_02438
noise/ship/ship_noise_00246.png,ship,vehicle,water,noise,ship_02438
clean/horse/horse_clean_00238.png,horse,animal,land,clean,horse_02439
blur/horse/horse_blur_00238.png,horse,animal,land,blur,horse_02439
pixelated/horse/horse_pixelated_00238.png,horse,animal,land,pixelated,horse_02439
noise/horse/horse_noise_00238.png,horse,animal,land,noise,horse_02439
clean/airplane/airplane_clean_00246.png,airplane,vehicle,air,clean,airplane_02440
blur/airplane/airplane_blur_00246.png,airplane,vehicle,air,blur,airplane_02440
pixelated/airplane/airplane_pixelated_00246.png,airplane,vehicle,air,pixelated,airplane_02440
noise/airplane/airplane_noise_00246.png,airplane,vehicle,air,noise,airplane_02440
clean/deer/deer_clean_00250.png,deer,animal,land,clean,deer_02441
blur/deer/deer_blur_00250.png,deer,animal,land,blur,deer_02441
pixelated/deer/deer_pixelated_00250.png,deer,animal,land,pixelated,deer_02441
noise/deer/deer_noise_00250.png,deer,animal,land,noise,deer_02441
clean/ship/ship_clean_00247.png,ship,vehicle,water,clean,ship_02442
blur/ship/ship_blur_00247.png,ship,vehicle,water,blur,ship_02442
pixelated/ship/ship_pixelated_00247.png,ship,vehicle,water,pixelated,ship_02442
noise/ship/ship_noise_00247.png,ship,vehicle,water,noise,ship_02442
clean/cat/cat_clean_00250.png,cat,animal,land,clean,cat_02443
blur/cat/cat_blur_00250.png,cat,animal,land,blur,cat_02443
pixelated/cat/cat_pixelated_00250.png,cat,animal,land,pixelated,cat_02443
noise/cat/cat_noise_00250.png,cat,animal,land,noise,cat_02443
clean/cat/cat_clean_00251.png,cat,animal,land,clean,cat_02444
blur/cat/cat_blur_00251.png,cat,animal,land,blur,cat_02444
pixelated/cat/cat_pixelated_00251.png,cat,animal,land,pixelated,cat_02444
noise/cat/cat_noise_00251.png,cat,animal,land,noise,cat_02444
clean/bird/bird_clean_00239.png,bird,animal,air,clean,bird_02445
blur/bird/bird_blur_00239.png,bird,animal,air,blur,bird_02445
pixelated/bird/bird_pixelated_00239.png,bird,animal,air,pixelated,bird_02445
noise/bird/bird_noise_00239.png,bird,animal,air,noise,bird_02445
clean/horse/horse_clean_00239.png,horse,animal,land,clean,horse_02446
blur/horse/horse_blur_00239.png,horse,animal,land,blur,horse_02446
pixelated/horse/horse_pixelated_00239.png,horse,animal,land,pixelated,horse_02446
noise/horse/horse_noise_00239.png,horse,animal,land,noise,horse_02446
clean/automobile/automobile_clean_00234.png,automobile,vehicle,land,clean,automobile_02447
blur/automobile/automobile_blur_00234.png,automobile,vehicle,land,blur,automobile_02447
pixelated/automobile/automobile_pixelated_00234.png,automobile,vehicle,land,pixelated,automobile_02447
noise/automobile/automobile_noise_00234.png,automobile,vehicle,land,noise,automobile_02447
clean/airplane/airplane_clean_00247.png,airplane,vehicle,air,clean,airplane_02448
blur/airplane/airplane_blur_00247.png,airplane,vehicle,air,blur,airplane_02448
pixelated/airplane/airplane_pixelated_00247.png,airplane,vehicle,air,pixelated,airplane_02448
noise/airplane/airplane_noise_00247.png,airplane,vehicle,air,noise,airplane_02448
clean/truck/truck_clean_00247.png,truck,vehicle,land,clean,truck_02449
blur/truck/truck_blur_00247.png,truck,vehicle,land,blur,truck_02449
pixelated/truck/truck_pixelated_00247.png,truck,vehicle,land,pixelated,truck_02449
noise/truck/truck_noise_00247.png,truck,vehicle,land,noise,truck_02449
clean/truck/truck_clean_00248.png,truck,vehicle,land,clean,truck_02450
blur/truck/truck_blur_00248.png,truck,vehicle,land,blur,truck_02450
pixelated/truck/truck_pixelated_00248.png,truck,vehicle,land,pixelated,truck_02450
noise/truck/truck_noise_00248.png,truck,vehicle,land,noise,truck_02450
clean/airplane/airplane_clean_00248.png,airplane,vehicle,air,clean,airplane_02451
blur/airplane/airplane_blur_00248.png,airplane,vehicle,air,blur,airplane_02451
pixelated/airplane/airplane_pixelated_00248.png,airplane,vehicle,air,pixelated,airplane_02451
noise/airplane/airplane_noise_00248.png,airplane,vehicle,air,noise,airplane_02451
clean/dog/dog_clean_00254.png,dog,animal,land,clean,dog_02452
blur/dog/dog_blur_00254.png,dog,animal,land,blur,dog_02452
pixelated/dog/dog_pixelated_00254.png,dog,animal,land,pixelated,dog_02452
noise/dog/dog_noise_00254.png,dog,animal,land,noise,dog_02452
clean/dog/dog_clean_00255.png,dog,animal,land,clean,dog_02453
blur/dog/dog_blur_00255.png,dog,animal,land,blur,dog_02453
pixelated/dog/dog_pixelated_00255.png,dog,animal,land,pixelated,dog_02453
noise/dog/dog_noise_00255.png,dog,animal,land,noise,dog_02453
clean/dog/dog_clean_00256.png,dog,animal,land,clean,dog_02454
blur/dog/dog_blur_00256.png,dog,animal,land,blur,dog_02454
pixelated/dog/dog_pixelated_00256.png,dog,animal,land,pixelated,dog_02454
noise/dog/dog_noise_00256.png,dog,animal,land,noise,dog_02454
clean/deer/deer_clean_00251.png,deer,animal,land,clean,deer_02455
blur/deer/deer_blur_00251.png,deer,animal,land,blur,deer_02455
pixelated/deer/deer_pixelated_00251.png,deer,animal,land,pixelated,deer_02455
noise/deer/deer_noise_00251.png,deer,animal,land,noise,deer_02455
clean/truck/truck_clean_00249.png,truck,vehicle,land,clean,truck_02456
blur/truck/truck_blur_00249.png,truck,vehicle,land,blur,truck_02456
pixelated/truck/truck_pixelated_00249.png,truck,vehicle,land,pixelated,truck_02456
noise/truck/truck_noise_00249.png,truck,vehicle,land,noise,truck_02456
clean/cat/cat_clean_00252.png,cat,animal,land,clean,cat_02457
blur/cat/cat_blur_00252.png,cat,animal,land,blur,cat_02457
pixelated/cat/cat_pixelated_00252.png,cat,animal,land,pixelated,cat_02457
noise/cat/cat_noise_00252.png,cat,animal,land,noise,cat_02457
clean/deer/deer_clean_00252.png,deer,animal,land,clean,deer_02458
blur/deer/deer_blur_00252.png,deer,animal,land,blur,deer_02458
pixelated/deer/deer_pixelated_00252.png,deer,animal,land,pixelated,deer_02458
noise/deer/deer_noise_00252.png,deer,animal,land,noise,deer_02458
clean/frog/frog_clean_00243.png,frog,animal,land,clean,frog_02459
blur/frog/frog_blur_00243.png,frog,animal,land,blur,frog_02459
pixelated/frog/frog_pixelated_00243.png,frog,animal,land,pixelated,frog_02459
noise/frog/frog_noise_00243.png,frog,animal,land,noise,frog_02459
clean/airplane/airplane_clean_00249.png,airplane,vehicle,air,clean,airplane_02460
blur/airplane/airplane_blur_00249.png,airplane,vehicle,air,blur,airplane_02460
pixelated/airplane/airplane_pixelated_00249.png,airplane,vehicle,air,pixelated,airplane_02460
noise/airplane/airplane_noise_00249.png,airplane,vehicle,air,noise,airplane_02460
clean/truck/truck_clean_00250.png,truck,vehicle,land,clean,truck_02461
blur/truck/truck_blur_00250.png,truck,vehicle,land,blur,truck_02461
pixelated/truck/truck_pixelated_00250.png,truck,vehicle,land,pixelated,truck_02461
noise/truck/truck_noise_00250.png,truck,vehicle,land,noise,truck_02461
clean/truck/truck_clean_00251.png,truck,vehicle,land,clean,truck_02462
blur/truck/truck_blur_00251.png,truck,vehicle,land,blur,truck_02462
pixelated/truck/truck_pixelated_00251.png,truck,vehicle,land,pixelated,truck_02462
noise/truck/truck_noise_00251.png,truck,vehicle,land,noise,truck_02462
clean/horse/horse_clean_00240.png,horse,animal,land,clean,horse_02463
blur/horse/horse_blur_00240.png,horse,animal,land,blur,horse_02463
pixelated/horse/horse_pixelated_00240.png,horse,animal,land,pixelated,horse_02463
noise/horse/horse_noise_00240.png,horse,animal,land,noise,horse_02463
clean/frog/frog_clean_00244.png,frog,animal,land,clean,frog_02464
blur/frog/frog_blur_00244.png,frog,animal,land,blur,frog_02464
pixelated/frog/frog_pixelated_00244.png,frog,animal,land,pixelated,frog_02464
noise/frog/frog_noise_00244.png,frog,animal,land,noise,frog_02464
clean/horse/horse_clean_00241.png,horse,animal,land,clean,horse_02465
blur/horse/horse_blur_00241.png,horse,animal,land,blur,horse_02465
pixelated/horse/horse_pixelated_00241.png,horse,animal,land,pixelated,horse_02465
noise/horse/horse_noise_00241.png,horse,animal,land,noise,horse_02465
clean/bird/bird_clean_00240.png,bird,animal,air,clean,bird_02466
blur/bird/bird_blur_00240.png,bird,animal,air,blur,bird_02466
pixelated/bird/bird_pixelated_00240.png,bird,animal,air,pixelated,bird_02466
noise/bird/bird_noise_00240.png,bird,animal,air,noise,bird_02466
clean/dog/dog_clean_00257.png,dog,animal,land,clean,dog_02467
blur/dog/dog_blur_00257.png,dog,animal,land,blur,dog_02467
pixelated/dog/dog_pixelated_00257.png,dog,animal,land,pixelated,dog_02467
noise/dog/dog_noise_00257.png,dog,animal,land,noise,dog_02467
clean/horse/horse_clean_00242.png,horse,animal,land,clean,horse_02468
blur/horse/horse_blur_00242.png,horse,animal,land,blur,horse_02468
pixelated/horse/horse_pixelated_00242.png,horse,animal,land,pixelated,horse_02468
noise/horse/horse_noise_00242.png,horse,animal,land,noise,horse_02468
clean/bird/bird_clean_00241.png,bird,animal,air,clean,bird_02469
blur/bird/bird_blur_00241.png,bird,animal,air,blur,bird_02469
pixelated/bird/bird_pixelated_00241.png,bird,animal,air,pixelated,bird_02469
noise/bird/bird_noise_00241.png,bird,animal,air,noise,bird_02469
clean/bird/bird_clean_00242.png,bird,animal,air,clean,bird_02470
blur/bird/bird_blur_00242.png,bird,animal,air,blur,bird_02470
pixelated/bird/bird_pixelated_00242.png,bird,animal,air,pixelated,bird_02470
noise/bird/bird_noise_00242.png,bird,animal,air,noise,bird_02470
clean/frog/frog_clean_00245.png,frog,animal,land,clean,frog_02471
blur/frog/frog_blur_00245.png,frog,animal,land,blur,frog_02471
pixelated/frog/frog_pixelated_00245.png,frog,animal,land,pixelated,frog_02471
noise/frog/frog_noise_00245.png,frog,animal,land,noise,frog_02471
clean/frog/frog_clean_00246.png,frog,animal,land,clean,frog_02472
blur/frog/frog_blur_00246.png,frog,animal,land,blur,frog_02472
pixelated/frog/frog_pixelated_00246.png,frog,animal,land,pixelated,frog_02472
noise/frog/frog_noise_00246.png,frog,animal,land,noise,frog_02472
clean/deer/deer_clean_00253.png,deer,animal,land,clean,deer_02473
blur/deer/deer_blur_00253.png,deer,animal,land,blur,deer_02473
pixelated/deer/deer_pixelated_00253.png,deer,animal,land,pixelated,deer_02473
noise/deer/deer_noise_00253.png,deer,animal,land,noise,deer_02473
clean/truck/truck_clean_00252.png,truck,vehicle,land,clean,truck_02474
blur/truck/truck_blur_00252.png,truck,vehicle,land,blur,truck_02474
pixelated/truck/truck_pixelated_00252.png,truck,vehicle,land,pixelated,truck_02474
noise/truck/truck_noise_00252.png,truck,vehicle,land,noise,truck_02474
clean/horse/horse_clean_00243.png,horse,animal,land,clean,horse_02475
blur/horse/horse_blur_00243.png,horse,animal,land,blur,horse_02475
pixelated/horse/horse_pixelated_00243.png,horse,animal,land,pixelated,horse_02475
noise/horse/horse_noise_00243.png,horse,animal,land,noise,horse_02475
clean/truck/truck_clean_00253.png,truck,vehicle,land,clean,truck_02476
blur/truck/truck_blur_00253.png,truck,vehicle,land,blur,truck_02476
pixelated/truck/truck_pixelated_00253.png,truck,vehicle,land,pixelated,truck_02476
noise/truck/truck_noise_00253.png,truck,vehicle,land,noise,truck_02476
clean/cat/cat_clean_00253.png,cat,animal,land,clean,cat_02477
blur/cat/cat_blur_00253.png,cat,animal,land,blur,cat_02477
pixelated/cat/cat_pixelated_00253.png,cat,animal,land,pixelated,cat_02477
noise/cat/cat_noise_00253.png,cat,animal,land,noise,cat_02477
clean/bird/bird_clean_00243.png,bird,animal,air,clean,bird_02478
blur/bird/bird_blur_00243.png,bird,animal,air,blur,bird_02478
pixelated/bird/bird_pixelated_00243.png,bird,animal,air,pixelated,bird_02478
noise/bird/bird_noise_00243.png,bird,animal,air,noise,bird_02478
clean/frog/frog_clean_00247.png,frog,animal,land,clean,frog_02479
blur/frog/frog_blur_00247.png,frog,animal,land,blur,frog_02479
pixelated/frog/frog_pixelated_00247.png,frog,animal,land,pixelated,frog_02479
noise/frog/frog_noise_00247.png,frog,animal,land,noise,frog_02479
clean/dog/dog_clean_00258.png,dog,animal,land,clean,dog_02480
blur/dog/dog_blur_00258.png,dog,animal,land,blur,dog_02480
pixelated/dog/dog_pixelated_00258.png,dog,animal,land,pixelated,dog_02480
noise/dog/dog_noise_00258.png,dog,animal,land,noise,dog_02480
clean/bird/bird_clean_00244.png,bird,animal,air,clean,bird_02481
blur/bird/bird_blur_00244.png,bird,animal,air,blur,bird_02481
pixelated/bird/bird_pixelated_00244.png,bird,animal,air,pixelated,bird_02481
noise/bird/bird_noise_00244.png,bird,animal,air,noise,bird_02481
clean/ship/ship_clean_00248.png,ship,vehicle,water,clean,ship_02482
blur/ship/ship_blur_00248.png,ship,vehicle,water,blur,ship_02482
pixelated/ship/ship_pixelated_00248.png,ship,vehicle,water,pixelated,ship_02482
noise/ship/ship_noise_00248.png,ship,vehicle,water,noise,ship_02482
clean/deer/deer_clean_00254.png,deer,animal,land,clean,deer_02483
blur/deer/deer_blur_00254.png,deer,animal,land,blur,deer_02483
pixelated/deer/deer_pixelated_00254.png,deer,animal,land,pixelated,deer_02483
noise/deer/deer_noise_00254.png,deer,animal,land,noise,deer_02483
clean/ship/ship_clean_00249.png,ship,vehicle,water,clean,ship_02484
blur/ship/ship_blur_00249.png,ship,vehicle,water,blur,ship_02484
pixelated/ship/ship_pixelated_00249.png,ship,vehicle,water,pixelated,ship_02484
noise/ship/ship_noise_00249.png,ship,vehicle,water,noise,ship_02484
clean/airplane/airplane_clean_00250.png,airplane,vehicle,air,clean,airplane_02485
blur/airplane/airplane_blur_00250.png,airplane,vehicle,air,blur,airplane_02485
pixelated/airplane/airplane_pixelated_00250.png,airplane,vehicle,air,pixelated,airplane_02485
noise/airplane/airplane_noise_00250.png,airplane,vehicle,air,noise,airplane_02485
clean/ship/ship_clean_00250.png,ship,vehicle,water,clean,ship_02486
blur/ship/ship_blur_00250.png,ship,vehicle,water,blur,ship_02486
pixelated/ship/ship_pixelated_00250.png,ship,vehicle,water,pixelated,ship_02486
noise/ship/ship_noise_00250.png,ship,vehicle,water,noise,ship_02486
clean/dog/dog_clean_00259.png,dog,animal,land,clean,dog_02487
blur/dog/dog_blur_00259.png,dog,animal,land,blur,dog_02487
pixelated/dog/dog_pixelated_00259.png,dog,animal,land,pixelated,dog_02487
noise/dog/dog_noise_00259.png,dog,animal,land,noise,dog_02487
clean/ship/ship_clean_00251.png,ship,vehicle,water,clean,ship_02488
blur/ship/ship_blur_00251.png,ship,vehicle,water,blur,ship_02488
pixelated/ship/ship_pixelated_00251.png,ship,vehicle,water,pixelated,ship_02488
noise/ship/ship_noise_00251.png,ship,vehicle,water,noise,ship_02488
clean/bird/bird_clean_00245.png,bird,animal,air,clean,bird_02489
blur/bird/bird_blur_00245.png,bird,animal,air,blur,bird_02489
pixelated/bird/bird_pixelated_00245.png,bird,animal,air,pixelated,bird_02489
noise/bird/bird_noise_00245.png,bird,animal,air,noise,bird_02489
clean/horse/horse_clean_00244.png,horse,animal,land,clean,horse_02490
blur/horse/horse_blur_00244.png,horse,animal,land,blur,horse_02490
pixelated/horse/horse_pixelated_00244.png,horse,animal,land,pixelated,horse_02490
noise/horse/horse_noise_00244.png,horse,animal,land,noise,horse_02490
clean/truck/truck_clean_00254.png,truck,vehicle,land,clean,truck_02491
blur/truck/truck_blur_00254.png,truck,vehicle,land,blur,truck_02491
pixelated/truck/truck_pixelated_00254.png,truck,vehicle,land,pixelated,truck_02491
noise/truck/truck_noise_00254.png,truck,vehicle,land,noise,truck_02491
clean/airplane/airplane_clean_00251.png,airplane,vehicle,air,clean,airplane_02492
blur/airplane/airplane_blur_00251.png,airplane,vehicle,air,blur,airplane_02492
pixelated/airplane/airplane_pixelated_00251.png,airplane,vehicle,air,pixelated,airplane_02492
noise/airplane/airplane_noise_00251.png,airplane,vehicle,air,noise,airplane_02492
clean/truck/truck_clean_00255.png,truck,vehicle,land,clean,truck_02493
blur/truck/truck_blur_00255.png,truck,vehicle,land,blur,truck_02493
pixelated/truck/truck_pixelated_00255.png,truck,vehicle,land,pixelated,truck_02493
noise/truck/truck_noise_00255.png,truck,vehicle,land,noise,truck_02493
clean/horse/horse_clean_00245.png,horse,animal,land,clean,horse_02494
blur/horse/horse_blur_00245.png,horse,animal,land,blur,horse_02494
pixelated/horse/horse_pixelated_00245.png,horse,animal,land,pixelated,horse_02494
noise/horse/horse_noise_00245.png,horse,animal,land,noise,horse_02494
clean/frog/frog_clean_00248.png,frog,animal,land,clean,frog_02495
blur/frog/frog_blur_00248.png,frog,animal,land,blur,frog_02495
pixelated/frog/frog_pixelated_00248.png,frog,animal,land,pixelated,frog_02495
noise/frog/frog_noise_00248.png,frog,animal,land,noise,frog_02495
clean/dog/dog_clean_00260.png,dog,animal,land,clean,dog_02496
blur/dog/dog_blur_00260.png,dog,animal,land,blur,dog_02496
pixelated/dog/dog_pixelated_00260.png,dog,animal,land,pixelated,dog_02496
noise/dog/dog_noise_00260.png,dog,animal,land,noise,dog_02496
clean/ship/ship_clean_00252.png,ship,vehicle,water,clean,ship_02497
blur/ship/ship_blur_00252.png,ship,vehicle,water,blur,ship_02497
pixelated/ship/ship_pixelated_00252.png,ship,vehicle,water,pixelated,ship_02497
noise/ship/ship_noise_00252.png,ship,vehicle,water,noise,ship_02497
clean/ship/ship_clean_00253.png,ship,vehicle,water,clean,ship_02498
blur/ship/ship_blur_00253.png,ship,vehicle,water,blur,ship_02498
pixelated/ship/ship_pixelated_00253.png,ship,vehicle,water,pixelated,ship_02498
noise/ship/ship_noise_00253.png,ship,vehicle,water,noise,ship_02498
clean/truck/truck_clean_00256.png,truck,vehicle,land,clean,truck_02499
blur/truck/truck_blur_00256.png,truck,vehicle,land,blur,truck_02499
pixelated/truck/truck_pixelated_00256.png,truck,vehicle,land,pixelated,truck_02499
noise/truck/truck_noise_00256.png,truck,vehicle,land,noise,truck_02499
clean/automobile/automobile_clean_00235.png,automobile,vehicle,land,clean,automobile_02500
blur/automobile/automobile_blur_00235.png,automobile,vehicle,land,blur,automobile_02500
pixelated/automobile/automobile_pixelated_00235.png,automobile,vehicle,land,pixelated,automobile_02500
noise/automobile/automobile_noise_00235.png,automobile,vehicle,land,noise,automobile_02500
clean/bird/bird_clean_00246.png,bird,animal,air,clean,bird_02501
blur/bird/bird_blur_00246.png,bird,animal,air,blur,bird_02501
pixelated/bird/bird_pixelated_00246.png,bird,animal,air,pixelated,bird_02501
noise/bird/bird_noise_00246.png,bird,animal,air,noise,bird_02501
clean/airplane/airplane_clean_00252.png,airplane,vehicle,air,clean,airplane_02502
blur/airplane/airplane_blur_00252.png,airplane,vehicle,air,blur,airplane_02502
pixelated/airplane/airplane_pixelated_00252.png,airplane,vehicle,air,pixelated,airplane_02502
noise/airplane/airplane_noise_00252.png,airplane,vehicle,air,noise,airplane_02502
clean/horse/horse_clean_00246.png,horse,animal,land,clean,horse_02503
blur/horse/horse_blur_00246.png,horse,animal,land,blur,horse_02503
pixelated/horse/horse_pixelated_00246.png,horse,animal,land,pixelated,horse_02503
noise/horse/horse_noise_00246.png,horse,animal,land,noise,horse_02503
clean/frog/frog_clean_00249.png,frog,animal,land,clean,frog_02504
blur/frog/frog_blur_00249.png,frog,animal,land,blur,frog_02504
pixelated/frog/frog_pixelated_00249.png,frog,animal,land,pixelated,frog_02504
noise/frog/frog_noise_00249.png,frog,animal,land,noise,frog_02504
clean/cat/cat_clean_00254.png,cat,animal,land,clean,cat_02505
blur/cat/cat_blur_00254.png,cat,animal,land,blur,cat_02505
pixelated/cat/cat_pixelated_00254.png,cat,animal,land,pixelated,cat_02505
noise/cat/cat_noise_00254.png,cat,animal,land,noise,cat_02505
clean/cat/cat_clean_00255.png,cat,animal,land,clean,cat_02506
blur/cat/cat_blur_00255.png,cat,animal,land,blur,cat_02506
pixelated/cat/cat_pixelated_00255.png,cat,animal,land,pixelated,cat_02506
noise/cat/cat_noise_00255.png,cat,animal,land,noise,cat_02506
clean/frog/frog_clean_00250.png,frog,animal,land,clean,frog_02507
blur/frog/frog_blur_00250.png,frog,animal,land,blur,frog_02507
pixelated/frog/frog_pixelated_00250.png,frog,animal,land,pixelated,frog_02507
noise/frog/frog_noise_00250.png,frog,animal,land,noise,frog_02507
clean/dog/dog_clean_00261.png,dog,animal,land,clean,dog_02508
blur/dog/dog_blur_00261.png,dog,animal,land,blur,dog_02508
pixelated/dog/dog_pixelated_00261.png,dog,animal,land,pixelated,dog_02508
noise/dog/dog_noise_00261.png,dog,animal,land,noise,dog_02508
clean/automobile/automobile_clean_00236.png,automobile,vehicle,land,clean,automobile_02509
blur/automobile/automobile_blur_00236.png,automobile,vehicle,land,blur,automobile_02509
pixelated/automobile/automobile_pixelated_00236.png,automobile,vehicle,land,pixelated,automobile_02509
noise/automobile/automobile_noise_00236.png,automobile,vehicle,land,noise,automobile_02509
clean/truck/truck_clean_00257.png,truck,vehicle,land,clean,truck_02510
blur/truck/truck_blur_00257.png,truck,vehicle,land,blur,truck_02510
pixelated/truck/truck_pixelated_00257.png,truck,vehicle,land,pixelated,truck_02510
noise/truck/truck_noise_00257.png,truck,vehicle,land,noise,truck_02510
clean/dog/dog_clean_00262.png,dog,animal,land,clean,dog_02511
blur/dog/dog_blur_00262.png,dog,animal,land,blur,dog_02511
pixelated/dog/dog_pixelated_00262.png,dog,animal,land,pixelated,dog_02511
noise/dog/dog_noise_00262.png,dog,animal,land,noise,dog_02511
clean/bird/bird_clean_00247.png,bird,animal,air,clean,bird_02512
blur/bird/bird_blur_00247.png,bird,animal,air,blur,bird_02512
pixelated/bird/bird_pixelated_00247.png,bird,animal,air,pixelated,bird_02512
noise/bird/bird_noise_00247.png,bird,animal,air,noise,bird_02512
clean/dog/dog_clean_00263.png,dog,animal,land,clean,dog_02513
blur/dog/dog_blur_00263.png,dog,animal,land,blur,dog_02513
pixelated/dog/dog_pixelated_00263.png,dog,animal,land,pixelated,dog_02513
noise/dog/dog_noise_00263.png,dog,animal,land,noise,dog_02513
clean/cat/cat_clean_00256.png,cat,animal,land,clean,cat_02514
blur/cat/cat_blur_00256.png,cat,animal,land,blur,cat_02514
pixelated/cat/cat_pixelated_00256.png,cat,animal,land,pixelated,cat_02514
noise/cat/cat_noise_00256.png,cat,animal,land,noise,cat_02514
clean/frog/frog_clean_00251.png,frog,animal,land,clean,frog_02515
blur/frog/frog_blur_00251.png,frog,animal,land,blur,frog_02515
pixelated/frog/frog_pixelated_00251.png,frog,animal,land,pixelated,frog_02515
noise/frog/frog_noise_00251.png,frog,animal,land,noise,frog_02515
clean/bird/bird_clean_00248.png,bird,animal,air,clean,bird_02516
blur/bird/bird_blur_00248.png,bird,animal,air,blur,bird_02516
pixelated/bird/bird_pixelated_00248.png,bird,animal,air,pixelated,bird_02516
noise/bird/bird_noise_00248.png,bird,animal,air,noise,bird_02516
clean/frog/frog_clean_00252.png,frog,animal,land,clean,frog_02517
blur/frog/frog_blur_00252.png,frog,animal,land,blur,frog_02517
pixelated/frog/frog_pixelated_00252.png,frog,animal,land,pixelated,frog_02517
noise/frog/frog_noise_00252.png,frog,animal,land,noise,frog_02517
clean/deer/deer_clean_00255.png,deer,animal,land,clean,deer_02518
blur/deer/deer_blur_00255.png,deer,animal,land,blur,deer_02518
pixelated/deer/deer_pixelated_00255.png,deer,animal,land,pixelated,deer_02518
noise/deer/deer_noise_00255.png,deer,animal,land,noise,deer_02518
clean/frog/frog_clean_00253.png,frog,animal,land,clean,frog_02519
blur/frog/frog_blur_00253.png,frog,animal,land,blur,frog_02519
pixelated/frog/frog_pixelated_00253.png,frog,animal,land,pixelated,frog_02519
noise/frog/frog_noise_00253.png,frog,animal,land,noise,frog_02519
clean/airplane/airplane_clean_00253.png,airplane,vehicle,air,clean,airplane_02520
blur/airplane/airplane_blur_00253.png,airplane,vehicle,air,blur,airplane_02520
pixelated/airplane/airplane_pixelated_00253.png,airplane,vehicle,air,pixelated,airplane_02520
noise/airplane/airplane_noise_00253.png,airplane,vehicle,air,noise,airplane_02520
clean/automobile/automobile_clean_00237.png,automobile,vehicle,land,clean,automobile_02521
blur/automobile/automobile_blur_00237.png,automobile,vehicle,land,blur,automobile_02521
pixelated/automobile/automobile_pixelated_00237.png,automobile,vehicle,land,pixelated,automobile_02521
noise/automobile/automobile_noise_00237.png,automobile,vehicle,land,noise,automobile_02521
clean/frog/frog_clean_00254.png,frog,animal,land,clean,frog_02522
blur/frog/frog_blur_00254.png,frog,animal,land,blur,frog_02522
pixelated/frog/frog_pixelated_00254.png,frog,animal,land,pixelated,frog_02522
noise/frog/frog_noise_00254.png,frog,animal,land,noise,frog_02522
clean/dog/dog_clean_00264.png,dog,animal,land,clean,dog_02523
blur/dog/dog_blur_00264.png,dog,animal,land,blur,dog_02523
pixelated/dog/dog_pixelated_00264.png,dog,animal,land,pixelated,dog_02523
noise/dog/dog_noise_00264.png,dog,animal,land,noise,dog_02523
clean/ship/ship_clean_00254.png,ship,vehicle,water,clean,ship_02524
blur/ship/ship_blur_00254.png,ship,vehicle,water,blur,ship_02524
pixelated/ship/ship_pixelated_00254.png,ship,vehicle,water,pixelated,ship_02524
noise/ship/ship_noise_00254.png,ship,vehicle,water,noise,ship_02524
clean/airplane/airplane_clean_00254.png,airplane,vehicle,air,clean,airplane_02525
blur/airplane/airplane_blur_00254.png,airplane,vehicle,air,blur,airplane_02525
pixelated/airplane/airplane_pixelated_00254.png,airplane,vehicle,air,pixelated,airplane_02525
noise/airplane/airplane_noise_00254.png,airplane,vehicle,air,noise,airplane_02525
clean/ship/ship_clean_00255.png,ship,vehicle,water,clean,ship_02526
blur/ship/ship_blur_00255.png,ship,vehicle,water,blur,ship_02526
pixelated/ship/ship_pixelated_00255.png,ship,vehicle,water,pixelated,ship_02526
noise/ship/ship_noise_00255.png,ship,vehicle,water,noise,ship_02526
clean/ship/ship_clean_00256.png,ship,vehicle,water,clean,ship_02527
blur/ship/ship_blur_00256.png,ship,vehicle,water,blur,ship_02527
pixelated/ship/ship_pixelated_00256.png,ship,vehicle,water,pixelated,ship_02527
noise/ship/ship_noise_00256.png,ship,vehicle,water,noise,ship_02527
clean/dog/dog_clean_00265.png,dog,animal,land,clean,dog_02528
blur/dog/dog_blur_00265.png,dog,animal,land,blur,dog_02528
pixelated/dog/dog_pixelated_00265.png,dog,animal,land,pixelated,dog_02528
noise/dog/dog_noise_00265.png,dog,animal,land,noise,dog_02528
clean/deer/deer_clean_00256.png,deer,animal,land,clean,deer_02529
blur/deer/deer_blur_00256.png,deer,animal,land,blur,deer_02529
pixelated/deer/deer_pixelated_00256.png,deer,animal,land,pixelated,deer_02529
noise/deer/deer_noise_00256.png,deer,animal,land,noise,deer_02529
clean/deer/deer_clean_00257.png,deer,animal,land,clean,deer_02530
blur/deer/deer_blur_00257.png,deer,animal,land,blur,deer_02530
pixelated/deer/deer_pixelated_00257.png,deer,animal,land,pixelated,deer_02530
noise/deer/deer_noise_00257.png,deer,animal,land,noise,deer_02530
clean/ship/ship_clean_00257.png,ship,vehicle,water,clean,ship_02531
blur/ship/ship_blur_00257.png,ship,vehicle,water,blur,ship_02531
pixelated/ship/ship_pixelated_00257.png,ship,vehicle,water,pixelated,ship_02531
noise/ship/ship_noise_00257.png,ship,vehicle,water,noise,ship_02531
clean/frog/frog_clean_00255.png,frog,animal,land,clean,frog_02532
blur/frog/frog_blur_00255.png,frog,animal,land,blur,frog_02532
pixelated/frog/frog_pixelated_00255.png,frog,animal,land,pixelated,frog_02532
noise/frog/frog_noise_00255.png,frog,animal,land,noise,frog_02532
clean/frog/frog_clean_00256.png,frog,animal,land,clean,frog_02533
blur/frog/frog_blur_00256.png,frog,animal,land,blur,frog_02533
pixelated/frog/frog_pixelated_00256.png,frog,animal,land,pixelated,frog_02533
noise/frog/frog_noise_00256.png,frog,animal,land,noise,frog_02533
clean/cat/cat_clean_00257.png,cat,animal,land,clean,cat_02534
blur/cat/cat_blur_00257.png,cat,animal,land,blur,cat_02534
pixelated/cat/cat_pixelated_00257.png,cat,animal,land,pixelated,cat_02534
noise/cat/cat_noise_00257.png,cat,animal,land,noise,cat_02534
clean/ship/ship_clean_00258.png,ship,vehicle,water,clean,ship_02535
blur/ship/ship_blur_00258.png,ship,vehicle,water,blur,ship_02535
pixelated/ship/ship_pixelated_00258.png,ship,vehicle,water,pixelated,ship_02535
noise/ship/ship_noise_00258.png,ship,vehicle,water,noise,ship_02535
clean/ship/ship_clean_00259.png,ship,vehicle,water,clean,ship_02536
blur/ship/ship_blur_00259.png,ship,vehicle,water,blur,ship_02536
pixelated/ship/ship_pixelated_00259.png,ship,vehicle,water,pixelated,ship_02536
noise/ship/ship_noise_00259.png,ship,vehicle,water,noise,ship_02536
clean/bird/bird_clean_00249.png,bird,animal,air,clean,bird_02537
blur/bird/bird_blur_00249.png,bird,animal,air,blur,bird_02537
pixelated/bird/bird_pixelated_00249.png,bird,animal,air,pixelated,bird_02537
noise/bird/bird_noise_00249.png,bird,animal,air,noise,bird_02537
clean/frog/frog_clean_00257.png,frog,animal,land,clean,frog_02538
blur/frog/frog_blur_00257.png,frog,animal,land,blur,frog_02538
pixelated/frog/frog_pixelated_00257.png,frog,animal,land,pixelated,frog_02538
noise/frog/frog_noise_00257.png,frog,animal,land,noise,frog_02538
clean/deer/deer_clean_00258.png,deer,animal,land,clean,deer_02539
blur/deer/deer_blur_00258.png,deer,animal,land,blur,deer_02539
pixelated/deer/deer_pixelated_00258.png,deer,animal,land,pixelated,deer_02539
noise/deer/deer_noise_00258.png,deer,animal,land,noise,deer_02539
clean/ship/ship_clean_00260.png,ship,vehicle,water,clean,ship_02540
blur/ship/ship_blur_00260.png,ship,vehicle,water,blur,ship_02540
pixelated/ship/ship_pixelated_00260.png,ship,vehicle,water,pixelated,ship_02540
noise/ship/ship_noise_00260.png,ship,vehicle,water,noise,ship_02540
clean/airplane/airplane_clean_00255.png,airplane,vehicle,air,clean,airplane_02541
blur/airplane/airplane_blur_00255.png,airplane,vehicle,air,blur,airplane_02541
pixelated/airplane/airplane_pixelated_00255.png,airplane,vehicle,air,pixelated,airplane_02541
noise/airplane/airplane_noise_00255.png,airplane,vehicle,air,noise,airplane_02541
clean/dog/dog_clean_00266.png,dog,animal,land,clean,dog_02542
blur/dog/dog_blur_00266.png,dog,animal,land,blur,dog_02542
pixelated/dog/dog_pixelated_00266.png,dog,animal,land,pixelated,dog_02542
noise/dog/dog_noise_00266.png,dog,animal,land,noise,dog_02542
clean/horse/horse_clean_00247.png,horse,animal,land,clean,horse_02543
blur/horse/horse_blur_00247.png,horse,animal,land,blur,horse_02543
pixelated/horse/horse_pixelated_00247.png,horse,animal,land,pixelated,horse_02543
noise/horse/horse_noise_00247.png,horse,animal,land,noise,horse_02543
clean/bird/bird_clean_00250.png,bird,animal,air,clean,bird_02544
blur/bird/bird_blur_00250.png,bird,animal,air,blur,bird_02544
pixelated/bird/bird_pixelated_00250.png,bird,animal,air,pixelated,bird_02544
noise/bird/bird_noise_00250.png,bird,animal,air,noise,bird_02544
clean/truck/truck_clean_00258.png,truck,vehicle,land,clean,truck_02545
blur/truck/truck_blur_00258.png,truck,vehicle,land,blur,truck_02545
pixelated/truck/truck_pixelated_00258.png,truck,vehicle,land,pixelated,truck_02545
noise/truck/truck_noise_00258.png,truck,vehicle,land,noise,truck_02545
clean/airplane/airplane_clean_00256.png,airplane,vehicle,air,clean,airplane_02546
blur/airplane/airplane_blur_00256.png,airplane,vehicle,air,blur,airplane_02546
pixelated/airplane/airplane_pixelated_00256.png,airplane,vehicle,air,pixelated,airplane_02546
noise/airplane/airplane_noise_00256.png,airplane,vehicle,air,noise,airplane_02546
clean/truck/truck_clean_00259.png,truck,vehicle,land,clean,truck_02547
blur/truck/truck_blur_00259.png,truck,vehicle,land,blur,truck_02547
pixelated/truck/truck_pixelated_00259.png,truck,vehicle,land,pixelated,truck_02547
noise/truck/truck_noise_00259.png,truck,vehicle,land,noise,truck_02547
clean/deer/deer_clean_00259.png,deer,animal,land,clean,deer_02548
blur/deer/deer_blur_00259.png,deer,animal,land,blur,deer_02548
pixelated/deer/deer_pixelated_00259.png,deer,animal,land,pixelated,deer_02548
noise/deer/deer_noise_00259.png,deer,animal,land,noise,deer_02548
clean/bird/bird_clean_00251.png,bird,animal,air,clean,bird_02549
blur/bird/bird_blur_00251.png,bird,animal,air,blur,bird_02549
pixelated/bird/bird_pixelated_00251.png,bird,animal,air,pixelated,bird_02549
noise/bird/bird_noise_00251.png,bird,animal,air,noise,bird_02549
clean/bird/bird_clean_00252.png,bird,animal,air,clean,bird_02550
blur/bird/bird_blur_00252.png,bird,animal,air,blur,bird_02550
pixelated/bird/bird_pixelated_00252.png,bird,animal,air,pixelated,bird_02550
noise/bird/bird_noise_00252.png,bird,animal,air,noise,bird_02550
clean/frog/frog_clean_00258.png,frog,animal,land,clean,frog_02551
blur/frog/frog_blur_00258.png,frog,animal,land,blur,frog_02551
pixelated/frog/frog_pixelated_00258.png,frog,animal,land,pixelated,frog_02551
noise/frog/frog_noise_00258.png,frog,animal,land,noise,frog_02551
clean/horse/horse_clean_00248.png,horse,animal,land,clean,horse_02552
blur/horse/horse_blur_00248.png,horse,animal,land,blur,horse_02552
pixelated/horse/horse_pixelated_00248.png,horse,animal,land,pixelated,horse_02552
noise/horse/horse_noise_00248.png,horse,animal,land,noise,horse_02552
clean/ship/ship_clean_00261.png,ship,vehicle,water,clean,ship_02553
blur/ship/ship_blur_00261.png,ship,vehicle,water,blur,ship_02553
pixelated/ship/ship_pixelated_00261.png,ship,vehicle,water,pixelated,ship_02553
noise/ship/ship_noise_00261.png,ship,vehicle,water,noise,ship_02553
clean/horse/horse_clean_00249.png,horse,animal,land,clean,horse_02554
blur/horse/horse_blur_00249.png,horse,animal,land,blur,horse_02554
pixelated/horse/horse_pixelated_00249.png,horse,animal,land,pixelated,horse_02554
noise/horse/horse_noise_00249.png,horse,animal,land,noise,horse_02554
clean/automobile/automobile_clean_00238.png,automobile,vehicle,land,clean,automobile_02555
blur/automobile/automobile_blur_00238.png,automobile,vehicle,land,blur,automobile_02555
pixelated/automobile/automobile_pixelated_00238.png,automobile,vehicle,land,pixelated,automobile_02555
noise/automobile/automobile_noise_00238.png,automobile,vehicle,land,noise,automobile_02555
clean/ship/ship_clean_00262.png,ship,vehicle,water,clean,ship_02556
blur/ship/ship_blur_00262.png,ship,vehicle,water,blur,ship_02556
pixelated/ship/ship_pixelated_00262.png,ship,vehicle,water,pixelated,ship_02556
noise/ship/ship_noise_00262.png,ship,vehicle,water,noise,ship_02556
clean/deer/deer_clean_00260.png,deer,animal,land,clean,deer_02557
blur/deer/deer_blur_00260.png,deer,animal,land,blur,deer_02557
pixelated/deer/deer_pixelated_00260.png,deer,animal,land,pixelated,deer_02557
noise/deer/deer_noise_00260.png,deer,animal,land,noise,deer_02557
clean/automobile/automobile_clean_00239.png,automobile,vehicle,land,clean,automobile_02558
blur/automobile/automobile_blur_00239.png,automobile,vehicle,land,blur,automobile_02558
pixelated/automobile/automobile_pixelated_00239.png,automobile,vehicle,land,pixelated,automobile_02558
noise/automobile/automobile_noise_00239.png,automobile,vehicle,land,noise,automobile_02558
clean/frog/frog_clean_00259.png,frog,animal,land,clean,frog_02559
blur/frog/frog_blur_00259.png,frog,animal,land,blur,frog_02559
pixelated/frog/frog_pixelated_00259.png,frog,animal,land,pixelated,frog_02559
noise/frog/frog_noise_00259.png,frog,animal,land,noise,frog_02559
clean/truck/truck_clean_00260.png,truck,vehicle,land,clean,truck_02560
blur/truck/truck_blur_00260.png,truck,vehicle,land,blur,truck_02560
pixelated/truck/truck_pixelated_00260.png,truck,vehicle,land,pixelated,truck_02560
noise/truck/truck_noise_00260.png,truck,vehicle,land,noise,truck_02560
clean/bird/bird_clean_00253.png,bird,animal,air,clean,bird_02561
blur/bird/bird_blur_00253.png,bird,animal,air,blur,bird_02561
pixelated/bird/bird_pixelated_00253.png,bird,animal,air,pixelated,bird_02561
noise/bird/bird_noise_00253.png,bird,animal,air,noise,bird_02561
clean/deer/deer_clean_00261.png,deer,animal,land,clean,deer_02562
blur/deer/deer_blur_00261.png,deer,animal,land,blur,deer_02562
pixelated/deer/deer_pixelated_00261.png,deer,animal,land,pixelated,deer_02562
noise/deer/deer_noise_00261.png,deer,animal,land,noise,deer_02562
clean/bird/bird_clean_00254.png,bird,animal,air,clean,bird_02563
blur/bird/bird_blur_00254.png,bird,animal,air,blur,bird_02563
pixelated/bird/bird_pixelated_00254.png,bird,animal,air,pixelated,bird_02563
noise/bird/bird_noise_00254.png,bird,animal,air,noise,bird_02563
clean/truck/truck_clean_00261.png,truck,vehicle,land,clean,truck_02564
blur/truck/truck_blur_00261.png,truck,vehicle,land,blur,truck_02564
pixelated/truck/truck_pixelated_00261.png,truck,vehicle,land,pixelated,truck_02564
noise/truck/truck_noise_00261.png,truck,vehicle,land,noise,truck_02564
clean/airplane/airplane_clean_00257.png,airplane,vehicle,air,clean,airplane_02565
blur/airplane/airplane_blur_00257.png,airplane,vehicle,air,blur,airplane_02565
pixelated/airplane/airplane_pixelated_00257.png,airplane,vehicle,air,pixelated,airplane_02565
noise/airplane/airplane_noise_00257.png,airplane,vehicle,air,noise,airplane_02565
clean/frog/frog_clean_00260.png,frog,animal,land,clean,frog_02566
blur/frog/frog_blur_00260.png,frog,animal,land,blur,frog_02566
pixelated/frog/frog_pixelated_00260.png,frog,animal,land,pixelated,frog_02566
noise/frog/frog_noise_00260.png,frog,animal,land,noise,frog_02566
clean/frog/frog_clean_00261.png,frog,animal,land,clean,frog_02567
blur/frog/frog_blur_00261.png,frog,animal,land,blur,frog_02567
pixelated/frog/frog_pixelated_00261.png,frog,animal,land,pixelated,frog_02567
noise/frog/frog_noise_00261.png,frog,animal,land,noise,frog_02567
clean/bird/bird_clean_00255.png,bird,animal,air,clean,bird_02568
blur/bird/bird_blur_00255.png,bird,animal,air,blur,bird_02568
pixelated/bird/bird_pixelated_00255.png,bird,animal,air,pixelated,bird_02568
noise/bird/bird_noise_00255.png,bird,animal,air,noise,bird_02568
clean/horse/horse_clean_00250.png,horse,animal,land,clean,horse_02569
blur/horse/horse_blur_00250.png,horse,animal,land,blur,horse_02569
pixelated/horse/horse_pixelated_00250.png,horse,animal,land,pixelated,horse_02569
noise/horse/horse_noise_00250.png,horse,animal,land,noise,horse_02569
clean/dog/dog_clean_00267.png,dog,animal,land,clean,dog_02570
blur/dog/dog_blur_00267.png,dog,animal,land,blur,dog_02570
pixelated/dog/dog_pixelated_00267.png,dog,animal,land,pixelated,dog_02570
noise/dog/dog_noise_00267.png,dog,animal,land,noise,dog_02570
clean/cat/cat_clean_00258.png,cat,animal,land,clean,cat_02571
blur/cat/cat_blur_00258.png,cat,animal,land,blur,cat_02571
pixelated/cat/cat_pixelated_00258.png,cat,animal,land,pixelated,cat_02571
noise/cat/cat_noise_00258.png,cat,animal,land,noise,cat_02571
clean/airplane/airplane_clean_00258.png,airplane,vehicle,air,clean,airplane_02572
blur/airplane/airplane_blur_00258.png,airplane,vehicle,air,blur,airplane_02572
pixelated/airplane/airplane_pixelated_00258.png,airplane,vehicle,air,pixelated,airplane_02572
noise/airplane/airplane_noise_00258.png,airplane,vehicle,air,noise,airplane_02572
clean/cat/cat_clean_00259.png,cat,animal,land,clean,cat_02573
blur/cat/cat_blur_00259.png,cat,animal,land,blur,cat_02573
pixelated/cat/cat_pixelated_00259.png,cat,animal,land,pixelated,cat_02573
noise/cat/cat_noise_00259.png,cat,animal,land,noise,cat_02573
clean/automobile/automobile_clean_00240.png,automobile,vehicle,land,clean,automobile_02574
blur/automobile/automobile_blur_00240.png,automobile,vehicle,land,blur,automobile_02574
pixelated/automobile/automobile_pixelated_00240.png,automobile,vehicle,land,pixelated,automobile_02574
noise/automobile/automobile_noise_00240.png,automobile,vehicle,land,noise,automobile_02574
clean/ship/ship_clean_00263.png,ship,vehicle,water,clean,ship_02575
blur/ship/ship_blur_00263.png,ship,vehicle,water,blur,ship_02575
pixelated/ship/ship_pixelated_00263.png,ship,vehicle,water,pixelated,ship_02575
noise/ship/ship_noise_00263.png,ship,vehicle,water,noise,ship_02575
clean/deer/deer_clean_00262.png,deer,animal,land,clean,deer_02576
blur/deer/deer_blur_00262.png,deer,animal,land,blur,deer_02576
pixelated/deer/deer_pixelated_00262.png,deer,animal,land,pixelated,deer_02576
noise/deer/deer_noise_00262.png,deer,animal,land,noise,deer_02576
clean/airplane/airplane_clean_00259.png,airplane,vehicle,air,clean,airplane_02577
blur/airplane/airplane_blur_00259.png,airplane,vehicle,air,blur,airplane_02577
pixelated/airplane/airplane_pixelated_00259.png,airplane,vehicle,air,pixelated,airplane_02577
noise/airplane/airplane_noise_00259.png,airplane,vehicle,air,noise,airplane_02577
clean/automobile/automobile_clean_00241.png,automobile,vehicle,land,clean,automobile_02578
blur/automobile/automobile_blur_00241.png,automobile,vehicle,land,blur,automobile_02578
pixelated/automobile/automobile_pixelated_00241.png,automobile,vehicle,land,pixelated,automobile_02578
noise/automobile/automobile_noise_00241.png,automobile,vehicle,land,noise,automobile_02578
clean/deer/deer_clean_00263.png,deer,animal,land,clean,deer_02579
blur/deer/deer_blur_00263.png,deer,animal,land,blur,deer_02579
pixelated/deer/deer_pixelated_00263.png,deer,animal,land,pixelated,deer_02579
noise/deer/deer_noise_00263.png,deer,animal,land,noise,deer_02579
clean/dog/dog_clean_00268.png,dog,animal,land,clean,dog_02580
blur/dog/dog_blur_00268.png,dog,animal,land,blur,dog_02580
pixelated/dog/dog_pixelated_00268.png,dog,animal,land,pixelated,dog_02580
noise/dog/dog_noise_00268.png,dog,animal,land,noise,dog_02580
clean/airplane/airplane_clean_00260.png,airplane,vehicle,air,clean,airplane_02581
blur/airplane/airplane_blur_00260.png,airplane,vehicle,air,blur,airplane_02581
pixelated/airplane/airplane_pixelated_00260.png,airplane,vehicle,air,pixelated,airplane_02581
noise/airplane/airplane_noise_00260.png,airplane,vehicle,air,noise,airplane_02581
clean/cat/cat_clean_00260.png,cat,animal,land,clean,cat_02582
blur/cat/cat_blur_00260.png,cat,animal,land,blur,cat_02582
pixelated/cat/cat_pixelated_00260.png,cat,animal,land,pixelated,cat_02582
noise/cat/cat_noise_00260.png,cat,animal,land,noise,cat_02582
clean/ship/ship_clean_00264.png,ship,vehicle,water,clean,ship_02583
blur/ship/ship_blur_00264.png,ship,vehicle,water,blur,ship_02583
pixelated/ship/ship_pixelated_00264.png,ship,vehicle,water,pixelated,ship_02583
noise/ship/ship_noise_00264.png,ship,vehicle,water,noise,ship_02583
clean/truck/truck_clean_00262.png,truck,vehicle,land,clean,truck_02584
blur/truck/truck_blur_00262.png,truck,vehicle,land,blur,truck_02584
pixelated/truck/truck_pixelated_00262.png,truck,vehicle,land,pixelated,truck_02584
noise/truck/truck_noise_00262.png,truck,vehicle,land,noise,truck_02584
clean/automobile/automobile_clean_00242.png,automobile,vehicle,land,clean,automobile_02585
blur/automobile/automobile_blur_00242.png,automobile,vehicle,land,blur,automobile_02585
pixelated/automobile/automobile_pixelated_00242.png,automobile,vehicle,land,pixelated,automobile_02585
noise/automobile/automobile_noise_00242.png,automobile,vehicle,land,noise,automobile_02585
clean/bird/bird_clean_00256.png,bird,animal,air,clean,bird_02586
blur/bird/bird_blur_00256.png,bird,animal,air,blur,bird_02586
pixelated/bird/bird_pixelated_00256.png,bird,animal,air,pixelated,bird_02586
noise/bird/bird_noise_00256.png,bird,animal,air,noise,bird_02586
clean/cat/cat_clean_00261.png,cat,animal,land,clean,cat_02587
blur/cat/cat_blur_00261.png,cat,animal,land,blur,cat_02587
pixelated/cat/cat_pixelated_00261.png,cat,animal,land,pixelated,cat_02587
noise/cat/cat_noise_00261.png,cat,animal,land,noise,cat_02587
clean/automobile/automobile_clean_00243.png,automobile,vehicle,land,clean,automobile_02588
blur/automobile/automobile_blur_00243.png,automobile,vehicle,land,blur,automobile_02588
pixelated/automobile/automobile_pixelated_00243.png,automobile,vehicle,land,pixelated,automobile_02588
noise/automobile/automobile_noise_00243.png,automobile,vehicle,land,noise,automobile_02588
clean/deer/deer_clean_00264.png,deer,animal,land,clean,deer_02589
blur/deer/deer_blur_00264.png,deer,animal,land,blur,deer_02589
pixelated/deer/deer_pixelated_00264.png,deer,animal,land,pixelated,deer_02589
noise/deer/deer_noise_00264.png,deer,animal,land,noise,deer_02589
clean/automobile/automobile_clean_00244.png,automobile,vehicle,land,clean,automobile_02590
blur/automobile/automobile_blur_00244.png,automobile,vehicle,land,blur,automobile_02590
pixelated/automobile/automobile_pixelated_00244.png,automobile,vehicle,land,pixelated,automobile_02590
noise/automobile/automobile_noise_00244.png,automobile,vehicle,land,noise,automobile_02590
clean/deer/deer_clean_00265.png,deer,animal,land,clean,deer_02591
blur/deer/deer_blur_00265.png,deer,animal,land,blur,deer_02591
pixelated/deer/deer_pixelated_00265.png,deer,animal,land,pixelated,deer_02591
noise/deer/deer_noise_00265.png,deer,animal,land,noise,deer_02591
clean/cat/cat_clean_00262.png,cat,animal,land,clean,cat_02592
blur/cat/cat_blur_00262.png,cat,animal,land,blur,cat_02592
pixelated/cat/cat_pixelated_00262.png,cat,animal,land,pixelated,cat_02592
noise/cat/cat_noise_00262.png,cat,animal,land,noise,cat_02592
clean/bird/bird_clean_00257.png,bird,animal,air,clean,bird_02593
blur/bird/bird_blur_00257.png,bird,animal,air,blur,bird_02593
pixelated/bird/bird_pixelated_00257.png,bird,animal,air,pixelated,bird_02593
noise/bird/bird_noise_00257.png,bird,animal,air,noise,bird_02593
clean/bird/bird_clean_00258.png,bird,animal,air,clean,bird_02594
blur/bird/bird_blur_00258.png,bird,animal,air,blur,bird_02594
pixelated/bird/bird_pixelated_00258.png,bird,animal,air,pixelated,bird_02594
noise/bird/bird_noise_00258.png,bird,animal,air,noise,bird_02594
clean/automobile/automobile_clean_00245.png,automobile,vehicle,land,clean,automobile_02595
blur/automobile/automobile_blur_00245.png,automobile,vehicle,land,blur,automobile_02595
pixelated/automobile/automobile_pixelated_00245.png,automobile,vehicle,land,pixelated,automobile_02595
noise/automobile/automobile_noise_00245.png,automobile,vehicle,land,noise,automobile_02595
clean/cat/cat_clean_00263.png,cat,animal,land,clean,cat_02596
blur/cat/cat_blur_00263.png,cat,animal,land,blur,cat_02596
pixelated/cat/cat_pixelated_00263.png,cat,animal,land,pixelated,cat_02596
noise/cat/cat_noise_00263.png,cat,animal,land,noise,cat_02596
clean/dog/dog_clean_00269.png,dog,animal,land,clean,dog_02597
blur/dog/dog_blur_00269.png,dog,animal,land,blur,dog_02597
pixelated/dog/dog_pixelated_00269.png,dog,animal,land,pixelated,dog_02597
noise/dog/dog_noise_00269.png,dog,animal,land,noise,dog_02597
clean/cat/cat_clean_00264.png,cat,animal,land,clean,cat_02598
blur/cat/cat_blur_00264.png,cat,animal,land,blur,cat_02598
pixelated/cat/cat_pixelated_00264.png,cat,animal,land,pixelated,cat_02598
noise/cat/cat_noise_00264.png,cat,animal,land,noise,cat_02598
clean/bird/bird_clean_00259.png,bird,animal,air,clean,bird_02599
blur/bird/bird_blur_00259.png,bird,animal,air,blur,bird_02599
pixelated/bird/bird_pixelated_00259.png,bird,animal,air,pixelated,bird_02599
noise/bird/bird_noise_00259.png,bird,animal,air,noise,bird_02599
clean/automobile/automobile_clean_00246.png,automobile,vehicle,land,clean,automobile_02600
blur/automobile/automobile_blur_00246.png,automobile,vehicle,land,blur,automobile_02600
pixelated/automobile/automobile_pixelated_00246.png,automobile,vehicle,land,pixelated,automobile_02600
noise/automobile/automobile_noise_00246.png,automobile,vehicle,land,noise,automobile_02600
clean/frog/frog_clean_00262.png,frog,animal,land,clean,frog_02601
blur/frog/frog_blur_00262.png,frog,animal,land,blur,frog_02601
pixelated/frog/frog_pixelated_00262.png,frog,animal,land,pixelated,frog_02601
noise/frog/frog_noise_00262.png,frog,animal,land,noise,frog_02601
clean/frog/frog_clean_00263.png,frog,animal,land,clean,frog_02602
blur/frog/frog_blur_00263.png,frog,animal,land,blur,frog_02602
pixelated/frog/frog_pixelated_00263.png,frog,animal,land,pixelated,frog_02602
noise/frog/frog_noise_00263.png,frog,animal,land,noise,frog_02602
clean/horse/horse_clean_00251.png,horse,animal,land,clean,horse_02603
blur/horse/horse_blur_00251.png,horse,animal,land,blur,horse_02603
pixelated/horse/horse_pixelated_00251.png,horse,animal,land,pixelated,horse_02603
noise/horse/horse_noise_00251.png,horse,animal,land,noise,horse_02603
clean/ship/ship_clean_00265.png,ship,vehicle,water,clean,ship_02604
blur/ship/ship_blur_00265.png,ship,vehicle,water,blur,ship_02604
pixelated/ship/ship_pixelated_00265.png,ship,vehicle,water,pixelated,ship_02604
noise/ship/ship_noise_00265.png,ship,vehicle,water,noise,ship_02604
clean/airplane/airplane_clean_00261.png,airplane,vehicle,air,clean,airplane_02605
blur/airplane/airplane_blur_00261.png,airplane,vehicle,air,blur,airplane_02605
pixelated/airplane/airplane_pixelated_00261.png,airplane,vehicle,air,pixelated,airplane_02605
noise/airplane/airplane_noise_00261.png,airplane,vehicle,air,noise,airplane_02605
clean/horse/horse_clean_00252.png,horse,animal,land,clean,horse_02606
blur/horse/horse_blur_00252.png,horse,animal,land,blur,horse_02606
pixelated/horse/horse_pixelated_00252.png,horse,animal,land,pixelated,horse_02606
noise/horse/horse_noise_00252.png,horse,animal,land,noise,horse_02606
clean/airplane/airplane_clean_00262.png,airplane,vehicle,air,clean,airplane_02607
blur/airplane/airplane_blur_00262.png,airplane,vehicle,air,blur,airplane_02607
pixelated/airplane/airplane_pixelated_00262.png,airplane,vehicle,air,pixelated,airplane_02607
noise/airplane/airplane_noise_00262.png,airplane,vehicle,air,noise,airplane_02607
clean/ship/ship_clean_00266.png,ship,vehicle,water,clean,ship_02608
blur/ship/ship_blur_00266.png,ship,vehicle,water,blur,ship_02608
pixelated/ship/ship_pixelated_00266.png,ship,vehicle,water,pixelated,ship_02608
noise/ship/ship_noise_00266.png,ship,vehicle,water,noise,ship_02608
clean/automobile/automobile_clean_00247.png,automobile,vehicle,land,clean,automobile_02609
blur/automobile/automobile_blur_00247.png,automobile,vehicle,land,blur,automobile_02609
pixelated/automobile/automobile_pixelated_00247.png,automobile,vehicle,land,pixelated,automobile_02609
noise/automobile/automobile_noise_00247.png,automobile,vehicle,land,noise,automobile_02609
clean/bird/bird_clean_00260.png,bird,animal,air,clean,bird_02610
blur/bird/bird_blur_00260.png,bird,animal,air,blur,bird_02610
pixelated/bird/bird_pixelated_00260.png,bird,animal,air,pixelated,bird_02610
noise/bird/bird_noise_00260.png,bird,animal,air,noise,bird_02610
clean/automobile/automobile_clean_00248.png,automobile,vehicle,land,clean,automobile_02611
blur/automobile/automobile_blur_00248.png,automobile,vehicle,land,blur,automobile_02611
pixelated/automobile/automobile_pixelated_00248.png,automobile,vehicle,land,pixelated,automobile_02611
noise/automobile/automobile_noise_00248.png,automobile,vehicle,land,noise,automobile_02611
clean/airplane/airplane_clean_00263.png,airplane,vehicle,air,clean,airplane_02612
blur/airplane/airplane_blur_00263.png,airplane,vehicle,air,blur,airplane_02612
pixelated/airplane/airplane_pixelated_00263.png,airplane,vehicle,air,pixelated,airplane_02612
noise/airplane/airplane_noise_00263.png,airplane,vehicle,air,noise,airplane_02612
clean/airplane/airplane_clean_00264.png,airplane,vehicle,air,clean,airplane_02613
blur/airplane/airplane_blur_00264.png,airplane,vehicle,air,blur,airplane_02613
pixelated/airplane/airplane_pixelated_00264.png,airplane,vehicle,air,pixelated,airplane_02613
noise/airplane/airplane_noise_00264.png,airplane,vehicle,air,noise,airplane_02613
clean/deer/deer_clean_00266.png,deer,animal,land,clean,deer_02614
blur/deer/deer_blur_00266.png,deer,animal,land,blur,deer_02614
pixelated/deer/deer_pixelated_00266.png,deer,animal,land,pixelated,deer_02614
noise/deer/deer_noise_00266.png,deer,animal,land,noise,deer_02614
clean/ship/ship_clean_00267.png,ship,vehicle,water,clean,ship_02615
blur/ship/ship_blur_00267.png,ship,vehicle,water,blur,ship_02615
pixelated/ship/ship_pixelated_00267.png,ship,vehicle,water,pixelated,ship_02615
noise/ship/ship_noise_00267.png,ship,vehicle,water,noise,ship_02615
clean/truck/truck_clean_00263.png,truck,vehicle,land,clean,truck_02616
blur/truck/truck_blur_00263.png,truck,vehicle,land,blur,truck_02616
pixelated/truck/truck_pixelated_00263.png,truck,vehicle,land,pixelated,truck_02616
noise/truck/truck_noise_00263.png,truck,vehicle,land,noise,truck_02616
clean/bird/bird_clean_00261.png,bird,animal,air,clean,bird_02617
blur/bird/bird_blur_00261.png,bird,animal,air,blur,bird_02617
pixelated/bird/bird_pixelated_00261.png,bird,animal,air,pixelated,bird_02617
noise/bird/bird_noise_00261.png,bird,animal,air,noise,bird_02617
clean/airplane/airplane_clean_00265.png,airplane,vehicle,air,clean,airplane_02618
blur/airplane/airplane_blur_00265.png,airplane,vehicle,air,blur,airplane_02618
pixelated/airplane/airplane_pixelated_00265.png,airplane,vehicle,air,pixelated,airplane_02618
noise/airplane/airplane_noise_00265.png,airplane,vehicle,air,noise,airplane_02618
clean/dog/dog_clean_00270.png,dog,animal,land,clean,dog_02619
blur/dog/dog_blur_00270.png,dog,animal,land,blur,dog_02619
pixelated/dog/dog_pixelated_00270.png,dog,animal,land,pixelated,dog_02619
noise/dog/dog_noise_00270.png,dog,animal,land,noise,dog_02619
clean/frog/frog_clean_00264.png,frog,animal,land,clean,frog_02620
blur/frog/frog_blur_00264.png,frog,animal,land,blur,frog_02620
pixelated/frog/frog_pixelated_00264.png,frog,animal,land,pixelated,frog_02620
noise/frog/frog_noise_00264.png,frog,animal,land,noise,frog_02620
clean/airplane/airplane_clean_00266.png,airplane,vehicle,air,clean,airplane_02621
blur/airplane/airplane_blur_00266.png,airplane,vehicle,air,blur,airplane_02621
pixelated/airplane/airplane_pixelated_00266.png,airplane,vehicle,air,pixelated,airplane_02621
noise/airplane/airplane_noise_00266.png,airplane,vehicle,air,noise,airplane_02621
clean/dog/dog_clean_00271.png,dog,animal,land,clean,dog_02622
blur/dog/dog_blur_00271.png,dog,animal,land,blur,dog_02622
pixelated/dog/dog_pixelated_00271.png,dog,animal,land,pixelated,dog_02622
noise/dog/dog_noise_00271.png,dog,animal,land,noise,dog_02622
clean/bird/bird_clean_00262.png,bird,animal,air,clean,bird_02623
blur/bird/bird_blur_00262.png,bird,animal,air,blur,bird_02623
pixelated/bird/bird_pixelated_00262.png,bird,animal,air,pixelated,bird_02623
noise/bird/bird_noise_00262.png,bird,animal,air,noise,bird_02623
clean/bird/bird_clean_00263.png,bird,animal,air,clean,bird_02624
blur/bird/bird_blur_00263.png,bird,animal,air,blur,bird_02624
pixelated/bird/bird_pixelated_00263.png,bird,animal,air,pixelated,bird_02624
noise/bird/bird_noise_00263.png,bird,animal,air,noise,bird_02624
clean/bird/bird_clean_00264.png,bird,animal,air,clean,bird_02625
blur/bird/bird_blur_00264.png,bird,animal,air,blur,bird_02625
pixelated/bird/bird_pixelated_00264.png,bird,animal,air,pixelated,bird_02625
noise/bird/bird_noise_00264.png,bird,animal,air,noise,bird_02625
clean/airplane/airplane_clean_00267.png,airplane,vehicle,air,clean,airplane_02626
blur/airplane/airplane_blur_00267.png,airplane,vehicle,air,blur,airplane_02626
pixelated/airplane/airplane_pixelated_00267.png,airplane,vehicle,air,pixelated,airplane_02626
noise/airplane/airplane_noise_00267.png,airplane,vehicle,air,noise,airplane_02626
clean/airplane/airplane_clean_00268.png,airplane,vehicle,air,clean,airplane_02627
blur/airplane/airplane_blur_00268.png,airplane,vehicle,air,blur,airplane_02627
pixelated/airplane/airplane_pixelated_00268.png,airplane,vehicle,air,pixelated,airplane_02627
noise/airplane/airplane_noise_00268.png,airplane,vehicle,air,noise,airplane_02627
clean/horse/horse_clean_00253.png,horse,animal,land,clean,horse_02628
blur/horse/horse_blur_00253.png,horse,animal,land,blur,horse_02628
pixelated/horse/horse_pixelated_00253.png,horse,animal,land,pixelated,horse_02628
noise/horse/horse_noise_00253.png,horse,animal,land,noise,horse_02628
clean/bird/bird_clean_00265.png,bird,animal,air,clean,bird_02629
blur/bird/bird_blur_00265.png,bird,animal,air,blur,bird_02629
pixelated/bird/bird_pixelated_00265.png,bird,animal,air,pixelated,bird_02629
noise/bird/bird_noise_00265.png,bird,animal,air,noise,bird_02629
clean/airplane/airplane_clean_00269.png,airplane,vehicle,air,clean,airplane_02630
blur/airplane/airplane_blur_00269.png,airplane,vehicle,air,blur,airplane_02630
pixelated/airplane/airplane_pixelated_00269.png,airplane,vehicle,air,pixelated,airplane_02630
noise/airplane/airplane_noise_00269.png,airplane,vehicle,air,noise,airplane_02630
clean/frog/frog_clean_00265.png,frog,animal,land,clean,frog_02631
blur/frog/frog_blur_00265.png,frog,animal,land,blur,frog_02631
pixelated/frog/frog_pixelated_00265.png,frog,animal,land,pixelated,frog_02631
noise/frog/frog_noise_00265.png,frog,animal,land,noise,frog_02631
clean/truck/truck_clean_00264.png,truck,vehicle,land,clean,truck_02632
blur/truck/truck_blur_00264.png,truck,vehicle,land,blur,truck_02632
pixelated/truck/truck_pixelated_00264.png,truck,vehicle,land,pixelated,truck_02632
noise/truck/truck_noise_00264.png,truck,vehicle,land,noise,truck_02632
clean/dog/dog_clean_00272.png,dog,animal,land,clean,dog_02633
blur/dog/dog_blur_00272.png,dog,animal,land,blur,dog_02633
pixelated/dog/dog_pixelated_00272.png,dog,animal,land,pixelated,dog_02633
noise/dog/dog_noise_00272.png,dog,animal,land,noise,dog_02633
clean/horse/horse_clean_00254.png,horse,animal,land,clean,horse_02634
blur/horse/horse_blur_00254.png,horse,animal,land,blur,horse_02634
pixelated/horse/horse_pixelated_00254.png,horse,animal,land,pixelated,horse_02634
noise/horse/horse_noise_00254.png,horse,animal,land,noise,horse_02634
clean/bird/bird_clean_00266.png,bird,animal,air,clean,bird_02635
blur/bird/bird_blur_00266.png,bird,animal,air,blur,bird_02635
pixelated/bird/bird_pixelated_00266.png,bird,animal,air,pixelated,bird_02635
noise/bird/bird_noise_00266.png,bird,animal,air,noise,bird_02635
clean/automobile/automobile_clean_00249.png,automobile,vehicle,land,clean,automobile_02636
blur/automobile/automobile_blur_00249.png,automobile,vehicle,land,blur,automobile_02636
pixelated/automobile/automobile_pixelated_00249.png,automobile,vehicle,land,pixelated,automobile_02636
noise/automobile/automobile_noise_00249.png,automobile,vehicle,land,noise,automobile_02636
clean/bird/bird_clean_00267.png,bird,animal,air,clean,bird_02637
blur/bird/bird_blur_00267.png,bird,animal,air,blur,bird_02637
pixelated/bird/bird_pixelated_00267.png,bird,animal,air,pixelated,bird_02637
noise/bird/bird_noise_00267.png,bird,animal,air,noise,bird_02637
clean/horse/horse_clean_00255.png,horse,animal,land,clean,horse_02638
blur/horse/horse_blur_00255.png,horse,animal,land,blur,horse_02638
pixelated/horse/horse_pixelated_00255.png,horse,animal,land,pixelated,horse_02638
noise/horse/horse_noise_00255.png,horse,animal,land,noise,horse_02638
clean/airplane/airplane_clean_00270.png,airplane,vehicle,air,clean,airplane_02639
blur/airplane/airplane_blur_00270.png,airplane,vehicle,air,blur,airplane_02639
pixelated/airplane/airplane_pixelated_00270.png,airplane,vehicle,air,pixelated,airplane_02639
noise/airplane/airplane_noise_00270.png,airplane,vehicle,air,noise,airplane_02639
clean/dog/dog_clean_00273.png,dog,animal,land,clean,dog_02640
blur/dog/dog_blur_00273.png,dog,animal,land,blur,dog_02640
pixelated/dog/dog_pixelated_00273.png,dog,animal,land,pixelated,dog_02640
noise/dog/dog_noise_00273.png,dog,animal,land,noise,dog_02640
clean/horse/horse_clean_00256.png,horse,animal,land,clean,horse_02641
blur/horse/horse_blur_00256.png,horse,animal,land,blur,horse_02641
pixelated/horse/horse_pixelated_00256.png,horse,animal,land,pixelated,horse_02641
noise/horse/horse_noise_00256.png,horse,animal,land,noise,horse_02641
clean/airplane/airplane_clean_00271.png,airplane,vehicle,air,clean,airplane_02642
blur/airplane/airplane_blur_00271.png,airplane,vehicle,air,blur,airplane_02642
pixelated/airplane/airplane_pixelated_00271.png,airplane,vehicle,air,pixelated,airplane_02642
noise/airplane/airplane_noise_00271.png,airplane,vehicle,air,noise,airplane_02642
clean/dog/dog_clean_00274.png,dog,animal,land,clean,dog_02643
blur/dog/dog_blur_00274.png,dog,animal,land,blur,dog_02643
pixelated/dog/dog_pixelated_00274.png,dog,animal,land,pixelated,dog_02643
noise/dog/dog_noise_00274.png,dog,animal,land,noise,dog_02643
clean/horse/horse_clean_00257.png,horse,animal,land,clean,horse_02644
blur/horse/horse_blur_00257.png,horse,animal,land,blur,horse_02644
pixelated/horse/horse_pixelated_00257.png,horse,animal,land,pixelated,horse_02644
noise/horse/horse_noise_00257.png,horse,animal,land,noise,horse_02644
clean/automobile/automobile_clean_00250.png,automobile,vehicle,land,clean,automobile_02645
blur/automobile/automobile_blur_00250.png,automobile,vehicle,land,blur,automobile_02645
pixelated/automobile/automobile_pixelated_00250.png,automobile,vehicle,land,pixelated,automobile_02645
noise/automobile/automobile_noise_00250.png,automobile,vehicle,land,noise,automobile_02645
clean/deer/deer_clean_00267.png,deer,animal,land,clean,deer_02646
blur/deer/deer_blur_00267.png,deer,animal,land,blur,deer_02646
pixelated/deer/deer_pixelated_00267.png,deer,animal,land,pixelated,deer_02646
noise/deer/deer_noise_00267.png,deer,animal,land,noise,deer_02646
clean/truck/truck_clean_00265.png,truck,vehicle,land,clean,truck_02647
blur/truck/truck_blur_00265.png,truck,vehicle,land,blur,truck_02647
pixelated/truck/truck_pixelated_00265.png,truck,vehicle,land,pixelated,truck_02647
noise/truck/truck_noise_00265.png,truck,vehicle,land,noise,truck_02647
clean/automobile/automobile_clean_00251.png,automobile,vehicle,land,clean,automobile_02648
blur/automobile/automobile_blur_00251.png,automobile,vehicle,land,blur,automobile_02648
pixelated/automobile/automobile_pixelated_00251.png,automobile,vehicle,land,pixelated,automobile_02648
noise/automobile/automobile_noise_00251.png,automobile,vehicle,land,noise,automobile_02648
clean/truck/truck_clean_00266.png,truck,vehicle,land,clean,truck_02649
blur/truck/truck_blur_00266.png,truck,vehicle,land,blur,truck_02649
pixelated/truck/truck_pixelated_00266.png,truck,vehicle,land,pixelated,truck_02649
noise/truck/truck_noise_00266.png,truck,vehicle,land,noise,truck_02649
clean/bird/bird_clean_00268.png,bird,animal,air,clean,bird_02650
blur/bird/bird_blur_00268.png,bird,animal,air,blur,bird_02650
pixelated/bird/bird_pixelated_00268.png,bird,animal,air,pixelated,bird_02650
noise/bird/bird_noise_00268.png,bird,animal,air,noise,bird_02650
clean/frog/frog_clean_00266.png,frog,animal,land,clean,frog_02651
blur/frog/frog_blur_00266.png,frog,animal,land,blur,frog_02651
pixelated/frog/frog_pixelated_00266.png,frog,animal,land,pixelated,frog_02651
noise/frog/frog_noise_00266.png,frog,animal,land,noise,frog_02651
clean/bird/bird_clean_00269.png,bird,animal,air,clean,bird_02652
blur/bird/bird_blur_00269.png,bird,animal,air,blur,bird_02652
pixelated/bird/bird_pixelated_00269.png,bird,animal,air,pixelated,bird_02652
noise/bird/bird_noise_00269.png,bird,animal,air,noise,bird_02652
clean/bird/bird_clean_00270.png,bird,animal,air,clean,bird_02653
blur/bird/bird_blur_00270.png,bird,animal,air,blur,bird_02653
pixelated/bird/bird_pixelated_00270.png,bird,animal,air,pixelated,bird_02653
noise/bird/bird_noise_00270.png,bird,animal,air,noise,bird_02653
clean/cat/cat_clean_00265.png,cat,animal,land,clean,cat_02654
blur/cat/cat_blur_00265.png,cat,animal,land,blur,cat_02654
pixelated/cat/cat_pixelated_00265.png,cat,animal,land,pixelated,cat_02654
noise/cat/cat_noise_00265.png,cat,animal,land,noise,cat_02654
clean/airplane/airplane_clean_00272.png,airplane,vehicle,air,clean,airplane_02655
blur/airplane/airplane_blur_00272.png,airplane,vehicle,air,blur,airplane_02655
pixelated/airplane/airplane_pixelated_00272.png,airplane,vehicle,air,pixelated,airplane_02655
noise/airplane/airplane_noise_00272.png,airplane,vehicle,air,noise,airplane_02655
clean/truck/truck_clean_00267.png,truck,vehicle,land,clean,truck_02656
blur/truck/truck_blur_00267.png,truck,vehicle,land,blur,truck_02656
pixelated/truck/truck_pixelated_00267.png,truck,vehicle,land,pixelated,truck_02656
noise/truck/truck_noise_00267.png,truck,vehicle,land,noise,truck_02656
clean/ship/ship_clean_00268.png,ship,vehicle,water,clean,ship_02657
blur/ship/ship_blur_00268.png,ship,vehicle,water,blur,ship_02657
pixelated/ship/ship_pixelated_00268.png,ship,vehicle,water,pixelated,ship_02657
noise/ship/ship_noise_00268.png,ship,vehicle,water,noise,ship_02657
clean/bird/bird_clean_00271.png,bird,animal,air,clean,bird_02658
blur/bird/bird_blur_00271.png,bird,animal,air,blur,bird_02658
pixelated/bird/bird_pixelated_00271.png,bird,animal,air,pixelated,bird_02658
noise/bird/bird_noise_00271.png,bird,animal,air,noise,bird_02658
clean/bird/bird_clean_00272.png,bird,animal,air,clean,bird_02659
blur/bird/bird_blur_00272.png,bird,animal,air,blur,bird_02659
pixelated/bird/bird_pixelated_00272.png,bird,animal,air,pixelated,bird_02659
noise/bird/bird_noise_00272.png,bird,animal,air,noise,bird_02659
clean/bird/bird_clean_00273.png,bird,animal,air,clean,bird_02660
blur/bird/bird_blur_00273.png,bird,animal,air,blur,bird_02660
pixelated/bird/bird_pixelated_00273.png,bird,animal,air,pixelated,bird_02660
noise/bird/bird_noise_00273.png,bird,animal,air,noise,bird_02660
clean/horse/horse_clean_00258.png,horse,animal,land,clean,horse_02661
blur/horse/horse_blur_00258.png,horse,animal,land,blur,horse_02661
pixelated/horse/horse_pixelated_00258.png,horse,animal,land,pixelated,horse_02661
noise/horse/horse_noise_00258.png,horse,animal,land,noise,horse_02661
clean/horse/horse_clean_00259.png,horse,animal,land,clean,horse_02662
blur/horse/horse_blur_00259.png,horse,animal,land,blur,horse_02662
pixelated/horse/horse_pixelated_00259.png,horse,animal,land,pixelated,horse_02662
noise/horse/horse_noise_00259.png,horse,animal,land,noise,horse_02662
clean/dog/dog_clean_00275.png,dog,animal,land,clean,dog_02663
blur/dog/dog_blur_00275.png,dog,animal,land,blur,dog_02663
pixelated/dog/dog_pixelated_00275.png,dog,animal,land,pixelated,dog_02663
noise/dog/dog_noise_00275.png,dog,animal,land,noise,dog_02663
clean/dog/dog_clean_00276.png,dog,animal,land,clean,dog_02664
blur/dog/dog_blur_00276.png,dog,animal,land,blur,dog_02664
pixelated/dog/dog_pixelated_00276.png,dog,animal,land,pixelated,dog_02664
noise/dog/dog_noise_00276.png,dog,animal,land,noise,dog_02664
clean/bird/bird_clean_00274.png,bird,animal,air,clean,bird_02665
blur/bird/bird_blur_00274.png,bird,animal,air,blur,bird_02665
pixelated/bird/bird_pixelated_00274.png,bird,animal,air,pixelated,bird_02665
noise/bird/bird_noise_00274.png,bird,animal,air,noise,bird_02665
clean/automobile/automobile_clean_00252.png,automobile,vehicle,land,clean,automobile_02666
blur/automobile/automobile_blur_00252.png,automobile,vehicle,land,blur,automobile_02666
pixelated/automobile/automobile_pixelated_00252.png,automobile,vehicle,land,pixelated,automobile_02666
noise/automobile/automobile_noise_00252.png,automobile,vehicle,land,noise,automobile_02666
clean/airplane/airplane_clean_00273.png,airplane,vehicle,air,clean,airplane_02667
blur/airplane/airplane_blur_00273.png,airplane,vehicle,air,blur,airplane_02667
pixelated/airplane/airplane_pixelated_00273.png,airplane,vehicle,air,pixelated,airplane_02667
noise/airplane/airplane_noise_00273.png,airplane,vehicle,air,noise,airplane_02667
clean/horse/horse_clean_00260.png,horse,animal,land,clean,horse_02668
blur/horse/horse_blur_00260.png,horse,animal,land,blur,horse_02668
pixelated/horse/horse_pixelated_00260.png,horse,animal,land,pixelated,horse_02668
noise/horse/horse_noise_00260.png,horse,animal,land,noise,horse_02668
clean/deer/deer_clean_00268.png,deer,animal,land,clean,deer_02669
blur/deer/deer_blur_00268.png,deer,animal,land,blur,deer_02669
pixelated/deer/deer_pixelated_00268.png,deer,animal,land,pixelated,deer_02669
noise/deer/deer_noise_00268.png,deer,animal,land,noise,deer_02669
clean/bird/bird_clean_00275.png,bird,animal,air,clean,bird_02670
blur/bird/bird_blur_00275.png,bird,animal,air,blur,bird_02670
pixelated/bird/bird_pixelated_00275.png,bird,animal,air,pixelated,bird_02670
noise/bird/bird_noise_00275.png,bird,animal,air,noise,bird_02670
clean/cat/cat_clean_00266.png,cat,animal,land,clean,cat_02671
blur/cat/cat_blur_00266.png,cat,animal,land,blur,cat_02671
pixelated/cat/cat_pixelated_00266.png,cat,animal,land,pixelated,cat_02671
noise/cat/cat_noise_00266.png,cat,animal,land,noise,cat_02671
clean/bird/bird_clean_00276.png,bird,animal,air,clean,bird_02672
blur/bird/bird_blur_00276.png,bird,animal,air,blur,bird_02672
pixelated/bird/bird_pixelated_00276.png,bird,animal,air,pixelated,bird_02672
noise/bird/bird_noise_00276.png,bird,animal,air,noise,bird_02672
clean/frog/frog_clean_00267.png,frog,animal,land,clean,frog_02673
blur/frog/frog_blur_00267.png,frog,animal,land,blur,frog_02673
pixelated/frog/frog_pixelated_00267.png,frog,animal,land,pixelated,frog_02673
noise/frog/frog_noise_00267.png,frog,animal,land,noise,frog_02673
clean/bird/bird_clean_00277.png,bird,animal,air,clean,bird_02674
blur/bird/bird_blur_00277.png,bird,animal,air,blur,bird_02674
pixelated/bird/bird_pixelated_00277.png,bird,animal,air,pixelated,bird_02674
noise/bird/bird_noise_00277.png,bird,animal,air,noise,bird_02674
clean/cat/cat_clean_00267.png,cat,animal,land,clean,cat_02675
blur/cat/cat_blur_00267.png,cat,animal,land,blur,cat_02675
pixelated/cat/cat_pixelated_00267.png,cat,animal,land,pixelated,cat_02675
noise/cat/cat_noise_00267.png,cat,animal,land,noise,cat_02675
clean/automobile/automobile_clean_00253.png,automobile,vehicle,land,clean,automobile_02676
blur/automobile/automobile_blur_00253.png,automobile,vehicle,land,blur,automobile_02676
pixelated/automobile/automobile_pixelated_00253.png,automobile,vehicle,land,pixelated,automobile_02676
noise/automobile/automobile_noise_00253.png,automobile,vehicle,land,noise,automobile_02676
clean/cat/cat_clean_00268.png,cat,animal,land,clean,cat_02677
blur/cat/cat_blur_00268.png,cat,animal,land,blur,cat_02677
pixelated/cat/cat_pixelated_00268.png,cat,animal,land,pixelated,cat_02677
noise/cat/cat_noise_00268.png,cat,animal,land,noise,cat_02677
clean/frog/frog_clean_00268.png,frog,animal,land,clean,frog_02678
blur/frog/frog_blur_00268.png,frog,animal,land,blur,frog_02678
pixelated/frog/frog_pixelated_00268.png,frog,animal,land,pixelated,frog_02678
noise/frog/frog_noise_00268.png,frog,animal,land,noise,frog_02678
clean/deer/deer_clean_00269.png,deer,animal,land,clean,deer_02679
blur/deer/deer_blur_00269.png,deer,animal,land,blur,deer_02679
pixelated/deer/deer_pixelated_00269.png,deer,animal,land,pixelated,deer_02679
noise/deer/deer_noise_00269.png,deer,animal,land,noise,deer_02679
clean/ship/ship_clean_00269.png,ship,vehicle,water,clean,ship_02680
blur/ship/ship_blur_00269.png,ship,vehicle,water,blur,ship_02680
pixelated/ship/ship_pixelated_00269.png,ship,vehicle,water,pixelated,ship_02680
noise/ship/ship_noise_00269.png,ship,vehicle,water,noise,ship_02680
clean/truck/truck_clean_00268.png,truck,vehicle,land,clean,truck_02681
blur/truck/truck_blur_00268.png,truck,vehicle,land,blur,truck_02681
pixelated/truck/truck_pixelated_00268.png,truck,vehicle,land,pixelated,truck_02681
noise/truck/truck_noise_00268.png,truck,vehicle,land,noise,truck_02681
clean/automobile/automobile_clean_00254.png,automobile,vehicle,land,clean,automobile_02682
blur/automobile/automobile_blur_00254.png,automobile,vehicle,land,blur,automobile_02682
pixelated/automobile/automobile_pixelated_00254.png,automobile,vehicle,land,pixelated,automobile_02682
noise/automobile/automobile_noise_00254.png,automobile,vehicle,land,noise,automobile_02682
clean/bird/bird_clean_00278.png,bird,animal,air,clean,bird_02683
blur/bird/bird_blur_00278.png,bird,animal,air,blur,bird_02683
pixelated/bird/bird_pixelated_00278.png,bird,animal,air,pixelated,bird_02683
noise/bird/bird_noise_00278.png,bird,animal,air,noise,bird_02683
clean/truck/truck_clean_00269.png,truck,vehicle,land,clean,truck_02684
blur/truck/truck_blur_00269.png,truck,vehicle,land,blur,truck_02684
pixelated/truck/truck_pixelated_00269.png,truck,vehicle,land,pixelated,truck_02684
noise/truck/truck_noise_00269.png,truck,vehicle,land,noise,truck_02684
clean/automobile/automobile_clean_00255.png,automobile,vehicle,land,clean,automobile_02685
blur/automobile/automobile_blur_00255.png,automobile,vehicle,land,blur,automobile_02685
pixelated/automobile/automobile_pixelated_00255.png,automobile,vehicle,land,pixelated,automobile_02685
noise/automobile/automobile_noise_00255.png,automobile,vehicle,land,noise,automobile_02685
clean/deer/deer_clean_00270.png,deer,animal,land,clean,deer_02686
blur/deer/deer_blur_00270.png,deer,animal,land,blur,deer_02686
pixelated/deer/deer_pixelated_00270.png,deer,animal,land,pixelated,deer_02686
noise/deer/deer_noise_00270.png,deer,animal,land,noise,deer_02686
clean/cat/cat_clean_00269.png,cat,animal,land,clean,cat_02687
blur/cat/cat_blur_00269.png,cat,animal,land,blur,cat_02687
pixelated/cat/cat_pixelated_00269.png,cat,animal,land,pixelated,cat_02687
noise/cat/cat_noise_00269.png,cat,animal,land,noise,cat_02687
clean/deer/deer_clean_00271.png,deer,animal,land,clean,deer_02688
blur/deer/deer_blur_00271.png,deer,animal,land,blur,deer_02688
pixelated/deer/deer_pixelated_00271.png,deer,animal,land,pixelated,deer_02688
noise/deer/deer_noise_00271.png,deer,animal,land,noise,deer_02688
clean/automobile/automobile_clean_00256.png,automobile,vehicle,land,clean,automobile_02689
blur/automobile/automobile_blur_00256.png,automobile,vehicle,land,blur,automobile_02689
pixelated/automobile/automobile_pixelated_00256.png,automobile,vehicle,land,pixelated,automobile_02689
noise/automobile/automobile_noise_00256.png,automobile,vehicle,land,noise,automobile_02689
clean/horse/horse_clean_00261.png,horse,animal,land,clean,horse_02690
blur/horse/horse_blur_00261.png,horse,animal,land,blur,horse_02690
pixelated/horse/horse_pixelated_00261.png,horse,animal,land,pixelated,horse_02690
noise/horse/horse_noise_00261.png,horse,animal,land,noise,horse_02690
clean/deer/deer_clean_00272.png,deer,animal,land,clean,deer_02691
blur/deer/deer_blur_00272.png,deer,animal,land,blur,deer_02691
pixelated/deer/deer_pixelated_00272.png,deer,animal,land,pixelated,deer_02691
noise/deer/deer_noise_00272.png,deer,animal,land,noise,deer_02691
clean/frog/frog_clean_00269.png,frog,animal,land,clean,frog_02692
blur/frog/frog_blur_00269.png,frog,animal,land,blur,frog_02692
pixelated/frog/frog_pixelated_00269.png,frog,animal,land,pixelated,frog_02692
noise/frog/frog_noise_00269.png,frog,animal,land,noise,frog_02692
clean/horse/horse_clean_00262.png,horse,animal,land,clean,horse_02693
blur/horse/horse_blur_00262.png,horse,animal,land,blur,horse_02693
pixelated/horse/horse_pixelated_00262.png,horse,animal,land,pixelated,horse_02693
noise/horse/horse_noise_00262.png,horse,animal,land,noise,horse_02693
clean/airplane/airplane_clean_00274.png,airplane,vehicle,air,clean,airplane_02694
blur/airplane/airplane_blur_00274.png,airplane,vehicle,air,blur,airplane_02694
pixelated/airplane/airplane_pixelated_00274.png,airplane,vehicle,air,pixelated,airplane_02694
noise/airplane/airplane_noise_00274.png,airplane,vehicle,air,noise,airplane_02694
clean/airplane/airplane_clean_00275.png,airplane,vehicle,air,clean,airplane_02695
blur/airplane/airplane_blur_00275.png,airplane,vehicle,air,blur,airplane_02695
pixelated/airplane/airplane_pixelated_00275.png,airplane,vehicle,air,pixelated,airplane_02695
noise/airplane/airplane_noise_00275.png,airplane,vehicle,air,noise,airplane_02695
clean/cat/cat_clean_00270.png,cat,animal,land,clean,cat_02696
blur/cat/cat_blur_00270.png,cat,animal,land,blur,cat_02696
pixelated/cat/cat_pixelated_00270.png,cat,animal,land,pixelated,cat_02696
noise/cat/cat_noise_00270.png,cat,animal,land,noise,cat_02696
clean/ship/ship_clean_00270.png,ship,vehicle,water,clean,ship_02697
blur/ship/ship_blur_00270.png,ship,vehicle,water,blur,ship_02697
pixelated/ship/ship_pixelated_00270.png,ship,vehicle,water,pixelated,ship_02697
noise/ship/ship_noise_00270.png,ship,vehicle,water,noise,ship_02697
clean/automobile/automobile_clean_00257.png,automobile,vehicle,land,clean,automobile_02698
blur/automobile/automobile_blur_00257.png,automobile,vehicle,land,blur,automobile_02698
pixelated/automobile/automobile_pixelated_00257.png,automobile,vehicle,land,pixelated,automobile_02698
noise/automobile/automobile_noise_00257.png,automobile,vehicle,land,noise,automobile_02698
clean/frog/frog_clean_00270.png,frog,animal,land,clean,frog_02699
blur/frog/frog_blur_00270.png,frog,animal,land,blur,frog_02699
pixelated/frog/frog_pixelated_00270.png,frog,animal,land,pixelated,frog_02699
noise/frog/frog_noise_00270.png,frog,animal,land,noise,frog_02699
clean/cat/cat_clean_00271.png,cat,animal,land,clean,cat_02700
blur/cat/cat_blur_00271.png,cat,animal,land,blur,cat_02700
pixelated/cat/cat_pixelated_00271.png,cat,animal,land,pixelated,cat_02700
noise/cat/cat_noise_00271.png,cat,animal,land,noise,cat_02700
clean/truck/truck_clean_00270.png,truck,vehicle,land,clean,truck_02701
blur/truck/truck_blur_00270.png,truck,vehicle,land,blur,truck_02701
pixelated/truck/truck_pixelated_00270.png,truck,vehicle,land,pixelated,truck_02701
noise/truck/truck_noise_00270.png,truck,vehicle,land,noise,truck_02701
clean/dog/dog_clean_00277.png,dog,animal,land,clean,dog_02702
blur/dog/dog_blur_00277.png,dog,animal,land,blur,dog_02702
pixelated/dog/dog_pixelated_00277.png,dog,animal,land,pixelated,dog_02702
noise/dog/dog_noise_00277.png,dog,animal,land,noise,dog_02702
clean/truck/truck_clean_00271.png,truck,vehicle,land,clean,truck_02703
blur/truck/truck_blur_00271.png,truck,vehicle,land,blur,truck_02703
pixelated/truck/truck_pixelated_00271.png,truck,vehicle,land,pixelated,truck_02703
noise/truck/truck_noise_00271.png,truck,vehicle,land,noise,truck_02703
clean/ship/ship_clean_00271.png,ship,vehicle,water,clean,ship_02704
blur/ship/ship_blur_00271.png,ship,vehicle,water,blur,ship_02704
pixelated/ship/ship_pixelated_00271.png,ship,vehicle,water,pixelated,ship_02704
noise/ship/ship_noise_00271.png,ship,vehicle,water,noise,ship_02704
clean/horse/horse_clean_00263.png,horse,animal,land,clean,horse_02705
blur/horse/horse_blur_00263.png,horse,animal,land,blur,horse_02705
pixelated/horse/horse_pixelated_00263.png,horse,animal,land,pixelated,horse_02705
noise/horse/horse_noise_00263.png,horse,animal,land,noise,horse_02705
clean/truck/truck_clean_00272.png,truck,vehicle,land,clean,truck_02706
blur/truck/truck_blur_00272.png,truck,vehicle,land,blur,truck_02706
pixelated/truck/truck_pixelated_00272.png,truck,vehicle,land,pixelated,truck_02706
noise/truck/truck_noise_00272.png,truck,vehicle,land,noise,truck_02706
clean/truck/truck_clean_00273.png,truck,vehicle,land,clean,truck_02707
blur/truck/truck_blur_00273.png,truck,vehicle,land,blur,truck_02707
pixelated/truck/truck_pixelated_00273.png,truck,vehicle,land,pixelated,truck_02707
noise/truck/truck_noise_00273.png,truck,vehicle,land,noise,truck_02707
clean/horse/horse_clean_00264.png,horse,animal,land,clean,horse_02708
blur/horse/horse_blur_00264.png,horse,animal,land,blur,horse_02708
pixelated/horse/horse_pixelated_00264.png,horse,animal,land,pixelated,horse_02708
noise/horse/horse_noise_00264.png,horse,animal,land,noise,horse_02708
clean/bird/bird_clean_00279.png,bird,animal,air,clean,bird_02709
blur/bird/bird_blur_00279.png,bird,animal,air,blur,bird_02709
pixelated/bird/bird_pixelated_00279.png,bird,animal,air,pixelated,bird_02709
noise/bird/bird_noise_00279.png,bird,animal,air,noise,bird_02709
clean/dog/dog_clean_00278.png,dog,animal,land,clean,dog_02710
blur/dog/dog_blur_00278.png,dog,animal,land,blur,dog_02710
pixelated/dog/dog_pixelated_00278.png,dog,animal,land,pixelated,dog_02710
noise/dog/dog_noise_00278.png,dog,animal,land,noise,dog_02710
clean/automobile/automobile_clean_00258.png,automobile,vehicle,land,clean,automobile_02711
blur/automobile/automobile_blur_00258.png,automobile,vehicle,land,blur,automobile_02711
pixelated/automobile/automobile_pixelated_00258.png,automobile,vehicle,land,pixelated,automobile_02711
noise/automobile/automobile_noise_00258.png,automobile,vehicle,land,noise,automobile_02711
clean/bird/bird_clean_00280.png,bird,animal,air,clean,bird_02712
blur/bird/bird_blur_00280.png,bird,animal,air,blur,bird_02712
pixelated/bird/bird_pixelated_00280.png,bird,animal,air,pixelated,bird_02712
noise/bird/bird_noise_00280.png,bird,animal,air,noise,bird_02712
clean/frog/frog_clean_00271.png,frog,animal,land,clean,frog_02713
blur/frog/frog_blur_00271.png,frog,animal,land,blur,frog_02713
pixelated/frog/frog_pixelated_00271.png,frog,animal,land,pixelated,frog_02713
noise/frog/frog_noise_00271.png,frog,animal,land,noise,frog_02713
clean/horse/horse_clean_00265.png,horse,animal,land,clean,horse_02714
blur/horse/horse_blur_00265.png,horse,animal,land,blur,horse_02714
pixelated/horse/horse_pixelated_00265.png,horse,animal,land,pixelated,horse_02714
noise/horse/horse_noise_00265.png,horse,animal,land,noise,horse_02714
clean/airplane/airplane_clean_00276.png,airplane,vehicle,air,clean,airplane_02715
blur/airplane/airplane_blur_00276.png,airplane,vehicle,air,blur,airplane_02715
pixelated/airplane/airplane_pixelated_00276.png,airplane,vehicle,air,pixelated,airplane_02715
noise/airplane/airplane_noise_00276.png,airplane,vehicle,air,noise,airplane_02715
clean/deer/deer_clean_00273.png,deer,animal,land,clean,deer_02716
blur/deer/deer_blur_00273.png,deer,animal,land,blur,deer_02716
pixelated/deer/deer_pixelated_00273.png,deer,animal,land,pixelated,deer_02716
noise/deer/deer_noise_00273.png,deer,animal,land,noise,deer_02716
clean/automobile/automobile_clean_00259.png,automobile,vehicle,land,clean,automobile_02717
blur/automobile/automobile_blur_00259.png,automobile,vehicle,land,blur,automobile_02717
pixelated/automobile/automobile_pixelated_00259.png,automobile,vehicle,land,pixelated,automobile_02717
noise/automobile/automobile_noise_00259.png,automobile,vehicle,land,noise,automobile_02717
clean/deer/deer_clean_00274.png,deer,animal,land,clean,deer_02718
blur/deer/deer_blur_00274.png,deer,animal,land,blur,deer_02718
pixelated/deer/deer_pixelated_00274.png,deer,animal,land,pixelated,deer_02718
noise/deer/deer_noise_00274.png,deer,animal,land,noise,deer_02718
clean/truck/truck_clean_00274.png,truck,vehicle,land,clean,truck_02719
blur/truck/truck_blur_00274.png,truck,vehicle,land,blur,truck_02719
pixelated/truck/truck_pixelated_00274.png,truck,vehicle,land,pixelated,truck_02719
noise/truck/truck_noise_00274.png,truck,vehicle,land,noise,truck_02719
clean/ship/ship_clean_00272.png,ship,vehicle,water,clean,ship_02720
blur/ship/ship_blur_00272.png,ship,vehicle,water,blur,ship_02720
pixelated/ship/ship_pixelated_00272.png,ship,vehicle,water,pixelated,ship_02720
noise/ship/ship_noise_00272.png,ship,vehicle,water,noise,ship_02720
clean/automobile/automobile_clean_00260.png,automobile,vehicle,land,clean,automobile_02721
blur/automobile/automobile_blur_00260.png,automobile,vehicle,land,blur,automobile_02721
pixelated/automobile/automobile_pixelated_00260.png,automobile,vehicle,land,pixelated,automobile_02721
noise/automobile/automobile_noise_00260.png,automobile,vehicle,land,noise,automobile_02721
clean/dog/dog_clean_00279.png,dog,animal,land,clean,dog_02722
blur/dog/dog_blur_00279.png,dog,animal,land,blur,dog_02722
pixelated/dog/dog_pixelated_00279.png,dog,animal,land,pixelated,dog_02722
noise/dog/dog_noise_00279.png,dog,animal,land,noise,dog_02722
clean/frog/frog_clean_00272.png,frog,animal,land,clean,frog_02723
blur/frog/frog_blur_00272.png,frog,animal,land,blur,frog_02723
pixelated/frog/frog_pixelated_00272.png,frog,animal,land,pixelated,frog_02723
noise/frog/frog_noise_00272.png,frog,animal,land,noise,frog_02723
clean/frog/frog_clean_00273.png,frog,animal,land,clean,frog_02724
blur/frog/frog_blur_00273.png,frog,animal,land,blur,frog_02724
pixelated/frog/frog_pixelated_00273.png,frog,animal,land,pixelated,frog_02724
noise/frog/frog_noise_00273.png,frog,animal,land,noise,frog_02724
clean/ship/ship_clean_00273.png,ship,vehicle,water,clean,ship_02725
blur/ship/ship_blur_00273.png,ship,vehicle,water,blur,ship_02725
pixelated/ship/ship_pixelated_00273.png,ship,vehicle,water,pixelated,ship_02725
noise/ship/ship_noise_00273.png,ship,vehicle,water,noise,ship_02725
clean/truck/truck_clean_00275.png,truck,vehicle,land,clean,truck_02726
blur/truck/truck_blur_00275.png,truck,vehicle,land,blur,truck_02726
pixelated/truck/truck_pixelated_00275.png,truck,vehicle,land,pixelated,truck_02726
noise/truck/truck_noise_00275.png,truck,vehicle,land,noise,truck_02726
clean/automobile/automobile_clean_00261.png,automobile,vehicle,land,clean,automobile_02727
blur/automobile/automobile_blur_00261.png,automobile,vehicle,land,blur,automobile_02727
pixelated/automobile/automobile_pixelated_00261.png,automobile,vehicle,land,pixelated,automobile_02727
noise/automobile/automobile_noise_00261.png,automobile,vehicle,land,noise,automobile_02727
clean/automobile/automobile_clean_00262.png,automobile,vehicle,land,clean,automobile_02728
blur/automobile/automobile_blur_00262.png,automobile,vehicle,land,blur,automobile_02728
pixelated/automobile/automobile_pixelated_00262.png,automobile,vehicle,land,pixelated,automobile_02728
noise/automobile/automobile_noise_00262.png,automobile,vehicle,land,noise,automobile_02728
clean/deer/deer_clean_00275.png,deer,animal,land,clean,deer_02729
blur/deer/deer_blur_00275.png,deer,animal,land,blur,deer_02729
pixelated/deer/deer_pixelated_00275.png,deer,animal,land,pixelated,deer_02729
noise/deer/deer_noise_00275.png,deer,animal,land,noise,deer_02729
clean/ship/ship_clean_00274.png,ship,vehicle,water,clean,ship_02730
blur/ship/ship_blur_00274.png,ship,vehicle,water,blur,ship_02730
pixelated/ship/ship_pixelated_00274.png,ship,vehicle,water,pixelated,ship_02730
noise/ship/ship_noise_00274.png,ship,vehicle,water,noise,ship_02730
clean/ship/ship_clean_00275.png,ship,vehicle,water,clean,ship_02731
blur/ship/ship_blur_00275.png,ship,vehicle,water,blur,ship_02731
pixelated/ship/ship_pixelated_00275.png,ship,vehicle,water,pixelated,ship_02731
noise/ship/ship_noise_00275.png,ship,vehicle,water,noise,ship_02731
clean/deer/deer_clean_00276.png,deer,animal,land,clean,deer_02732
blur/deer/deer_blur_00276.png,deer,animal,land,blur,deer_02732
pixelated/deer/deer_pixelated_00276.png,deer,animal,land,pixelated,deer_02732
noise/deer/deer_noise_00276.png,deer,animal,land,noise,deer_02732
clean/horse/horse_clean_00266.png,horse,animal,land,clean,horse_02733
blur/horse/horse_blur_00266.png,horse,animal,land,blur,horse_02733
pixelated/horse/horse_pixelated_00266.png,horse,animal,land,pixelated,horse_02733
noise/horse/horse_noise_00266.png,horse,animal,land,noise,horse_02733
clean/ship/ship_clean_00276.png,ship,vehicle,water,clean,ship_02734
blur/ship/ship_blur_00276.png,ship,vehicle,water,blur,ship_02734
pixelated/ship/ship_pixelated_00276.png,ship,vehicle,water,pixelated,ship_02734
noise/ship/ship_noise_00276.png,ship,vehicle,water,noise,ship_02734
clean/cat/cat_clean_00272.png,cat,animal,land,clean,cat_02735
blur/cat/cat_blur_00272.png,cat,animal,land,blur,cat_02735
pixelated/cat/cat_pixelated_00272.png,cat,animal,land,pixelated,cat_02735
noise/cat/cat_noise_00272.png,cat,animal,land,noise,cat_02735
clean/cat/cat_clean_00273.png,cat,animal,land,clean,cat_02736
blur/cat/cat_blur_00273.png,cat,animal,land,blur,cat_02736
pixelated/cat/cat_pixelated_00273.png,cat,animal,land,pixelated,cat_02736
noise/cat/cat_noise_00273.png,cat,animal,land,noise,cat_02736
clean/airplane/airplane_clean_00277.png,airplane,vehicle,air,clean,airplane_02737
blur/airplane/airplane_blur_00277.png,airplane,vehicle,air,blur,airplane_02737
pixelated/airplane/airplane_pixelated_00277.png,airplane,vehicle,air,pixelated,airplane_02737
noise/airplane/airplane_noise_00277.png,airplane,vehicle,air,noise,airplane_02737
clean/cat/cat_clean_00274.png,cat,animal,land,clean,cat_02738
blur/cat/cat_blur_00274.png,cat,animal,land,blur,cat_02738
pixelated/cat/cat_pixelated_00274.png,cat,animal,land,pixelated,cat_02738
noise/cat/cat_noise_00274.png,cat,animal,land,noise,cat_02738
clean/horse/horse_clean_00267.png,horse,animal,land,clean,horse_02739
blur/horse/horse_blur_00267.png,horse,animal,land,blur,horse_02739
pixelated/horse/horse_pixelated_00267.png,horse,animal,land,pixelated,horse_02739
noise/horse/horse_noise_00267.png,horse,animal,land,noise,horse_02739
clean/dog/dog_clean_00280.png,dog,animal,land,clean,dog_02740
blur/dog/dog_blur_00280.png,dog,animal,land,blur,dog_02740
pixelated/dog/dog_pixelated_00280.png,dog,animal,land,pixelated,dog_02740
noise/dog/dog_noise_00280.png,dog,animal,land,noise,dog_02740
clean/deer/deer_clean_00277.png,deer,animal,land,clean,deer_02741
blur/deer/deer_blur_00277.png,deer,animal,land,blur,deer_02741
pixelated/deer/deer_pixelated_00277.png,deer,animal,land,pixelated,deer_02741
noise/deer/deer_noise_00277.png,deer,animal,land,noise,deer_02741
clean/bird/bird_clean_00281.png,bird,animal,air,clean,bird_02742
blur/bird/bird_blur_00281.png,bird,animal,air,blur,bird_02742
pixelated/bird/bird_pixelated_00281.png,bird,animal,air,pixelated,bird_02742
noise/bird/bird_noise_00281.png,bird,animal,air,noise,bird_02742
clean/truck/truck_clean_00276.png,truck,vehicle,land,clean,truck_02743
blur/truck/truck_blur_00276.png,truck,vehicle,land,blur,truck_02743
pixelated/truck/truck_pixelated_00276.png,truck,vehicle,land,pixelated,truck_02743
noise/truck/truck_noise_00276.png,truck,vehicle,land,noise,truck_02743
clean/bird/bird_clean_00282.png,bird,animal,air,clean,bird_02744
blur/bird/bird_blur_00282.png,bird,animal,air,blur,bird_02744
pixelated/bird/bird_pixelated_00282.png,bird,animal,air,pixelated,bird_02744
noise/bird/bird_noise_00282.png,bird,animal,air,noise,bird_02744
clean/frog/frog_clean_00274.png,frog,animal,land,clean,frog_02745
blur/frog/frog_blur_00274.png,frog,animal,land,blur,frog_02745
pixelated/frog/frog_pixelated_00274.png,frog,animal,land,pixelated,frog_02745
noise/frog/frog_noise_00274.png,frog,animal,land,noise,frog_02745
clean/horse/horse_clean_00268.png,horse,animal,land,clean,horse_02746
blur/horse/horse_blur_00268.png,horse,animal,land,blur,horse_02746
pixelated/horse/horse_pixelated_00268.png,horse,animal,land,pixelated,horse_02746
noise/horse/horse_noise_00268.png,horse,animal,land,noise,horse_02746
clean/automobile/automobile_clean_00263.png,automobile,vehicle,land,clean,automobile_02747
blur/automobile/automobile_blur_00263.png,automobile,vehicle,land,blur,automobile_02747
pixelated/automobile/automobile_pixelated_00263.png,automobile,vehicle,land,pixelated,automobile_02747
noise/automobile/automobile_noise_00263.png,automobile,vehicle,land,noise,automobile_02747
clean/truck/truck_clean_00277.png,truck,vehicle,land,clean,truck_02748
blur/truck/truck_blur_00277.png,truck,vehicle,land,blur,truck_02748
pixelated/truck/truck_pixelated_00277.png,truck,vehicle,land,pixelated,truck_02748
noise/truck/truck_noise_00277.png,truck,vehicle,land,noise,truck_02748
clean/horse/horse_clean_00269.png,horse,animal,land,clean,horse_02749
blur/horse/horse_blur_00269.png,horse,animal,land,blur,horse_02749
pixelated/horse/horse_pixelated_00269.png,horse,animal,land,pixelated,horse_02749
noise/horse/horse_noise_00269.png,horse,animal,land,noise,horse_02749
clean/automobile/automobile_clean_00264.png,automobile,vehicle,land,clean,automobile_02750
blur/automobile/automobile_blur_00264.png,automobile,vehicle,land,blur,automobile_02750
pixelated/automobile/automobile_pixelated_00264.png,automobile,vehicle,land,pixelated,automobile_02750
noise/automobile/automobile_noise_00264.png,automobile,vehicle,land,noise,automobile_02750
clean/airplane/airplane_clean_00278.png,airplane,vehicle,air,clean,airplane_02751
blur/airplane/airplane_blur_00278.png,airplane,vehicle,air,blur,airplane_02751
pixelated/airplane/airplane_pixelated_00278.png,airplane,vehicle,air,pixelated,airplane_02751
noise/airplane/airplane_noise_00278.png,airplane,vehicle,air,noise,airplane_02751
clean/frog/frog_clean_00275.png,frog,animal,land,clean,frog_02752
blur/frog/frog_blur_00275.png,frog,animal,land,blur,frog_02752
pixelated/frog/frog_pixelated_00275.png,frog,animal,land,pixelated,frog_02752
noise/frog/frog_noise_00275.png,frog,animal,land,noise,frog_02752
clean/cat/cat_clean_00275.png,cat,animal,land,clean,cat_02753
blur/cat/cat_blur_00275.png,cat,animal,land,blur,cat_02753
pixelated/cat/cat_pixelated_00275.png,cat,animal,land,pixelated,cat_02753
noise/cat/cat_noise_00275.png,cat,animal,land,noise,cat_02753
clean/ship/ship_clean_00277.png,ship,vehicle,water,clean,ship_02754
blur/ship/ship_blur_00277.png,ship,vehicle,water,blur,ship_02754
pixelated/ship/ship_pixelated_00277.png,ship,vehicle,water,pixelated,ship_02754
noise/ship/ship_noise_00277.png,ship,vehicle,water,noise,ship_02754
clean/horse/horse_clean_00270.png,horse,animal,land,clean,horse_02755
blur/horse/horse_blur_00270.png,horse,animal,land,blur,horse_02755
pixelated/horse/horse_pixelated_00270.png,horse,animal,land,pixelated,horse_02755
noise/horse/horse_noise_00270.png,horse,animal,land,noise,horse_02755
clean/deer/deer_clean_00278.png,deer,animal,land,clean,deer_02756
blur/deer/deer_blur_00278.png,deer,animal,land,blur,deer_02756
pixelated/deer/deer_pixelated_00278.png,deer,animal,land,pixelated,deer_02756
noise/deer/deer_noise_00278.png,deer,animal,land,noise,deer_02756
clean/cat/cat_clean_00276.png,cat,animal,land,clean,cat_02757
blur/cat/cat_blur_00276.png,cat,animal,land,blur,cat_02757
pixelated/cat/cat_pixelated_00276.png,cat,animal,land,pixelated,cat_02757
noise/cat/cat_noise_00276.png,cat,animal,land,noise,cat_02757
clean/horse/horse_clean_00271.png,horse,animal,land,clean,horse_02758
blur/horse/horse_blur_00271.png,horse,animal,land,blur,horse_02758
pixelated/horse/horse_pixelated_00271.png,horse,animal,land,pixelated,horse_02758
noise/horse/horse_noise_00271.png,horse,animal,land,noise,horse_02758
clean/cat/cat_clean_00277.png,cat,animal,land,clean,cat_02759
blur/cat/cat_blur_00277.png,cat,animal,land,blur,cat_02759
pixelated/cat/cat_pixelated_00277.png,cat,animal,land,pixelated,cat_02759
noise/cat/cat_noise_00277.png,cat,animal,land,noise,cat_02759
clean/bird/bird_clean_00283.png,bird,animal,air,clean,bird_02760
blur/bird/bird_blur_00283.png,bird,animal,air,blur,bird_02760
pixelated/bird/bird_pixelated_00283.png,bird,animal,air,pixelated,bird_02760
noise/bird/bird_noise_00283.png,bird,animal,air,noise,bird_02760
clean/truck/truck_clean_00278.png,truck,vehicle,land,clean,truck_02761
blur/truck/truck_blur_00278.png,truck,vehicle,land,blur,truck_02761
pixelated/truck/truck_pixelated_00278.png,truck,vehicle,land,pixelated,truck_02761
noise/truck/truck_noise_00278.png,truck,vehicle,land,noise,truck_02761
clean/dog/dog_clean_00281.png,dog,animal,land,clean,dog_02762
blur/dog/dog_blur_00281.png,dog,animal,land,blur,dog_02762
pixelated/dog/dog_pixelated_00281.png,dog,animal,land,pixelated,dog_02762
noise/dog/dog_noise_00281.png,dog,animal,land,noise,dog_02762
clean/frog/frog_clean_00276.png,frog,animal,land,clean,frog_02763
blur/frog/frog_blur_00276.png,frog,animal,land,blur,frog_02763
pixelated/frog/frog_pixelated_00276.png,frog,animal,land,pixelated,frog_02763
noise/frog/frog_noise_00276.png,frog,animal,land,noise,frog_02763
clean/bird/bird_clean_00284.png,bird,animal,air,clean,bird_02764
blur/bird/bird_blur_00284.png,bird,animal,air,blur,bird_02764
pixelated/bird/bird_pixelated_00284.png,bird,animal,air,pixelated,bird_02764
noise/bird/bird_noise_00284.png,bird,animal,air,noise,bird_02764
clean/frog/frog_clean_00277.png,frog,animal,land,clean,frog_02765
blur/frog/frog_blur_00277.png,frog,animal,land,blur,frog_02765
pixelated/frog/frog_pixelated_00277.png,frog,animal,land,pixelated,frog_02765
noise/frog/frog_noise_00277.png,frog,animal,land,noise,frog_02765
clean/deer/deer_clean_00279.png,deer,animal,land,clean,deer_02766
blur/deer/deer_blur_00279.png,deer,animal,land,blur,deer_02766
pixelated/deer/deer_pixelated_00279.png,deer,animal,land,pixelated,deer_02766
noise/deer/deer_noise_00279.png,deer,animal,land,noise,deer_02766
clean/deer/deer_clean_00280.png,deer,animal,land,clean,deer_02767
blur/deer/deer_blur_00280.png,deer,animal,land,blur,deer_02767
pixelated/deer/deer_pixelated_00280.png,deer,animal,land,pixelated,deer_02767
noise/deer/deer_noise_00280.png,deer,animal,land,noise,deer_02767
clean/ship/ship_clean_00278.png,ship,vehicle,water,clean,ship_02768
blur/ship/ship_blur_00278.png,ship,vehicle,water,blur,ship_02768
pixelated/ship/ship_pixelated_00278.png,ship,vehicle,water,pixelated,ship_02768
noise/ship/ship_noise_00278.png,ship,vehicle,water,noise,ship_02768
clean/frog/frog_clean_00278.png,frog,animal,land,clean,frog_02769
blur/frog/frog_blur_00278.png,frog,animal,land,blur,frog_02769
pixelated/frog/frog_pixelated_00278.png,frog,animal,land,pixelated,frog_02769
noise/frog/frog_noise_00278.png,frog,animal,land,noise,frog_02769
clean/automobile/automobile_clean_00265.png,automobile,vehicle,land,clean,automobile_02770
blur/automobile/automobile_blur_00265.png,automobile,vehicle,land,blur,automobile_02770
pixelated/automobile/automobile_pixelated_00265.png,automobile,vehicle,land,pixelated,automobile_02770
noise/automobile/automobile_noise_00265.png,automobile,vehicle,land,noise,automobile_02770
clean/horse/horse_clean_00272.png,horse,animal,land,clean,horse_02771
blur/horse/horse_blur_00272.png,horse,animal,land,blur,horse_02771
pixelated/horse/horse_pixelated_00272.png,horse,animal,land,pixelated,horse_02771
noise/horse/horse_noise_00272.png,horse,animal,land,noise,horse_02771
clean/horse/horse_clean_00273.png,horse,animal,land,clean,horse_02772
blur/horse/horse_blur_00273.png,horse,animal,land,blur,horse_02772
pixelated/horse/horse_pixelated_00273.png,horse,animal,land,pixelated,horse_02772
noise/horse/horse_noise_00273.png,horse,animal,land,noise,horse_02772
clean/automobile/automobile_clean_00266.png,automobile,vehicle,land,clean,automobile_02773
blur/automobile/automobile_blur_00266.png,automobile,vehicle,land,blur,automobile_02773
pixelated/automobile/automobile_pixelated_00266.png,automobile,vehicle,land,pixelated,automobile_02773
noise/automobile/automobile_noise_00266.png,automobile,vehicle,land,noise,automobile_02773
clean/automobile/automobile_clean_00267.png,automobile,vehicle,land,clean,automobile_02774
blur/automobile/automobile_blur_00267.png,automobile,vehicle,land,blur,automobile_02774
pixelated/automobile/automobile_pixelated_00267.png,automobile,vehicle,land,pixelated,automobile_02774
noise/automobile/automobile_noise_00267.png,automobile,vehicle,land,noise,automobile_02774
clean/deer/deer_clean_00281.png,deer,animal,land,clean,deer_02775
blur/deer/deer_blur_00281.png,deer,animal,land,blur,deer_02775
pixelated/deer/deer_pixelated_00281.png,deer,animal,land,pixelated,deer_02775
noise/deer/deer_noise_00281.png,deer,animal,land,noise,deer_02775
clean/automobile/automobile_clean_00268.png,automobile,vehicle,land,clean,automobile_02776
blur/automobile/automobile_blur_00268.png,automobile,vehicle,land,blur,automobile_02776
pixelated/automobile/automobile_pixelated_00268.png,automobile,vehicle,land,pixelated,automobile_02776
noise/automobile/automobile_noise_00268.png,automobile,vehicle,land,noise,automobile_02776
clean/truck/truck_clean_00279.png,truck,vehicle,land,clean,truck_02777
blur/truck/truck_blur_00279.png,truck,vehicle,land,blur,truck_02777
pixelated/truck/truck_pixelated_00279.png,truck,vehicle,land,pixelated,truck_02777
noise/truck/truck_noise_00279.png,truck,vehicle,land,noise,truck_02777
clean/truck/truck_clean_00280.png,truck,vehicle,land,clean,truck_02778
blur/truck/truck_blur_00280.png,truck,vehicle,land,blur,truck_02778
pixelated/truck/truck_pixelated_00280.png,truck,vehicle,land,pixelated,truck_02778
noise/truck/truck_noise_00280.png,truck,vehicle,land,noise,truck_02778
clean/cat/cat_clean_00278.png,cat,animal,land,clean,cat_02779
blur/cat/cat_blur_00278.png,cat,animal,land,blur,cat_02779
pixelated/cat/cat_pixelated_00278.png,cat,animal,land,pixelated,cat_02779
noise/cat/cat_noise_00278.png,cat,animal,land,noise,cat_02779
clean/ship/ship_clean_00279.png,ship,vehicle,water,clean,ship_02780
blur/ship/ship_blur_00279.png,ship,vehicle,water,blur,ship_02780
pixelated/ship/ship_pixelated_00279.png,ship,vehicle,water,pixelated,ship_02780
noise/ship/ship_noise_00279.png,ship,vehicle,water,noise,ship_02780
clean/deer/deer_clean_00282.png,deer,animal,land,clean,deer_02781
blur/deer/deer_blur_00282.png,deer,animal,land,blur,deer_02781
pixelated/deer/deer_pixelated_00282.png,deer,animal,land,pixelated,deer_02781
noise/deer/deer_noise_00282.png,deer,animal,land,noise,deer_02781
clean/horse/horse_clean_00274.png,horse,animal,land,clean,horse_02782
blur/horse/horse_blur_00274.png,horse,animal,land,blur,horse_02782
pixelated/horse/horse_pixelated_00274.png,horse,animal,land,pixelated,horse_02782
noise/horse/horse_noise_00274.png,horse,animal,land,noise,horse_02782
clean/automobile/automobile_clean_00269.png,automobile,vehicle,land,clean,automobile_02783
blur/automobile/automobile_blur_00269.png,automobile,vehicle,land,blur,automobile_02783
pixelated/automobile/automobile_pixelated_00269.png,automobile,vehicle,land,pixelated,automobile_02783
noise/automobile/automobile_noise_00269.png,automobile,vehicle,land,noise,automobile_02783
clean/airplane/airplane_clean_00279.png,airplane,vehicle,air,clean,airplane_02784
blur/airplane/airplane_blur_00279.png,airplane,vehicle,air,blur,airplane_02784
pixelated/airplane/airplane_pixelated_00279.png,airplane,vehicle,air,pixelated,airplane_02784
noise/airplane/airplane_noise_00279.png,airplane,vehicle,air,noise,airplane_02784
clean/ship/ship_clean_00280.png,ship,vehicle,water,clean,ship_02785
blur/ship/ship_blur_00280.png,ship,vehicle,water,blur,ship_02785
pixelated/ship/ship_pixelated_00280.png,ship,vehicle,water,pixelated,ship_02785
noise/ship/ship_noise_00280.png,ship,vehicle,water,noise,ship_02785
clean/deer/deer_clean_00283.png,deer,animal,land,clean,deer_02786
blur/deer/deer_blur_00283.png,deer,animal,land,blur,deer_02786
pixelated/deer/deer_pixelated_00283.png,deer,animal,land,pixelated,deer_02786
noise/deer/deer_noise_00283.png,deer,animal,land,noise,deer_02786
clean/frog/frog_clean_00279.png,frog,animal,land,clean,frog_02787
blur/frog/frog_blur_00279.png,frog,animal,land,blur,frog_02787
pixelated/frog/frog_pixelated_00279.png,frog,animal,land,pixelated,frog_02787
noise/frog/frog_noise_00279.png,frog,animal,land,noise,frog_02787
clean/horse/horse_clean_00275.png,horse,animal,land,clean,horse_02788
blur/horse/horse_blur_00275.png,horse,animal,land,blur,horse_02788
pixelated/horse/horse_pixelated_00275.png,horse,animal,land,pixelated,horse_02788
noise/horse/horse_noise_00275.png,horse,animal,land,noise,horse_02788
clean/airplane/airplane_clean_00280.png,airplane,vehicle,air,clean,airplane_02789
blur/airplane/airplane_blur_00280.png,airplane,vehicle,air,blur,airplane_02789
pixelated/airplane/airplane_pixelated_00280.png,airplane,vehicle,air,pixelated,airplane_02789
noise/airplane/airplane_noise_00280.png,airplane,vehicle,air,noise,airplane_02789
clean/frog/frog_clean_00280.png,frog,animal,land,clean,frog_02790
blur/frog/frog_blur_00280.png,frog,animal,land,blur,frog_02790
pixelated/frog/frog_pixelated_00280.png,frog,animal,land,pixelated,frog_02790
noise/frog/frog_noise_00280.png,frog,animal,land,noise,frog_02790
clean/airplane/airplane_clean_00281.png,airplane,vehicle,air,clean,airplane_02791
blur/airplane/airplane_blur_00281.png,airplane,vehicle,air,blur,airplane_02791
pixelated/airplane/airplane_pixelated_00281.png,airplane,vehicle,air,pixelated,airplane_02791
noise/airplane/airplane_noise_00281.png,airplane,vehicle,air,noise,airplane_02791
clean/truck/truck_clean_00281.png,truck,vehicle,land,clean,truck_02792
blur/truck/truck_blur_00281.png,truck,vehicle,land,blur,truck_02792
pixelated/truck/truck_pixelated_00281.png,truck,vehicle,land,pixelated,truck_02792
noise/truck/truck_noise_00281.png,truck,vehicle,land,noise,truck_02792
clean/frog/frog_clean_00281.png,frog,animal,land,clean,frog_02793
blur/frog/frog_blur_00281.png,frog,animal,land,blur,frog_02793
pixelated/frog/frog_pixelated_00281.png,frog,animal,land,pixelated,frog_02793
noise/frog/frog_noise_00281.png,frog,animal,land,noise,frog_02793
clean/dog/dog_clean_00282.png,dog,animal,land,clean,dog_02794
blur/dog/dog_blur_00282.png,dog,animal,land,blur,dog_02794
pixelated/dog/dog_pixelated_00282.png,dog,animal,land,pixelated,dog_02794
noise/dog/dog_noise_00282.png,dog,animal,land,noise,dog_02794
clean/deer/deer_clean_00284.png,deer,animal,land,clean,deer_02795
blur/deer/deer_blur_00284.png,deer,animal,land,blur,deer_02795
pixelated/deer/deer_pixelated_00284.png,deer,animal,land,pixelated,deer_02795
noise/deer/deer_noise_00284.png,deer,animal,land,noise,deer_02795
clean/automobile/automobile_clean_00270.png,automobile,vehicle,land,clean,automobile_02796
blur/automobile/automobile_blur_00270.png,automobile,vehicle,land,blur,automobile_02796
pixelated/automobile/automobile_pixelated_00270.png,automobile,vehicle,land,pixelated,automobile_02796
noise/automobile/automobile_noise_00270.png,automobile,vehicle,land,noise,automobile_02796
clean/frog/frog_clean_00282.png,frog,animal,land,clean,frog_02797
blur/frog/frog_blur_00282.png,frog,animal,land,blur,frog_02797
pixelated/frog/frog_pixelated_00282.png,frog,animal,land,pixelated,frog_02797
noise/frog/frog_noise_00282.png,frog,animal,land,noise,frog_02797
clean/cat/cat_clean_00279.png,cat,animal,land,clean,cat_02798
blur/cat/cat_blur_00279.png,cat,animal,land,blur,cat_02798
pixelated/cat/cat_pixelated_00279.png,cat,animal,land,pixelated,cat_02798
noise/cat/cat_noise_00279.png,cat,animal,land,noise,cat_02798
clean/horse/horse_clean_00276.png,horse,animal,land,clean,horse_02799
blur/horse/horse_blur_00276.png,horse,animal,land,blur,horse_02799
pixelated/horse/horse_pixelated_00276.png,horse,animal,land,pixelated,horse_02799
noise/horse/horse_noise_00276.png,horse,animal,land,noise,horse_02799
clean/bird/bird_clean_00285.png,bird,animal,air,clean,bird_02800
blur/bird/bird_blur_00285.png,bird,animal,air,blur,bird_02800
pixelated/bird/bird_pixelated_00285.png,bird,animal,air,pixelated,bird_02800
noise/bird/bird_noise_00285.png,bird,animal,air,noise,bird_02800
clean/dog/dog_clean_00283.png,dog,animal,land,clean,dog_02801
blur/dog/dog_blur_00283.png,dog,animal,land,blur,dog_02801
pixelated/dog/dog_pixelated_00283.png,dog,animal,land,pixelated,dog_02801
noise/dog/dog_noise_00283.png,dog,animal,land,noise,dog_02801
clean/ship/ship_clean_00281.png,ship,vehicle,water,clean,ship_02802
blur/ship/ship_blur_00281.png,ship,vehicle,water,blur,ship_02802
pixelated/ship/ship_pixelated_00281.png,ship,vehicle,water,pixelated,ship_02802
noise/ship/ship_noise_00281.png,ship,vehicle,water,noise,ship_02802
clean/deer/deer_clean_00285.png,deer,animal,land,clean,deer_02803
blur/deer/deer_blur_00285.png,deer,animal,land,blur,deer_02803
pixelated/deer/deer_pixelated_00285.png,deer,animal,land,pixelated,deer_02803
noise/deer/deer_noise_00285.png,deer,animal,land,noise,deer_02803
clean/dog/dog_clean_00284.png,dog,animal,land,clean,dog_02804
blur/dog/dog_blur_00284.png,dog,animal,land,blur,dog_02804
pixelated/dog/dog_pixelated_00284.png,dog,animal,land,pixelated,dog_02804
noise/dog/dog_noise_00284.png,dog,animal,land,noise,dog_02804
clean/deer/deer_clean_00286.png,deer,animal,land,clean,deer_02805
blur/deer/deer_blur_00286.png,deer,animal,land,blur,deer_02805
pixelated/deer/deer_pixelated_00286.png,deer,animal,land,pixelated,deer_02805
noise/deer/deer_noise_00286.png,deer,animal,land,noise,deer_02805
clean/horse/horse_clean_00277.png,horse,animal,land,clean,horse_02806
blur/horse/horse_blur_00277.png,horse,animal,land,blur,horse_02806
pixelated/horse/horse_pixelated_00277.png,horse,animal,land,pixelated,horse_02806
noise/horse/horse_noise_00277.png,horse,animal,land,noise,horse_02806
clean/frog/frog_clean_00283.png,frog,animal,land,clean,frog_02807
blur/frog/frog_blur_00283.png,frog,animal,land,blur,frog_02807
pixelated/frog/frog_pixelated_00283.png,frog,animal,land,pixelated,frog_02807
noise/frog/frog_noise_00283.png,frog,animal,land,noise,frog_02807
clean/deer/deer_clean_00287.png,deer,animal,land,clean,deer_02808
blur/deer/deer_blur_00287.png,deer,animal,land,blur,deer_02808
pixelated/deer/deer_pixelated_00287.png,deer,animal,land,pixelated,deer_02808
noise/deer/deer_noise_00287.png,deer,animal,land,noise,deer_02808
clean/horse/horse_clean_00278.png,horse,animal,land,clean,horse_02809
blur/horse/horse_blur_00278.png,horse,animal,land,blur,horse_02809
pixelated/horse/horse_pixelated_00278.png,horse,animal,land,pixelated,horse_02809
noise/horse/horse_noise_00278.png,horse,animal,land,noise,horse_02809
clean/horse/horse_clean_00279.png,horse,animal,land,clean,horse_02810
blur/horse/horse_blur_00279.png,horse,animal,land,blur,horse_02810
pixelated/horse/horse_pixelated_00279.png,horse,animal,land,pixelated,horse_02810
noise/horse/horse_noise_00279.png,horse,animal,land,noise,horse_02810
clean/cat/cat_clean_00280.png,cat,animal,land,clean,cat_02811
blur/cat/cat_blur_00280.png,cat,animal,land,blur,cat_02811
pixelated/cat/cat_pixelated_00280.png,cat,animal,land,pixelated,cat_02811
noise/cat/cat_noise_00280.png,cat,animal,land,noise,cat_02811
clean/deer/deer_clean_00288.png,deer,animal,land,clean,deer_02812
blur/deer/deer_blur_00288.png,deer,animal,land,blur,deer_02812
pixelated/deer/deer_pixelated_00288.png,deer,animal,land,pixelated,deer_02812
noise/deer/deer_noise_00288.png,deer,animal,land,noise,deer_02812
clean/automobile/automobile_clean_00271.png,automobile,vehicle,land,clean,automobile_02813
blur/automobile/automobile_blur_00271.png,automobile,vehicle,land,blur,automobile_02813
pixelated/automobile/automobile_pixelated_00271.png,automobile,vehicle,land,pixelated,automobile_02813
noise/automobile/automobile_noise_00271.png,automobile,vehicle,land,noise,automobile_02813
clean/truck/truck_clean_00282.png,truck,vehicle,land,clean,truck_02814
blur/truck/truck_blur_00282.png,truck,vehicle,land,blur,truck_02814
pixelated/truck/truck_pixelated_00282.png,truck,vehicle,land,pixelated,truck_02814
noise/truck/truck_noise_00282.png,truck,vehicle,land,noise,truck_02814
clean/frog/frog_clean_00284.png,frog,animal,land,clean,frog_02815
blur/frog/frog_blur_00284.png,frog,animal,land,blur,frog_02815
pixelated/frog/frog_pixelated_00284.png,frog,animal,land,pixelated,frog_02815
noise/frog/frog_noise_00284.png,frog,animal,land,noise,frog_02815
clean/frog/frog_clean_00285.png,frog,animal,land,clean,frog_02816
blur/frog/frog_blur_00285.png,frog,animal,land,blur,frog_02816
pixelated/frog/frog_pixelated_00285.png,frog,animal,land,pixelated,frog_02816
noise/frog/frog_noise_00285.png,frog,animal,land,noise,frog_02816
clean/dog/dog_clean_00285.png,dog,animal,land,clean,dog_02817
blur/dog/dog_blur_00285.png,dog,animal,land,blur,dog_02817
pixelated/dog/dog_pixelated_00285.png,dog,animal,land,pixelated,dog_02817
noise/dog/dog_noise_00285.png,dog,animal,land,noise,dog_02817
clean/horse/horse_clean_00280.png,horse,animal,land,clean,horse_02818
blur/horse/horse_blur_00280.png,horse,animal,land,blur,horse_02818
pixelated/horse/horse_pixelated_00280.png,horse,animal,land,pixelated,horse_02818
noise/horse/horse_noise_00280.png,horse,animal,land,noise,horse_02818
clean/airplane/airplane_clean_00282.png,airplane,vehicle,air,clean,airplane_02819
blur/airplane/airplane_blur_00282.png,airplane,vehicle,air,blur,airplane_02819
pixelated/airplane/airplane_pixelated_00282.png,airplane,vehicle,air,pixelated,airplane_02819
noise/airplane/airplane_noise_00282.png,airplane,vehicle,air,noise,airplane_02819
clean/dog/dog_clean_00286.png,dog,animal,land,clean,dog_02820
blur/dog/dog_blur_00286.png,dog,animal,land,blur,dog_02820
pixelated/dog/dog_pixelated_00286.png,dog,animal,land,pixelated,dog_02820
noise/dog/dog_noise_00286.png,dog,animal,land,noise,dog_02820
clean/ship/ship_clean_00282.png,ship,vehicle,water,clean,ship_02821
blur/ship/ship_blur_00282.png,ship,vehicle,water,blur,ship_02821
pixelated/ship/ship_pixelated_00282.png,ship,vehicle,water,pixelated,ship_02821
noise/ship/ship_noise_00282.png,ship,vehicle,water,noise,ship_02821
clean/deer/deer_clean_00289.png,deer,animal,land,clean,deer_02822
blur/deer/deer_blur_00289.png,deer,animal,land,blur,deer_02822
pixelated/deer/deer_pixelated_00289.png,deer,animal,land,pixelated,deer_02822
noise/deer/deer_noise_00289.png,deer,animal,land,noise,deer_02822
clean/ship/ship_clean_00283.png,ship,vehicle,water,clean,ship_02823
blur/ship/ship_blur_00283.png,ship,vehicle,water,blur,ship_02823
pixelated/ship/ship_pixelated_00283.png,ship,vehicle,water,pixelated,ship_02823
noise/ship/ship_noise_00283.png,ship,vehicle,water,noise,ship_02823
clean/cat/cat_clean_00281.png,cat,animal,land,clean,cat_02824
blur/cat/cat_blur_00281.png,cat,animal,land,blur,cat_02824
pixelated/cat/cat_pixelated_00281.png,cat,animal,land,pixelated,cat_02824
noise/cat/cat_noise_00281.png,cat,animal,land,noise,cat_02824
clean/automobile/automobile_clean_00272.png,automobile,vehicle,land,clean,automobile_02825
blur/automobile/automobile_blur_00272.png,automobile,vehicle,land,blur,automobile_02825
pixelated/automobile/automobile_pixelated_00272.png,automobile,vehicle,land,pixelated,automobile_02825
noise/automobile/automobile_noise_00272.png,automobile,vehicle,land,noise,automobile_02825
clean/horse/horse_clean_00281.png,horse,animal,land,clean,horse_02826
blur/horse/horse_blur_00281.png,horse,animal,land,blur,horse_02826
pixelated/horse/horse_pixelated_00281.png,horse,animal,land,pixelated,horse_02826
noise/horse/horse_noise_00281.png,horse,animal,land,noise,horse_02826
clean/horse/horse_clean_00282.png,horse,animal,land,clean,horse_02827
blur/horse/horse_blur_00282.png,horse,animal,land,blur,horse_02827
pixelated/horse/horse_pixelated_00282.png,horse,animal,land,pixelated,horse_02827
noise/horse/horse_noise_00282.png,horse,animal,land,noise,horse_02827
clean/airplane/airplane_clean_00283.png,airplane,vehicle,air,clean,airplane_02828
blur/airplane/airplane_blur_00283.png,airplane,vehicle,air,blur,airplane_02828
pixelated/airplane/airplane_pixelated_00283.png,airplane,vehicle,air,pixelated,airplane_02828
noise/airplane/airplane_noise_00283.png,airplane,vehicle,air,noise,airplane_02828
clean/airplane/airplane_clean_00284.png,airplane,vehicle,air,clean,airplane_02829
blur/airplane/airplane_blur_00284.png,airplane,vehicle,air,blur,airplane_02829
pixelated/airplane/airplane_pixelated_00284.png,airplane,vehicle,air,pixelated,airplane_02829
noise/airplane/airplane_noise_00284.png,airplane,vehicle,air,noise,airplane_02829
clean/truck/truck_clean_00283.png,truck,vehicle,land,clean,truck_02830
blur/truck/truck_blur_00283.png,truck,vehicle,land,blur,truck_02830
pixelated/truck/truck_pixelated_00283.png,truck,vehicle,land,pixelated,truck_02830
noise/truck/truck_noise_00283.png,truck,vehicle,land,noise,truck_02830
clean/automobile/automobile_clean_00273.png,automobile,vehicle,land,clean,automobile_02831
blur/automobile/automobile_blur_00273.png,automobile,vehicle,land,blur,automobile_02831
pixelated/automobile/automobile_pixelated_00273.png,automobile,vehicle,land,pixelated,automobile_02831
noise/automobile/automobile_noise_00273.png,automobile,vehicle,land,noise,automobile_02831
clean/truck/truck_clean_00284.png,truck,vehicle,land,clean,truck_02832
blur/truck/truck_blur_00284.png,truck,vehicle,land,blur,truck_02832
pixelated/truck/truck_pixelated_00284.png,truck,vehicle,land,pixelated,truck_02832
noise/truck/truck_noise_00284.png,truck,vehicle,land,noise,truck_02832
clean/horse/horse_clean_00283.png,horse,animal,land,clean,horse_02833
blur/horse/horse_blur_00283.png,horse,animal,land,blur,horse_02833
pixelated/horse/horse_pixelated_00283.png,horse,animal,land,pixelated,horse_02833
noise/horse/horse_noise_00283.png,horse,animal,land,noise,horse_02833
clean/horse/horse_clean_00284.png,horse,animal,land,clean,horse_02834
blur/horse/horse_blur_00284.png,horse,animal,land,blur,horse_02834
pixelated/horse/horse_pixelated_00284.png,horse,animal,land,pixelated,horse_02834
noise/horse/horse_noise_00284.png,horse,animal,land,noise,horse_02834
clean/bird/bird_clean_00286.png,bird,animal,air,clean,bird_02835
blur/bird/bird_blur_00286.png,bird,animal,air,blur,bird_02835
pixelated/bird/bird_pixelated_00286.png,bird,animal,air,pixelated,bird_02835
noise/bird/bird_noise_00286.png,bird,animal,air,noise,bird_02835
clean/ship/ship_clean_00284.png,ship,vehicle,water,clean,ship_02836
blur/ship/ship_blur_00284.png,ship,vehicle,water,blur,ship_02836
pixelated/ship/ship_pixelated_00284.png,ship,vehicle,water,pixelated,ship_02836
noise/ship/ship_noise_00284.png,ship,vehicle,water,noise,ship_02836
clean/cat/cat_clean_00282.png,cat,animal,land,clean,cat_02837
blur/cat/cat_blur_00282.png,cat,animal,land,blur,cat_02837
pixelated/cat/cat_pixelated_00282.png,cat,animal,land,pixelated,cat_02837
noise/cat/cat_noise_00282.png,cat,animal,land,noise,cat_02837
clean/dog/dog_clean_00287.png,dog,animal,land,clean,dog_02838
blur/dog/dog_blur_00287.png,dog,animal,land,blur,dog_02838
pixelated/dog/dog_pixelated_00287.png,dog,animal,land,pixelated,dog_02838
noise/dog/dog_noise_00287.png,dog,animal,land,noise,dog_02838
clean/frog/frog_clean_00286.png,frog,animal,land,clean,frog_02839
blur/frog/frog_blur_00286.png,frog,animal,land,blur,frog_02839
pixelated/frog/frog_pixelated_00286.png,frog,animal,land,pixelated,frog_02839
noise/frog/frog_noise_00286.png,frog,animal,land,noise,frog_02839
clean/horse/horse_clean_00285.png,horse,animal,land,clean,horse_02840
blur/horse/horse_blur_00285.png,horse,animal,land,blur,horse_02840
pixelated/horse/horse_pixelated_00285.png,horse,animal,land,pixelated,horse_02840
noise/horse/horse_noise_00285.png,horse,animal,land,noise,horse_02840
clean/ship/ship_clean_00285.png,ship,vehicle,water,clean,ship_02841
blur/ship/ship_blur_00285.png,ship,vehicle,water,blur,ship_02841
pixelated/ship/ship_pixelated_00285.png,ship,vehicle,water,pixelated,ship_02841
noise/ship/ship_noise_00285.png,ship,vehicle,water,noise,ship_02841
clean/automobile/automobile_clean_00274.png,automobile,vehicle,land,clean,automobile_02842
blur/automobile/automobile_blur_00274.png,automobile,vehicle,land,blur,automobile_02842
pixelated/automobile/automobile_pixelated_00274.png,automobile,vehicle,land,pixelated,automobile_02842
noise/automobile/automobile_noise_00274.png,automobile,vehicle,land,noise,automobile_02842
clean/automobile/automobile_clean_00275.png,automobile,vehicle,land,clean,automobile_02843
blur/automobile/automobile_blur_00275.png,automobile,vehicle,land,blur,automobile_02843
pixelated/automobile/automobile_pixelated_00275.png,automobile,vehicle,land,pixelated,automobile_02843
noise/automobile/automobile_noise_00275.png,automobile,vehicle,land,noise,automobile_02843
clean/automobile/automobile_clean_00276.png,automobile,vehicle,land,clean,automobile_02844
blur/automobile/automobile_blur_00276.png,automobile,vehicle,land,blur,automobile_02844
pixelated/automobile/automobile_pixelated_00276.png,automobile,vehicle,land,pixelated,automobile_02844
noise/automobile/automobile_noise_00276.png,automobile,vehicle,land,noise,automobile_02844
clean/cat/cat_clean_00283.png,cat,animal,land,clean,cat_02845
blur/cat/cat_blur_00283.png,cat,animal,land,blur,cat_02845
pixelated/cat/cat_pixelated_00283.png,cat,animal,land,pixelated,cat_02845
noise/cat/cat_noise_00283.png,cat,animal,land,noise,cat_02845
clean/bird/bird_clean_00287.png,bird,animal,air,clean,bird_02846
blur/bird/bird_blur_00287.png,bird,animal,air,blur,bird_02846
pixelated/bird/bird_pixelated_00287.png,bird,animal,air,pixelated,bird_02846
noise/bird/bird_noise_00287.png,bird,animal,air,noise,bird_02846
clean/automobile/automobile_clean_00277.png,automobile,vehicle,land,clean,automobile_02847
blur/automobile/automobile_blur_00277.png,automobile,vehicle,land,blur,automobile_02847
pixelated/automobile/automobile_pixelated_00277.png,automobile,vehicle,land,pixelated,automobile_02847
noise/automobile/automobile_noise_00277.png,automobile,vehicle,land,noise,automobile_02847
clean/bird/bird_clean_00288.png,bird,animal,air,clean,bird_02848
blur/bird/bird_blur_00288.png,bird,animal,air,blur,bird_02848
pixelated/bird/bird_pixelated_00288.png,bird,animal,air,pixelated,bird_02848
noise/bird/bird_noise_00288.png,bird,animal,air,noise,bird_02848
clean/deer/deer_clean_00290.png,deer,animal,land,clean,deer_02849
blur/deer/deer_blur_00290.png,deer,animal,land,blur,deer_02849
pixelated/deer/deer_pixelated_00290.png,deer,animal,land,pixelated,deer_02849
noise/deer/deer_noise_00290.png,deer,animal,land,noise,deer_02849
clean/cat/cat_clean_00284.png,cat,animal,land,clean,cat_02850
blur/cat/cat_blur_00284.png,cat,animal,land,blur,cat_02850
pixelated/cat/cat_pixelated_00284.png,cat,animal,land,pixelated,cat_02850
noise/cat/cat_noise_00284.png,cat,animal,land,noise,cat_02850
clean/horse/horse_clean_00286.png,horse,animal,land,clean,horse_02851
blur/horse/horse_blur_00286.png,horse,animal,land,blur,horse_02851
pixelated/horse/horse_pixelated_00286.png,horse,animal,land,pixelated,horse_02851
noise/horse/horse_noise_00286.png,horse,animal,land,noise,horse_02851
clean/bird/bird_clean_00289.png,bird,animal,air,clean,bird_02852
blur/bird/bird_blur_00289.png,bird,animal,air,blur,bird_02852
pixelated/bird/bird_pixelated_00289.png,bird,animal,air,pixelated,bird_02852
noise/bird/bird_noise_00289.png,bird,animal,air,noise,bird_02852
clean/dog/dog_clean_00288.png,dog,animal,land,clean,dog_02853
blur/dog/dog_blur_00288.png,dog,animal,land,blur,dog_02853
pixelated/dog/dog_pixelated_00288.png,dog,animal,land,pixelated,dog_02853
noise/dog/dog_noise_00288.png,dog,animal,land,noise,dog_02853
clean/frog/frog_clean_00287.png,frog,animal,land,clean,frog_02854
blur/frog/frog_blur_00287.png,frog,animal,land,blur,frog_02854
pixelated/frog/frog_pixelated_00287.png,frog,animal,land,pixelated,frog_02854
noise/frog/frog_noise_00287.png,frog,animal,land,noise,frog_02854
clean/truck/truck_clean_00285.png,truck,vehicle,land,clean,truck_02855
blur/truck/truck_blur_00285.png,truck,vehicle,land,blur,truck_02855
pixelated/truck/truck_pixelated_00285.png,truck,vehicle,land,pixelated,truck_02855
noise/truck/truck_noise_00285.png,truck,vehicle,land,noise,truck_02855
clean/automobile/automobile_clean_00278.png,automobile,vehicle,land,clean,automobile_02856
blur/automobile/automobile_blur_00278.png,automobile,vehicle,land,blur,automobile_02856
pixelated/automobile/automobile_pixelated_00278.png,automobile,vehicle,land,pixelated,automobile_02856
noise/automobile/automobile_noise_00278.png,automobile,vehicle,land,noise,automobile_02856
clean/airplane/airplane_clean_00285.png,airplane,vehicle,air,clean,airplane_02857
blur/airplane/airplane_blur_00285.png,airplane,vehicle,air,blur,airplane_02857
pixelated/airplane/airplane_pixelated_00285.png,airplane,vehicle,air,pixelated,airplane_02857
noise/airplane/airplane_noise_00285.png,airplane,vehicle,air,noise,airplane_02857
clean/ship/ship_clean_00286.png,ship,vehicle,water,clean,ship_02858
blur/ship/ship_blur_00286.png,ship,vehicle,water,blur,ship_02858
pixelated/ship/ship_pixelated_00286.png,ship,vehicle,water,pixelated,ship_02858
noise/ship/ship_noise_00286.png,ship,vehicle,water,noise,ship_02858
clean/truck/truck_clean_00286.png,truck,vehicle,land,clean,truck_02859
blur/truck/truck_blur_00286.png,truck,vehicle,land,blur,truck_02859
pixelated/truck/truck_pixelated_00286.png,truck,vehicle,land,pixelated,truck_02859
noise/truck/truck_noise_00286.png,truck,vehicle,land,noise,truck_02859
clean/automobile/automobile_clean_00279.png,automobile,vehicle,land,clean,automobile_02860
blur/automobile/automobile_blur_00279.png,automobile,vehicle,land,blur,automobile_02860
pixelated/automobile/automobile_pixelated_00279.png,automobile,vehicle,land,pixelated,automobile_02860
noise/automobile/automobile_noise_00279.png,automobile,vehicle,land,noise,automobile_02860
clean/automobile/automobile_clean_00280.png,automobile,vehicle,land,clean,automobile_02861
blur/automobile/automobile_blur_00280.png,automobile,vehicle,land,blur,automobile_02861
pixelated/automobile/automobile_pixelated_00280.png,automobile,vehicle,land,pixelated,automobile_02861
noise/automobile/automobile_noise_00280.png,automobile,vehicle,land,noise,automobile_02861
clean/ship/ship_clean_00287.png,ship,vehicle,water,clean,ship_02862
blur/ship/ship_blur_00287.png,ship,vehicle,water,blur,ship_02862
pixelated/ship/ship_pixelated_00287.png,ship,vehicle,water,pixelated,ship_02862
noise/ship/ship_noise_00287.png,ship,vehicle,water,noise,ship_02862
clean/truck/truck_clean_00287.png,truck,vehicle,land,clean,truck_02863
blur/truck/truck_blur_00287.png,truck,vehicle,land,blur,truck_02863
pixelated/truck/truck_pixelated_00287.png,truck,vehicle,land,pixelated,truck_02863
noise/truck/truck_noise_00287.png,truck,vehicle,land,noise,truck_02863
clean/deer/deer_clean_00291.png,deer,animal,land,clean,deer_02864
blur/deer/deer_blur_00291.png,deer,animal,land,blur,deer_02864
pixelated/deer/deer_pixelated_00291.png,deer,animal,land,pixelated,deer_02864
noise/deer/deer_noise_00291.png,deer,animal,land,noise,deer_02864
clean/truck/truck_clean_00288.png,truck,vehicle,land,clean,truck_02865
blur/truck/truck_blur_00288.png,truck,vehicle,land,blur,truck_02865
pixelated/truck/truck_pixelated_00288.png,truck,vehicle,land,pixelated,truck_02865
noise/truck/truck_noise_00288.png,truck,vehicle,land,noise,truck_02865
clean/bird/bird_clean_00290.png,bird,animal,air,clean,bird_02866
blur/bird/bird_blur_00290.png,bird,animal,air,blur,bird_02866
pixelated/bird/bird_pixelated_00290.png,bird,animal,air,pixelated,bird_02866
noise/bird/bird_noise_00290.png,bird,animal,air,noise,bird_02866
clean/ship/ship_clean_00288.png,ship,vehicle,water,clean,ship_02867
blur/ship/ship_blur_00288.png,ship,vehicle,water,blur,ship_02867
pixelated/ship/ship_pixelated_00288.png,ship,vehicle,water,pixelated,ship_02867
noise/ship/ship_noise_00288.png,ship,vehicle,water,noise,ship_02867
clean/bird/bird_clean_00291.png,bird,animal,air,clean,bird_02868
blur/bird/bird_blur_00291.png,bird,animal,air,blur,bird_02868
pixelated/bird/bird_pixelated_00291.png,bird,animal,air,pixelated,bird_02868
noise/bird/bird_noise_00291.png,bird,animal,air,noise,bird_02868
clean/cat/cat_clean_00285.png,cat,animal,land,clean,cat_02869
blur/cat/cat_blur_00285.png,cat,animal,land,blur,cat_02869
pixelated/cat/cat_pixelated_00285.png,cat,animal,land,pixelated,cat_02869
noise/cat/cat_noise_00285.png,cat,animal,land,noise,cat_02869
clean/bird/bird_clean_00292.png,bird,animal,air,clean,bird_02870
blur/bird/bird_blur_00292.png,bird,animal,air,blur,bird_02870
pixelated/bird/bird_pixelated_00292.png,bird,animal,air,pixelated,bird_02870
noise/bird/bird_noise_00292.png,bird,animal,air,noise,bird_02870
clean/truck/truck_clean_00289.png,truck,vehicle,land,clean,truck_02871
blur/truck/truck_blur_00289.png,truck,vehicle,land,blur,truck_02871
pixelated/truck/truck_pixelated_00289.png,truck,vehicle,land,pixelated,truck_02871
noise/truck/truck_noise_00289.png,truck,vehicle,land,noise,truck_02871
clean/dog/dog_clean_00289.png,dog,animal,land,clean,dog_02872
blur/dog/dog_blur_00289.png,dog,animal,land,blur,dog_02872
pixelated/dog/dog_pixelated_00289.png,dog,animal,land,pixelated,dog_02872
noise/dog/dog_noise_00289.png,dog,animal,land,noise,dog_02872
clean/airplane/airplane_clean_00286.png,airplane,vehicle,air,clean,airplane_02873
blur/airplane/airplane_blur_00286.png,airplane,vehicle,air,blur,airplane_02873
pixelated/airplane/airplane_pixelated_00286.png,airplane,vehicle,air,pixelated,airplane_02873
noise/airplane/airplane_noise_00286.png,airplane,vehicle,air,noise,airplane_02873
clean/automobile/automobile_clean_00281.png,automobile,vehicle,land,clean,automobile_02874
blur/automobile/automobile_blur_00281.png,automobile,vehicle,land,blur,automobile_02874
pixelated/automobile/automobile_pixelated_00281.png,automobile,vehicle,land,pixelated,automobile_02874
noise/automobile/automobile_noise_00281.png,automobile,vehicle,land,noise,automobile_02874
clean/frog/frog_clean_00288.png,frog,animal,land,clean,frog_02875
blur/frog/frog_blur_00288.png,frog,animal,land,blur,frog_02875
pixelated/frog/frog_pixelated_00288.png,frog,animal,land,pixelated,frog_02875
noise/frog/frog_noise_00288.png,frog,animal,land,noise,frog_02875
clean/deer/deer_clean_00292.png,deer,animal,land,clean,deer_02876
blur/deer/deer_blur_00292.png,deer,animal,land,blur,deer_02876
pixelated/deer/deer_pixelated_00292.png,deer,animal,land,pixelated,deer_02876
noise/deer/deer_noise_00292.png,deer,animal,land,noise,deer_02876
clean/automobile/automobile_clean_00282.png,automobile,vehicle,land,clean,automobile_02877
blur/automobile/automobile_blur_00282.png,automobile,vehicle,land,blur,automobile_02877
pixelated/automobile/automobile_pixelated_00282.png,automobile,vehicle,land,pixelated,automobile_02877
noise/automobile/automobile_noise_00282.png,automobile,vehicle,land,noise,automobile_02877
clean/automobile/automobile_clean_00283.png,automobile,vehicle,land,clean,automobile_02878
blur/automobile/automobile_blur_00283.png,automobile,vehicle,land,blur,automobile_02878
pixelated/automobile/automobile_pixelated_00283.png,automobile,vehicle,land,pixelated,automobile_02878
noise/automobile/automobile_noise_00283.png,automobile,vehicle,land,noise,automobile_02878
clean/airplane/airplane_clean_00287.png,airplane,vehicle,air,clean,airplane_02879
blur/airplane/airplane_blur_00287.png,airplane,vehicle,air,blur,airplane_02879
pixelated/airplane/airplane_pixelated_00287.png,airplane,vehicle,air,pixelated,airplane_02879
noise/airplane/airplane_noise_00287.png,airplane,vehicle,air,noise,airplane_02879
clean/cat/cat_clean_00286.png,cat,animal,land,clean,cat_02880
blur/cat/cat_blur_00286.png,cat,animal,land,blur,cat_02880
pixelated/cat/cat_pixelated_00286.png,cat,animal,land,pixelated,cat_02880
noise/cat/cat_noise_00286.png,cat,animal,land,noise,cat_02880
clean/automobile/automobile_clean_00284.png,automobile,vehicle,land,clean,automobile_02881
blur/automobile/automobile_blur_00284.png,automobile,vehicle,land,blur,automobile_02881
pixelated/automobile/automobile_pixelated_00284.png,automobile,vehicle,land,pixelated,automobile_02881
noise/automobile/automobile_noise_00284.png,automobile,vehicle,land,noise,automobile_02881
clean/ship/ship_clean_00289.png,ship,vehicle,water,clean,ship_02882
blur/ship/ship_blur_00289.png,ship,vehicle,water,blur,ship_02882
pixelated/ship/ship_pixelated_00289.png,ship,vehicle,water,pixelated,ship_02882
noise/ship/ship_noise_00289.png,ship,vehicle,water,noise,ship_02882
clean/bird/bird_clean_00293.png,bird,animal,air,clean,bird_02883
blur/bird/bird_blur_00293.png,bird,animal,air,blur,bird_02883
pixelated/bird/bird_pixelated_00293.png,bird,animal,air,pixelated,bird_02883
noise/bird/bird_noise_00293.png,bird,animal,air,noise,bird_02883
clean/automobile/automobile_clean_00285.png,automobile,vehicle,land,clean,automobile_02884
blur/automobile/automobile_blur_00285.png,automobile,vehicle,land,blur,automobile_02884
pixelated/automobile/automobile_pixelated_00285.png,automobile,vehicle,land,pixelated,automobile_02884
noise/automobile/automobile_noise_00285.png,automobile,vehicle,land,noise,automobile_02884
clean/bird/bird_clean_00294.png,bird,animal,air,clean,bird_02885
blur/bird/bird_blur_00294.png,bird,animal,air,blur,bird_02885
pixelated/bird/bird_pixelated_00294.png,bird,animal,air,pixelated,bird_02885
noise/bird/bird_noise_00294.png,bird,animal,air,noise,bird_02885
clean/cat/cat_clean_00287.png,cat,animal,land,clean,cat_02886
blur/cat/cat_blur_00287.png,cat,animal,land,blur,cat_02886
pixelated/cat/cat_pixelated_00287.png,cat,animal,land,pixelated,cat_02886
noise/cat/cat_noise_00287.png,cat,animal,land,noise,cat_02886
clean/frog/frog_clean_00289.png,frog,animal,land,clean,frog_02887
blur/frog/frog_blur_00289.png,frog,animal,land,blur,frog_02887
pixelated/frog/frog_pixelated_00289.png,frog,animal,land,pixelated,frog_02887
noise/frog/frog_noise_00289.png,frog,animal,land,noise,frog_02887
clean/deer/deer_clean_00293.png,deer,animal,land,clean,deer_02888
blur/deer/deer_blur_00293.png,deer,animal,land,blur,deer_02888
pixelated/deer/deer_pixelated_00293.png,deer,animal,land,pixelated,deer_02888
noise/deer/deer_noise_00293.png,deer,animal,land,noise,deer_02888
clean/ship/ship_clean_00290.png,ship,vehicle,water,clean,ship_02889
blur/ship/ship_blur_00290.png,ship,vehicle,water,blur,ship_02889
pixelated/ship/ship_pixelated_00290.png,ship,vehicle,water,pixelated,ship_02889
noise/ship/ship_noise_00290.png,ship,vehicle,water,noise,ship_02889
clean/horse/horse_clean_00287.png,horse,animal,land,clean,horse_02890
blur/horse/horse_blur_00287.png,horse,animal,land,blur,horse_02890
pixelated/horse/horse_pixelated_00287.png,horse,animal,land,pixelated,horse_02890
noise/horse/horse_noise_00287.png,horse,animal,land,noise,horse_02890
clean/automobile/automobile_clean_00286.png,automobile,vehicle,land,clean,automobile_02891
blur/automobile/automobile_blur_00286.png,automobile,vehicle,land,blur,automobile_02891
pixelated/automobile/automobile_pixelated_00286.png,automobile,vehicle,land,pixelated,automobile_02891
noise/automobile/automobile_noise_00286.png,automobile,vehicle,land,noise,automobile_02891
clean/automobile/automobile_clean_00287.png,automobile,vehicle,land,clean,automobile_02892
blur/automobile/automobile_blur_00287.png,automobile,vehicle,land,blur,automobile_02892
pixelated/automobile/automobile_pixelated_00287.png,automobile,vehicle,land,pixelated,automobile_02892
noise/automobile/automobile_noise_00287.png,automobile,vehicle,land,noise,automobile_02892
clean/cat/cat_clean_00288.png,cat,animal,land,clean,cat_02893
blur/cat/cat_blur_00288.png,cat,animal,land,blur,cat_02893
pixelated/cat/cat_pixelated_00288.png,cat,animal,land,pixelated,cat_02893
noise/cat/cat_noise_00288.png,cat,animal,land,noise,cat_02893
clean/truck/truck_clean_00290.png,truck,vehicle,land,clean,truck_02894
blur/truck/truck_blur_00290.png,truck,vehicle,land,blur,truck_02894
pixelated/truck/truck_pixelated_00290.png,truck,vehicle,land,pixelated,truck_02894
noise/truck/truck_noise_00290.png,truck,vehicle,land,noise,truck_02894
clean/horse/horse_clean_00288.png,horse,animal,land,clean,horse_02895
blur/horse/horse_blur_00288.png,horse,animal,land,blur,horse_02895
pixelated/horse/horse_pixelated_00288.png,horse,animal,land,pixelated,horse_02895
noise/horse/horse_noise_00288.png,horse,animal,land,noise,horse_02895
clean/deer/deer_clean_00294.png,deer,animal,land,clean,deer_02896
blur/deer/deer_blur_00294.png,deer,animal,land,blur,deer_02896
pixelated/deer/deer_pixelated_00294.png,deer,animal,land,pixelated,deer_02896
noise/deer/deer_noise_00294.png,deer,animal,land,noise,deer_02896
clean/bird/bird_clean_00295.png,bird,animal,air,clean,bird_02897
blur/bird/bird_blur_00295.png,bird,animal,air,blur,bird_02897
pixelated/bird/bird_pixelated_00295.png,bird,animal,air,pixelated,bird_02897
noise/bird/bird_noise_00295.png,bird,animal,air,noise,bird_02897
clean/horse/horse_clean_00289.png,horse,animal,land,clean,horse_02898
blur/horse/horse_blur_00289.png,horse,animal,land,blur,horse_02898
pixelated/horse/horse_pixelated_00289.png,horse,animal,land,pixelated,horse_02898
noise/horse/horse_noise_00289.png,horse,animal,land,noise,horse_02898
clean/automobile/automobile_clean_00288.png,automobile,vehicle,land,clean,automobile_02899
blur/automobile/automobile_blur_00288.png,automobile,vehicle,land,blur,automobile_02899
pixelated/automobile/automobile_pixelated_00288.png,automobile,vehicle,land,pixelated,automobile_02899
noise/automobile/automobile_noise_00288.png,automobile,vehicle,land,noise,automobile_02899
clean/horse/horse_clean_00290.png,horse,animal,land,clean,horse_02900
blur/horse/horse_blur_00290.png,horse,animal,land,blur,horse_02900
pixelated/horse/horse_pixelated_00290.png,horse,animal,land,pixelated,horse_02900
noise/horse/horse_noise_00290.png,horse,animal,land,noise,horse_02900
clean/cat/cat_clean_00289.png,cat,animal,land,clean,cat_02901
blur/cat/cat_blur_00289.png,cat,animal,land,blur,cat_02901
pixelated/cat/cat_pixelated_00289.png,cat,animal,land,pixelated,cat_02901
noise/cat/cat_noise_00289.png,cat,animal,land,noise,cat_02901
clean/airplane/airplane_clean_00288.png,airplane,vehicle,air,clean,airplane_02902
blur/airplane/airplane_blur_00288.png,airplane,vehicle,air,blur,airplane_02902
pixelated/airplane/airplane_pixelated_00288.png,airplane,vehicle,air,pixelated,airplane_02902
noise/airplane/airplane_noise_00288.png,airplane,vehicle,air,noise,airplane_02902
clean/automobile/automobile_clean_00289.png,automobile,vehicle,land,clean,automobile_02903
blur/automobile/automobile_blur_00289.png,automobile,vehicle,land,blur,automobile_02903
pixelated/automobile/automobile_pixelated_00289.png,automobile,vehicle,land,pixelated,automobile_02903
noise/automobile/automobile_noise_00289.png,automobile,vehicle,land,noise,automobile_02903
clean/frog/frog_clean_00290.png,frog,animal,land,clean,frog_02904
blur/frog/frog_blur_00290.png,frog,animal,land,blur,frog_02904
pixelated/frog/frog_pixelated_00290.png,frog,animal,land,pixelated,frog_02904
noise/frog/frog_noise_00290.png,frog,animal,land,noise,frog_02904
clean/truck/truck_clean_00291.png,truck,vehicle,land,clean,truck_02905
blur/truck/truck_blur_00291.png,truck,vehicle,land,blur,truck_02905
pixelated/truck/truck_pixelated_00291.png,truck,vehicle,land,pixelated,truck_02905
noise/truck/truck_noise_00291.png,truck,vehicle,land,noise,truck_02905
clean/ship/ship_clean_00291.png,ship,vehicle,water,clean,ship_02906
blur/ship/ship_blur_00291.png,ship,vehicle,water,blur,ship_02906
pixelated/ship/ship_pixelated_00291.png,ship,vehicle,water,pixelated,ship_02906
noise/ship/ship_noise_00291.png,ship,vehicle,water,noise,ship_02906
clean/frog/frog_clean_00291.png,frog,animal,land,clean,frog_02907
blur/frog/frog_blur_00291.png,frog,animal,land,blur,frog_02907
pixelated/frog/frog_pixelated_00291.png,frog,animal,land,pixelated,frog_02907
noise/frog/frog_noise_00291.png,frog,animal,land,noise,frog_02907
clean/ship/ship_clean_00292.png,ship,vehicle,water,clean,ship_02908
blur/ship/ship_blur_00292.png,ship,vehicle,water,blur,ship_02908
pixelated/ship/ship_pixelated_00292.png,ship,vehicle,water,pixelated,ship_02908
noise/ship/ship_noise_00292.png,ship,vehicle,water,noise,ship_02908
clean/deer/deer_clean_00295.png,deer,animal,land,clean,deer_02909
blur/deer/deer_blur_00295.png,deer,animal,land,blur,deer_02909
pixelated/deer/deer_pixelated_00295.png,deer,animal,land,pixelated,deer_02909
noise/deer/deer_noise_00295.png,deer,animal,land,noise,deer_02909
clean/automobile/automobile_clean_00290.png,automobile,vehicle,land,clean,automobile_02910
blur/automobile/automobile_blur_00290.png,automobile,vehicle,land,blur,automobile_02910
pixelated/automobile/automobile_pixelated_00290.png,automobile,vehicle,land,pixelated,automobile_02910
noise/automobile/automobile_noise_00290.png,automobile,vehicle,land,noise,automobile_02910
clean/dog/dog_clean_00290.png,dog,animal,land,clean,dog_02911
blur/dog/dog_blur_00290.png,dog,animal,land,blur,dog_02911
pixelated/dog/dog_pixelated_00290.png,dog,animal,land,pixelated,dog_02911
noise/dog/dog_noise_00290.png,dog,animal,land,noise,dog_02911
clean/ship/ship_clean_00293.png,ship,vehicle,water,clean,ship_02912
blur/ship/ship_blur_00293.png,ship,vehicle,water,blur,ship_02912
pixelated/ship/ship_pixelated_00293.png,ship,vehicle,water,pixelated,ship_02912
noise/ship/ship_noise_00293.png,ship,vehicle,water,noise,ship_02912
clean/horse/horse_clean_00291.png,horse,animal,land,clean,horse_02913
blur/horse/horse_blur_00291.png,horse,animal,land,blur,horse_02913
pixelated/horse/horse_pixelated_00291.png,horse,animal,land,pixelated,horse_02913
noise/horse/horse_noise_00291.png,horse,animal,land,noise,horse_02913
clean/automobile/automobile_clean_00291.png,automobile,vehicle,land,clean,automobile_02914
blur/automobile/automobile_blur_00291.png,automobile,vehicle,land,blur,automobile_02914
pixelated/automobile/automobile_pixelated_00291.png,automobile,vehicle,land,pixelated,automobile_02914
noise/automobile/automobile_noise_00291.png,automobile,vehicle,land,noise,automobile_02914
clean/deer/deer_clean_00296.png,deer,animal,land,clean,deer_02915
blur/deer/deer_blur_00296.png,deer,animal,land,blur,deer_02915
pixelated/deer/deer_pixelated_00296.png,deer,animal,land,pixelated,deer_02915
noise/deer/deer_noise_00296.png,deer,animal,land,noise,deer_02915
clean/ship/ship_clean_00294.png,ship,vehicle,water,clean,ship_02916
blur/ship/ship_blur_00294.png,ship,vehicle,water,blur,ship_02916
pixelated/ship/ship_pixelated_00294.png,ship,vehicle,water,pixelated,ship_02916
noise/ship/ship_noise_00294.png,ship,vehicle,water,noise,ship_02916
clean/frog/frog_clean_00292.png,frog,animal,land,clean,frog_02917
blur/frog/frog_blur_00292.png,frog,animal,land,blur,frog_02917
pixelated/frog/frog_pixelated_00292.png,frog,animal,land,pixelated,frog_02917
noise/frog/frog_noise_00292.png,frog,animal,land,noise,frog_02917
clean/cat/cat_clean_00290.png,cat,animal,land,clean,cat_02918
blur/cat/cat_blur_00290.png,cat,animal,land,blur,cat_02918
pixelated/cat/cat_pixelated_00290.png,cat,animal,land,pixelated,cat_02918
noise/cat/cat_noise_00290.png,cat,animal,land,noise,cat_02918
clean/ship/ship_clean_00295.png,ship,vehicle,water,clean,ship_02919
blur/ship/ship_blur_00295.png,ship,vehicle,water,blur,ship_02919
pixelated/ship/ship_pixelated_00295.png,ship,vehicle,water,pixelated,ship_02919
noise/ship/ship_noise_00295.png,ship,vehicle,water,noise,ship_02919
clean/ship/ship_clean_00296.png,ship,vehicle,water,clean,ship_02920
blur/ship/ship_blur_00296.png,ship,vehicle,water,blur,ship_02920
pixelated/ship/ship_pixelated_00296.png,ship,vehicle,water,pixelated,ship_02920
noise/ship/ship_noise_00296.png,ship,vehicle,water,noise,ship_02920
clean/airplane/airplane_clean_00289.png,airplane,vehicle,air,clean,airplane_02921
blur/airplane/airplane_blur_00289.png,airplane,vehicle,air,blur,airplane_02921
pixelated/airplane/airplane_pixelated_00289.png,airplane,vehicle,air,pixelated,airplane_02921
noise/airplane/airplane_noise_00289.png,airplane,vehicle,air,noise,airplane_02921
clean/airplane/airplane_clean_00290.png,airplane,vehicle,air,clean,airplane_02922
blur/airplane/airplane_blur_00290.png,airplane,vehicle,air,blur,airplane_02922
pixelated/airplane/airplane_pixelated_00290.png,airplane,vehicle,air,pixelated,airplane_02922
noise/airplane/airplane_noise_00290.png,airplane,vehicle,air,noise,airplane_02922
clean/cat/cat_clean_00291.png,cat,animal,land,clean,cat_02923
blur/cat/cat_blur_00291.png,cat,animal,land,blur,cat_02923
pixelated/cat/cat_pixelated_00291.png,cat,animal,land,pixelated,cat_02923
noise/cat/cat_noise_00291.png,cat,animal,land,noise,cat_02923
clean/frog/frog_clean_00293.png,frog,animal,land,clean,frog_02924
blur/frog/frog_blur_00293.png,frog,animal,land,blur,frog_02924
pixelated/frog/frog_pixelated_00293.png,frog,animal,land,pixelated,frog_02924
noise/frog/frog_noise_00293.png,frog,animal,land,noise,frog_02924
clean/frog/frog_clean_00294.png,frog,animal,land,clean,frog_02925
blur/frog/frog_blur_00294.png,frog,animal,land,blur,frog_02925
pixelated/frog/frog_pixelated_00294.png,frog,animal,land,pixelated,frog_02925
noise/frog/frog_noise_00294.png,frog,animal,land,noise,frog_02925
clean/dog/dog_clean_00291.png,dog,animal,land,clean,dog_02926
blur/dog/dog_blur_00291.png,dog,animal,land,blur,dog_02926
pixelated/dog/dog_pixelated_00291.png,dog,animal,land,pixelated,dog_02926
noise/dog/dog_noise_00291.png,dog,animal,land,noise,dog_02926
clean/dog/dog_clean_00292.png,dog,animal,land,clean,dog_02927
blur/dog/dog_blur_00292.png,dog,animal,land,blur,dog_02927
pixelated/dog/dog_pixelated_00292.png,dog,animal,land,pixelated,dog_02927
noise/dog/dog_noise_00292.png,dog,animal,land,noise,dog_02927
clean/cat/cat_clean_00292.png,cat,animal,land,clean,cat_02928
blur/cat/cat_blur_00292.png,cat,animal,land,blur,cat_02928
pixelated/cat/cat_pixelated_00292.png,cat,animal,land,pixelated,cat_02928
noise/cat/cat_noise_00292.png,cat,animal,land,noise,cat_02928
clean/dog/dog_clean_00293.png,dog,animal,land,clean,dog_02929
blur/dog/dog_blur_00293.png,dog,animal,land,blur,dog_02929
pixelated/dog/dog_pixelated_00293.png,dog,animal,land,pixelated,dog_02929
noise/dog/dog_noise_00293.png,dog,animal,land,noise,dog_02929
clean/bird/bird_clean_00296.png,bird,animal,air,clean,bird_02930
blur/bird/bird_blur_00296.png,bird,animal,air,blur,bird_02930
pixelated/bird/bird_pixelated_00296.png,bird,animal,air,pixelated,bird_02930
noise/bird/bird_noise_00296.png,bird,animal,air,noise,bird_02930
clean/truck/truck_clean_00292.png,truck,vehicle,land,clean,truck_02931
blur/truck/truck_blur_00292.png,truck,vehicle,land,blur,truck_02931
pixelated/truck/truck_pixelated_00292.png,truck,vehicle,land,pixelated,truck_02931
noise/truck/truck_noise_00292.png,truck,vehicle,land,noise,truck_02931
clean/truck/truck_clean_00293.png,truck,vehicle,land,clean,truck_02932
blur/truck/truck_blur_00293.png,truck,vehicle,land,blur,truck_02932
pixelated/truck/truck_pixelated_00293.png,truck,vehicle,land,pixelated,truck_02932
noise/truck/truck_noise_00293.png,truck,vehicle,land,noise,truck_02932
clean/frog/frog_clean_00295.png,frog,animal,land,clean,frog_02933
blur/frog/frog_blur_00295.png,frog,animal,land,blur,frog_02933
pixelated/frog/frog_pixelated_00295.png,frog,animal,land,pixelated,frog_02933
noise/frog/frog_noise_00295.png,frog,animal,land,noise,frog_02933
clean/airplane/airplane_clean_00291.png,airplane,vehicle,air,clean,airplane_02934
blur/airplane/airplane_blur_00291.png,airplane,vehicle,air,blur,airplane_02934
pixelated/airplane/airplane_pixelated_00291.png,airplane,vehicle,air,pixelated,airplane_02934
noise/airplane/airplane_noise_00291.png,airplane,vehicle,air,noise,airplane_02934
clean/truck/truck_clean_00294.png,truck,vehicle,land,clean,truck_02935
blur/truck/truck_blur_00294.png,truck,vehicle,land,blur,truck_02935
pixelated/truck/truck_pixelated_00294.png,truck,vehicle,land,pixelated,truck_02935
noise/truck/truck_noise_00294.png,truck,vehicle,land,noise,truck_02935
clean/automobile/automobile_clean_00292.png,automobile,vehicle,land,clean,automobile_02936
blur/automobile/automobile_blur_00292.png,automobile,vehicle,land,blur,automobile_02936
pixelated/automobile/automobile_pixelated_00292.png,automobile,vehicle,land,pixelated,automobile_02936
noise/automobile/automobile_noise_00292.png,automobile,vehicle,land,noise,automobile_02936
clean/dog/dog_clean_00294.png,dog,animal,land,clean,dog_02937
blur/dog/dog_blur_00294.png,dog,animal,land,blur,dog_02937
pixelated/dog/dog_pixelated_00294.png,dog,animal,land,pixelated,dog_02937
noise/dog/dog_noise_00294.png,dog,animal,land,noise,dog_02937
clean/airplane/airplane_clean_00292.png,airplane,vehicle,air,clean,airplane_02938
blur/airplane/airplane_blur_00292.png,airplane,vehicle,air,blur,airplane_02938
pixelated/airplane/airplane_pixelated_00292.png,airplane,vehicle,air,pixelated,airplane_02938
noise/airplane/airplane_noise_00292.png,airplane,vehicle,air,noise,airplane_02938
clean/horse/horse_clean_00292.png,horse,animal,land,clean,horse_02939
blur/horse/horse_blur_00292.png,horse,animal,land,blur,horse_02939
pixelated/horse/horse_pixelated_00292.png,horse,animal,land,pixelated,horse_02939
noise/horse/horse_noise_00292.png,horse,animal,land,noise,horse_02939
clean/horse/horse_clean_00293.png,horse,animal,land,clean,horse_02940
blur/horse/horse_blur_00293.png,horse,animal,land,blur,horse_02940
pixelated/horse/horse_pixelated_00293.png,horse,animal,land,pixelated,horse_02940
noise/horse/horse_noise_00293.png,horse,animal,land,noise,horse_02940
clean/horse/horse_clean_00294.png,horse,animal,land,clean,horse_02941
blur/horse/horse_blur_00294.png,horse,animal,land,blur,horse_02941
pixelated/horse/horse_pixelated_00294.png,horse,animal,land,pixelated,horse_02941
noise/horse/horse_noise_00294.png,horse,animal,land,noise,horse_02941
clean/bird/bird_clean_00297.png,bird,animal,air,clean,bird_02942
blur/bird/bird_blur_00297.png,bird,animal,air,blur,bird_02942
pixelated/bird/bird_pixelated_00297.png,bird,animal,air,pixelated,bird_02942
noise/bird/bird_noise_00297.png,bird,animal,air,noise,bird_02942
clean/frog/frog_clean_00296.png,frog,animal,land,clean,frog_02943
blur/frog/frog_blur_00296.png,frog,animal,land,blur,frog_02943
pixelated/frog/frog_pixelated_00296.png,frog,animal,land,pixelated,frog_02943
noise/frog/frog_noise_00296.png,frog,animal,land,noise,frog_02943
clean/ship/ship_clean_00297.png,ship,vehicle,water,clean,ship_02944
blur/ship/ship_blur_00297.png,ship,vehicle,water,blur,ship_02944
pixelated/ship/ship_pixelated_00297.png,ship,vehicle,water,pixelated,ship_02944
noise/ship/ship_noise_00297.png,ship,vehicle,water,noise,ship_02944
clean/cat/cat_clean_00293.png,cat,animal,land,clean,cat_02945
blur/cat/cat_blur_00293.png,cat,animal,land,blur,cat_02945
pixelated/cat/cat_pixelated_00293.png,cat,animal,land,pixelated,cat_02945
noise/cat/cat_noise_00293.png,cat,animal,land,noise,cat_02945
clean/deer/deer_clean_00297.png,deer,animal,land,clean,deer_02946
blur/deer/deer_blur_00297.png,deer,animal,land,blur,deer_02946
pixelated/deer/deer_pixelated_00297.png,deer,animal,land,pixelated,deer_02946
noise/deer/deer_noise_00297.png,deer,animal,land,noise,deer_02946
clean/horse/horse_clean_00295.png,horse,animal,land,clean,horse_02947
blur/horse/horse_blur_00295.png,horse,animal,land,blur,horse_02947
pixelated/horse/horse_pixelated_00295.png,horse,animal,land,pixelated,horse_02947
noise/horse/horse_noise_00295.png,horse,animal,land,noise,horse_02947
clean/cat/cat_clean_00294.png,cat,animal,land,clean,cat_02948
blur/cat/cat_blur_00294.png,cat,animal,land,blur,cat_02948
pixelated/cat/cat_pixelated_00294.png,cat,animal,land,pixelated,cat_02948
noise/cat/cat_noise_00294.png,cat,animal,land,noise,cat_02948
clean/truck/truck_clean_00295.png,truck,vehicle,land,clean,truck_02949
blur/truck/truck_blur_00295.png,truck,vehicle,land,blur,truck_02949
pixelated/truck/truck_pixelated_00295.png,truck,vehicle,land,pixelated,truck_02949
noise/truck/truck_noise_00295.png,truck,vehicle,land,noise,truck_02949
clean/ship/ship_clean_00298.png,ship,vehicle,water,clean,ship_02950
blur/ship/ship_blur_00298.png,ship,vehicle,water,blur,ship_02950
pixelated/ship/ship_pixelated_00298.png,ship,vehicle,water,pixelated,ship_02950
noise/ship/ship_noise_00298.png,ship,vehicle,water,noise,ship_02950
clean/cat/cat_clean_00295.png,cat,animal,land,clean,cat_02951
blur/cat/cat_blur_00295.png,cat,animal,land,blur,cat_02951
pixelated/cat/cat_pixelated_00295.png,cat,animal,land,pixelated,cat_02951
noise/cat/cat_noise_00295.png,cat,animal,land,noise,cat_02951
clean/dog/dog_clean_00295.png,dog,animal,land,clean,dog_02952
blur/dog/dog_blur_00295.png,dog,animal,land,blur,dog_02952
pixelated/dog/dog_pixelated_00295.png,dog,animal,land,pixelated,dog_02952
noise/dog/dog_noise_00295.png,dog,animal,land,noise,dog_02952
clean/truck/truck_clean_00296.png,truck,vehicle,land,clean,truck_02953
blur/truck/truck_blur_00296.png,truck,vehicle,land,blur,truck_02953
pixelated/truck/truck_pixelated_00296.png,truck,vehicle,land,pixelated,truck_02953
noise/truck/truck_noise_00296.png,truck,vehicle,land,noise,truck_02953
clean/truck/truck_clean_00297.png,truck,vehicle,land,clean,truck_02954
blur/truck/truck_blur_00297.png,truck,vehicle,land,blur,truck_02954
pixelated/truck/truck_pixelated_00297.png,truck,vehicle,land,pixelated,truck_02954
noise/truck/truck_noise_00297.png,truck,vehicle,land,noise,truck_02954
clean/dog/dog_clean_00296.png,dog,animal,land,clean,dog_02955
blur/dog/dog_blur_00296.png,dog,animal,land,blur,dog_02955
pixelated/dog/dog_pixelated_00296.png,dog,animal,land,pixelated,dog_02955
noise/dog/dog_noise_00296.png,dog,animal,land,noise,dog_02955
clean/deer/deer_clean_00298.png,deer,animal,land,clean,deer_02956
blur/deer/deer_blur_00298.png,deer,animal,land,blur,deer_02956
pixelated/deer/deer_pixelated_00298.png,deer,animal,land,pixelated,deer_02956
noise/deer/deer_noise_00298.png,deer,animal,land,noise,deer_02956
clean/airplane/airplane_clean_00293.png,airplane,vehicle,air,clean,airplane_02957
blur/airplane/airplane_blur_00293.png,airplane,vehicle,air,blur,airplane_02957
pixelated/airplane/airplane_pixelated_00293.png,airplane,vehicle,air,pixelated,airplane_02957
noise/airplane/airplane_noise_00293.png,airplane,vehicle,air,noise,airplane_02957
clean/truck/truck_clean_00298.png,truck,vehicle,land,clean,truck_02958
blur/truck/truck_blur_00298.png,truck,vehicle,land,blur,truck_02958
pixelated/truck/truck_pixelated_00298.png,truck,vehicle,land,pixelated,truck_02958
noise/truck/truck_noise_00298.png,truck,vehicle,land,noise,truck_02958
clean/frog/frog_clean_00297.png,frog,animal,land,clean,frog_02959
blur/frog/frog_blur_00297.png,frog,animal,land,blur,frog_02959
pixelated/frog/frog_pixelated_00297.png,frog,animal,land,pixelated,frog_02959
noise/frog/frog_noise_00297.png,frog,animal,land,noise,frog_02959
clean/truck/truck_clean_00299.png,truck,vehicle,land,clean,truck_02960
blur/truck/truck_blur_00299.png,truck,vehicle,land,blur,truck_02960
pixelated/truck/truck_pixelated_00299.png,truck,vehicle,land,pixelated,truck_02960
noise/truck/truck_noise_00299.png,truck,vehicle,land,noise,truck_02960
clean/cat/cat_clean_00296.png,cat,animal,land,clean,cat_02961
blur/cat/cat_blur_00296.png,cat,animal,land,blur,cat_02961
pixelated/cat/cat_pixelated_00296.png,cat,animal,land,pixelated,cat_02961
noise/cat/cat_noise_00296.png,cat,animal,land,noise,cat_02961
clean/automobile/automobile_clean_00293.png,automobile,vehicle,land,clean,automobile_02962
blur/automobile/automobile_blur_00293.png,automobile,vehicle,land,blur,automobile_02962
pixelated/automobile/automobile_pixelated_00293.png,automobile,vehicle,land,pixelated,automobile_02962
noise/automobile/automobile_noise_00293.png,automobile,vehicle,land,noise,automobile_02962
clean/truck/truck_clean_00300.png,truck,vehicle,land,clean,truck_02963
blur/truck/truck_blur_00300.png,truck,vehicle,land,blur,truck_02963
pixelated/truck/truck_pixelated_00300.png,truck,vehicle,land,pixelated,truck_02963
noise/truck/truck_noise_00300.png,truck,vehicle,land,noise,truck_02963
clean/airplane/airplane_clean_00294.png,airplane,vehicle,air,clean,airplane_02964
blur/airplane/airplane_blur_00294.png,airplane,vehicle,air,blur,airplane_02964
pixelated/airplane/airplane_pixelated_00294.png,airplane,vehicle,air,pixelated,airplane_02964
noise/airplane/airplane_noise_00294.png,airplane,vehicle,air,noise,airplane_02964
clean/cat/cat_clean_00297.png,cat,animal,land,clean,cat_02965
blur/cat/cat_blur_00297.png,cat,animal,land,blur,cat_02965
pixelated/cat/cat_pixelated_00297.png,cat,animal,land,pixelated,cat_02965
noise/cat/cat_noise_00297.png,cat,animal,land,noise,cat_02965
clean/deer/deer_clean_00299.png,deer,animal,land,clean,deer_02966
blur/deer/deer_blur_00299.png,deer,animal,land,blur,deer_02966
pixelated/deer/deer_pixelated_00299.png,deer,animal,land,pixelated,deer_02966
noise/deer/deer_noise_00299.png,deer,animal,land,noise,deer_02966
clean/bird/bird_clean_00298.png,bird,animal,air,clean,bird_02967
blur/bird/bird_blur_00298.png,bird,animal,air,blur,bird_02967
pixelated/bird/bird_pixelated_00298.png,bird,animal,air,pixelated,bird_02967
noise/bird/bird_noise_00298.png,bird,animal,air,noise,bird_02967
clean/horse/horse_clean_00296.png,horse,animal,land,clean,horse_02968
blur/horse/horse_blur_00296.png,horse,animal,land,blur,horse_02968
pixelated/horse/horse_pixelated_00296.png,horse,animal,land,pixelated,horse_02968
noise/horse/horse_noise_00296.png,horse,animal,land,noise,horse_02968
clean/dog/dog_clean_00297.png,dog,animal,land,clean,dog_02969
blur/dog/dog_blur_00297.png,dog,animal,land,blur,dog_02969
pixelated/dog/dog_pixelated_00297.png,dog,animal,land,pixelated,dog_02969
noise/dog/dog_noise_00297.png,dog,animal,land,noise,dog_02969
clean/automobile/automobile_clean_00294.png,automobile,vehicle,land,clean,automobile_02970
blur/automobile/automobile_blur_00294.png,automobile,vehicle,land,blur,automobile_02970
pixelated/automobile/automobile_pixelated_00294.png,automobile,vehicle,land,pixelated,automobile_02970
noise/automobile/automobile_noise_00294.png,automobile,vehicle,land,noise,automobile_02970
clean/airplane/airplane_clean_00295.png,airplane,vehicle,air,clean,airplane_02971
blur/airplane/airplane_blur_00295.png,airplane,vehicle,air,blur,airplane_02971
pixelated/airplane/airplane_pixelated_00295.png,airplane,vehicle,air,pixelated,airplane_02971
noise/airplane/airplane_noise_00295.png,airplane,vehicle,air,noise,airplane_02971
clean/cat/cat_clean_00298.png,cat,animal,land,clean,cat_02972
blur/cat/cat_blur_00298.png,cat,animal,land,blur,cat_02972
pixelated/cat/cat_pixelated_00298.png,cat,animal,land,pixelated,cat_02972
noise/cat/cat_noise_00298.png,cat,animal,land,noise,cat_02972
clean/frog/frog_clean_00298.png,frog,animal,land,clean,frog_02973
blur/frog/frog_blur_00298.png,frog,animal,land,blur,frog_02973
pixelated/frog/frog_pixelated_00298.png,frog,animal,land,pixelated,frog_02973
noise/frog/frog_noise_00298.png,frog,animal,land,noise,frog_02973
clean/bird/bird_clean_00299.png,bird,animal,air,clean,bird_02974
blur/bird/bird_blur_00299.png,bird,animal,air,blur,bird_02974
pixelated/bird/bird_pixelated_00299.png,bird,animal,air,pixelated,bird_02974
noise/bird/bird_noise_00299.png,bird,animal,air,noise,bird_02974
clean/dog/dog_clean_00298.png,dog,animal,land,clean,dog_02975
blur/dog/dog_blur_00298.png,dog,animal,land,blur,dog_02975
pixelated/dog/dog_pixelated_00298.png,dog,animal,land,pixelated,dog_02975
noise/dog/dog_noise_00298.png,dog,animal,land,noise,dog_02975
clean/airplane/airplane_clean_00296.png,airplane,vehicle,air,clean,airplane_02976
blur/airplane/airplane_blur_00296.png,airplane,vehicle,air,blur,airplane_02976
pixelated/airplane/airplane_pixelated_00296.png,airplane,vehicle,air,pixelated,airplane_02976
noise/airplane/airplane_noise_00296.png,airplane,vehicle,air,noise,airplane_02976
clean/airplane/airplane_clean_00297.png,airplane,vehicle,air,clean,airplane_02977
blur/airplane/airplane_blur_00297.png,airplane,vehicle,air,blur,airplane_02977
pixelated/airplane/airplane_pixelated_00297.png,airplane,vehicle,air,pixelated,airplane_02977
noise/airplane/airplane_noise_00297.png,airplane,vehicle,air,noise,airplane_02977
clean/horse/horse_clean_00297.png,horse,animal,land,clean,horse_02978
blur/horse/horse_blur_00297.png,horse,animal,land,blur,horse_02978
pixelated/horse/horse_pixelated_00297.png,horse,animal,land,pixelated,horse_02978
noise/horse/horse_noise_00297.png,horse,animal,land,noise,horse_02978
clean/automobile/automobile_clean_00295.png,automobile,vehicle,land,clean,automobile_02979
blur/automobile/automobile_blur_00295.png,automobile,vehicle,land,blur,automobile_02979
pixelated/automobile/automobile_pixelated_00295.png,automobile,vehicle,land,pixelated,automobile_02979
noise/automobile/automobile_noise_00295.png,automobile,vehicle,land,noise,automobile_02979
clean/dog/dog_clean_00299.png,dog,animal,land,clean,dog_02980
blur/dog/dog_blur_00299.png,dog,animal,land,blur,dog_02980
pixelated/dog/dog_pixelated_00299.png,dog,animal,land,pixelated,dog_02980
noise/dog/dog_noise_00299.png,dog,animal,land,noise,dog_02980
clean/bird/bird_clean_00300.png,bird,animal,air,clean,bird_02981
blur/bird/bird_blur_00300.png,bird,animal,air,blur,bird_02981
pixelated/bird/bird_pixelated_00300.png,bird,animal,air,pixelated,bird_02981
noise/bird/bird_noise_00300.png,bird,animal,air,noise,bird_02981
clean/automobile/automobile_clean_00296.png,automobile,vehicle,land,clean,automobile_02982
blur/automobile/automobile_blur_00296.png,automobile,vehicle,land,blur,automobile_02982
pixelated/automobile/automobile_pixelated_00296.png,automobile,vehicle,land,pixelated,automobile_02982
noise/automobile/automobile_noise_00296.png,automobile,vehicle,land,noise,automobile_02982
clean/dog/dog_clean_00300.png,dog,animal,land,clean,dog_02983
blur/dog/dog_blur_00300.png,dog,animal,land,blur,dog_02983
pixelated/dog/dog_pixelated_00300.png,dog,animal,land,pixelated,dog_02983
noise/dog/dog_noise_00300.png,dog,animal,land,noise,dog_02983
clean/ship/ship_clean_00299.png,ship,vehicle,water,clean,ship_02984
blur/ship/ship_blur_00299.png,ship,vehicle,water,blur,ship_02984
pixelated/ship/ship_pixelated_00299.png,ship,vehicle,water,pixelated,ship_02984
noise/ship/ship_noise_00299.png,ship,vehicle,water,noise,ship_02984
clean/frog/frog_clean_00299.png,frog,animal,land,clean,frog_02985
blur/frog/frog_blur_00299.png,frog,animal,land,blur,frog_02985
pixelated/frog/frog_pixelated_00299.png,frog,animal,land,pixelated,frog_02985
noise/frog/frog_noise_00299.png,frog,animal,land,noise,frog_02985
clean/airplane/airplane_clean_00298.png,airplane,vehicle,air,clean,airplane_02986
blur/airplane/airplane_blur_00298.png,airplane,vehicle,air,blur,airplane_02986
pixelated/airplane/airplane_pixelated_00298.png,airplane,vehicle,air,pixelated,airplane_02986
noise/airplane/airplane_noise_00298.png,airplane,vehicle,air,noise,airplane_02986
clean/cat/cat_clean_00299.png,cat,animal,land,clean,cat_02987
blur/cat/cat_blur_00299.png,cat,animal,land,blur,cat_02987
pixelated/cat/cat_pixelated_00299.png,cat,animal,land,pixelated,cat_02987
noise/cat/cat_noise_00299.png,cat,animal,land,noise,cat_02987
clean/ship/ship_clean_00300.png,ship,vehicle,water,clean,ship_02988
blur/ship/ship_blur_00300.png,ship,vehicle,water,blur,ship_02988
pixelated/ship/ship_pixelated_00300.png,ship,vehicle,water,pixelated,ship_02988
noise/ship/ship_noise_00300.png,ship,vehicle,water,noise,ship_02988
clean/deer/deer_clean_00300.png,deer,animal,land,clean,deer_02989
blur/deer/deer_blur_00300.png,deer,animal,land,blur,deer_02989
pixelated/deer/deer_pixelated_00300.png,deer,animal,land,pixelated,deer_02989
noise/deer/deer_noise_00300.png,deer,animal,land,noise,deer_02989
clean/frog/frog_clean_00300.png,frog,animal,land,clean,frog_02990
blur/frog/frog_blur_00300.png,frog,animal,land,blur,frog_02990
pixelated/frog/frog_pixelated_00300.png,frog,animal,land,pixelated,frog_02990
noise/frog/frog_noise_00300.png,frog,animal,land,noise,frog_02990
clean/automobile/automobile_clean_00297.png,automobile,vehicle,land,clean,automobile_02991
blur/automobile/automobile_blur_00297.png,automobile,vehicle,land,blur,automobile_02991
pixelated/automobile/automobile_pixelated_00297.png,automobile,vehicle,land,pixelated,automobile_02991
noise/automobile/automobile_noise_00297.png,automobile,vehicle,land,noise,automobile_02991
clean/automobile/automobile_clean_00298.png,automobile,vehicle,land,clean,automobile_02992
blur/automobile/automobile_blur_00298.png,automobile,vehicle,land,blur,automobile_02992
pixelated/automobile/automobile_pixelated_00298.png,automobile,vehicle,land,pixelated,automobile_02992
noise/automobile/automobile_noise_00298.png,automobile,vehicle,land,noise,automobile_02992
clean/horse/horse_clean_00298.png,horse,animal,land,clean,horse_02993
blur/horse/horse_blur_00298.png,horse,animal,land,blur,horse_02993
pixelated/horse/horse_pixelated_00298.png,horse,animal,land,pixelated,horse_02993
noise/horse/horse_noise_00298.png,horse,animal,land,noise,horse_02993
clean/cat/cat_clean_00300.png,cat,animal,land,clean,cat_02994
blur/cat/cat_blur_00300.png,cat,animal,land,blur,cat_02994
pixelated/cat/cat_pixelated_00300.png,cat,animal,land,pixelated,cat_02994
noise/cat/cat_noise_00300.png,cat,animal,land,noise,cat_02994
clean/horse/horse_clean_00299.png,horse,animal,land,clean,horse_02995
blur/horse/horse_blur_00299.png,horse,animal,land,blur,horse_02995
pixelated/horse/horse_pixelated_00299.png,horse,animal,land,pixelated,horse_02995
noise/horse/horse_noise_00299.png,horse,animal,land,noise,horse_02995
clean/automobile/automobile_clean_00299.png,automobile,vehicle,land,clean,automobile_02996
blur/automobile/automobile_blur_00299.png,automobile,vehicle,land,blur,automobile_02996
pixelated/automobile/automobile_pixelated_00299.png,automobile,vehicle,land,pixelated,automobile_02996
noise/automobile/automobile_noise_00299.png,automobile,vehicle,land,noise,automobile_02996
clean/automobile/automobile_clean_00300.png,automobile,vehicle,land,clean,automobile_02997
blur/automobile/automobile_blur_00300.png,automobile,vehicle,land,blur,automobile_02997
pixelated/automobile/automobile_pixelated_00300.png,automobile,vehicle,land,pixelated,automobile_02997
noise/automobile/automobile_noise_00300.png,automobile,vehicle,land,noise,automobile_02997
clean/horse/horse_clean_00300.png,horse,animal,land,clean,horse_02998
blur/horse/horse_blur_00300.png,horse,animal,land,blur,horse_02998
pixelated/horse/horse_pixelated_00300.png,horse,animal,land,pixelated,horse_02998
noise/horse/horse_noise_00300.png,horse,animal,land,noise,horse_02998
clean/airplane/airplane_clean_00299.png,airplane,vehicle,air,clean,airplane_02999
blur/airplane/airplane_blur_00299.png,airplane,vehicle,air,blur,airplane_02999
pixelated/airplane/airplane_pixelated_00299.png,airplane,vehicle,air,pixelated,airplane_02999
noise/airplane/airplane_noise_00299.png,airplane,vehicle,air,noise,airplane_02999
clean/airplane/airplane_clean_00300.png,airplane,vehicle,air,clean,airplane_03000
blur/airplane/airplane_blur_00300.png,airplane,vehicle,air,blur,airplane_03000
pixelated/airplane/airplane_pixelated_00300.png,airplane,vehicle,air,pixelated,airplane_03000
noise/airplane/airplane_noise_00300.png,airplane,vehicle,air,noise,airplane_03000
