imagePath,Ysub,Ybasic,A,V,OriginalID
clean/bird/bird_clean_00001.png,bird,animal,air,clean,bird_00001
clean/cat/cat_clean_00001.png,cat,animal,land,clean,cat_00002
clean/frog/frog_clean_00001.png,frog,animal,land,clean,frog_00003
clean/airplane/airplane_clean_00001.png,airplane,vehicle,air,clean,airplane_00004
clean/truck/truck_clean_00001.png,truck,vehicle,land,clean,truck_00005
clean/horse/horse_clean_00001.png,horse,animal,land,clean,horse_00006
clean/horse/horse_clean_00002.png,horse,animal,land,clean,horse_00007
clean/automobile/automobile_clean_00001.png,automobile,vehicle,land,clean,automobile_00008
clean/automobile/automobile_clean_00002.png,automobile,vehicle,land,clean,automobile_00009
clean/ship/ship_clean_00001.png,ship,vehicle,water,clean,ship_00010
clean/bird/bird_clean_00002.png,bird,animal,air,clean,bird_00011
clean/airplane/airplane_clean_00002.png,airplane,vehicle,air,clean,airplane_00012
clean/horse/horse_clean_00003.png,horse,animal,land,clean,horse_00013
clean/truck/truck_clean_00002.png,truck,vehicle,land,clean,truck_00014
clean/airplane/airplane_clean_00003.png,airplane,vehicle,air,clean,airplane_00015
clean/frog/frog_clean_00002.png,frog,animal,land,clean,frog_00016
clean/ship/ship_clean_00002.png,ship,vehicle,water,clean,ship_00017
clean/airplane/airplane_clean_00004.png,airplane,vehicle,air,clean,airplane_00018
clean/airplane/airplane_clean_00005.png,airplane,vehicle,air,clean,airplane_00019
clean/bird/bird_clean_00003.png,bird,animal,air,clean,bird_00020
clean/automobile/automobile_clean_00003.png,automobile,vehicle,land,clean,automobile_00021
clean/ship/ship_clean_00003.png,ship,vehicle,water,clean,ship_00022
clean/frog/frog_clean_00003.png,frog,animal,land,clean,frog_00023
clean/truck/truck_clean_00003.png,truck,vehicle,land,clean,truck_00024
clean/frog/frog_clean_00004.png,frog,animal,land,clean,frog_00025
clean/horse/horse_clean_00004.png,horse,animal,land,clean,horse_00026
clean/frog/frog_clean_00005.png,frog,animal,land,clean,frog_00027
clean/deer/deer_clean_00001.png,deer,animal,land,clean,deer_00028
clean/deer/deer_clean_00002.png,deer,animal,land,clean,deer_00029
clean/dog/dog_clean_00001.png,dog,animal,land,clean,dog_00030
clean/horse/horse_clean_00005.png,horse,animal,land,clean,horse_00031
clean/truck/truck_clean_00004.png,truck,vehicle,land,clean,truck_00032
clean/truck/truck_clean_00005.png,truck,vehicle,land,clean,truck_00033
clean/horse/horse_clean_00006.png,horse,animal,land,clean,horse_00034
clean/bird/bird_clean_00004.png,bird,animal,air,clean,bird_00035
clean/deer/deer_clean_00003.png,deer,animal,land,clean,deer_00036
clean/automobile/automobile_clean_00004.png,automobile,vehicle,land,clean,automobile_00037
clean/horse/horse_clean_00007.png,horse,animal,land,clean,horse_00038
clean/frog/frog_clean_00006.png,frog,animal,land,clean,frog_00039
clean/cat/cat_clean_00002.png,cat,animal,land,clean,cat_00040
clean/cat/cat_clean_00003.png,cat,animal,land,clean,cat_00041
clean/bird/bird_clean_00005.png,bird,animal,air,clean,bird_00042
clean/airplane/airplane_clean_00006.png,airplane,vehicle,air,clean,airplane_00043
clean/truck/truck_clean_00006.png,truck,vehicle,land,clean,truck_00044
clean/automobile/automobile_clean_00005.png,automobile,vehicle,land,clean,automobile_00045
clean/dog/dog_clean_00002.png,dog,animal,land,clean,dog_00046
clean/ship/ship_clean_00004.png,ship,vehicle,water,clean,ship_00047
clean/airplane/airplane_clean_00007.png,airplane,vehicle,air,clean,airplane_00048
clean/bird/bird_clean_00006.png,bird,animal,air,clean,bird_00049
clean/cat/cat_clean_00004.png,cat,animal,land,clean,cat_00050
clean/airplane/airplane_clean_00008.png,airplane,vehicle,air,clean,airplane_00051
clean/airplane/airplane_clean_00009.png,airplane,vehicle,air,clean,airplane_00052
clean/airplane/airplane_clean_00010.png,airplane,vehicle,air,clean,airplane_00053
clean/truck/truck_clean_00007.png,truck,vehicle,land,clean,truck_00054
clean/ship/ship_clean_00005.png,ship,vehicle,water,clean,ship_00055
clean/deer/deer_clean_00004.png,deer,animal,land,clean,deer_00056
clean/cat/cat_clean_00005.png,cat,animal,land,clean,cat_00057
clean/cat/cat_clean_00006.png,cat,animal,land,clean,cat_00058
clean/dog/dog_clean_00003.png,dog,animal,land,clean,dog_00059
clean/bird/bird_clean_00007.png,bird,animal,air,clean,bird_00060
clean/ship/ship_clean_00006.png,ship,vehicle,water,clean,ship_00061
clean/automobile/automobile_clean_00006.png,automobile,vehicle,land,clean,automobile_00062
clean/airplane/airplane_clean_00011.png,airplane,vehicle,air,clean,airplane_00063
clean/truck/truck_clean_00008.png,truck,vehicle,land,clean,truck_00064
clean/bird/bird_clean_00008.png,bird,animal,air,clean,bird_00065
clean/dog/dog_clean_00004.png,dog,animal,land,clean,dog_00066
clean/truck/truck_clean_00009.png,truck,vehicle,land,clean,truck_00067
clean/deer/deer_clean_00005.png,deer,animal,land,clean,deer_00068
clean/automobile/automobile_clean_00007.png,automobile,vehicle,land,clean,automobile_00069
clean/deer/deer_clean_00006.png,deer,animal,land,clean,deer_00070
clean/airplane/airplane_clean_00012.png,airplane,vehicle,air,clean,airplane_00071
clean/bird/bird_clean_00009.png,bird,animal,air,clean,bird_00072
clean/airplane/airplane_clean_00013.png,airplane,vehicle,air,clean,airplane_00073
clean/horse/horse_clean_00008.png,horse,animal,land,clean,horse_00074
clean/bird/bird_clean_00010.png,bird,animal,air,clean,bird_00075
clean/dog/dog_clean_00005.png,dog,animal,land,clean,dog_00076
clean/bird/bird_clean_00011.png,bird,animal,air,clean,bird_00077
clean/dog/dog_clean_00006.png,dog,animal,land,clean,dog_00078
clean/cat/cat_clean_00007.png,cat,animal,land,clean,cat_00079
clean/automobile/automobile_clean_00008.png,automobile,vehicle,land,clean,automobile_00080
clean/cat/cat_clean_00008.png,cat,animal,land,clean,cat_00081
clean/airplane/airplane_clean_00014.png,airplane,vehicle,air,clean,airplane_00082
clean/automobile/automobile_clean_00009.png,automobile,vehicle,land,clean,automobile_00083
clean/deer/deer_clean_00007.png,deer,animal,land,clean,deer_00084
clean/horse/horse_clean_00009.png,horse,animal,land,clean,horse_00085
clean/cat/cat_clean_00009.png,cat,animal,land,clean,cat_00086
clean/automobile/automobile_clean_00010.png,automobile,vehicle,land,clean,automobile_00087
clean/automobile/automobile_clean_00011.png,automobile,vehicle,land,clean,automobile_00088
clean/dog/dog_clean_00007.png,dog,animal,land,clean,dog_00089
clean/ship/ship_clean_00007.png,ship,vehicle,water,clean,ship_00090
clean/cat/cat_clean_00010.png,cat,animal,land,clean,cat_00091
clean/automobile/automobile_clean_00012.png,automobile,vehicle,land,clean,automobile_00092
clean/ship/ship_clean_00008.png,ship,vehicle,water,clean,ship_00093
clean/horse/horse_clean_00010.png,horse,animal,land,clean,horse_00094
clean/bird/bird_clean_00012.png,bird,animal,air,clean,bird_00095
clean/bird/bird_clean_00013.png,bird,animal,air,clean,bird_00096
clean/deer/deer_clean_00008.png,deer,animal,land,clean,deer_00097
clean/bird/bird_clean_00014.png,bird,animal,air,clean,bird_00098
clean/dog/dog_clean_00008.png,dog,animal,land,clean,dog_00099
clean/ship/ship_clean_00009.png,ship,vehicle,water,clean,ship_00100
clean/dog/dog_clean_00009.png,dog,animal,land,clean,dog_00101
clean/deer/deer_clean_00009.png,deer,animal,land,clean,deer_00102
clean/airplane/airplane_clean_00015.png,airplane,vehicle,air,clean,airplane_00103
clean/horse/horse_clean_00011.png,horse,animal,land,clean,horse_00104
clean/horse/horse_clean_00012.png,horse,animal,land,clean,horse_00105
clean/ship/ship_clean_00010.png,ship,vehicle,water,clean,ship_00106
clean/dog/dog_clean_00010.png,dog,animal,land,clean,dog_00107
clean/frog/frog_clean_00007.png,frog,animal,land,clean,frog_00108
clean/horse/horse_clean_00013.png,horse,animal,land,clean,horse_00109
clean/truck/truck_clean_00010.png,truck,vehicle,land,clean,truck_00110
clean/horse/horse_clean_00014.png,horse,animal,land,clean,horse_00111
clean/automobile/automobile_clean_00013.png,automobile,vehicle,land,clean,automobile_00112
clean/horse/horse_clean_00015.png,horse,animal,land,clean,horse_00113
clean/cat/cat_clean_00011.png,cat,animal,land,clean,cat_00114
clean/deer/deer_clean_00010.png,deer,animal,land,clean,deer_00115
clean/automobile/automobile_clean_00014.png,automobile,vehicle,land,clean,automobile_00116
clean/deer/deer_clean_00011.png,deer,animal,land,clean,deer_00117
clean/ship/ship_clean_00011.png,ship,vehicle,water,clean,ship_00118
clean/cat/cat_clean_00012.png,cat,animal,land,clean,cat_00119
clean/airplane/airplane_clean_00016.png,airplane,vehicle,air,clean,airplane_00120
clean/cat/cat_clean_00013.png,cat,animal,land,clean,cat_00121
clean/airplane/airplane_clean_00017.png,airplane,vehicle,air,clean,airplane_00122
clean/frog/frog_clean_00008.png,frog,animal,land,clean,frog_00123
clean/frog/frog_clean_00009.png,frog,animal,land,clean,frog_00124
clean/cat/cat_clean_00014.png,cat,animal,land,clean,cat_00125
clean/automobile/automobile_clean_00015.png,automobile,vehicle,land,clean,automobile_00126
clean/bird/bird_clean_00015.png,bird,animal,air,clean,bird_00127
clean/bird/bird_clean_00016.png,bird,animal,air,clean,bird_00128
clean/automobile/automobile_clean_00016.png,automobile,vehicle,land,clean,automobile_00129
clean/bird/bird_clean_00017.png,bird,animal,air,clean,bird_00130
clean/horse/horse_clean_00016.png,horse,animal,land,clean,horse_00131
clean/airplane/airplane_clean_00018.png,airplane,vehicle,air,clean,airplane_00132
clean/frog/frog_clean_00010.png,frog,animal,land,clean,frog_00133
clean/airplane/airplane_clean_00019.png,airplane,vehicle,air,clean,airplane_00134
clean/deer/deer_clean_00012.png,deer,animal,land,clean,deer_00135
clean/ship/ship_clean_00012.png,ship,vehicle,water,clean,ship_00136
clean/truck/truck_clean_00011.png,truck,vehicle,land,clean,truck_00137
clean/frog/frog_clean_00011.png,frog,animal,land,clean,frog_00138
clean/frog/frog_clean_00012.png,frog,animal,land,clean,frog_00139
clean/deer/deer_clean_00013.png,deer,animal,land,clean,deer_00140
clean/ship/ship_clean_00013.png,ship,vehicle,water,clean,ship_00141
clean/bird/bird_clean_00018.png,bird,animal,air,clean,bird_00142
clean/bird/bird_clean_00019.png,bird,animal,air,clean,bird_00143
clean/truck/truck_clean_00012.png,truck,vehicle,land,clean,truck_00144
clean/bird/bird_clean_00020.png,bird,animal,air,clean,bird_00145
clean/dog/dog_clean_00011.png,dog,animal,land,clean,dog_00146
clean/automobile/automobile_clean_00017.png,automobile,vehicle,land,clean,automobile_00147
clean/frog/frog_clean_00013.png,frog,animal,land,clean,frog_00148
clean/dog/dog_clean_00012.png,dog,animal,land,clean,dog_00149
clean/bird/bird_clean_00021.png,bird,animal,air,clean,bird_00150
clean/ship/ship_clean_00014.png,ship,vehicle,water,clean,ship_00151
clean/ship/ship_clean_00015.png,ship,vehicle,water,clean,ship_00152
clean/deer/deer_clean_00014.png,deer,animal,land,clean,deer_00153
clean/bird/bird_clean_00022.png,bird,animal,air,clean,bird_00154
clean/bird/bird_clean_00023.png,bird,animal,air,clean,bird_00155
clean/horse/horse_clean_00017.png,horse,animal,land,clean,horse_00156
clean/horse/horse_clean_00018.png,horse,animal,land,clean,horse_00157
clean/dog/dog_clean_00013.png,dog,animal,land,clean,dog_00158
clean/bird/bird_clean_00024.png,bird,animal,air,clean,bird_00159
clean/dog/dog_clean_00014.png,dog,animal,land,clean,dog_00160
clean/frog/frog_clean_00014.png,frog,animal,land,clean,frog_00161
clean/cat/cat_clean_00015.png,cat,animal,land,clean,cat_00162
clean/frog/frog_clean_00015.png,frog,animal,land,clean,frog_00163
clean/truck/truck_clean_00013.png,truck,vehicle,land,clean,truck_00164
clean/ship/ship_clean_00016.png,ship,vehicle,water,clean,ship_00165
clean/deer/deer_clean_00015.png,deer,animal,land,clean,deer_00166
clean/horse/horse_clean_00019.png,horse,animal,land,clean,horse_00167
clean/automobile/automobile_clean_00018.png,automobile,vehicle,land,clean,automobile_00168
clean/bird/bird_clean_00025.png,bird,animal,air,clean,bird_00169
clean/truck/truck_clean_00014.png,truck,vehicle,land,clean,truck_00170
clean/automobile/automobile_clean_00019.png,automobile,vehicle,land,clean,automobile_00171
clean/bird/bird_clean_00026.png,bird,animal,air,clean,bird_00172
clean/cat/cat_clean_00016.png,cat,animal,land,clean,cat_00173
clean/airplane/airplane_clean_00020.png,airplane,vehicle,air,clean,airplane_00174
clean/deer/deer_clean_00016.png,deer,animal,land,clean,deer_00175
clean/ship/ship_clean_00017.png,ship,vehicle,water,clean,ship_00176
clean/deer/deer_clean_00017.png,deer,animal,land,clean,deer_00177
clean/bird/bird_clean_00027.png,bird,animal,air,clean,bird_00178
clean/frog/frog_clean_00016.png,frog,animal,land,clean,frog_00179
clean/airplane/airplane_clean_00021.png,airplane,vehicle,air,clean,airplane_00180
clean/ship/ship_clean_00018.png,ship,vehicle,water,clean,ship_00181
clean/cat/cat_clean_00017.png,cat,animal,land,clean,cat_00182
clean/bird/bird_clean_00028.png,bird,animal,air,clean,bird_00183
clean/bird/bird_clean_00029.png,bird,animal,air,clean,bird_00184
clean/automobile/automobile_clean_00020.png,automobile,vehicle,land,clean,automobile_00185
clean/airplane/airplane_clean_00022.png,airplane,vehicle,air,clean,airplane_00186
clean/deer/deer_clean_00018.png,deer,animal,land,clean,deer_00187
clean/airplane/airplane_clean_00023.png,airplane,vehicle,air,clean,airplane_00188
clean/dog/dog_clean_00015.png,dog,animal,land,clean,dog_00189
clean/automobile/automobile_clean_00021.png,automobile,vehicle,land,clean,automobile_00190
clean/bird/bird_clean_00030.png,bird,animal,air,clean,bird_00191
clean/ship/ship_clean_00019.png,ship,vehicle,water,clean,ship_00192
clean/cat/cat_clean_00018.png,cat,animal,land,clean,cat_00193
clean/deer/deer_clean_00019.png,deer,animal,land,clean,deer_00194
clean/dog/dog_clean_00016.png,dog,animal,land,clean,dog_00195
clean/dog/dog_clean_00017.png,dog,animal,land,clean,dog_00196
clean/airplane/airplane_clean_00024.png,airplane,vehicle,air,clean,airplane_00197
clean/deer/deer_clean_00020.png,deer,animal,land,clean,deer_00198
clean/airplane/airplane_clean_00025.png,airplane,vehicle,air,clean,airplane_00199
clean/cat/cat_clean_00019.png,cat,animal,land,clean,cat_00200
clean/frog/frog_clean_00017.png,frog,animal,land,clean,frog_00201
clean/truck/truck_clean_00015.png,truck,vehicle,land,clean,truck_00202
clean/horse/horse_clean_00020.png,horse,animal,land,clean,horse_00203
clean/frog/frog_clean_00018.png,frog,animal,land,clean,frog_00204
clean/truck/truck_clean_00016.png,truck,vehicle,land,clean,truck_00205
clean/cat/cat_clean_00020.png,cat,animal,land,clean,cat_00206
clean/frog/frog_clean_00019.png,frog,animal,land,clean,frog_00207
clean/frog/frog_clean_00020.png,frog,animal,land,clean,frog_00208
clean/dog/dog_clean_00018.png,dog,animal,land,clean,dog_00209
clean/horse/horse_clean_00021.png,horse,animal,land,clean,horse_00210
clean/airplane/airplane_clean_00026.png,airplane,vehicle,air,clean,airplane_00211
clean/airplane/airplane_clean_00027.png,airplane,vehicle,air,clean,airplane_00212
clean/truck/truck_clean_00017.png,truck,vehicle,land,clean,truck_00213
clean/deer/deer_clean_00021.png,deer,animal,land,clean,deer_00214
clean/cat/cat_clean_00021.png,cat,animal,land,clean,cat_00215
clean/horse/horse_clean_00022.png,horse,animal,land,clean,horse_00216
clean/cat/cat_clean_00022.png,cat,animal,land,clean,cat_00217
clean/airplane/airplane_clean_00028.png,airplane,vehicle,air,clean,airplane_00218
clean/frog/frog_clean_00021.png,frog,animal,land,clean,frog_00219
clean/automobile/automobile_clean_00022.png,automobile,vehicle,land,clean,automobile_00220
clean/airplane/airplane_clean_00029.png,airplane,vehicle,air,clean,airplane_00221
clean/bird/bird_clean_00031.png,bird,animal,air,clean,bird_00222
clean/airplane/airplane_clean_00030.png,airplane,vehicle,air,clean,airplane_00223
clean/cat/cat_clean_00023.png,cat,animal,land,clean,cat_00224
clean/bird/bird_clean_00032.png,bird,animal,air,clean,bird_00225
clean/automobile/automobile_clean_00023.png,automobile,vehicle,land,clean,automobile_00226
clean/deer/deer_clean_00022.png,deer,animal,land,clean,deer_00227
clean/truck/truck_clean_00018.png,truck,vehicle,land,clean,truck_00228
clean/automobile/automobile_clean_00024.png,automobile,vehicle,land,clean,automobile_00229
clean/horse/horse_clean_00023.png,horse,animal,land,clean,horse_00230
clean/dog/dog_clean_00019.png,dog,animal,land,clean,dog_00231
clean/deer/deer_clean_00023.png,deer,animal,land,clean,deer_00232
clean/truck/truck_clean_00019.png,truck,vehicle,land,clean,truck_00233
clean/airplane/airplane_clean_00031.png,airplane,vehicle,air,clean,airplane_00234
clean/bird/bird_clean_00033.png,bird,animal,air,clean,bird_00235
clean/airplane/airplane_clean_00032.png,airplane,vehicle,air,clean,airplane_00236
clean/bird/bird_clean_00034.png,bird,animal,air,clean,bird_00237
clean/cat/cat_clean_00024.png,cat,animal,land,clean,cat_00238
clean/deer/deer_clean_00024.png,deer,animal,land,clean,deer_00239
clean/truck/truck_clean_00020.png,truck,vehicle,land,clean,truck_00240
clean/frog/frog_clean_00022.png,frog,animal,land,clean,frog_00241
clean/dog/dog_clean_00020.png,dog,animal,land,clean,dog_00242
clean/dog/dog_clean_00021.png,dog,animal,land,clean,dog_00243
clean/airplane/airplane_clean_00033.png,airplane,vehicle,air,clean,airplane_00244
clean/ship/ship_clean_00020.png,ship,vehicle,water,clean,ship_00245
clean/horse/horse_clean_00024.png,horse,animal,land,clean,horse_00246
clean/frog/frog_clean_00023.png,frog,animal,land,clean,frog_00247
clean/dog/dog_clean_00022.png,dog,animal,land,clean,dog_00248
clean/deer/deer_clean_00025.png,deer,animal,land,clean,deer_00249
clean/deer/deer_clean_00026.png,deer,animal,land,clean,deer_00250
clean/cat/cat_clean_00025.png,cat,animal,land,clean,cat_00251
clean/bird/bird_clean_00035.png,bird,animal,air,clean,bird_00252
clean/cat/cat_clean_00026.png,cat,animal,land,clean,cat_00253
clean/horse/horse_clean_00025.png,horse,animal,land,clean,horse_00254
clean/ship/ship_clean_00021.png,ship,vehicle,water,clean,ship_00255
clean/cat/cat_clean_00027.png,cat,animal,land,clean,cat_00256
clean/bird/bird_clean_00036.png,bird,animal,air,clean,bird_00257
clean/cat/cat_clean_00028.png,cat,animal,land,clean,cat_00258
clean/bird/bird_clean_00037.png,bird,animal,air,clean,bird_00259
clean/truck/truck_clean_00021.png,truck,vehicle,land,clean,truck_00260
clean/automobile/automobile_clean_00025.png,automobile,vehicle,land,clean,automobile_00261
clean/horse/horse_clean_00026.png,horse,animal,land,clean,horse_00262
clean/truck/truck_clean_00022.png,truck,vehicle,land,clean,truck_00263
clean/airplane/airplane_clean_00034.png,airplane,vehicle,air,clean,airplane_00264
clean/automobile/automobile_clean_00026.png,automobile,vehicle,land,clean,automobile_00265
clean/truck/truck_clean_00023.png,truck,vehicle,land,clean,truck_00266
clean/frog/frog_clean_00024.png,frog,animal,land,clean,frog_00267
clean/truck/truck_clean_00024.png,truck,vehicle,land,clean,truck_00268
clean/automobile/automobile_clean_00027.png,automobile,vehicle,land,clean,automobile_00269
clean/horse/horse_clean_00027.png,horse,animal,land,clean,horse_00270
clean/horse/horse_clean_00028.png,horse,animal,land,clean,horse_00271
clean/horse/horse_clean_00029.png,horse,animal,land,clean,horse_00272
clean/airplane/airplane_clean_00035.png,airplane,vehicle,air,clean,airplane_00273
clean/ship/ship_clean_00022.png,ship,vehicle,water,clean,ship_00274
clean/automobile/automobile_clean_00028.png,automobile,vehicle,land,clean,automobile_00275
clean/truck/truck_clean_00025.png,truck,vehicle,land,clean,truck_00276
clean/frog/frog_clean_00025.png,frog,animal,land,clean,frog_00277
clean/automobile/automobile_clean_00029.png,automobile,vehicle,land,clean,automobile_00278
clean/airplane/airplane_clean_00036.png,airplane,vehicle,air,clean,airplane_00279
clean/truck/truck_clean_00026.png,truck,vehicle,land,clean,truck_00280
clean/deer/deer_clean_00027.png,deer,animal,land,clean,deer_00281
clean/dog/dog_clean_00023.png,dog,animal,land,clean,dog_00282
clean/deer/deer_clean_00028.png,deer,animal,land,clean,deer_00283
clean/bird/bird_clean_00038.png,bird,animal,air,clean,bird_00284
clean/airplane/airplane_clean_00037.png,airplane,vehicle,air,clean,airplane_00285
clean/dog/dog_clean_00024.png,dog,animal,land,clean,dog_00286
clean/horse/horse_clean_00030.png,horse,animal,land,clean,horse_00287
clean/deer/deer_clean_00029.png,deer,animal,land,clean,deer_00288
clean/airplane/airplane_clean_00038.png,airplane,vehicle,air,clean,airplane_00289
clean/cat/cat_clean_00029.png,cat,animal,land,clean,cat_00290
clean/airplane/airplane_clean_00039.png,airplane,vehicle,air,clean,airplane_00291
clean/ship/ship_clean_00023.png,ship,vehicle,water,clean,ship_00292
clean/deer/deer_clean_00030.png,deer,animal,land,clean,deer_00293
clean/dog/dog_clean_00025.png,dog,animal,land,clean,dog_00294
clean/automobile/automobile_clean_00030.png,automobile,vehicle,land,clean,automobile_00295
clean/cat/cat_clean_00030.png,cat,animal,land,clean,cat_00296
clean/ship/ship_clean_00024.png,ship,vehicle,water,clean,ship_00297
clean/bird/bird_clean_00039.png,bird,animal,air,clean,bird_00298
clean/dog/dog_clean_00026.png,dog,animal,land,clean,dog_00299
clean/ship/ship_clean_00025.png,ship,vehicle,water,clean,ship_00300
clean/deer/deer_clean_00031.png,deer,animal,land,clean,deer_00301
clean/airplane/airplane_clean_00040.png,airplane,vehicle,air,clean,airplane_00302
clean/automobile/automobile_clean_00031.png,automobile,vehicle,land,clean,automobile_00303
clean/ship/ship_clean_00026.png,ship,vehicle,water,clean,ship_00304
clean/truck/truck_clean_00027.png,truck,vehicle,land,clean,truck_00305
clean/bird/bird_clean_00040.png,bird,animal,air,clean,bird_00306
clean/horse/horse_clean_00031.png,horse,animal,land,clean,horse_00307
clean/ship/ship_clean_00027.png,ship,vehicle,water,clean,ship_00308
clean/cat/cat_clean_00031.png,cat,animal,land,clean,cat_00309
clean/bird/bird_clean_00041.png,bird,animal,air,clean,bird_00310
clean/dog/dog_clean_00027.png,dog,animal,land,clean,dog_00311
clean/bird/bird_clean_00042.png,bird,animal,air,clean,bird_00312
clean/automobile/automobile_clean_00032.png,automobile,vehicle,land,clean,automobile_00313
clean/automobile/automobile_clean_00033.png,automobile,vehicle,land,clean,automobile_00314
clean/truck/truck_clean_00028.png,truck,vehicle,land,clean,truck_00315
clean/truck/truck_clean_00029.png,truck,vehicle,land,clean,truck_00316
clean/bird/bird_clean_00043.png,bird,animal,air,clean,bird_00317
clean/deer/deer_clean_00032.png,deer,animal,land,clean,deer_00318
clean/ship/ship_clean_00028.png,ship,vehicle,water,clean,ship_00319
clean/bird/bird_clean_00044.png,bird,animal,air,clean,bird_00320
clean/deer/deer_clean_00033.png,deer,animal,land,clean,deer_00321
clean/horse/horse_clean_00032.png,horse,animal,land,clean,horse_00322
clean/deer/deer_clean_00034.png,deer,animal,land,clean,deer_00323
clean/automobile/automobile_clean_00034.png,automobile,vehicle,land,clean,automobile_00324
clean/cat/cat_clean_00032.png,cat,animal,land,clean,cat_00325
clean/automobile/automobile_clean_00035.png,automobile,vehicle,land,clean,automobile_00326
clean/automobile/automobile_clean_00036.png,automobile,vehicle,land,clean,automobile_00327
clean/cat/cat_clean_00033.png,cat,animal,land,clean,cat_00328
clean/automobile/automobile_clean_00037.png,automobile,vehicle,land,clean,automobile_00329
clean/frog/frog_clean_00026.png,frog,animal,land,clean,frog_00330
clean/frog/frog_clean_00027.png,frog,animal,land,clean,frog_00331
clean/airplane/airplane_clean_00041.png,airplane,vehicle,air,clean,airplane_00332
clean/ship/ship_clean_00029.png,ship,vehicle,water,clean,ship_00333
clean/frog/frog_clean_00028.png,frog,animal,land,clean,frog_00334
clean/dog/dog_clean_00028.png,dog,animal,land,clean,dog_00335
clean/bird/bird_clean_00045.png,bird,animal,air,clean,bird_00336
clean/airplane/airplane_clean_00042.png,airplane,vehicle,air,clean,airplane_00337
clean/automobile/automobile_clean_00038.png,automobile,vehicle,land,clean,automobile_00338
clean/cat/cat_clean_00034.png,cat,animal,land,clean,cat_00339
clean/airplane/airplane_clean_00043.png,airplane,vehicle,air,clean,airplane_00340
clean/bird/bird_clean_00046.png,bird,animal,air,clean,bird_00341
clean/frog/frog_clean_00029.png,frog,animal,land,clean,frog_00342
clean/deer/deer_clean_00035.png,deer,animal,land,clean,deer_00343
clean/dog/dog_clean_00029.png,dog,animal,land,clean,dog_00344
clean/frog/frog_clean_00030.png,frog,animal,land,clean,frog_00345
clean/truck/truck_clean_00030.png,truck,vehicle,land,clean,truck_00346
clean/deer/deer_clean_00036.png,deer,animal,land,clean,deer_00347
clean/deer/deer_clean_00037.png,deer,animal,land,clean,deer_00348
clean/airplane/airplane_clean_00044.png,airplane,vehicle,air,clean,airplane_00349
clean/ship/ship_clean_00030.png,ship,vehicle,water,clean,ship_00350
clean/ship/ship_clean_00031.png,ship,vehicle,water,clean,ship_00351
clean/bird/bird_clean_00047.png,bird,animal,air,clean,bird_00352
clean/dog/dog_clean_00030.png,dog,animal,land,clean,dog_00353
clean/frog/frog_clean_00031.png,frog,animal,land,clean,frog_00354
clean/dog/dog_clean_00031.png,dog,animal,land,clean,dog_00355
clean/truck/truck_clean_00031.png,truck,vehicle,land,clean,truck_00356
clean/dog/dog_clean_00032.png,dog,animal,land,clean,dog_00357
clean/automobile/automobile_clean_00039.png,automobile,vehicle,land,clean,automobile_00358
clean/horse/horse_clean_00033.png,horse,animal,land,clean,horse_00359
clean/horse/horse_clean_00034.png,horse,animal,land,clean,horse_00360
clean/frog/frog_clean_00032.png,frog,animal,land,clean,frog_00361
clean/dog/dog_clean_00033.png,dog,animal,land,clean,dog_00362
clean/cat/cat_clean_00035.png,cat,animal,land,clean,cat_00363
clean/frog/frog_clean_00033.png,frog,animal,land,clean,frog_00364
clean/cat/cat_clean_00036.png,cat,animal,land,clean,cat_00365
clean/ship/ship_clean_00032.png,ship,vehicle,water,clean,ship_00366
clean/cat/cat_clean_00037.png,cat,animal,land,clean,cat_00367
clean/dog/dog_clean_00034.png,dog,animal,land,clean,dog_00368
clean/deer/deer_clean_00038.png,deer,animal,land,clean,deer_00369
clean/automobile/automobile_clean_00040.png,automobile,vehicle,land,clean,automobile_00370
clean/deer/deer_clean_00039.png,deer,animal,land,clean,deer_00371
clean/deer/deer_clean_00040.png,deer,animal,land,clean,deer_00372
clean/dog/dog_clean_00035.png,dog,animal,land,clean,dog_00373
clean/automobile/automobile_clean_00041.png,automobile,vehicle,land,clean,automobile_00374
clean/cat/cat_clean_00038.png,cat,animal,land,clean,cat_00375
clean/deer/deer_clean_00041.png,deer,animal,land,clean,deer_00376
clean/deer/deer_clean_00042.png,deer,animal,land,clean,deer_00377
clean/cat/cat_clean_00039.png,cat,animal,land,clean,cat_00378
clean/airplane/airplane_clean_00045.png,airplane,vehicle,air,clean,airplane_00379
clean/cat/cat_clean_00040.png,cat,animal,land,clean,cat_00380
clean/airplane/airplane_clean_00046.png,airplane,vehicle,air,clean,airplane_00381
clean/deer/deer_clean_00043.png,deer,animal,land,clean,deer_00382
clean/bird/bird_clean_00048.png,bird,animal,air,clean,bird_00383
clean/dog/dog_clean_00036.png,dog,animal,land,clean,dog_00384
clean/bird/bird_clean_00049.png,bird,animal,air,clean,bird_00385
clean/dog/dog_clean_00037.png,dog,animal,land,clean,dog_00386
clean/airplane/airplane_clean_00047.png,airplane,vehicle,air,clean,airplane_00387
clean/cat/cat_clean_00041.png,cat,animal,land,clean,cat_00388
clean/cat/cat_clean_00042.png,cat,animal,land,clean,cat_00389
clean/cat/cat_clean_00043.png,cat,animal,land,clean,cat_00390
clean/automobile/automobile_clean_00042.png,automobile,vehicle,land,clean,automobile_00391
clean/bird/bird_clean_00050.png,bird,animal,air,clean,bird_00392
clean/bird/bird_clean_00051.png,bird,animal,air,clean,bird_00393
clean/cat/cat_clean_00044.png,cat,animal,land,clean,cat_00394
clean/cat/cat_clean_00045.png,cat,animal,land,clean,cat_00395
clean/deer/deer_clean_00044.png,deer,animal,land,clean,deer_00396
clean/automobile/automobile_clean_00043.png,automobile,vehicle,land,clean,automobile_00397
clean/airplane/airplane_clean_00048.png,airplane,vehicle,air,clean,airplane_00398
clean/dog/dog_clean_00038.png,dog,animal,land,clean,dog_00399
clean/cat/cat_clean_00046.png,cat,animal,land,clean,cat_00400
clean/frog/frog_clean_00034.png,frog,animal,land,clean,frog_00401
clean/frog/frog_clean_00035.png,frog,animal,land,clean,frog_00402
clean/dog/dog_clean_00039.png,dog,animal,land,clean,dog_00403
clean/frog/frog_clean_00036.png,frog,animal,land,clean,frog_00404
clean/deer/deer_clean_00045.png,deer,animal,land,clean,deer_00405
clean/ship/ship_clean_00033.png,ship,vehicle,water,clean,ship_00406
clean/truck/truck_clean_00032.png,truck,vehicle,land,clean,truck_00407
clean/cat/cat_clean_00047.png,cat,animal,land,clean,cat_00408
clean/automobile/automobile_clean_00044.png,automobile,vehicle,land,clean,automobile_00409
clean/bird/bird_clean_00052.png,bird,animal,air,clean,bird_00410
clean/bird/bird_clean_00053.png,bird,animal,air,clean,bird_00411
clean/bird/bird_clean_00054.png,bird,animal,air,clean,bird_00412
clean/ship/ship_clean_00034.png,ship,vehicle,water,clean,ship_00413
clean/bird/bird_clean_00055.png,bird,animal,air,clean,bird_00414
clean/automobile/automobile_clean_00045.png,automobile,vehicle,land,clean,automobile_00415
clean/horse/horse_clean_00035.png,horse,animal,land,clean,horse_00416
clean/horse/horse_clean_00036.png,horse,animal,land,clean,horse_00417
clean/ship/ship_clean_00035.png,ship,vehicle,water,clean,ship_00418
clean/frog/frog_clean_00037.png,frog,animal,land,clean,frog_00419
clean/bird/bird_clean_00056.png,bird,animal,air,clean,bird_00420
clean/ship/ship_clean_00036.png,ship,vehicle,water,clean,ship_00421
clean/automobile/automobile_clean_00046.png,automobile,vehicle,land,clean,automobile_00422
clean/dog/dog_clean_00040.png,dog,animal,land,clean,dog_00423
clean/ship/ship_clean_00037.png,ship,vehicle,water,clean,ship_00424
clean/automobile/automobile_clean_00047.png,automobile,vehicle,land,clean,automobile_00425
clean/automobile/automobile_clean_00048.png,automobile,vehicle,land,clean,automobile_00426
clean/frog/frog_clean_00038.png,frog,animal,land,clean,frog_00427
clean/cat/cat_clean_00048.png,cat,animal,land,clean,cat_00428
clean/horse/horse_clean_00037.png,horse,animal,land,clean,horse_00429
clean/dog/dog_clean_00041.png,dog,animal,land,clean,dog_00430
clean/deer/deer_clean_00046.png,deer,animal,land,clean,deer_00431
clean/bird/bird_clean_00057.png,bird,animal,air,clean,bird_00432
clean/dog/dog_clean_00042.png,dog,animal,land,clean,dog_00433
clean/frog/frog_clean_00039.png,frog,animal,land,clean,frog_00434
clean/automobile/automobile_clean_00049.png,automobile,vehicle,land,clean,automobile_00435
clean/airplane/airplane_clean_00049.png,airplane,vehicle,air,clean,airplane_00436
clean/dog/dog_clean_00043.png,dog,animal,land,clean,dog_00437
clean/horse/horse_clean_00038.png,horse,animal,land,clean,horse_00438
clean/ship/ship_clean_00038.png,ship,vehicle,water,clean,ship_00439
clean/automobile/automobile_clean_00050.png,automobile,vehicle,land,clean,automobile_00440
clean/deer/deer_clean_00047.png,deer,animal,land,clean,deer_00441
clean/cat/cat_clean_00049.png,cat,animal,land,clean,cat_00442
clean/airplane/airplane_clean_00050.png,airplane,vehicle,air,clean,airplane_00443
clean/automobile/automobile_clean_00051.png,automobile,vehicle,land,clean,automobile_00444
clean/cat/cat_clean_00050.png,cat,animal,land,clean,cat_00445
clean/ship/ship_clean_00039.png,ship,vehicle,water,clean,ship_00446
clean/truck/truck_clean_00033.png,truck,vehicle,land,clean,truck_00447
clean/automobile/automobile_clean_00052.png,automobile,vehicle,land,clean,automobile_00448
clean/airplane/airplane_clean_00051.png,airplane,vehicle,air,clean,airplane_00449
clean/horse/horse_clean_00039.png,horse,animal,land,clean,horse_00450
clean/dog/dog_clean_00044.png,dog,animal,land,clean,dog_00451
clean/truck/truck_clean_00034.png,truck,vehicle,land,clean,truck_00452
clean/frog/frog_clean_00040.png,frog,animal,land,clean,frog_00453
clean/airplane/airplane_clean_00052.png,airplane,vehicle,air,clean,airplane_00454
clean/automobile/automobile_clean_00053.png,automobile,vehicle,land,clean,automobile_00455
clean/ship/ship_clean_00040.png,ship,vehicle,water,clean,ship_00456
clean/automobile/automobile_clean_00054.png,automobile,vehicle,land,clean,automobile_00457
clean/airplane/airplane_clean_00053.png,airplane,vehicle,air,clean,airplane_00458
clean/bird/bird_clean_00058.png,bird,animal,air,clean,bird_00459
clean/airplane/airplane_clean_00054.png,airplane,vehicle,air,clean,airplane_00460
clean/frog/frog_clean_00041.png,frog,animal,land,clean,frog_00461
clean/deer/deer_clean_00048.png,deer,animal,land,clean,deer_00462
clean/bird/bird_clean_00059.png,bird,animal,air,clean,bird_00463
clean/truck/truck_clean_00035.png,truck,vehicle,land,clean,truck_00464
clean/airplane/airplane_clean_00055.png,airplane,vehicle,air,clean,airplane_00465
clean/horse/horse_clean_00040.png,horse,animal,land,clean,horse_00466
clean/cat/cat_clean_00051.png,cat,animal,land,clean,cat_00467
clean/frog/frog_clean_00042.png,frog,animal,land,clean,frog_00468
clean/ship/ship_clean_00041.png,ship,vehicle,water,clean,ship_00469
clean/bird/bird_clean_00060.png,bird,animal,air,clean,bird_00470
clean/cat/cat_clean_00052.png,cat,animal,land,clean,cat_00471
clean/dog/dog_clean_00045.png,dog,animal,land,clean,dog_00472
clean/bird/bird_clean_00061.png,bird,animal,air,clean,bird_00473
clean/ship/ship_clean_00042.png,ship,vehicle,water,clean,ship_00474
clean/automobile/automobile_clean_00055.png,automobile,vehicle,land,clean,automobile_00475
clean/deer/deer_clean_00049.png,deer,animal,land,clean,deer_00476
clean/cat/cat_clean_00053.png,cat,animal,land,clean,cat_00477
clean/bird/bird_clean_00062.png,bird,animal,air,clean,bird_00478
clean/frog/frog_clean_00043.png,frog,animal,land,clean,frog_00479
clean/frog/frog_clean_00044.png,frog,animal,land,clean,frog_00480
clean/bird/bird_clean_00063.png,bird,animal,air,clean,bird_00481
clean/bird/bird_clean_00064.png,bird,animal,air,clean,bird_00482
clean/truck/truck_clean_00036.png,truck,vehicle,land,clean,truck_00483
clean/deer/deer_clean_00050.png,deer,animal,land,clean,deer_00484
clean/horse/horse_clean_00041.png,horse,animal,land,clean,horse_00485
clean/frog/frog_clean_00045.png,frog,animal,land,clean,frog_00486
clean/deer/deer_clean_00051.png,deer,animal,land,clean,deer_00487
clean/frog/frog_clean_00046.png,frog,animal,land,clean,frog_00488
clean/horse/horse_clean_00042.png,horse,animal,land,clean,horse_00489
clean/ship/ship_clean_00043.png,ship,vehicle,water,clean,ship_00490
clean/truck/truck_clean_00037.png,truck,vehicle,land,clean,truck_00491
clean/ship/ship_clean_00044.png,ship,vehicle,water,clean,ship_00492
clean/airplane/airplane_clean_00056.png,airplane,vehicle,air,clean,airplane_00493
clean/airplane/airplane_clean_00057.png,airplane,vehicle,air,clean,airplane_00494
clean/dog/dog_clean_00046.png,dog,animal,land,clean,dog_00495
clean/truck/truck_clean_00038.png,truck,vehicle,land,clean,truck_00496
clean/horse/horse_clean_00043.png,horse,animal,land,clean,horse_00497
clean/airplane/airplane_clean_00058.png,airplane,vehicle,air,clean,airplane_00498
clean/horse/horse_clean_00044.png,horse,animal,land,clean,horse_00499
clean/bird/bird_clean_00065.png,bird,animal,air,clean,bird_00500
clean/cat/cat_clean_00054.png,cat,animal,land,clean,cat_00501
clean/airplane/airplane_clean_00059.png,airplane,vehicle,air,clean,airplane_00502
clean/deer/deer_clean_00052.png,deer,animal,land,clean,deer_00503
clean/dog/dog_clean_00047.png,dog,animal,land,clean,dog_00504
clean/automobile/automobile_clean_00056.png,automobile,vehicle,land,clean,automobile_00505
clean/truck/truck_clean_00039.png,truck,vehicle,land,clean,truck_00506
clean/cat/cat_clean_00055.png,cat,animal,land,clean,cat_00507
clean/airplane/airplane_clean_00060.png,airplane,vehicle,air,clean,airplane_00508
clean/automobile/automobile_clean_00057.png,automobile,vehicle,land,clean,automobile_00509
clean/ship/ship_clean_00045.png,ship,vehicle,water,clean,ship_00510
clean/deer/deer_clean_00053.png,deer,animal,land,clean,deer_00511
clean/ship/ship_clean_00046.png,ship,vehicle,water,clean,ship_00512
clean/dog/dog_clean_00048.png,dog,animal,land,clean,dog_00513
clean/horse/horse_clean_00045.png,horse,animal,land,clean,horse_00514
clean/truck/truck_clean_00040.png,truck,vehicle,land,clean,truck_00515
clean/deer/deer_clean_00054.png,deer,animal,land,clean,deer_00516
clean/cat/cat_clean_00056.png,cat,animal,land,clean,cat_00517
clean/automobile/automobile_clean_00058.png,automobile,vehicle,land,clean,automobile_00518
clean/dog/dog_clean_00049.png,dog,animal,land,clean,dog_00519
clean/cat/cat_clean_00057.png,cat,animal,land,clean,cat_00520
clean/dog/dog_clean_00050.png,dog,animal,land,clean,dog_00521
clean/deer/deer_clean_00055.png,deer,animal,land,clean,deer_00522
clean/automobile/automobile_clean_00059.png,automobile,vehicle,land,clean,automobile_00523
clean/dog/dog_clean_00051.png,dog,animal,land,clean,dog_00524
clean/deer/deer_clean_00056.png,deer,animal,land,clean,deer_00525
clean/horse/horse_clean_00046.png,horse,animal,land,clean,horse_00526
clean/dog/dog_clean_00052.png,dog,animal,land,clean,dog_00527
clean/ship/ship_clean_00047.png,ship,vehicle,water,clean,ship_00528
clean/frog/frog_clean_00047.png,frog,animal,land,clean,frog_00529
clean/cat/cat_clean_00058.png,cat,animal,land,clean,cat_00530
clean/deer/deer_clean_00057.png,deer,animal,land,clean,deer_00531
clean/dog/dog_clean_00053.png,dog,animal,land,clean,dog_00532
clean/horse/horse_clean_00047.png,horse,animal,land,clean,horse_00533
clean/automobile/automobile_clean_00060.png,automobile,vehicle,land,clean,automobile_00534
clean/frog/frog_clean_00048.png,frog,animal,land,clean,frog_00535
clean/bird/bird_clean_00066.png,bird,animal,air,clean,bird_00536
clean/cat/cat_clean_00059.png,cat,animal,land,clean,cat_00537
clean/airplane/airplane_clean_00061.png,airplane,vehicle,air,clean,airplane_00538
clean/ship/ship_clean_00048.png,ship,vehicle,water,clean,ship_00539
clean/dog/dog_clean_00054.png,dog,animal,land,clean,dog_00540
clean/automobile/automobile_clean_00061.png,automobile,vehicle,land,clean,automobile_00541
clean/horse/horse_clean_00048.png,horse,animal,land,clean,horse_00542
clean/airplane/airplane_clean_00062.png,airplane,vehicle,air,clean,airplane_00543
clean/ship/ship_clean_00049.png,ship,vehicle,water,clean,ship_00544
clean/airplane/airplane_clean_00063.png,airplane,vehicle,air,clean,airplane_00545
clean/cat/cat_clean_00060.png,cat,animal,land,clean,cat_00546
clean/airplane/airplane_clean_00064.png,airplane,vehicle,air,clean,airplane_00547
clean/truck/truck_clean_00041.png,truck,vehicle,land,clean,truck_00548
clean/ship/ship_clean_00050.png,ship,vehicle,water,clean,ship_00549
clean/deer/deer_clean_00058.png,deer,animal,land,clean,deer_00550
clean/dog/dog_clean_00055.png,dog,animal,land,clean,dog_00551
clean/cat/cat_clean_00061.png,cat,animal,land,clean,cat_00552
clean/truck/truck_clean_00042.png,truck,vehicle,land,clean,truck_00553
clean/dog/dog_clean_00056.png,dog,animal,land,clean,dog_00554
clean/dog/dog_clean_00057.png,dog,animal,land,clean,dog_00555
clean/dog/dog_clean_00058.png,dog,animal,land,clean,dog_00556
clean/cat/cat_clean_00062.png,cat,animal,land,clean,cat_00557
clean/cat/cat_clean_00063.png,cat,animal,land,clean,cat_00558
clean/automobile/automobile_clean_00062.png,automobile,vehicle,land,clean,automobile_00559
clean/frog/frog_clean_00049.png,frog,animal,land,clean,frog_00560
clean/automobile/automobile_clean_00063.png,automobile,vehicle,land,clean,automobile_00561
clean/ship/ship_clean_00051.png,ship,vehicle,water,clean,ship_00562
clean/dog/dog_clean_00059.png,dog,animal,land,clean,dog_00563
clean/truck/truck_clean_00043.png,truck,vehicle,land,clean,truck_00564
clean/ship/ship_clean_00052.png,ship,vehicle,water,clean,ship_00565
clean/ship/ship_clean_00053.png,ship,vehicle,water,clean,ship_00566
clean/horse/horse_clean_00049.png,horse,animal,land,clean,horse_00567
clean/airplane/airplane_clean_00065.png,airplane,vehicle,air,clean,airplane_00568
clean/deer/deer_clean_00059.png,deer,animal,land,clean,deer_00569
clean/truck/truck_clean_00044.png,truck,vehicle,land,clean,truck_00570
clean/automobile/automobile_clean_00064.png,automobile,vehicle,land,clean,automobile_00571
clean/bird/bird_clean_00067.png,bird,animal,air,clean,bird_00572
clean/cat/cat_clean_00064.png,cat,animal,land,clean,cat_00573
clean/automobile/automobile_clean_00065.png,automobile,vehicle,land,clean,automobile_00574
clean/truck/truck_clean_00045.png,truck,vehicle,land,clean,truck_00575
clean/frog/frog_clean_00050.png,frog,animal,land,clean,frog_00576
clean/truck/truck_clean_00046.png,truck,vehicle,land,clean,truck_00577
clean/bird/bird_clean_00068.png,bird,animal,air,clean,bird_00578
clean/automobile/automobile_clean_00066.png,automobile,vehicle,land,clean,automobile_00579
clean/cat/cat_clean_00065.png,cat,animal,land,clean,cat_00580
clean/truck/truck_clean_00047.png,truck,vehicle,land,clean,truck_00581
clean/truck/truck_clean_00048.png,truck,vehicle,land,clean,truck_00582
clean/cat/cat_clean_00066.png,cat,animal,land,clean,cat_00583
clean/horse/horse_clean_00050.png,horse,animal,land,clean,horse_00584
clean/deer/deer_clean_00060.png,deer,animal,land,clean,deer_00585
clean/frog/frog_clean_00051.png,frog,animal,land,clean,frog_00586
clean/ship/ship_clean_00054.png,ship,vehicle,water,clean,ship_00587
clean/airplane/airplane_clean_00066.png,airplane,vehicle,air,clean,airplane_00588
clean/deer/deer_clean_00061.png,deer,animal,land,clean,deer_00589
clean/bird/bird_clean_00069.png,bird,animal,air,clean,bird_00590
clean/airplane/airplane_clean_00067.png,airplane,vehicle,air,clean,airplane_00591
clean/frog/frog_clean_00052.png,frog,animal,land,clean,frog_00592
clean/truck/truck_clean_00049.png,truck,vehicle,land,clean,truck_00593
clean/deer/deer_clean_00062.png,deer,animal,land,clean,deer_00594
clean/ship/ship_clean_00055.png,ship,vehicle,water,clean,ship_00595
clean/bird/bird_clean_00070.png,bird,animal,air,clean,bird_00596
clean/truck/truck_clean_00050.png,truck,vehicle,land,clean,truck_00597
clean/truck/truck_clean_00051.png,truck,vehicle,land,clean,truck_00598
clean/deer/deer_clean_00063.png,deer,animal,land,clean,deer_00599
clean/frog/frog_clean_00053.png,frog,animal,land,clean,frog_00600
clean/horse/horse_clean_00051.png,horse,animal,land,clean,horse_00601
clean/dog/dog_clean_00060.png,dog,animal,land,clean,dog_00602
clean/bird/bird_clean_00071.png,bird,animal,air,clean,bird_00603
clean/truck/truck_clean_00052.png,truck,vehicle,land,clean,truck_00604
clean/horse/horse_clean_00052.png,horse,animal,land,clean,horse_00605
clean/ship/ship_clean_00056.png,ship,vehicle,water,clean,ship_00606
clean/cat/cat_clean_00067.png,cat,animal,land,clean,cat_00607
clean/frog/frog_clean_00054.png,frog,animal,land,clean,frog_00608
clean/cat/cat_clean_00068.png,cat,animal,land,clean,cat_00609
clean/bird/bird_clean_00072.png,bird,animal,air,clean,bird_00610
clean/automobile/automobile_clean_00067.png,automobile,vehicle,land,clean,automobile_00611
clean/automobile/automobile_clean_00068.png,automobile,vehicle,land,clean,automobile_00612
clean/airplane/airplane_clean_00068.png,airplane,vehicle,air,clean,airplane_00613
clean/bird/bird_clean_00073.png,bird,animal,air,clean,bird_00614
clean/deer/deer_clean_00064.png,deer,animal,land,clean,deer_00615
clean/horse/horse_clean_00053.png,horse,animal,land,clean,horse_00616
clean/frog/frog_clean_00055.png,frog,animal,land,clean,frog_00617
clean/frog/frog_clean_00056.png,frog,animal,land,clean,frog_00618
clean/horse/horse_clean_00054.png,horse,animal,land,clean,horse_00619
clean/frog/frog_clean_00057.png,frog,animal,land,clean,frog_00620
clean/bird/bird_clean_00074.png,bird,animal,air,clean,bird_00621
clean/bird/bird_clean_00075.png,bird,animal,air,clean,bird_00622
clean/bird/bird_clean_00076.png,bird,animal,air,clean,bird_00623
clean/frog/frog_clean_00058.png,frog,animal,land,clean,frog_00624
clean/automobile/automobile_clean_00069.png,automobile,vehicle,land,clean,automobile_00625
clean/cat/cat_clean_00069.png,cat,animal,land,clean,cat_00626
clean/dog/dog_clean_00061.png,dog,animal,land,clean,dog_00627
clean/horse/horse_clean_00055.png,horse,animal,land,clean,horse_00628
clean/truck/truck_clean_00053.png,truck,vehicle,land,clean,truck_00629
clean/deer/deer_clean_00065.png,deer,animal,land,clean,deer_00630
clean/cat/cat_clean_00070.png,cat,animal,land,clean,cat_00631
clean/dog/dog_clean_00062.png,dog,animal,land,clean,dog_00632
clean/truck/truck_clean_00054.png,truck,vehicle,land,clean,truck_00633
clean/horse/horse_clean_00056.png,horse,animal,land,clean,horse_00634
clean/cat/cat_clean_00071.png,cat,animal,land,clean,cat_00635
clean/ship/ship_clean_00057.png,ship,vehicle,water,clean,ship_00636
clean/deer/deer_clean_00066.png,deer,animal,land,clean,deer_00637
clean/cat/cat_clean_00072.png,cat,animal,land,clean,cat_00638
clean/airplane/airplane_clean_00069.png,airplane,vehicle,air,clean,airplane_00639
clean/airplane/airplane_clean_00070.png,airplane,vehicle,air,clean,airplane_00640
clean/bird/bird_clean_00077.png,bird,animal,air,clean,bird_00641
clean/dog/dog_clean_00063.png,dog,animal,land,clean,dog_00642
clean/bird/bird_clean_00078.png,bird,animal,air,clean,bird_00643
clean/truck/truck_clean_00055.png,truck,vehicle,land,clean,truck_00644
clean/bird/bird_clean_00079.png,bird,animal,air,clean,bird_00645
clean/horse/horse_clean_00057.png,horse,animal,land,clean,horse_00646
clean/ship/ship_clean_00058.png,ship,vehicle,water,clean,ship_00647
clean/airplane/airplane_clean_00071.png,airplane,vehicle,air,clean,airplane_00648
clean/cat/cat_clean_00073.png,cat,animal,land,clean,cat_00649
clean/frog/frog_clean_00059.png,frog,animal,land,clean,frog_00650
clean/ship/ship_clean_00059.png,ship,vehicle,water,clean,ship_00651
clean/ship/ship_clean_00060.png,ship,vehicle,water,clean,ship_00652
clean/dog/dog_clean_00064.png,dog,animal,land,clean,dog_00653
clean/frog/frog_clean_00060.png,frog,animal,land,clean,frog_00654
clean/truck/truck_clean_00056.png,truck,vehicle,land,clean,truck_00655
clean/airplane/airplane_clean_00072.png,airplane,vehicle,air,clean,airplane_00656
clean/airplane/airplane_clean_00073.png,airplane,vehicle,air,clean,airplane_00657
clean/horse/horse_clean_00058.png,horse,animal,land,clean,horse_00658
clean/frog/frog_clean_00061.png,frog,animal,land,clean,frog_00659
clean/cat/cat_clean_00074.png,cat,animal,land,clean,cat_00660
clean/deer/deer_clean_00067.png,deer,animal,land,clean,deer_00661
clean/frog/frog_clean_00062.png,frog,animal,land,clean,frog_00662
clean/truck/truck_clean_00057.png,truck,vehicle,land,clean,truck_00663
clean/ship/ship_clean_00061.png,ship,vehicle,water,clean,ship_00664
clean/horse/horse_clean_00059.png,horse,animal,land,clean,horse_00665
clean/ship/ship_clean_00062.png,ship,vehicle,water,clean,ship_00666
clean/truck/truck_clean_00058.png,truck,vehicle,land,clean,truck_00667
clean/bird/bird_clean_00080.png,bird,animal,air,clean,bird_00668
clean/dog/dog_clean_00065.png,dog,animal,land,clean,dog_00669
clean/deer/deer_clean_00068.png,deer,animal,land,clean,deer_00670
clean/frog/frog_clean_00063.png,frog,animal,land,clean,frog_00671
clean/bird/bird_clean_00081.png,bird,animal,air,clean,bird_00672
clean/airplane/airplane_clean_00074.png,airplane,vehicle,air,clean,airplane_00673
clean/bird/bird_clean_00082.png,bird,animal,air,clean,bird_00674
clean/airplane/airplane_clean_00075.png,airplane,vehicle,air,clean,airplane_00675
clean/dog/dog_clean_00066.png,dog,animal,land,clean,dog_00676
clean/cat/cat_clean_00075.png,cat,animal,land,clean,cat_00677
clean/deer/deer_clean_00069.png,deer,animal,land,clean,deer_00678
clean/frog/frog_clean_00064.png,frog,animal,land,clean,frog_00679
clean/cat/cat_clean_00076.png,cat,animal,land,clean,cat_00680
clean/cat/cat_clean_00077.png,cat,animal,land,clean,cat_00681
clean/dog/dog_clean_00067.png,dog,animal,land,clean,dog_00682
clean/horse/horse_clean_00060.png,horse,animal,land,clean,horse_00683
clean/automobile/automobile_clean_00070.png,automobile,vehicle,land,clean,automobile_00684
clean/automobile/automobile_clean_00071.png,automobile,vehicle,land,clean,automobile_00685
clean/frog/frog_clean_00065.png,frog,animal,land,clean,frog_00686
clean/cat/cat_clean_00078.png,cat,animal,land,clean,cat_00687
clean/frog/frog_clean_00066.png,frog,animal,land,clean,frog_00688
clean/airplane/airplane_clean_00076.png,airplane,vehicle,air,clean,airplane_00689
clean/horse/horse_clean_00061.png,horse,animal,land,clean,horse_00690
clean/airplane/airplane_clean_00077.png,airplane,vehicle,air,clean,airplane_00691
clean/frog/frog_clean_00067.png,frog,animal,land,clean,frog_00692
clean/cat/cat_clean_00079.png,cat,animal,land,clean,cat_00693
clean/airplane/airplane_clean_00078.png,airplane,vehicle,air,clean,airplane_00694
clean/automobile/automobile_clean_00072.png,automobile,vehicle,land,clean,automobile_00695
clean/airplane/airplane_clean_00079.png,airplane,vehicle,air,clean,airplane_00696
clean/truck/truck_clean_00059.png,truck,vehicle,land,clean,truck_00697
clean/ship/ship_clean_00063.png,ship,vehicle,water,clean,ship_00698
clean/deer/deer_clean_00070.png,deer,animal,land,clean,deer_00699
clean/ship/ship_clean_00064.png,ship,vehicle,water,clean,ship_00700
clean/frog/frog_clean_00068.png,frog,animal,land,clean,frog_00701
clean/truck/truck_clean_00060.png,truck,vehicle,land,clean,truck_00702
clean/frog/frog_clean_00069.png,frog,animal,land,clean,frog_00703
clean/frog/frog_clean_00070.png,frog,animal,land,clean,frog_00704
clean/truck/truck_clean_00061.png,truck,vehicle,land,clean,truck_00705
clean/deer/deer_clean_00071.png,deer,animal,land,clean,deer_00706
clean/deer/deer_clean_00072.png,deer,animal,land,clean,deer_00707
clean/cat/cat_clean_00080.png,cat,animal,land,clean,cat_00708
clean/truck/truck_clean_00062.png,truck,vehicle,land,clean,truck_00709
clean/truck/truck_clean_00063.png,truck,vehicle,land,clean,truck_00710
clean/dog/dog_clean_00068.png,dog,animal,land,clean,dog_00711
clean/dog/dog_clean_00069.png,dog,animal,land,clean,dog_00712
clean/truck/truck_clean_00064.png,truck,vehicle,land,clean,truck_00713
clean/deer/deer_clean_00073.png,deer,animal,land,clean,deer_00714
clean/ship/ship_clean_00065.png,ship,vehicle,water,clean,ship_00715
clean/horse/horse_clean_00062.png,horse,animal,land,clean,horse_00716
clean/truck/truck_clean_00065.png,truck,vehicle,land,clean,truck_00717
clean/deer/deer_clean_00074.png,deer,animal,land,clean,deer_00718
clean/dog/dog_clean_00070.png,dog,animal,land,clean,dog_00719
clean/deer/deer_clean_00075.png,deer,animal,land,clean,deer_00720
clean/truck/truck_clean_00066.png,truck,vehicle,land,clean,truck_00721
clean/frog/frog_clean_00071.png,frog,animal,land,clean,frog_00722
clean/dog/dog_clean_00071.png,dog,animal,land,clean,dog_00723
clean/frog/frog_clean_00072.png,frog,animal,land,clean,frog_00724
clean/cat/cat_clean_00081.png,cat,animal,land,clean,cat_00725
clean/frog/frog_clean_00073.png,frog,animal,land,clean,frog_00726
clean/bird/bird_clean_00083.png,bird,animal,air,clean,bird_00727
clean/truck/truck_clean_00067.png,truck,vehicle,land,clean,truck_00728
clean/cat/cat_clean_00082.png,cat,animal,land,clean,cat_00729
clean/cat/cat_clean_00083.png,cat,animal,land,clean,cat_00730
clean/automobile/automobile_clean_00073.png,automobile,vehicle,land,clean,automobile_00731
clean/bird/bird_clean_00084.png,bird,animal,air,clean,bird_00732
clean/dog/dog_clean_00072.png,dog,animal,land,clean,dog_00733
clean/frog/frog_clean_00074.png,frog,animal,land,clean,frog_00734
clean/airplane/airplane_clean_00080.png,airplane,vehicle,air,clean,airplane_00735
clean/ship/ship_clean_00066.png,ship,vehicle,water,clean,ship_00736
clean/airplane/airplane_clean_00081.png,airplane,vehicle,air,clean,airplane_00737
clean/dog/dog_clean_00073.png,dog,animal,land,clean,dog_00738
clean/automobile/automobile_clean_00074.png,automobile,vehicle,land,clean,automobile_00739
clean/dog/dog_clean_00074.png,dog,animal,land,clean,dog_00740
clean/deer/deer_clean_00076.png,deer,animal,land,clean,deer_00741
clean/bird/bird_clean_00085.png,bird,animal,air,clean,bird_00742
clean/frog/frog_clean_00075.png,frog,animal,land,clean,frog_00743
clean/cat/cat_clean_00084.png,cat,animal,land,clean,cat_00744
clean/airplane/airplane_clean_00082.png,airplane,vehicle,air,clean,airplane_00745
clean/bird/bird_clean_00086.png,bird,animal,air,clean,bird_00746
clean/automobile/automobile_clean_00075.png,automobile,vehicle,land,clean,automobile_00747
clean/airplane/airplane_clean_00083.png,airplane,vehicle,air,clean,airplane_00748
clean/automobile/automobile_clean_00076.png,automobile,vehicle,land,clean,automobile_00749
clean/bird/bird_clean_00087.png,bird,animal,air,clean,bird_00750
clean/ship/ship_clean_00067.png,ship,vehicle,water,clean,ship_00751
clean/bird/bird_clean_00088.png,bird,animal,air,clean,bird_00752
clean/deer/deer_clean_00077.png,deer,animal,land,clean,deer_00753
clean/bird/bird_clean_00089.png,bird,animal,air,clean,bird_00754
clean/deer/deer_clean_00078.png,deer,animal,land,clean,deer_00755
clean/ship/ship_clean_00068.png,ship,vehicle,water,clean,ship_00756
clean/truck/truck_clean_00068.png,truck,vehicle,land,clean,truck_00757
clean/frog/frog_clean_00076.png,frog,animal,land,clean,frog_00758
clean/dog/dog_clean_00075.png,dog,animal,land,clean,dog_00759
clean/dog/dog_clean_00076.png,dog,animal,land,clean,dog_00760
clean/horse/horse_clean_00063.png,horse,animal,land,clean,horse_00761
clean/ship/ship_clean_00069.png,ship,vehicle,water,clean,ship_00762
clean/frog/frog_clean_00077.png,frog,animal,land,clean,frog_00763
clean/horse/horse_clean_00064.png,horse,animal,land,clean,horse_00764
clean/dog/dog_clean_00077.png,dog,animal,land,clean,dog_00765
clean/frog/frog_clean_00078.png,frog,animal,land,clean,frog_00766
clean/cat/cat_clean_00085.png,cat,animal,land,clean,cat_00767
clean/frog/frog_clean_00079.png,frog,animal,land,clean,frog_00768
clean/automobile/automobile_clean_00077.png,automobile,vehicle,land,clean,automobile_00769
clean/dog/dog_clean_00078.png,dog,animal,land,clean,dog_00770
clean/dog/dog_clean_00079.png,dog,animal,land,clean,dog_00771
clean/cat/cat_clean_00086.png,cat,animal,land,clean,cat_00772
clean/deer/deer_clean_00079.png,deer,animal,land,clean,deer_00773
clean/airplane/airplane_clean_00084.png,airplane,vehicle,air,clean,airplane_00774
clean/dog/dog_clean_00080.png,dog,animal,land,clean,dog_00775
clean/airplane/airplane_clean_00085.png,airplane,vehicle,air,clean,airplane_00776
clean/deer/deer_clean_00080.png,deer,animal,land,clean,deer_00777
clean/deer/deer_clean_00081.png,deer,animal,land,clean,deer_00778
clean/airplane/airplane_clean_00086.png,airplane,vehicle,air,clean,airplane_00779
clean/deer/deer_clean_00082.png,deer,animal,land,clean,deer_00780
clean/ship/ship_clean_00070.png,ship,vehicle,water,clean,ship_00781
clean/cat/cat_clean_00087.png,cat,animal,land,clean,cat_00782
clean/bird/bird_clean_00090.png,bird,animal,air,clean,bird_00783
clean/cat/cat_clean_00088.png,cat,animal,land,clean,cat_00784
clean/frog/frog_clean_00080.png,frog,animal,land,clean,frog_00785
clean/frog/frog_clean_00081.png,frog,animal,land,clean,frog_00786
clean/frog/frog_clean_00082.png,frog,animal,land,clean,frog_00787
clean/dog/dog_clean_00081.png,dog,animal,land,clean,dog_00788
clean/truck/truck_clean_00069.png,truck,vehicle,land,clean,truck_00789
clean/frog/frog_clean_00083.png,frog,animal,land,clean,frog_00790
clean/frog/frog_clean_00084.png,frog,animal,land,clean,frog_00791
clean/frog/frog_clean_00085.png,frog,animal,land,clean,frog_00792
clean/deer/deer_clean_00083.png,deer,animal,land,clean,deer_00793
clean/frog/frog_clean_00086.png,frog,animal,land,clean,frog_00794
clean/truck/truck_clean_00070.png,truck,vehicle,land,clean,truck_00795
clean/frog/frog_clean_00087.png,frog,animal,land,clean,frog_00796
clean/dog/dog_clean_00082.png,dog,animal,land,clean,dog_00797
clean/ship/ship_clean_00071.png,ship,vehicle,water,clean,ship_00798
clean/horse/horse_clean_00065.png,horse,animal,land,clean,horse_00799
clean/truck/truck_clean_00071.png,truck,vehicle,land,clean,truck_00800
clean/frog/frog_clean_00088.png,frog,animal,land,clean,frog_00801
clean/deer/deer_clean_00084.png,deer,animal,land,clean,deer_00802
clean/ship/ship_clean_00072.png,ship,vehicle,water,clean,ship_00803
clean/truck/truck_clean_00072.png,truck,vehicle,land,clean,truck_00804
clean/truck/truck_clean_00073.png,truck,vehicle,land,clean,truck_00805
clean/horse/horse_clean_00066.png,horse,animal,land,clean,horse_00806
clean/automobile/automobile_clean_00078.png,automobile,vehicle,land,clean,automobile_00807
clean/bird/bird_clean_00091.png,bird,animal,air,clean,bird_00808
clean/dog/dog_clean_00083.png,dog,animal,land,clean,dog_00809
clean/bird/bird_clean_00092.png,bird,animal,air,clean,bird_00810
clean/cat/cat_clean_00089.png,cat,animal,land,clean,cat_00811
clean/automobile/automobile_clean_00079.png,automobile,vehicle,land,clean,automobile_00812
clean/dog/dog_clean_00084.png,dog,animal,land,clean,dog_00813
clean/deer/deer_clean_00085.png,deer,animal,land,clean,deer_00814
clean/airplane/airplane_clean_00087.png,airplane,vehicle,air,clean,airplane_00815
clean/bird/bird_clean_00093.png,bird,animal,air,clean,bird_00816
clean/airplane/airplane_clean_00088.png,airplane,vehicle,air,clean,airplane_00817
clean/frog/frog_clean_00089.png,frog,animal,land,clean,frog_00818
clean/ship/ship_clean_00073.png,ship,vehicle,water,clean,ship_00819
clean/ship/ship_clean_00074.png,ship,vehicle,water,clean,ship_00820
clean/cat/cat_clean_00090.png,cat,animal,land,clean,cat_00821
clean/airplane/airplane_clean_00089.png,airplane,vehicle,air,clean,airplane_00822
clean/bird/bird_clean_00094.png,bird,animal,air,clean,bird_00823
clean/bird/bird_clean_00095.png,bird,animal,air,clean,bird_00824
clean/frog/frog_clean_00090.png,frog,animal,land,clean,frog_00825
clean/automobile/automobile_clean_00080.png,automobile,vehicle,land,clean,automobile_00826
clean/deer/deer_clean_00086.png,deer,animal,land,clean,deer_00827
clean/horse/horse_clean_00067.png,horse,animal,land,clean,horse_00828
clean/horse/horse_clean_00068.png,horse,animal,land,clean,horse_00829
clean/airplane/airplane_clean_00090.png,airplane,vehicle,air,clean,airplane_00830
clean/deer/deer_clean_00087.png,deer,animal,land,clean,deer_00831
clean/truck/truck_clean_00074.png,truck,vehicle,land,clean,truck_00832
clean/frog/frog_clean_00091.png,frog,animal,land,clean,frog_00833
clean/deer/deer_clean_00088.png,deer,animal,land,clean,deer_00834
clean/deer/deer_clean_00089.png,deer,animal,land,clean,deer_00835
clean/airplane/airplane_clean_00091.png,airplane,vehicle,air,clean,airplane_00836
clean/dog/dog_clean_00085.png,dog,animal,land,clean,dog_00837
clean/cat/cat_clean_00091.png,cat,animal,land,clean,cat_00838
clean/bird/bird_clean_00096.png,bird,animal,air,clean,bird_00839
clean/truck/truck_clean_00075.png,truck,vehicle,land,clean,truck_00840
clean/automobile/automobile_clean_00081.png,automobile,vehicle,land,clean,automobile_00841
clean/cat/cat_clean_00092.png,cat,animal,land,clean,cat_00842
clean/airplane/airplane_clean_00092.png,airplane,vehicle,air,clean,airplane_00843
clean/ship/ship_clean_00075.png,ship,vehicle,water,clean,ship_00844
clean/truck/truck_clean_00076.png,truck,vehicle,land,clean,truck_00845
clean/cat/cat_clean_00093.png,cat,animal,land,clean,cat_00846
clean/automobile/automobile_clean_00082.png,automobile,vehicle,land,clean,automobile_00847
clean/truck/truck_clean_00077.png,truck,vehicle,land,clean,truck_00848
clean/deer/deer_clean_00090.png,deer,animal,land,clean,deer_00849
clean/deer/deer_clean_00091.png,deer,animal,land,clean,deer_00850
clean/automobile/automobile_clean_00083.png,automobile,vehicle,land,clean,automobile_00851
clean/airplane/airplane_clean_00093.png,airplane,vehicle,air,clean,airplane_00852
clean/horse/horse_clean_00069.png,horse,animal,land,clean,horse_00853
clean/truck/truck_clean_00078.png,truck,vehicle,land,clean,truck_00854
clean/bird/bird_clean_00097.png,bird,animal,air,clean,bird_00855
clean/ship/ship_clean_00076.png,ship,vehicle,water,clean,ship_00856
clean/horse/horse_clean_00070.png,horse,animal,land,clean,horse_00857
clean/frog/frog_clean_00092.png,frog,animal,land,clean,frog_00858
clean/frog/frog_clean_00093.png,frog,animal,land,clean,frog_00859
clean/ship/ship_clean_00077.png,ship,vehicle,water,clean,ship_00860
clean/deer/deer_clean_00092.png,deer,animal,land,clean,deer_00861
clean/bird/bird_clean_00098.png,bird,animal,air,clean,bird_00862
clean/deer/deer_clean_00093.png,deer,animal,land,clean,deer_00863
clean/horse/horse_clean_00071.png,horse,animal,land,clean,horse_00864
clean/frog/frog_clean_00094.png,frog,animal,land,clean,frog_00865
clean/ship/ship_clean_00078.png,ship,vehicle,water,clean,ship_00866
clean/horse/horse_clean_00072.png,horse,animal,land,clean,horse_00867
clean/ship/ship_clean_00079.png,ship,vehicle,water,clean,ship_00868
clean/airplane/airplane_clean_00094.png,airplane,vehicle,air,clean,airplane_00869
clean/horse/horse_clean_00073.png,horse,animal,land,clean,horse_00870
clean/dog/dog_clean_00086.png,dog,animal,land,clean,dog_00871
clean/frog/frog_clean_00095.png,frog,animal,land,clean,frog_00872
clean/bird/bird_clean_00099.png,bird,animal,air,clean,bird_00873
clean/cat/cat_clean_00094.png,cat,animal,land,clean,cat_00874
clean/dog/dog_clean_00087.png,dog,animal,land,clean,dog_00875
clean/dog/dog_clean_00088.png,dog,animal,land,clean,dog_00876
clean/cat/cat_clean_00095.png,cat,animal,land,clean,cat_00877
clean/frog/frog_clean_00096.png,frog,animal,land,clean,frog_00878
clean/frog/frog_clean_00097.png,frog,animal,land,clean,frog_00879
clean/ship/ship_clean_00080.png,ship,vehicle,water,clean,ship_00880
clean/airplane/airplane_clean_00095.png,airplane,vehicle,air,clean,airplane_00881
clean/horse/horse_clean_00074.png,horse,animal,land,clean,horse_00882
clean/automobile/automobile_clean_00084.png,automobile,vehicle,land,clean,automobile_00883
clean/frog/frog_clean_00098.png,frog,animal,land,clean,frog_00884
clean/cat/cat_clean_00096.png,cat,animal,land,clean,cat_00885
clean/ship/ship_clean_00081.png,ship,vehicle,water,clean,ship_00886
clean/ship/ship_clean_00082.png,ship,vehicle,water,clean,ship_00887
clean/truck/truck_clean_00079.png,truck,vehicle,land,clean,truck_00888
clean/bird/bird_clean_00100.png,bird,animal,air,clean,bird_00889
clean/bird/bird_clean_00101.png,bird,animal,air,clean,bird_00890
clean/bird/bird_clean_00102.png,bird,animal,air,clean,bird_00891
clean/cat/cat_clean_00097.png,cat,animal,land,clean,cat_00892
clean/dog/dog_clean_00089.png,dog,animal,land,clean,dog_00893
clean/horse/horse_clean_00075.png,horse,animal,land,clean,horse_00894
clean/frog/frog_clean_00099.png,frog,animal,land,clean,frog_00895
clean/automobile/automobile_clean_00085.png,automobile,vehicle,land,clean,automobile_00896
clean/deer/deer_clean_00094.png,deer,animal,land,clean,deer_00897
clean/dog/dog_clean_00090.png,dog,animal,land,clean,dog_00898
clean/airplane/airplane_clean_00096.png,airplane,vehicle,air,clean,airplane_00899
clean/ship/ship_clean_00083.png,ship,vehicle,water,clean,ship_00900
clean/airplane/airplane_clean_00097.png,airplane,vehicle,air,clean,airplane_00901
clean/horse/horse_clean_00076.png,horse,animal,land,clean,horse_00902
clean/cat/cat_clean_00098.png,cat,animal,land,clean,cat_00903
clean/cat/cat_clean_00099.png,cat,animal,land,clean,cat_00904
clean/truck/truck_clean_00080.png,truck,vehicle,land,clean,truck_00905
clean/horse/horse_clean_00077.png,horse,animal,land,clean,horse_00906
clean/ship/ship_clean_00084.png,ship,vehicle,water,clean,ship_00907
clean/horse/horse_clean_00078.png,horse,animal,land,clean,horse_00908
clean/automobile/automobile_clean_00086.png,automobile,vehicle,land,clean,automobile_00909
clean/ship/ship_clean_00085.png,ship,vehicle,water,clean,ship_00910
clean/bird/bird_clean_00103.png,bird,animal,air,clean,bird_00911
clean/horse/horse_clean_00079.png,horse,animal,land,clean,horse_00912
clean/ship/ship_clean_00086.png,ship,vehicle,water,clean,ship_00913
clean/truck/truck_clean_00081.png,truck,vehicle,land,clean,truck_00914
clean/horse/horse_clean_00080.png,horse,animal,land,clean,horse_00915
clean/airplane/airplane_clean_00098.png,airplane,vehicle,air,clean,airplane_00916
clean/horse/horse_clean_00081.png,horse,animal,land,clean,horse_00917
clean/deer/deer_clean_00095.png,deer,animal,land,clean,deer_00918
clean/truck/truck_clean_00082.png,truck,vehicle,land,clean,truck_00919
clean/ship/ship_clean_00087.png,ship,vehicle,water,clean,ship_00920
clean/dog/dog_clean_00091.png,dog,animal,land,clean,dog_00921
clean/bird/bird_clean_00104.png,bird,animal,air,clean,bird_00922
clean/dog/dog_clean_00092.png,dog,animal,land,clean,dog_00923
clean/frog/frog_clean_00100.png,frog,animal,land,clean,frog_00924
clean/truck/truck_clean_00083.png,truck,vehicle,land,clean,truck_00925
clean/dog/dog_clean_00093.png,dog,animal,land,clean,dog_00926
clean/airplane/airplane_clean_00099.png,airplane,vehicle,air,clean,airplane_00927
clean/dog/dog_clean_00094.png,dog,animal,land,clean,dog_00928
clean/bird/bird_clean_00105.png,bird,animal,air,clean,bird_00929
clean/horse/horse_clean_00082.png,horse,animal,land,clean,horse_00930
clean/deer/deer_clean_00096.png,deer,animal,land,clean,deer_00931
clean/frog/frog_clean_00101.png,frog,animal,land,clean,frog_00932
clean/automobile/automobile_clean_00087.png,automobile,vehicle,land,clean,automobile_00933
clean/bird/bird_clean_00106.png,bird,animal,air,clean,bird_00934
clean/automobile/automobile_clean_00088.png,automobile,vehicle,land,clean,automobile_00935
clean/truck/truck_clean_00084.png,truck,vehicle,land,clean,truck_00936
clean/ship/ship_clean_00088.png,ship,vehicle,water,clean,ship_00937
clean/airplane/airplane_clean_00100.png,airplane,vehicle,air,clean,airplane_00938
clean/automobile/automobile_clean_00089.png,automobile,vehicle,land,clean,automobile_00939
clean/deer/deer_clean_00097.png,deer,animal,land,clean,deer_00940
clean/dog/dog_clean_00095.png,dog,animal,land,clean,dog_00941
clean/deer/deer_clean_00098.png,deer,animal,land,clean,deer_00942
clean/deer/deer_clean_00099.png,deer,animal,land,clean,deer_00943
clean/ship/ship_clean_00089.png,ship,vehicle,water,clean,ship_00944
clean/dog/dog_clean_00096.png,dog,animal,land,clean,dog_00945
clean/cat/cat_clean_00100.png,cat,animal,land,clean,cat_00946
clean/automobile/automobile_clean_00090.png,automobile,vehicle,land,clean,automobile_00947
clean/cat/cat_clean_00101.png,cat,animal,land,clean,cat_00948
clean/ship/ship_clean_00090.png,ship,vehicle,water,clean,ship_00949
clean/ship/ship_clean_00091.png,ship,vehicle,water,clean,ship_00950
clean/frog/frog_clean_00102.png,frog,animal,land,clean,frog_00951
clean/dog/dog_clean_00097.png,dog,animal,land,clean,dog_00952
clean/automobile/automobile_clean_00091.png,automobile,vehicle,land,clean,automobile_00953
clean/cat/cat_clean_00102.png,cat,animal,land,clean,cat_00954
clean/horse/horse_clean_00083.png,horse,animal,land,clean,horse_00955
clean/automobile/automobile_clean_00092.png,automobile,vehicle,land,clean,automobile_00956
clean/dog/dog_clean_00098.png,dog,animal,land,clean,dog_00957
clean/cat/cat_clean_00103.png,cat,animal,land,clean,cat_00958
clean/cat/cat_clean_00104.png,cat,animal,land,clean,cat_00959
clean/ship/ship_clean_00092.png,ship,vehicle,water,clean,ship_00960
clean/airplane/airplane_clean_00101.png,airplane,vehicle,air,clean,airplane_00961
clean/dog/dog_clean_00099.png,dog,animal,land,clean,dog_00962
clean/ship/ship_clean_00093.png,ship,vehicle,water,clean,ship_00963
clean/dog/dog_clean_00100.png,dog,animal,land,clean,dog_00964
clean/ship/ship_clean_00094.png,ship,vehicle,water,clean,ship_00965
clean/dog/dog_clean_00101.png,dog,animal,land,clean,dog_00966
clean/truck/truck_clean_00085.png,truck,vehicle,land,clean,truck_00967
clean/airplane/airplane_clean_00102.png,airplane,vehicle,air,clean,airplane_00968
clean/cat/cat_clean_00105.png,cat,animal,land,clean,cat_00969
clean/ship/ship_clean_00095.png,ship,vehicle,water,clean,ship_00970
clean/cat/cat_clean_00106.png,cat,animal,land,clean,cat_00971
clean/horse/horse_clean_00084.png,horse,animal,land,clean,horse_00972
clean/deer/deer_clean_00100.png,deer,animal,land,clean,deer_00973
clean/frog/frog_clean_00103.png,frog,animal,land,clean,frog_00974
clean/cat/cat_clean_00107.png,cat,animal,land,clean,cat_00975
clean/horse/horse_clean_00085.png,horse,animal,land,clean,horse_00976
clean/deer/deer_clean_00101.png,deer,animal,land,clean,deer_00977
clean/frog/frog_clean_00104.png,frog,animal,land,clean,frog_00978
clean/cat/cat_clean_00108.png,cat,animal,land,clean,cat_00979
clean/deer/deer_clean_00102.png,deer,animal,land,clean,deer_00980
clean/automobile/automobile_clean_00093.png,automobile,vehicle,land,clean,automobile_00981
clean/dog/dog_clean_00102.png,dog,animal,land,clean,dog_00982
clean/horse/horse_clean_00086.png,horse,animal,land,clean,horse_00983
clean/cat/cat_clean_00109.png,cat,animal,land,clean,cat_00984
clean/airplane/airplane_clean_00103.png,airplane,vehicle,air,clean,airplane_00985
clean/automobile/automobile_clean_00094.png,automobile,vehicle,land,clean,automobile_00986
clean/automobile/automobile_clean_00095.png,automobile,vehicle,land,clean,automobile_00987
clean/bird/bird_clean_00107.png,bird,animal,air,clean,bird_00988
clean/horse/horse_clean_00087.png,horse,animal,land,clean,horse_00989
clean/dog/dog_clean_00103.png,dog,animal,land,clean,dog_00990
clean/deer/deer_clean_00103.png,deer,animal,land,clean,deer_00991
clean/ship/ship_clean_00096.png,ship,vehicle,water,clean,ship_00992
clean/automobile/automobile_clean_00096.png,automobile,vehicle,land,clean,automobile_00993
clean/automobile/automobile_clean_00097.png,automobile,vehicle,land,clean,automobile_00994
clean/automobile/automobile_clean_00098.png,automobile,vehicle,land,clean,automobile_00995
clean/ship/ship_clean_00097.png,ship,vehicle,water,clean,ship_00996
clean/bird/bird_clean_00108.png,bird,animal,air,clean,bird_00997
clean/bird/bird_clean_00109.png,bird,animal,air,clean,bird_00998
clean/airplane/airplane_clean_00104.png,airplane,vehicle,air,clean,airplane_00999
clean/truck/truck_clean_00086.png,truck,vehicle,land,clean,truck_01000
clean/airplane/airplane_clean_00105.png,airplane,vehicle,air,clean,airplane_01001
clean/deer/deer_clean_00104.png,deer,animal,land,clean,deer_01002
clean/automobile/automobile_clean_00099.png,automobile,vehicle,land,clean,automobile_01003
clean/horse/horse_clean_00088.png,horse,animal,land,clean,horse_01004
clean/ship/ship_clean_00098.png,ship,vehicle,water,clean,ship_01005
clean/frog/frog_clean_00105.png,frog,animal,land,clean,frog_01006
clean/cat/cat_clean_00110.png,cat,animal,land,clean,cat_01007
clean/automobile/automobile_clean_00100.png,automobile,vehicle,land,clean,automobile_01008
clean/truck/truck_clean_00087.png,truck,vehicle,land,clean,truck_01009
clean/truck/truck_clean_00088.png,truck,vehicle,land,clean,truck_01010
clean/automobile/automobile_clean_00101.png,automobile,vehicle,land,clean,automobile_01011
clean/cat/cat_clean_00111.png,cat,animal,land,clean,cat_01012
clean/ship/ship_clean_00099.png,ship,vehicle,water,clean,ship_01013
clean/ship/ship_clean_00100.png,ship,vehicle,water,clean,ship_01014
clean/automobile/automobile_clean_00102.png,automobile,vehicle,land,clean,automobile_01015
clean/ship/ship_clean_00101.png,ship,vehicle,water,clean,ship_01016
clean/bird/bird_clean_00110.png,bird,animal,air,clean,bird_01017
clean/ship/ship_clean_00102.png,ship,vehicle,water,clean,ship_01018
clean/frog/frog_clean_00106.png,frog,animal,land,clean,frog_01019
clean/dog/dog_clean_00104.png,dog,animal,land,clean,dog_01020
clean/cat/cat_clean_00112.png,cat,animal,land,clean,cat_01021
clean/dog/dog_clean_00105.png,dog,animal,land,clean,dog_01022
clean/deer/deer_clean_00105.png,deer,animal,land,clean,deer_01023
clean/ship/ship_clean_00103.png,ship,vehicle,water,clean,ship_01024
clean/truck/truck_clean_00089.png,truck,vehicle,land,clean,truck_01025
clean/ship/ship_clean_00104.png,ship,vehicle,water,clean,ship_01026
clean/deer/deer_clean_00106.png,deer,animal,land,clean,deer_01027
clean/deer/deer_clean_00107.png,deer,animal,land,clean,deer_01028
clean/deer/deer_clean_00108.png,deer,animal,land,clean,deer_01029
clean/airplane/airplane_clean_00106.png,airplane,vehicle,air,clean,airplane_01030
clean/ship/ship_clean_00105.png,ship,vehicle,water,clean,ship_01031
clean/horse/horse_clean_00089.png,horse,animal,land,clean,horse_01032
clean/deer/deer_clean_00109.png,deer,animal,land,clean,deer_01033
clean/ship/ship_clean_00106.png,ship,vehicle,water,clean,ship_01034
clean/frog/frog_clean_00107.png,frog,animal,land,clean,frog_01035
clean/truck/truck_clean_00090.png,truck,vehicle,land,clean,truck_01036
clean/truck/truck_clean_00091.png,truck,vehicle,land,clean,truck_01037
clean/cat/cat_clean_00113.png,cat,animal,land,clean,cat_01038
clean/ship/ship_clean_00107.png,ship,vehicle,water,clean,ship_01039
clean/truck/truck_clean_00092.png,truck,vehicle,land,clean,truck_01040
clean/deer/deer_clean_00110.png,deer,animal,land,clean,deer_01041
clean/automobile/automobile_clean_00103.png,automobile,vehicle,land,clean,automobile_01042
clean/airplane/airplane_clean_00107.png,airplane,vehicle,air,clean,airplane_01043
clean/cat/cat_clean_00114.png,cat,animal,land,clean,cat_01044
clean/dog/dog_clean_00106.png,dog,animal,land,clean,dog_01045
clean/horse/horse_clean_00090.png,horse,animal,land,clean,horse_01046
clean/ship/ship_clean_00108.png,ship,vehicle,water,clean,ship_01047
clean/dog/dog_clean_00107.png,dog,animal,land,clean,dog_01048
clean/cat/cat_clean_00115.png,cat,animal,land,clean,cat_01049
clean/horse/horse_clean_00091.png,horse,animal,land,clean,horse_01050
clean/frog/frog_clean_00108.png,frog,animal,land,clean,frog_01051
clean/bird/bird_clean_00111.png,bird,animal,air,clean,bird_01052
clean/airplane/airplane_clean_00108.png,airplane,vehicle,air,clean,airplane_01053
clean/truck/truck_clean_00093.png,truck,vehicle,land,clean,truck_01054
clean/dog/dog_clean_00108.png,dog,animal,land,clean,dog_01055
clean/truck/truck_clean_00094.png,truck,vehicle,land,clean,truck_01056
clean/ship/ship_clean_00109.png,ship,vehicle,water,clean,ship_01057
clean/horse/horse_clean_00092.png,horse,animal,land,clean,horse_01058
clean/automobile/automobile_clean_00104.png,automobile,vehicle,land,clean,automobile_01059
clean/deer/deer_clean_00111.png,deer,animal,land,clean,deer_01060
clean/truck/truck_clean_00095.png,truck,vehicle,land,clean,truck_01061
clean/airplane/airplane_clean_00109.png,airplane,vehicle,air,clean,airplane_01062
clean/ship/ship_clean_00110.png,ship,vehicle,water,clean,ship_01063
clean/cat/cat_clean_00116.png,cat,animal,land,clean,cat_01064
clean/truck/truck_clean_00096.png,truck,vehicle,land,clean,truck_01065
clean/truck/truck_clean_00097.png,truck,vehicle,land,clean,truck_01066
clean/truck/truck_clean_00098.png,truck,vehicle,land,clean,truck_01067
clean/airplane/airplane_clean_00110.png,airplane,vehicle,air,clean,airplane_01068
clean/frog/frog_clean_00109.png,frog,animal,land,clean,frog_01069
clean/airplane/airplane_clean_00111.png,airplane,vehicle,air,clean,airplane_01070
clean/horse/horse_clean_00093.png,horse,animal,land,clean,horse_01071
clean/deer/deer_clean_00112.png,deer,animal,land,clean,deer_01072
clean/deer/deer_clean_00113.png,deer,animal,land,clean,deer_01073
clean/horse/horse_clean_00094.png,horse,animal,land,clean,horse_01074
clean/truck/truck_clean_00099.png,truck,vehicle,land,clean,truck_01075
clean/horse/horse_clean_00095.png,horse,animal,land,clean,horse_01076
clean/ship/ship_clean_00111.png,ship,vehicle,water,clean,ship_01077
clean/airplane/airplane_clean_00112.png,airplane,vehicle,air,clean,airplane_01078
clean/frog/frog_clean_00110.png,frog,animal,land,clean,frog_01079
clean/horse/horse_clean_00096.png,horse,animal,land,clean,horse_01080
clean/deer/deer_clean_00114.png,deer,animal,land,clean,deer_01081
clean/airplane/airplane_clean_00113.png,airplane,vehicle,air,clean,airplane_01082
clean/frog/frog_clean_00111.png,frog,animal,land,clean,frog_01083
clean/automobile/automobile_clean_00105.png,automobile,vehicle,land,clean,automobile_01084
clean/cat/cat_clean_00117.png,cat,animal,land,clean,cat_01085
clean/dog/dog_clean_00109.png,dog,animal,land,clean,dog_01086
clean/deer/deer_clean_00115.png,deer,animal,land,clean,deer_01087
clean/bird/bird_clean_00112.png,bird,animal,air,clean,bird_01088
clean/frog/frog_clean_00112.png,frog,animal,land,clean,frog_01089
clean/bird/bird_clean_00113.png,bird,animal,air,clean,bird_01090
clean/automobile/automobile_clean_00106.png,automobile,vehicle,land,clean,automobile_01091
clean/horse/horse_clean_00097.png,horse,animal,land,clean,horse_01092
clean/ship/ship_clean_00112.png,ship,vehicle,water,clean,ship_01093
clean/automobile/automobile_clean_00107.png,automobile,vehicle,land,clean,automobile_01094
clean/cat/cat_clean_00118.png,cat,animal,land,clean,cat_01095
clean/cat/cat_clean_00119.png,cat,animal,land,clean,cat_01096
clean/truck/truck_clean_00100.png,truck,vehicle,land,clean,truck_01097
clean/horse/horse_clean_00098.png,horse,animal,land,clean,horse_01098
clean/deer/deer_clean_00116.png,deer,animal,land,clean,deer_01099
clean/truck/truck_clean_00101.png,truck,vehicle,land,clean,truck_01100
clean/deer/deer_clean_00117.png,deer,animal,land,clean,deer_01101
clean/frog/frog_clean_00113.png,frog,animal,land,clean,frog_01102
clean/airplane/airplane_clean_00114.png,airplane,vehicle,air,clean,airplane_01103
clean/horse/horse_clean_00099.png,horse,animal,land,clean,horse_01104
clean/horse/horse_clean_00100.png,horse,animal,land,clean,horse_01105
clean/frog/frog_clean_00114.png,frog,animal,land,clean,frog_01106
clean/cat/cat_clean_00120.png,cat,animal,land,clean,cat_01107
clean/truck/truck_clean_00102.png,truck,vehicle,land,clean,truck_01108
clean/deer/deer_clean_00118.png,deer,animal,land,clean,deer_01109
clean/cat/cat_clean_00121.png,cat,animal,land,clean,cat_01110
clean/bird/bird_clean_00114.png,bird,animal,air,clean,bird_01111
clean/automobile/automobile_clean_00108.png,automobile,vehicle,land,clean,automobile_01112
clean/truck/truck_clean_00103.png,truck,vehicle,land,clean,truck_01113
clean/truck/truck_clean_00104.png,truck,vehicle,land,clean,truck_01114
clean/horse/horse_clean_00101.png,horse,animal,land,clean,horse_01115
clean/truck/truck_clean_00105.png,truck,vehicle,land,clean,truck_01116
clean/horse/horse_clean_00102.png,horse,animal,land,clean,horse_01117
clean/airplane/airplane_clean_00115.png,airplane,vehicle,air,clean,airplane_01118
clean/frog/frog_clean_00115.png,frog,animal,land,clean,frog_01119
clean/airplane/airplane_clean_00116.png,airplane,vehicle,air,clean,airplane_01120
clean/frog/frog_clean_00116.png,frog,animal,land,clean,frog_01121
clean/ship/ship_clean_00113.png,ship,vehicle,water,clean,ship_01122
clean/cat/cat_clean_00122.png,cat,animal,land,clean,cat_01123
clean/automobile/automobile_clean_00109.png,automobile,vehicle,land,clean,automobile_01124
clean/truck/truck_clean_00106.png,truck,vehicle,land,clean,truck_01125
clean/deer/deer_clean_00119.png,deer,animal,land,clean,deer_01126
clean/deer/deer_clean_00120.png,deer,animal,land,clean,deer_01127
clean/ship/ship_clean_00114.png,ship,vehicle,water,clean,ship_01128
clean/dog/dog_clean_00110.png,dog,animal,land,clean,dog_01129
clean/truck/truck_clean_00107.png,truck,vehicle,land,clean,truck_01130
clean/bird/bird_clean_00115.png,bird,animal,air,clean,bird_01131
clean/frog/frog_clean_00117.png,frog,animal,land,clean,frog_01132
clean/horse/horse_clean_00103.png,horse,animal,land,clean,horse_01133
clean/truck/truck_clean_00108.png,truck,vehicle,land,clean,truck_01134
clean/truck/truck_clean_00109.png,truck,vehicle,land,clean,truck_01135
clean/bird/bird_clean_00116.png,bird,animal,air,clean,bird_01136
clean/frog/frog_clean_00118.png,frog,animal,land,clean,frog_01137
clean/frog/frog_clean_00119.png,frog,animal,land,clean,frog_01138
clean/cat/cat_clean_00123.png,cat,animal,land,clean,cat_01139
clean/truck/truck_clean_00110.png,truck,vehicle,land,clean,truck_01140
clean/truck/truck_clean_00111.png,truck,vehicle,land,clean,truck_01141
clean/deer/deer_clean_00121.png,deer,animal,land,clean,deer_01142
clean/deer/deer_clean_00122.png,deer,animal,land,clean,deer_01143
clean/automobile/automobile_clean_00110.png,automobile,vehicle,land,clean,automobile_01144
clean/ship/ship_clean_00115.png,ship,vehicle,water,clean,ship_01145
clean/frog/frog_clean_00120.png,frog,animal,land,clean,frog_01146
clean/horse/horse_clean_00104.png,horse,animal,land,clean,horse_01147
clean/bird/bird_clean_00117.png,bird,animal,air,clean,bird_01148
clean/automobile/automobile_clean_00111.png,automobile,vehicle,land,clean,automobile_01149
clean/airplane/airplane_clean_00117.png,airplane,vehicle,air,clean,airplane_01150
clean/ship/ship_clean_00116.png,ship,vehicle,water,clean,ship_01151
clean/bird/bird_clean_00118.png,bird,animal,air,clean,bird_01152
clean/frog/frog_clean_00121.png,frog,animal,land,clean,frog_01153
clean/ship/ship_clean_00117.png,ship,vehicle,water,clean,ship_01154
clean/cat/cat_clean_00124.png,cat,animal,land,clean,cat_01155
clean/frog/frog_clean_00122.png,frog,animal,land,clean,frog_01156
clean/frog/frog_clean_00123.png,frog,animal,land,clean,frog_01157
clean/horse/horse_clean_00105.png,horse,animal,land,clean,horse_01158
clean/frog/frog_clean_00124.png,frog,animal,land,clean,frog_01159
clean/truck/truck_clean_00112.png,truck,vehicle,land,clean,truck_01160
clean/horse/horse_clean_00106.png,horse,animal,land,clean,horse_01161
clean/dog/dog_clean_00111.png,dog,animal,land,clean,dog_01162
clean/horse/horse_clean_00107.png,horse,animal,land,clean,horse_01163
clean/bird/bird_clean_00119.png,bird,animal,air,clean,bird_01164
clean/airplane/airplane_clean_00118.png,airplane,vehicle,air,clean,airplane_01165
clean/truck/truck_clean_00113.png,truck,vehicle,land,clean,truck_01166
clean/airplane/airplane_clean_00119.png,airplane,vehicle,air,clean,airplane_01167
clean/truck/truck_clean_00114.png,truck,vehicle,land,clean,truck_01168
clean/cat/cat_clean_00125.png,cat,animal,land,clean,cat_01169
clean/automobile/automobile_clean_00112.png,automobile,vehicle,land,clean,automobile_01170
clean/horse/horse_clean_00108.png,horse,animal,land,clean,horse_01171
clean/cat/cat_clean_00126.png,cat,animal,land,clean,cat_01172
clean/airplane/airplane_clean_00120.png,airplane,vehicle,air,clean,airplane_01173
clean/dog/dog_clean_00112.png,dog,animal,land,clean,dog_01174
clean/cat/cat_clean_00127.png,cat,animal,land,clean,cat_01175
clean/airplane/airplane_clean_00121.png,airplane,vehicle,air,clean,airplane_01176
clean/bird/bird_clean_00120.png,bird,animal,air,clean,bird_01177
clean/cat/cat_clean_00128.png,cat,animal,land,clean,cat_01178
clean/dog/dog_clean_00113.png,dog,animal,land,clean,dog_01179
clean/horse/horse_clean_00109.png,horse,animal,land,clean,horse_01180
clean/ship/ship_clean_00118.png,ship,vehicle,water,clean,ship_01181
clean/truck/truck_clean_00115.png,truck,vehicle,land,clean,truck_01182
clean/horse/horse_clean_00110.png,horse,animal,land,clean,horse_01183
clean/airplane/airplane_clean_00122.png,airplane,vehicle,air,clean,airplane_01184
clean/frog/frog_clean_00125.png,frog,animal,land,clean,frog_01185
clean/frog/frog_clean_00126.png,frog,animal,land,clean,frog_01186
clean/truck/truck_clean_00116.png,truck,vehicle,land,clean,truck_01187
clean/airplane/airplane_clean_00123.png,airplane,vehicle,air,clean,airplane_01188
clean/automobile/automobile_clean_00113.png,automobile,vehicle,land,clean,automobile_01189
clean/ship/ship_clean_00119.png,ship,vehicle,water,clean,ship_01190
clean/truck/truck_clean_00117.png,truck,vehicle,land,clean,truck_01191
clean/dog/dog_clean_00114.png,dog,animal,land,clean,dog_01192
clean/dog/dog_clean_00115.png,dog,animal,land,clean,dog_01193
clean/truck/truck_clean_00118.png,truck,vehicle,land,clean,truck_01194
clean/ship/ship_clean_00120.png,ship,vehicle,water,clean,ship_01195
clean/airplane/airplane_clean_00124.png,airplane,vehicle,air,clean,airplane_01196
clean/airplane/airplane_clean_00125.png,airplane,vehicle,air,clean,airplane_01197
clean/truck/truck_clean_00119.png,truck,vehicle,land,clean,truck_01198
clean/deer/deer_clean_00123.png,deer,animal,land,clean,deer_01199
clean/truck/truck_clean_00120.png,truck,vehicle,land,clean,truck_01200
clean/cat/cat_clean_00129.png,cat,animal,land,clean,cat_01201
clean/automobile/automobile_clean_00114.png,automobile,vehicle,land,clean,automobile_01202
clean/horse/horse_clean_00111.png,horse,animal,land,clean,horse_01203
clean/truck/truck_clean_00121.png,truck,vehicle,land,clean,truck_01204
clean/airplane/airplane_clean_00126.png,airplane,vehicle,air,clean,airplane_01205
clean/frog/frog_clean_00127.png,frog,animal,land,clean,frog_01206
clean/cat/cat_clean_00130.png,cat,animal,land,clean,cat_01207
clean/automobile/automobile_clean_00115.png,automobile,vehicle,land,clean,automobile_01208
clean/truck/truck_clean_00122.png,truck,vehicle,land,clean,truck_01209
clean/horse/horse_clean_00112.png,horse,animal,land,clean,horse_01210
clean/airplane/airplane_clean_00127.png,airplane,vehicle,air,clean,airplane_01211
clean/cat/cat_clean_00131.png,cat,animal,land,clean,cat_01212
clean/truck/truck_clean_00123.png,truck,vehicle,land,clean,truck_01213
clean/bird/bird_clean_00121.png,bird,animal,air,clean,bird_01214
clean/frog/frog_clean_00128.png,frog,animal,land,clean,frog_01215
clean/deer/deer_clean_00124.png,deer,animal,land,clean,deer_01216
clean/deer/deer_clean_00125.png,deer,animal,land,clean,deer_01217
clean/frog/frog_clean_00129.png,frog,animal,land,clean,frog_01218
clean/horse/horse_clean_00113.png,horse,animal,land,clean,horse_01219
clean/frog/frog_clean_00130.png,frog,animal,land,clean,frog_01220
clean/cat/cat_clean_00132.png,cat,animal,land,clean,cat_01221
clean/cat/cat_clean_00133.png,cat,animal,land,clean,cat_01222
clean/horse/horse_clean_00114.png,horse,animal,land,clean,horse_01223
clean/dog/dog_clean_00116.png,dog,animal,land,clean,dog_01224
clean/ship/ship_clean_00121.png,ship,vehicle,water,clean,ship_01225
clean/airplane/airplane_clean_00128.png,airplane,vehicle,air,clean,airplane_01226
clean/ship/ship_clean_00122.png,ship,vehicle,water,clean,ship_01227
clean/frog/frog_clean_00131.png,frog,animal,land,clean,frog_01228
clean/deer/deer_clean_00126.png,deer,animal,land,clean,deer_01229
clean/dog/dog_clean_00117.png,dog,animal,land,clean,dog_01230
clean/horse/horse_clean_00115.png,horse,animal,land,clean,horse_01231
clean/horse/horse_clean_00116.png,horse,animal,land,clean,horse_01232
clean/bird/bird_clean_00122.png,bird,animal,air,clean,bird_01233
clean/bird/bird_clean_00123.png,bird,animal,air,clean,bird_01234
clean/automobile/automobile_clean_00116.png,automobile,vehicle,land,clean,automobile_01235
clean/ship/ship_clean_00123.png,ship,vehicle,water,clean,ship_01236
clean/ship/ship_clean_00124.png,ship,vehicle,water,clean,ship_01237
clean/cat/cat_clean_00134.png,cat,animal,land,clean,cat_01238
clean/dog/dog_clean_00118.png,dog,animal,land,clean,dog_01239
clean/ship/ship_clean_00125.png,ship,vehicle,water,clean,ship_01240
clean/horse/horse_clean_00117.png,horse,animal,land,clean,horse_01241
clean/frog/frog_clean_00132.png,frog,animal,land,clean,frog_01242
clean/frog/frog_clean_00133.png,frog,animal,land,clean,frog_01243
clean/frog/frog_clean_00134.png,frog,animal,land,clean,frog_01244
clean/truck/truck_clean_00124.png,truck,vehicle,land,clean,truck_01245
clean/frog/frog_clean_00135.png,frog,animal,land,clean,frog_01246
clean/deer/deer_clean_00127.png,deer,animal,land,clean,deer_01247
clean/deer/deer_clean_00128.png,deer,animal,land,clean,deer_01248
clean/frog/frog_clean_00136.png,frog,animal,land,clean,frog_01249
clean/bird/bird_clean_00124.png,bird,animal,air,clean,bird_01250
clean/deer/deer_clean_00129.png,deer,animal,land,clean,deer_01251
clean/horse/horse_clean_00118.png,horse,animal,land,clean,horse_01252
clean/deer/deer_clean_00130.png,deer,animal,land,clean,deer_01253
clean/deer/deer_clean_00131.png,deer,animal,land,clean,deer_01254
clean/truck/truck_clean_00125.png,truck,vehicle,land,clean,truck_01255
clean/truck/truck_clean_00126.png,truck,vehicle,land,clean,truck_01256
clean/automobile/automobile_clean_00117.png,automobile,vehicle,land,clean,automobile_01257
clean/frog/frog_clean_00137.png,frog,animal,land,clean,frog_01258
clean/horse/horse_clean_00119.png,horse,animal,land,clean,horse_01259
clean/frog/frog_clean_00138.png,frog,animal,land,clean,frog_01260
clean/ship/ship_clean_00126.png,ship,vehicle,water,clean,ship_01261
clean/airplane/airplane_clean_00129.png,airplane,vehicle,air,clean,airplane_01262
clean/automobile/automobile_clean_00118.png,automobile,vehicle,land,clean,automobile_01263
clean/deer/deer_clean_00132.png,deer,animal,land,clean,deer_01264
clean/cat/cat_clean_00135.png,cat,animal,land,clean,cat_01265
clean/horse/horse_clean_00120.png,horse,animal,land,clean,horse_01266
clean/frog/frog_clean_00139.png,frog,animal,land,clean,frog_01267
clean/airplane/airplane_clean_00130.png,airplane,vehicle,air,clean,airplane_01268
clean/airplane/airplane_clean_00131.png,airplane,vehicle,air,clean,airplane_01269
clean/ship/ship_clean_00127.png,ship,vehicle,water,clean,ship_01270
clean/frog/frog_clean_00140.png,frog,animal,land,clean,frog_01271
clean/airplane/airplane_clean_00132.png,airplane,vehicle,air,clean,airplane_01272
clean/horse/horse_clean_00121.png,horse,animal,land,clean,horse_01273
clean/airplane/airplane_clean_00133.png,airplane,vehicle,air,clean,airplane_01274
clean/frog/frog_clean_00141.png,frog,animal,land,clean,frog_01275
clean/horse/horse_clean_00122.png,horse,animal,land,clean,horse_01276
clean/frog/frog_clean_00142.png,frog,animal,land,clean,frog_01277
clean/ship/ship_clean_00128.png,ship,vehicle,water,clean,ship_01278
clean/ship/ship_clean_00129.png,ship,vehicle,water,clean,ship_01279
clean/automobile/automobile_clean_00119.png,automobile,vehicle,land,clean,automobile_01280
clean/truck/truck_clean_00127.png,truck,vehicle,land,clean,truck_01281
clean/airplane/airplane_clean_00134.png,airplane,vehicle,air,clean,airplane_01282
clean/cat/cat_clean_00136.png,cat,animal,land,clean,cat_01283
clean/truck/truck_clean_00128.png,truck,vehicle,land,clean,truck_01284
clean/frog/frog_clean_00143.png,frog,animal,land,clean,frog_01285
clean/bird/bird_clean_00125.png,bird,animal,air,clean,bird_01286
clean/ship/ship_clean_00130.png,ship,vehicle,water,clean,ship_01287
clean/horse/horse_clean_00123.png,horse,animal,land,clean,horse_01288
clean/cat/cat_clean_00137.png,cat,animal,land,clean,cat_01289
clean/ship/ship_clean_00131.png,ship,vehicle,water,clean,ship_01290
clean/cat/cat_clean_00138.png,cat,animal,land,clean,cat_01291
clean/horse/horse_clean_00124.png,horse,animal,land,clean,horse_01292
clean/cat/cat_clean_00139.png,cat,animal,land,clean,cat_01293
clean/bird/bird_clean_00126.png,bird,animal,air,clean,bird_01294
clean/dog/dog_clean_00119.png,dog,animal,land,clean,dog_01295
clean/bird/bird_clean_00127.png,bird,animal,air,clean,bird_01296
clean/ship/ship_clean_00132.png,ship,vehicle,water,clean,ship_01297
clean/truck/truck_clean_00129.png,truck,vehicle,land,clean,truck_01298
clean/horse/horse_clean_00125.png,horse,animal,land,clean,horse_01299
clean/bird/bird_clean_00128.png,bird,animal,air,clean,bird_01300
clean/bird/bird_clean_00129.png,bird,animal,air,clean,bird_01301
clean/automobile/automobile_clean_00120.png,automobile,vehicle,land,clean,automobile_01302
clean/dog/dog_clean_00120.png,dog,animal,land,clean,dog_01303
clean/automobile/automobile_clean_00121.png,automobile,vehicle,land,clean,automobile_01304
clean/automobile/automobile_clean_00122.png,automobile,vehicle,land,clean,automobile_01305
clean/automobile/automobile_clean_00123.png,automobile,vehicle,land,clean,automobile_01306
clean/deer/deer_clean_00133.png,deer,animal,land,clean,deer_01307
clean/dog/dog_clean_00121.png,dog,animal,land,clean,dog_01308
clean/ship/ship_clean_00133.png,ship,vehicle,water,clean,ship_01309
clean/automobile/automobile_clean_00124.png,automobile,vehicle,land,clean,automobile_01310
clean/ship/ship_clean_00134.png,ship,vehicle,water,clean,ship_01311
clean/truck/truck_clean_00130.png,truck,vehicle,land,clean,truck_01312
clean/bird/bird_clean_00130.png,bird,animal,air,clean,bird_01313
clean/horse/horse_clean_00126.png,horse,animal,land,clean,horse_01314
clean/airplane/airplane_clean_00135.png,airplane,vehicle,air,clean,airplane_01315
clean/truck/truck_clean_00131.png,truck,vehicle,land,clean,truck_01316
clean/truck/truck_clean_00132.png,truck,vehicle,land,clean,truck_01317
clean/cat/cat_clean_00140.png,cat,animal,land,clean,cat_01318
clean/cat/cat_clean_00141.png,cat,animal,land,clean,cat_01319
clean/automobile/automobile_clean_00125.png,automobile,vehicle,land,clean,automobile_01320
clean/deer/deer_clean_00134.png,deer,animal,land,clean,deer_01321
clean/dog/dog_clean_00122.png,dog,animal,land,clean,dog_01322
clean/truck/truck_clean_00133.png,truck,vehicle,land,clean,truck_01323
clean/frog/frog_clean_00144.png,frog,animal,land,clean,frog_01324
clean/horse/horse_clean_00127.png,horse,animal,land,clean,horse_01325
clean/ship/ship_clean_00135.png,ship,vehicle,water,clean,ship_01326
clean/ship/ship_clean_00136.png,ship,vehicle,water,clean,ship_01327
clean/automobile/automobile_clean_00126.png,automobile,vehicle,land,clean,automobile_01328
clean/horse/horse_clean_00128.png,horse,animal,land,clean,horse_01329
clean/dog/dog_clean_00123.png,dog,animal,land,clean,dog_01330
clean/cat/cat_clean_00142.png,cat,animal,land,clean,cat_01331
clean/horse/horse_clean_00129.png,horse,animal,land,clean,horse_01332
clean/dog/dog_clean_00124.png,dog,animal,land,clean,dog_01333
clean/deer/deer_clean_00135.png,deer,animal,land,clean,deer_01334
clean/truck/truck_clean_00134.png,truck,vehicle,land,clean,truck_01335
clean/bird/bird_clean_00131.png,bird,animal,air,clean,bird_01336
clean/airplane/airplane_clean_00136.png,airplane,vehicle,air,clean,airplane_01337
clean/bird/bird_clean_00132.png,bird,animal,air,clean,bird_01338
clean/deer/deer_clean_00136.png,deer,animal,land,clean,deer_01339
clean/horse/horse_clean_00130.png,horse,animal,land,clean,horse_01340
clean/truck/truck_clean_00135.png,truck,vehicle,land,clean,truck_01341
clean/deer/deer_clean_00137.png,deer,animal,land,clean,deer_01342
clean/automobile/automobile_clean_00127.png,automobile,vehicle,land,clean,automobile_01343
clean/truck/truck_clean_00136.png,truck,vehicle,land,clean,truck_01344
clean/airplane/airplane_clean_00137.png,airplane,vehicle,air,clean,airplane_01345
clean/cat/cat_clean_00143.png,cat,animal,land,clean,cat_01346
clean/bird/bird_clean_00133.png,bird,animal,air,clean,bird_01347
clean/cat/cat_clean_00144.png,cat,animal,land,clean,cat_01348
clean/truck/truck_clean_00137.png,truck,vehicle,land,clean,truck_01349
clean/bird/bird_clean_00134.png,bird,animal,air,clean,bird_01350
clean/horse/horse_clean_00131.png,horse,animal,land,clean,horse_01351
clean/ship/ship_clean_00137.png,ship,vehicle,water,clean,ship_01352
clean/automobile/automobile_clean_00128.png,automobile,vehicle,land,clean,automobile_01353
clean/ship/ship_clean_00138.png,ship,vehicle,water,clean,ship_01354
clean/cat/cat_clean_00145.png,cat,animal,land,clean,cat_01355
clean/dog/dog_clean_00125.png,dog,animal,land,clean,dog_01356
clean/frog/frog_clean_00145.png,frog,animal,land,clean,frog_01357
clean/truck/truck_clean_00138.png,truck,vehicle,land,clean,truck_01358
clean/bird/bird_clean_00135.png,bird,animal,air,clean,bird_01359
clean/cat/cat_clean_00146.png,cat,animal,land,clean,cat_01360
clean/dog/dog_clean_00126.png,dog,animal,land,clean,dog_01361
clean/ship/ship_clean_00139.png,ship,vehicle,water,clean,ship_01362
clean/cat/cat_clean_00147.png,cat,animal,land,clean,cat_01363
clean/automobile/automobile_clean_00129.png,automobile,vehicle,land,clean,automobile_01364
clean/deer/deer_clean_00138.png,deer,animal,land,clean,deer_01365
clean/bird/bird_clean_00136.png,bird,animal,air,clean,bird_01366
clean/horse/horse_clean_00132.png,horse,animal,land,clean,horse_01367
clean/airplane/airplane_clean_00138.png,airplane,vehicle,air,clean,airplane_01368
clean/horse/horse_clean_00133.png,horse,animal,land,clean,horse_01369
clean/dog/dog_clean_00127.png,dog,animal,land,clean,dog_01370
clean/dog/dog_clean_00128.png,dog,animal,land,clean,dog_01371
clean/horse/horse_clean_00134.png,horse,animal,land,clean,horse_01372
clean/cat/cat_clean_00148.png,cat,animal,land,clean,cat_01373
clean/frog/frog_clean_00146.png,frog,animal,land,clean,frog_01374
clean/bird/bird_clean_00137.png,bird,animal,air,clean,bird_01375
clean/truck/truck_clean_00139.png,truck,vehicle,land,clean,truck_01376
clean/dog/dog_clean_00129.png,dog,animal,land,clean,dog_01377
clean/airplane/airplane_clean_00139.png,airplane,vehicle,air,clean,airplane_01378
clean/frog/frog_clean_00147.png,frog,animal,land,clean,frog_01379
clean/frog/frog_clean_00148.png,frog,animal,land,clean,frog_01380
clean/truck/truck_clean_00140.png,truck,vehicle,land,clean,truck_01381
clean/airplane/airplane_clean_00140.png,airplane,vehicle,air,clean,airplane_01382
clean/horse/horse_clean_00135.png,horse,animal,land,clean,horse_01383
clean/dog/dog_clean_00130.png,dog,animal,land,clean,dog_01384
clean/truck/truck_clean_00141.png,truck,vehicle,land,clean,truck_01385
clean/frog/frog_clean_00149.png,frog,animal,land,clean,frog_01386
clean/truck/truck_clean_00142.png,truck,vehicle,land,clean,truck_01387
clean/truck/truck_clean_00143.png,truck,vehicle,land,clean,truck_01388
clean/frog/frog_clean_00150.png,frog,animal,land,clean,frog_01389
clean/dog/dog_clean_00131.png,dog,animal,land,clean,dog_01390
clean/truck/truck_clean_00144.png,truck,vehicle,land,clean,truck_01391
clean/deer/deer_clean_00139.png,deer,animal,land,clean,deer_01392
clean/frog/frog_clean_00151.png,frog,animal,land,clean,frog_01393
clean/cat/cat_clean_00149.png,cat,animal,land,clean,cat_01394
clean/automobile/automobile_clean_00130.png,automobile,vehicle,land,clean,automobile_01395
clean/horse/horse_clean_00136.png,horse,animal,land,clean,horse_01396
clean/truck/truck_clean_00145.png,truck,vehicle,land,clean,truck_01397
clean/bird/bird_clean_00138.png,bird,animal,air,clean,bird_01398
clean/ship/ship_clean_00140.png,ship,vehicle,water,clean,ship_01399
clean/ship/ship_clean_00141.png,ship,vehicle,water,clean,ship_01400
clean/airplane/airplane_clean_00141.png,airplane,vehicle,air,clean,airplane_01401
clean/deer/deer_clean_00140.png,deer,animal,land,clean,deer_01402
clean/truck/truck_clean_00146.png,truck,vehicle,land,clean,truck_01403
clean/cat/cat_clean_00150.png,cat,animal,land,clean,cat_01404
clean/frog/frog_clean_00152.png,frog,animal,land,clean,frog_01405
clean/cat/cat_clean_00151.png,cat,animal,land,clean,cat_01406
clean/airplane/airplane_clean_00142.png,airplane,vehicle,air,clean,airplane_01407
clean/deer/deer_clean_00141.png,deer,animal,land,clean,deer_01408
clean/dog/dog_clean_00132.png,dog,animal,land,clean,dog_01409
clean/dog/dog_clean_00133.png,dog,animal,land,clean,dog_01410
clean/automobile/automobile_clean_00131.png,automobile,vehicle,land,clean,automobile_01411
clean/truck/truck_clean_00147.png,truck,vehicle,land,clean,truck_01412
clean/horse/horse_clean_00137.png,horse,animal,land,clean,horse_01413
clean/horse/horse_clean_00138.png,horse,animal,land,clean,horse_01414
clean/frog/frog_clean_00153.png,frog,animal,land,clean,frog_01415
clean/horse/horse_clean_00139.png,horse,animal,land,clean,horse_01416
clean/airplane/airplane_clean_00143.png,airplane,vehicle,air,clean,airplane_01417
clean/airplane/airplane_clean_00144.png,airplane,vehicle,air,clean,airplane_01418
clean/bird/bird_clean_00139.png,bird,animal,air,clean,bird_01419
clean/horse/horse_clean_00140.png,horse,animal,land,clean,horse_01420
clean/deer/deer_clean_00142.png,deer,animal,land,clean,deer_01421
clean/dog/dog_clean_00134.png,dog,animal,land,clean,dog_01422
clean/airplane/airplane_clean_00145.png,airplane,vehicle,air,clean,airplane_01423
clean/automobile/automobile_clean_00132.png,automobile,vehicle,land,clean,automobile_01424
clean/deer/deer_clean_00143.png,deer,animal,land,clean,deer_01425
clean/automobile/automobile_clean_00133.png,automobile,vehicle,land,clean,automobile_01426
clean/dog/dog_clean_00135.png,dog,animal,land,clean,dog_01427
clean/bird/bird_clean_00140.png,bird,animal,air,clean,bird_01428
clean/dog/dog_clean_00136.png,dog,animal,land,clean,dog_01429
clean/bird/bird_clean_00141.png,bird,animal,air,clean,bird_01430
clean/horse/horse_clean_00141.png,horse,animal,land,clean,horse_01431
clean/frog/frog_clean_00154.png,frog,animal,land,clean,frog_01432
clean/airplane/airplane_clean_00146.png,airplane,vehicle,air,clean,airplane_01433
clean/ship/ship_clean_00142.png,ship,vehicle,water,clean,ship_01434
clean/frog/frog_clean_00155.png,frog,animal,land,clean,frog_01435
clean/dog/dog_clean_00137.png,dog,animal,land,clean,dog_01436
clean/deer/deer_clean_00144.png,deer,animal,land,clean,deer_01437
clean/frog/frog_clean_00156.png,frog,animal,land,clean,frog_01438
clean/frog/frog_clean_00157.png,frog,animal,land,clean,frog_01439
clean/dog/dog_clean_00138.png,dog,animal,land,clean,dog_01440
clean/truck/truck_clean_00148.png,truck,vehicle,land,clean,truck_01441
clean/bird/bird_clean_00142.png,bird,animal,air,clean,bird_01442
clean/horse/horse_clean_00142.png,horse,animal,land,clean,horse_01443
clean/truck/truck_clean_00149.png,truck,vehicle,land,clean,truck_01444
clean/automobile/automobile_clean_00134.png,automobile,vehicle,land,clean,automobile_01445
clean/cat/cat_clean_00152.png,cat,animal,land,clean,cat_01446
clean/automobile/automobile_clean_00135.png,automobile,vehicle,land,clean,automobile_01447
clean/automobile/automobile_clean_00136.png,automobile,vehicle,land,clean,automobile_01448
clean/airplane/airplane_clean_00147.png,airplane,vehicle,air,clean,airplane_01449
clean/airplane/airplane_clean_00148.png,airplane,vehicle,air,clean,airplane_01450
clean/frog/frog_clean_00158.png,frog,animal,land,clean,frog_01451
clean/deer/deer_clean_00145.png,deer,animal,land,clean,deer_01452
clean/truck/truck_clean_00150.png,truck,vehicle,land,clean,truck_01453
clean/frog/frog_clean_00159.png,frog,animal,land,clean,frog_01454
clean/ship/ship_clean_00143.png,ship,vehicle,water,clean,ship_01455
clean/automobile/automobile_clean_00137.png,automobile,vehicle,land,clean,automobile_01456
clean/bird/bird_clean_00143.png,bird,animal,air,clean,bird_01457
clean/frog/frog_clean_00160.png,frog,animal,land,clean,frog_01458
clean/truck/truck_clean_00151.png,truck,vehicle,land,clean,truck_01459
clean/bird/bird_clean_00144.png,bird,animal,air,clean,bird_01460
clean/airplane/airplane_clean_00149.png,airplane,vehicle,air,clean,airplane_01461
clean/dog/dog_clean_00139.png,dog,animal,land,clean,dog_01462
clean/automobile/automobile_clean_00138.png,automobile,vehicle,land,clean,automobile_01463
clean/ship/ship_clean_00144.png,ship,vehicle,water,clean,ship_01464
clean/dog/dog_clean_00140.png,dog,animal,land,clean,dog_01465
clean/automobile/automobile_clean_00139.png,automobile,vehicle,land,clean,automobile_01466
clean/truck/truck_clean_00152.png,truck,vehicle,land,clean,truck_01467
clean/dog/dog_clean_00141.png,dog,animal,land,clean,dog_01468
clean/deer/deer_clean_00146.png,deer,animal,land,clean,deer_01469
clean/ship/ship_clean_00145.png,ship,vehicle,water,clean,ship_01470
clean/truck/truck_clean_00153.png,truck,vehicle,land,clean,truck_01471
clean/deer/deer_clean_00147.png,deer,animal,land,clean,deer_01472
clean/airplane/airplane_clean_00150.png,airplane,vehicle,air,clean,airplane_01473
clean/frog/frog_clean_00161.png,frog,animal,land,clean,frog_01474
clean/horse/horse_clean_00143.png,horse,animal,land,clean,horse_01475
clean/horse/horse_clean_00144.png,horse,animal,land,clean,horse_01476
clean/truck/truck_clean_00154.png,truck,vehicle,land,clean,truck_01477
clean/truck/truck_clean_00155.png,truck,vehicle,land,clean,truck_01478
clean/airplane/airplane_clean_00151.png,airplane,vehicle,air,clean,airplane_01479
clean/airplane/airplane_clean_00152.png,airplane,vehicle,air,clean,airplane_01480
clean/truck/truck_clean_00156.png,truck,vehicle,land,clean,truck_01481
clean/airplane/airplane_clean_00153.png,airplane,vehicle,air,clean,airplane_01482
clean/bird/bird_clean_00145.png,bird,animal,air,clean,bird_01483
clean/dog/dog_clean_00142.png,dog,animal,land,clean,dog_01484
clean/automobile/automobile_clean_00140.png,automobile,vehicle,land,clean,automobile_01485
clean/cat/cat_clean_00153.png,cat,animal,land,clean,cat_01486
clean/cat/cat_clean_00154.png,cat,animal,land,clean,cat_01487
clean/dog/dog_clean_00143.png,dog,animal,land,clean,dog_01488
clean/automobile/automobile_clean_00141.png,automobile,vehicle,land,clean,automobile_01489
clean/ship/ship_clean_00146.png,ship,vehicle,water,clean,ship_01490
clean/airplane/airplane_clean_00154.png,airplane,vehicle,air,clean,airplane_01491
clean/dog/dog_clean_00144.png,dog,animal,land,clean,dog_01492
clean/dog/dog_clean_00145.png,dog,animal,land,clean,dog_01493
clean/truck/truck_clean_00157.png,truck,vehicle,land,clean,truck_01494
clean/cat/cat_clean_00155.png,cat,animal,land,clean,cat_01495
clean/frog/frog_clean_00162.png,frog,animal,land,clean,frog_01496
clean/bird/bird_clean_00146.png,bird,animal,air,clean,bird_01497
clean/bird/bird_clean_00147.png,bird,animal,air,clean,bird_01498
clean/airplane/airplane_clean_00155.png,airplane,vehicle,air,clean,airplane_01499
clean/truck/truck_clean_00158.png,truck,vehicle,land,clean,truck_01500
clean/ship/ship_clean_00147.png,ship,vehicle,water,clean,ship_01501
clean/deer/deer_clean_00148.png,deer,animal,land,clean,deer_01502
clean/automobile/automobile_clean_00142.png,automobile,vehicle,land,clean,automobile_01503
clean/dog/dog_clean_00146.png,dog,animal,land,clean,dog_01504
clean/bird/bird_clean_00148.png,bird,animal,air,clean,bird_01505
clean/bird/bird_clean_00149.png,bird,animal,air,clean,bird_01506
clean/frog/frog_clean_00163.png,frog,animal,land,clean,frog_01507
clean/dog/dog_clean_00147.png,dog,animal,land,clean,dog_01508
clean/ship/ship_clean_00148.png,ship,vehicle,water,clean,ship_01509
clean/deer/deer_clean_00149.png,deer,animal,land,clean,deer_01510
clean/frog/frog_clean_00164.png,frog,animal,land,clean,frog_01511
clean/horse/horse_clean_00145.png,horse,animal,land,clean,horse_01512
clean/ship/ship_clean_00149.png,ship,vehicle,water,clean,ship_01513
clean/ship/ship_clean_00150.png,ship,vehicle,water,clean,ship_01514
clean/horse/horse_clean_00146.png,horse,animal,land,clean,horse_01515
clean/automobile/automobile_clean_00143.png,automobile,vehicle,land,clean,automobile_01516
clean/bird/bird_clean_00150.png,bird,animal,air,clean,bird_01517
clean/dog/dog_clean_00148.png,dog,animal,land,clean,dog_01518
clean/horse/horse_clean_00147.png,horse,animal,land,clean,horse_01519
clean/horse/horse_clean_00148.png,horse,animal,land,clean,horse_01520
clean/frog/frog_clean_00165.png,frog,animal,land,clean,frog_01521
clean/bird/bird_clean_00151.png,bird,animal,air,clean,bird_01522
clean/ship/ship_clean_00151.png,ship,vehicle,water,clean,ship_01523
clean/dog/dog_clean_00149.png,dog,animal,land,clean,dog_01524
clean/horse/horse_clean_00149.png,horse,animal,land,clean,horse_01525
clean/deer/deer_clean_00150.png,deer,animal,land,clean,deer_01526
clean/automobile/automobile_clean_00144.png,automobile,vehicle,land,clean,automobile_01527
clean/truck/truck_clean_00159.png,truck,vehicle,land,clean,truck_01528
clean/cat/cat_clean_00156.png,cat,animal,land,clean,cat_01529
clean/airplane/airplane_clean_00156.png,airplane,vehicle,air,clean,airplane_01530
clean/cat/cat_clean_00157.png,cat,animal,land,clean,cat_01531
clean/horse/horse_clean_00150.png,horse,animal,land,clean,horse_01532
clean/ship/ship_clean_00152.png,ship,vehicle,water,clean,ship_01533
clean/automobile/automobile_clean_00145.png,automobile,vehicle,land,clean,automobile_01534
clean/deer/deer_clean_00151.png,deer,animal,land,clean,deer_01535
clean/horse/horse_clean_00151.png,horse,animal,land,clean,horse_01536
clean/cat/cat_clean_00158.png,cat,animal,land,clean,cat_01537
clean/airplane/airplane_clean_00157.png,airplane,vehicle,air,clean,airplane_01538
clean/deer/deer_clean_00152.png,deer,animal,land,clean,deer_01539
clean/dog/dog_clean_00150.png,dog,animal,land,clean,dog_01540
clean/truck/truck_clean_00160.png,truck,vehicle,land,clean,truck_01541
clean/ship/ship_clean_00153.png,ship,vehicle,water,clean,ship_01542
clean/ship/ship_clean_00154.png,ship,vehicle,water,clean,ship_01543
clean/airplane/airplane_clean_00158.png,airplane,vehicle,air,clean,airplane_01544
clean/horse/horse_clean_00152.png,horse,animal,land,clean,horse_01545
clean/bird/bird_clean_00152.png,bird,animal,air,clean,bird_01546
clean/dog/dog_clean_00151.png,dog,animal,land,clean,dog_01547
clean/ship/ship_clean_00155.png,ship,vehicle,water,clean,ship_01548
clean/automobile/automobile_clean_00146.png,automobile,vehicle,land,clean,automobile_01549
clean/cat/cat_clean_00159.png,cat,animal,land,clean,cat_01550
clean/deer/deer_clean_00153.png,deer,animal,land,clean,deer_01551
clean/airplane/airplane_clean_00159.png,airplane,vehicle,air,clean,airplane_01552
clean/truck/truck_clean_00161.png,truck,vehicle,land,clean,truck_01553
clean/deer/deer_clean_00154.png,deer,animal,land,clean,deer_01554
clean/cat/cat_clean_00160.png,cat,animal,land,clean,cat_01555
clean/deer/deer_clean_00155.png,deer,animal,land,clean,deer_01556
clean/truck/truck_clean_00162.png,truck,vehicle,land,clean,truck_01557
clean/bird/bird_clean_00153.png,bird,animal,air,clean,bird_01558
clean/truck/truck_clean_00163.png,truck,vehicle,land,clean,truck_01559
clean/horse/horse_clean_00153.png,horse,animal,land,clean,horse_01560
clean/horse/horse_clean_00154.png,horse,animal,land,clean,horse_01561
clean/ship/ship_clean_00156.png,ship,vehicle,water,clean,ship_01562
clean/cat/cat_clean_00161.png,cat,animal,land,clean,cat_01563
clean/airplane/airplane_clean_00160.png,airplane,vehicle,air,clean,airplane_01564
clean/cat/cat_clean_00162.png,cat,animal,land,clean,cat_01565
clean/bird/bird_clean_00154.png,bird,animal,air,clean,bird_01566
clean/truck/truck_clean_00164.png,truck,vehicle,land,clean,truck_01567
clean/automobile/automobile_clean_00147.png,automobile,vehicle,land,clean,automobile_01568
clean/cat/cat_clean_00163.png,cat,animal,land,clean,cat_01569
clean/ship/ship_clean_00157.png,ship,vehicle,water,clean,ship_01570
clean/ship/ship_clean_00158.png,ship,vehicle,water,clean,ship_01571
clean/truck/truck_clean_00165.png,truck,vehicle,land,clean,truck_01572
clean/automobile/automobile_clean_00148.png,automobile,vehicle,land,clean,automobile_01573
clean/cat/cat_clean_00164.png,cat,animal,land,clean,cat_01574
clean/airplane/airplane_clean_00161.png,airplane,vehicle,air,clean,airplane_01575
clean/dog/dog_clean_00152.png,dog,animal,land,clean,dog_01576
clean/cat/cat_clean_00165.png,cat,animal,land,clean,cat_01577
clean/cat/cat_clean_00166.png,cat,animal,land,clean,cat_01578
clean/ship/ship_clean_00159.png,ship,vehicle,water,clean,ship_01579
clean/frog/frog_clean_00166.png,frog,animal,land,clean,frog_01580
clean/dog/dog_clean_00153.png,dog,animal,land,clean,dog_01581
clean/automobile/automobile_clean_00149.png,automobile,vehicle,land,clean,automobile_01582
clean/cat/cat_clean_00167.png,cat,animal,land,clean,cat_01583
clean/dog/dog_clean_00154.png,dog,animal,land,clean,dog_01584
clean/truck/truck_clean_00166.png,truck,vehicle,land,clean,truck_01585
clean/cat/cat_clean_00168.png,cat,animal,land,clean,cat_01586
clean/deer/deer_clean_00156.png,deer,animal,land,clean,deer_01587
clean/frog/frog_clean_00167.png,frog,animal,land,clean,frog_01588
clean/bird/bird_clean_00155.png,bird,animal,air,clean,bird_01589
clean/cat/cat_clean_00169.png,cat,animal,land,clean,cat_01590
clean/truck/truck_clean_00167.png,truck,vehicle,land,clean,truck_01591
clean/cat/cat_clean_00170.png,cat,animal,land,clean,cat_01592
clean/frog/frog_clean_00168.png,frog,animal,land,clean,frog_01593
clean/truck/truck_clean_00168.png,truck,vehicle,land,clean,truck_01594
clean/automobile/automobile_clean_00150.png,automobile,vehicle,land,clean,automobile_01595
clean/cat/cat_clean_00171.png,cat,animal,land,clean,cat_01596
clean/airplane/airplane_clean_00162.png,airplane,vehicle,air,clean,airplane_01597
clean/ship/ship_clean_00160.png,ship,vehicle,water,clean,ship_01598
clean/truck/truck_clean_00169.png,truck,vehicle,land,clean,truck_01599
clean/truck/truck_clean_00170.png,truck,vehicle,land,clean,truck_01600
clean/dog/dog_clean_00155.png,dog,animal,land,clean,dog_01601
clean/airplane/airplane_clean_00163.png,airplane,vehicle,air,clean,airplane_01602
clean/bird/bird_clean_00156.png,bird,animal,air,clean,bird_01603
clean/bird/bird_clean_00157.png,bird,animal,air,clean,bird_01604
clean/airplane/airplane_clean_00164.png,airplane,vehicle,air,clean,airplane_01605
clean/horse/horse_clean_00155.png,horse,animal,land,clean,horse_01606
clean/deer/deer_clean_00157.png,deer,animal,land,clean,deer_01607
clean/horse/horse_clean_00156.png,horse,animal,land,clean,horse_01608
clean/cat/cat_clean_00172.png,cat,animal,land,clean,cat_01609
clean/bird/bird_clean_00158.png,bird,animal,air,clean,bird_01610
clean/bird/bird_clean_00159.png,bird,animal,air,clean,bird_01611
clean/horse/horse_clean_00157.png,horse,animal,land,clean,horse_01612
clean/horse/horse_clean_00158.png,horse,animal,land,clean,horse_01613
clean/horse/horse_clean_00159.png,horse,animal,land,clean,horse_01614
clean/ship/ship_clean_00161.png,ship,vehicle,water,clean,ship_01615
clean/frog/frog_clean_00169.png,frog,animal,land,clean,frog_01616
clean/frog/frog_clean_00170.png,frog,animal,land,clean,frog_01617
clean/dog/dog_clean_00156.png,dog,animal,land,clean,dog_01618
clean/ship/ship_clean_00162.png,ship,vehicle,water,clean,ship_01619
clean/horse/horse_clean_00160.png,horse,animal,land,clean,horse_01620
clean/truck/truck_clean_00171.png,truck,vehicle,land,clean,truck_01621
clean/frog/frog_clean_00171.png,frog,animal,land,clean,frog_01622
clean/horse/horse_clean_00161.png,horse,animal,land,clean,horse_01623
clean/airplane/airplane_clean_00165.png,airplane,vehicle,air,clean,airplane_01624
clean/bird/bird_clean_00160.png,bird,animal,air,clean,bird_01625
clean/cat/cat_clean_00173.png,cat,animal,land,clean,cat_01626
clean/airplane/airplane_clean_00166.png,airplane,vehicle,air,clean,airplane_01627
clean/horse/horse_clean_00162.png,horse,animal,land,clean,horse_01628
clean/bird/bird_clean_00161.png,bird,animal,air,clean,bird_01629
clean/automobile/automobile_clean_00151.png,automobile,vehicle,land,clean,automobile_01630
clean/dog/dog_clean_00157.png,dog,animal,land,clean,dog_01631
clean/dog/dog_clean_00158.png,dog,animal,land,clean,dog_01632
clean/dog/dog_clean_00159.png,dog,animal,land,clean,dog_01633
clean/automobile/automobile_clean_00152.png,automobile,vehicle,land,clean,automobile_01634
clean/horse/horse_clean_00163.png,horse,animal,land,clean,horse_01635
clean/truck/truck_clean_00172.png,truck,vehicle,land,clean,truck_01636
clean/dog/dog_clean_00160.png,dog,animal,land,clean,dog_01637
clean/cat/cat_clean_00174.png,cat,animal,land,clean,cat_01638
clean/horse/horse_clean_00164.png,horse,animal,land,clean,horse_01639
clean/horse/horse_clean_00165.png,horse,animal,land,clean,horse_01640
clean/bird/bird_clean_00162.png,bird,animal,air,clean,bird_01641
clean/automobile/automobile_clean_00153.png,automobile,vehicle,land,clean,automobile_01642
clean/truck/truck_clean_00173.png,truck,vehicle,land,clean,truck_01643
clean/automobile/automobile_clean_00154.png,automobile,vehicle,land,clean,automobile_01644
clean/dog/dog_clean_00161.png,dog,animal,land,clean,dog_01645
clean/deer/deer_clean_00158.png,deer,animal,land,clean,deer_01646
clean/truck/truck_clean_00174.png,truck,vehicle,land,clean,truck_01647
clean/cat/cat_clean_00175.png,cat,animal,land,clean,cat_01648
clean/horse/horse_clean_00166.png,horse,animal,land,clean,horse_01649
clean/deer/deer_clean_00159.png,deer,animal,land,clean,deer_01650
clean/ship/ship_clean_00163.png,ship,vehicle,water,clean,ship_01651
clean/frog/frog_clean_00172.png,frog,animal,land,clean,frog_01652
clean/airplane/airplane_clean_00167.png,airplane,vehicle,air,clean,airplane_01653
clean/deer/deer_clean_00160.png,deer,animal,land,clean,deer_01654
clean/deer/deer_clean_00161.png,deer,animal,land,clean,deer_01655
clean/airplane/airplane_clean_00168.png,airplane,vehicle,air,clean,airplane_01656
clean/automobile/automobile_clean_00155.png,automobile,vehicle,land,clean,automobile_01657
clean/deer/deer_clean_00162.png,deer,animal,land,clean,deer_01658
clean/bird/bird_clean_00163.png,bird,animal,air,clean,bird_01659
clean/dog/dog_clean_00162.png,dog,animal,land,clean,dog_01660
clean/frog/frog_clean_00173.png,frog,animal,land,clean,frog_01661
clean/dog/dog_clean_00163.png,dog,animal,land,clean,dog_01662
clean/truck/truck_clean_00175.png,truck,vehicle,land,clean,truck_01663
clean/ship/ship_clean_00164.png,ship,vehicle,water,clean,ship_01664
clean/horse/horse_clean_00167.png,horse,animal,land,clean,horse_01665
clean/truck/truck_clean_00176.png,truck,vehicle,land,clean,truck_01666
clean/dog/dog_clean_00164.png,dog,animal,land,clean,dog_01667
clean/ship/ship_clean_00165.png,ship,vehicle,water,clean,ship_01668
clean/frog/frog_clean_00174.png,frog,animal,land,clean,frog_01669
clean/deer/deer_clean_00163.png,deer,animal,land,clean,deer_01670
clean/cat/cat_clean_00176.png,cat,animal,land,clean,cat_01671
clean/ship/ship_clean_00166.png,ship,vehicle,water,clean,ship_01672
clean/automobile/automobile_clean_00156.png,automobile,vehicle,land,clean,automobile_01673
clean/airplane/airplane_clean_00169.png,airplane,vehicle,air,clean,airplane_01674
clean/automobile/automobile_clean_00157.png,automobile,vehicle,land,clean,automobile_01675
clean/airplane/airplane_clean_00170.png,airplane,vehicle,air,clean,airplane_01676
clean/horse/horse_clean_00168.png,horse,animal,land,clean,horse_01677
clean/airplane/airplane_clean_00171.png,airplane,vehicle,air,clean,airplane_01678
clean/horse/horse_clean_00169.png,horse,animal,land,clean,horse_01679
clean/horse/horse_clean_00170.png,horse,animal,land,clean,horse_01680
clean/automobile/automobile_clean_00158.png,automobile,vehicle,land,clean,automobile_01681
clean/bird/bird_clean_00164.png,bird,animal,air,clean,bird_01682
clean/bird/bird_clean_00165.png,bird,animal,air,clean,bird_01683
clean/frog/frog_clean_00175.png,frog,animal,land,clean,frog_01684
clean/dog/dog_clean_00165.png,dog,animal,land,clean,dog_01685
clean/bird/bird_clean_00166.png,bird,animal,air,clean,bird_01686
clean/cat/cat_clean_00177.png,cat,animal,land,clean,cat_01687
clean/dog/dog_clean_00166.png,dog,animal,land,clean,dog_01688
clean/ship/ship_clean_00167.png,ship,vehicle,water,clean,ship_01689
clean/airplane/airplane_clean_00172.png,airplane,vehicle,air,clean,airplane_01690
clean/truck/truck_clean_00177.png,truck,vehicle,land,clean,truck_01691
clean/deer/deer_clean_00164.png,deer,animal,land,clean,deer_01692
clean/horse/horse_clean_00171.png,horse,animal,land,clean,horse_01693
clean/truck/truck_clean_00178.png,truck,vehicle,land,clean,truck_01694
clean/bird/bird_clean_00167.png,bird,animal,air,clean,bird_01695
clean/bird/bird_clean_00168.png,bird,animal,air,clean,bird_01696
clean/dog/dog_clean_00167.png,dog,animal,land,clean,dog_01697
clean/airplane/airplane_clean_00173.png,airplane,vehicle,air,clean,airplane_01698
clean/frog/frog_clean_00176.png,frog,animal,land,clean,frog_01699
clean/cat/cat_clean_00178.png,cat,animal,land,clean,cat_01700
clean/horse/horse_clean_00172.png,horse,animal,land,clean,horse_01701
clean/cat/cat_clean_00179.png,cat,animal,land,clean,cat_01702
clean/bird/bird_clean_00169.png,bird,animal,air,clean,bird_01703
clean/deer/deer_clean_00165.png,deer,animal,land,clean,deer_01704
clean/frog/frog_clean_00177.png,frog,animal,land,clean,frog_01705
clean/truck/truck_clean_00179.png,truck,vehicle,land,clean,truck_01706
clean/deer/deer_clean_00166.png,deer,animal,land,clean,deer_01707
clean/automobile/automobile_clean_00159.png,automobile,vehicle,land,clean,automobile_01708
clean/horse/horse_clean_00173.png,horse,animal,land,clean,horse_01709
clean/ship/ship_clean_00168.png,ship,vehicle,water,clean,ship_01710
clean/dog/dog_clean_00168.png,dog,animal,land,clean,dog_01711
clean/airplane/airplane_clean_00174.png,airplane,vehicle,air,clean,airplane_01712
clean/cat/cat_clean_00180.png,cat,animal,land,clean,cat_01713
clean/dog/dog_clean_00169.png,dog,animal,land,clean,dog_01714
clean/ship/ship_clean_00169.png,ship,vehicle,water,clean,ship_01715
clean/airplane/airplane_clean_00175.png,airplane,vehicle,air,clean,airplane_01716
clean/horse/horse_clean_00174.png,horse,animal,land,clean,horse_01717
clean/ship/ship_clean_00170.png,ship,vehicle,water,clean,ship_01718
clean/truck/truck_clean_00180.png,truck,vehicle,land,clean,truck_01719
clean/frog/frog_clean_00178.png,frog,animal,land,clean,frog_01720
clean/ship/ship_clean_00171.png,ship,vehicle,water,clean,ship_01721
clean/automobile/automobile_clean_00160.png,automobile,vehicle,land,clean,automobile_01722
clean/airplane/airplane_clean_00176.png,airplane,vehicle,air,clean,airplane_01723
clean/horse/horse_clean_00175.png,horse,animal,land,clean,horse_01724
clean/truck/truck_clean_00181.png,truck,vehicle,land,clean,truck_01725
clean/horse/horse_clean_00176.png,horse,animal,land,clean,horse_01726
clean/horse/horse_clean_00177.png,horse,animal,land,clean,horse_01727
clean/deer/deer_clean_00167.png,deer,animal,land,clean,deer_01728
clean/automobile/automobile_clean_00161.png,automobile,vehicle,land,clean,automobile_01729
clean/cat/cat_clean_00181.png,cat,animal,land,clean,cat_01730
clean/horse/horse_clean_00178.png,horse,animal,land,clean,horse_01731
clean/automobile/automobile_clean_00162.png,automobile,vehicle,land,clean,automobile_01732
clean/horse/horse_clean_00179.png,horse,animal,land,clean,horse_01733
clean/frog/frog_clean_00179.png,frog,animal,land,clean,frog_01734
clean/dog/dog_clean_00170.png,dog,animal,land,clean,dog_01735
clean/horse/horse_clean_00180.png,horse,animal,land,clean,horse_01736
clean/bird/bird_clean_00170.png,bird,animal,air,clean,bird_01737
clean/bird/bird_clean_00171.png,bird,animal,air,clean,bird_01738
clean/ship/ship_clean_00172.png,ship,vehicle,water,clean,ship_01739
clean/truck/truck_clean_00182.png,truck,vehicle,land,clean,truck_01740
clean/horse/horse_clean_00181.png,horse,animal,land,clean,horse_01741
clean/automobile/automobile_clean_00163.png,automobile,vehicle,land,clean,automobile_01742
clean/dog/dog_clean_00171.png,dog,animal,land,clean,dog_01743
clean/cat/cat_clean_00182.png,cat,animal,land,clean,cat_01744
clean/bird/bird_clean_00172.png,bird,animal,air,clean,bird_01745
clean/horse/horse_clean_00182.png,horse,animal,land,clean,horse_01746
clean/dog/dog_clean_00172.png,dog,animal,land,clean,dog_01747
clean/cat/cat_clean_00183.png,cat,animal,land,clean,cat_01748
clean/deer/deer_clean_00168.png,deer,animal,land,clean,deer_01749
clean/frog/frog_clean_00180.png,frog,animal,land,clean,frog_01750
clean/bird/bird_clean_00173.png,bird,animal,air,clean,bird_01751
clean/cat/cat_clean_00184.png,cat,animal,land,clean,cat_01752
clean/truck/truck_clean_00183.png,truck,vehicle,land,clean,truck_01753
clean/ship/ship_clean_00173.png,ship,vehicle,water,clean,ship_01754
clean/deer/deer_clean_00169.png,deer,animal,land,clean,deer_01755
clean/dog/dog_clean_00173.png,dog,animal,land,clean,dog_01756
clean/automobile/automobile_clean_00164.png,automobile,vehicle,land,clean,automobile_01757
clean/cat/cat_clean_00185.png,cat,animal,land,clean,cat_01758
clean/horse/horse_clean_00183.png,horse,animal,land,clean,horse_01759
clean/dog/dog_clean_00174.png,dog,animal,land,clean,dog_01760
clean/ship/ship_clean_00174.png,ship,vehicle,water,clean,ship_01761
clean/frog/frog_clean_00181.png,frog,animal,land,clean,frog_01762
clean/dog/dog_clean_00175.png,dog,animal,land,clean,dog_01763
clean/frog/frog_clean_00182.png,frog,animal,land,clean,frog_01764
clean/cat/cat_clean_00186.png,cat,animal,land,clean,cat_01765
clean/ship/ship_clean_00175.png,ship,vehicle,water,clean,ship_01766
clean/bird/bird_clean_00174.png,bird,animal,air,clean,bird_01767
clean/truck/truck_clean_00184.png,truck,vehicle,land,clean,truck_01768
clean/automobile/automobile_clean_00165.png,automobile,vehicle,land,clean,automobile_01769
clean/automobile/automobile_clean_00166.png,automobile,vehicle,land,clean,automobile_01770
clean/automobile/automobile_clean_00167.png,automobile,vehicle,land,clean,automobile_01771
clean/horse/horse_clean_00184.png,horse,animal,land,clean,horse_01772
clean/horse/horse_clean_00185.png,horse,animal,land,clean,horse_01773
clean/dog/dog_clean_00176.png,dog,animal,land,clean,dog_01774
clean/ship/ship_clean_00176.png,ship,vehicle,water,clean,ship_01775
clean/bird/bird_clean_00175.png,bird,animal,air,clean,bird_01776
clean/deer/deer_clean_00170.png,deer,animal,land,clean,deer_01777
clean/bird/bird_clean_00176.png,bird,animal,air,clean,bird_01778
clean/automobile/automobile_clean_00168.png,automobile,vehicle,land,clean,automobile_01779
clean/bird/bird_clean_00177.png,bird,animal,air,clean,bird_01780
clean/frog/frog_clean_00183.png,frog,animal,land,clean,frog_01781
clean/automobile/automobile_clean_00169.png,automobile,vehicle,land,clean,automobile_01782
clean/horse/horse_clean_00186.png,horse,animal,land,clean,horse_01783
clean/dog/dog_clean_00177.png,dog,animal,land,clean,dog_01784
clean/frog/frog_clean_00184.png,frog,animal,land,clean,frog_01785
clean/deer/deer_clean_00171.png,deer,animal,land,clean,deer_01786
clean/automobile/automobile_clean_00170.png,automobile,vehicle,land,clean,automobile_01787
clean/frog/frog_clean_00185.png,frog,animal,land,clean,frog_01788
clean/airplane/airplane_clean_00177.png,airplane,vehicle,air,clean,airplane_01789
clean/ship/ship_clean_00177.png,ship,vehicle,water,clean,ship_01790
clean/truck/truck_clean_00185.png,truck,vehicle,land,clean,truck_01791
clean/truck/truck_clean_00186.png,truck,vehicle,land,clean,truck_01792
clean/bird/bird_clean_00178.png,bird,animal,air,clean,bird_01793
clean/truck/truck_clean_00187.png,truck,vehicle,land,clean,truck_01794
clean/bird/bird_clean_00179.png,bird,animal,air,clean,bird_01795
clean/dog/dog_clean_00178.png,dog,animal,land,clean,dog_01796
clean/automobile/automobile_clean_00171.png,automobile,vehicle,land,clean,automobile_01797
clean/deer/deer_clean_00172.png,deer,animal,land,clean,deer_01798
clean/airplane/airplane_clean_00178.png,airplane,vehicle,air,clean,airplane_01799
clean/dog/dog_clean_00179.png,dog,animal,land,clean,dog_01800
clean/dog/dog_clean_00180.png,dog,animal,land,clean,dog_01801
clean/airplane/airplane_clean_00179.png,airplane,vehicle,air,clean,airplane_01802
clean/truck/truck_clean_00188.png,truck,vehicle,land,clean,truck_01803
clean/ship/ship_clean_00178.png,ship,vehicle,water,clean,ship_01804
clean/deer/deer_clean_00173.png,deer,animal,land,clean,deer_01805
clean/bird/bird_clean_00180.png,bird,animal,air,clean,bird_01806
clean/bird/bird_clean_00181.png,bird,animal,air,clean,bird_01807
clean/airplane/airplane_clean_00180.png,airplane,vehicle,air,clean,airplane_01808
clean/truck/truck_clean_00189.png,truck,vehicle,land,clean,truck_01809
clean/airplane/airplane_clean_00181.png,airplane,vehicle,air,clean,airplane_01810
clean/horse/horse_clean_00187.png,horse,animal,land,clean,horse_01811
clean/horse/horse_clean_00188.png,horse,animal,land,clean,horse_01812
clean/horse/horse_clean_00189.png,horse,animal,land,clean,horse_01813
clean/airplane/airplane_clean_00182.png,airplane,vehicle,air,clean,airplane_01814
clean/bird/bird_clean_00182.png,bird,animal,air,clean,bird_01815
clean/airplane/airplane_clean_00183.png,airplane,vehicle,air,clean,airplane_01816
clean/bird/bird_clean_00183.png,bird,animal,air,clean,bird_01817
clean/dog/dog_clean_00181.png,dog,animal,land,clean,dog_01818
clean/truck/truck_clean_00190.png,truck,vehicle,land,clean,truck_01819
clean/airplane/airplane_clean_00184.png,airplane,vehicle,air,clean,airplane_01820
clean/frog/frog_clean_00186.png,frog,animal,land,clean,frog_01821
clean/frog/frog_clean_00187.png,frog,animal,land,clean,frog_01822
clean/bird/bird_clean_00184.png,bird,animal,air,clean,bird_01823
clean/dog/dog_clean_00182.png,dog,animal,land,clean,dog_01824
clean/cat/cat_clean_00187.png,cat,animal,land,clean,cat_01825
clean/cat/cat_clean_00188.png,cat,animal,land,clean,cat_01826
clean/deer/deer_clean_00174.png,deer,animal,land,clean,deer_01827
clean/dog/dog_clean_00183.png,dog,animal,land,clean,dog_01828
clean/bird/bird_clean_00185.png,bird,animal,air,clean,bird_01829
clean/bird/bird_clean_00186.png,bird,animal,air,clean,bird_01830
clean/horse/horse_clean_00190.png,horse,animal,land,clean,horse_01831
clean/deer/deer_clean_00175.png,deer,animal,land,clean,deer_01832
clean/dog/dog_clean_00184.png,dog,animal,land,clean,dog_01833
clean/bird/bird_clean_00187.png,bird,animal,air,clean,bird_01834
clean/cat/cat_clean_00189.png,cat,animal,land,clean,cat_01835
clean/truck/truck_clean_00191.png,truck,vehicle,land,clean,truck_01836
clean/cat/cat_clean_00190.png,cat,animal,land,clean,cat_01837
clean/airplane/airplane_clean_00185.png,airplane,vehicle,air,clean,airplane_01838
clean/ship/ship_clean_00179.png,ship,vehicle,water,clean,ship_01839
clean/airplane/airplane_clean_00186.png,airplane,vehicle,air,clean,airplane_01840
clean/bird/bird_clean_00188.png,bird,animal,air,clean,bird_01841
clean/bird/bird_clean_00189.png,bird,animal,air,clean,bird_01842
clean/bird/bird_clean_00190.png,bird,animal,air,clean,bird_01843
clean/deer/deer_clean_00176.png,deer,animal,land,clean,deer_01844
clean/ship/ship_clean_00180.png,ship,vehicle,water,clean,ship_01845
clean/truck/truck_clean_00192.png,truck,vehicle,land,clean,truck_01846
clean/horse/horse_clean_00191.png,horse,animal,land,clean,horse_01847
clean/bird/bird_clean_00191.png,bird,animal,air,clean,bird_01848
clean/truck/truck_clean_00193.png,truck,vehicle,land,clean,truck_01849
clean/ship/ship_clean_00181.png,ship,vehicle,water,clean,ship_01850
clean/dog/dog_clean_00185.png,dog,animal,land,clean,dog_01851
clean/automobile/automobile_clean_00172.png,automobile,vehicle,land,clean,automobile_01852
clean/horse/horse_clean_00192.png,horse,animal,land,clean,horse_01853
clean/airplane/airplane_clean_00187.png,airplane,vehicle,air,clean,airplane_01854
clean/deer/deer_clean_00177.png,deer,animal,land,clean,deer_01855
clean/bird/bird_clean_00192.png,bird,animal,air,clean,bird_01856
clean/frog/frog_clean_00188.png,frog,animal,land,clean,frog_01857
clean/cat/cat_clean_00191.png,cat,animal,land,clean,cat_01858
clean/horse/horse_clean_00193.png,horse,animal,land,clean,horse_01859
clean/bird/bird_clean_00193.png,bird,animal,air,clean,bird_01860
clean/frog/frog_clean_00189.png,frog,animal,land,clean,frog_01861
clean/frog/frog_clean_00190.png,frog,animal,land,clean,frog_01862
clean/airplane/airplane_clean_00188.png,airplane,vehicle,air,clean,airplane_01863
clean/ship/ship_clean_00182.png,ship,vehicle,water,clean,ship_01864
clean/cat/cat_clean_00192.png,cat,animal,land,clean,cat_01865
clean/cat/cat_clean_00193.png,cat,animal,land,clean,cat_01866
clean/horse/horse_clean_00194.png,horse,animal,land,clean,horse_01867
clean/ship/ship_clean_00183.png,ship,vehicle,water,clean,ship_01868
clean/cat/cat_clean_00194.png,cat,animal,land,clean,cat_01869
clean/dog/dog_clean_00186.png,dog,animal,land,clean,dog_01870
clean/truck/truck_clean_00194.png,truck,vehicle,land,clean,truck_01871
clean/automobile/automobile_clean_00173.png,automobile,vehicle,land,clean,automobile_01872
clean/dog/dog_clean_00187.png,dog,animal,land,clean,dog_01873
clean/automobile/automobile_clean_00174.png,automobile,vehicle,land,clean,automobile_01874
clean/ship/ship_clean_00184.png,ship,vehicle,water,clean,ship_01875
clean/horse/horse_clean_00195.png,horse,animal,land,clean,horse_01876
clean/automobile/automobile_clean_00175.png,automobile,vehicle,land,clean,automobile_01877
clean/dog/dog_clean_00188.png,dog,animal,land,clean,dog_01878
clean/dog/dog_clean_00189.png,dog,animal,land,clean,dog_01879
clean/ship/ship_clean_00185.png,ship,vehicle,water,clean,ship_01880
clean/truck/truck_clean_00195.png,truck,vehicle,land,clean,truck_01881
clean/truck/truck_clean_00196.png,truck,vehicle,land,clean,truck_01882
clean/airplane/airplane_clean_00189.png,airplane,vehicle,air,clean,airplane_01883
clean/ship/ship_clean_00186.png,ship,vehicle,water,clean,ship_01884
clean/airplane/airplane_clean_00190.png,airplane,vehicle,air,clean,airplane_01885
clean/automobile/automobile_clean_00176.png,automobile,vehicle,land,clean,automobile_01886
clean/frog/frog_clean_00191.png,frog,animal,land,clean,frog_01887
clean/cat/cat_clean_00195.png,cat,animal,land,clean,cat_01888
clean/automobile/automobile_clean_00177.png,automobile,vehicle,land,clean,automobile_01889
clean/bird/bird_clean_00194.png,bird,animal,air,clean,bird_01890
clean/truck/truck_clean_00197.png,truck,vehicle,land,clean,truck_01891
clean/dog/dog_clean_00190.png,dog,animal,land,clean,dog_01892
clean/truck/truck_clean_00198.png,truck,vehicle,land,clean,truck_01893
clean/truck/truck_clean_00199.png,truck,vehicle,land,clean,truck_01894
clean/frog/frog_clean_00192.png,frog,animal,land,clean,frog_01895
clean/ship/ship_clean_00187.png,ship,vehicle,water,clean,ship_01896
clean/ship/ship_clean_00188.png,ship,vehicle,water,clean,ship_01897
clean/dog/dog_clean_00191.png,dog,animal,land,clean,dog_01898
clean/bird/bird_clean_00195.png,bird,animal,air,clean,bird_01899
clean/truck/truck_clean_00200.png,truck,vehicle,land,clean,truck_01900
clean/truck/truck_clean_00201.png,truck,vehicle,land,clean,truck_01901
clean/airplane/airplane_clean_00191.png,airplane,vehicle,air,clean,airplane_01902
clean/automobile/automobile_clean_00178.png,automobile,vehicle,land,clean,automobile_01903
clean/ship/ship_clean_00189.png,ship,vehicle,water,clean,ship_01904
clean/frog/frog_clean_00193.png,frog,animal,land,clean,frog_01905
clean/airplane/airplane_clean_00192.png,airplane,vehicle,air,clean,airplane_01906
clean/cat/cat_clean_00196.png,cat,animal,land,clean,cat_01907
clean/horse/horse_clean_00196.png,horse,animal,land,clean,horse_01908
clean/horse/horse_clean_00197.png,horse,animal,land,clean,horse_01909
clean/cat/cat_clean_00197.png,cat,animal,land,clean,cat_01910
clean/automobile/automobile_clean_00179.png,automobile,vehicle,land,clean,automobile_01911
clean/automobile/automobile_clean_00180.png,automobile,vehicle,land,clean,automobile_01912
clean/automobile/automobile_clean_00181.png,automobile,vehicle,land,clean,automobile_01913
clean/dog/dog_clean_00192.png,dog,animal,land,clean,dog_01914
clean/bird/bird_clean_00196.png,bird,animal,air,clean,bird_01915
clean/deer/deer_clean_00178.png,deer,animal,land,clean,deer_01916
clean/cat/cat_clean_00198.png,cat,animal,land,clean,cat_01917
clean/horse/horse_clean_00198.png,horse,animal,land,clean,horse_01918
clean/horse/horse_clean_00199.png,horse,animal,land,clean,horse_01919
clean/ship/ship_clean_00190.png,ship,vehicle,water,clean,ship_01920
clean/deer/deer_clean_00179.png,deer,animal,land,clean,deer_01921
clean/dog/dog_clean_00193.png,dog,animal,land,clean,dog_01922
clean/dog/dog_clean_00194.png,dog,animal,land,clean,dog_01923
clean/ship/ship_clean_00191.png,ship,vehicle,water,clean,ship_01924
clean/bird/bird_clean_00197.png,bird,animal,air,clean,bird_01925
clean/airplane/airplane_clean_00193.png,airplane,vehicle,air,clean,airplane_01926
clean/bird/bird_clean_00198.png,bird,animal,air,clean,bird_01927
clean/horse/horse_clean_00200.png,horse,animal,land,clean,horse_01928
clean/bird/bird_clean_00199.png,bird,animal,air,clean,bird_01929
clean/dog/dog_clean_00195.png,dog,animal,land,clean,dog_01930
clean/frog/frog_clean_00194.png,frog,animal,land,clean,frog_01931
clean/truck/truck_clean_00202.png,truck,vehicle,land,clean,truck_01932
clean/dog/dog_clean_00196.png,dog,animal,land,clean,dog_01933
clean/cat/cat_clean_00199.png,cat,animal,land,clean,cat_01934
clean/horse/horse_clean_00201.png,horse,animal,land,clean,horse_01935
clean/deer/deer_clean_00180.png,deer,animal,land,clean,deer_01936
clean/bird/bird_clean_00200.png,bird,animal,air,clean,bird_01937
clean/ship/ship_clean_00192.png,ship,vehicle,water,clean,ship_01938
clean/truck/truck_clean_00203.png,truck,vehicle,land,clean,truck_01939
clean/deer/deer_clean_00181.png,deer,animal,land,clean,deer_01940
clean/frog/frog_clean_00195.png,frog,animal,land,clean,frog_01941
clean/truck/truck_clean_00204.png,truck,vehicle,land,clean,truck_01942
clean/horse/horse_clean_00202.png,horse,animal,land,clean,horse_01943
clean/bird/bird_clean_00201.png,bird,animal,air,clean,bird_01944
clean/ship/ship_clean_00193.png,ship,vehicle,water,clean,ship_01945
clean/ship/ship_clean_00194.png,ship,vehicle,water,clean,ship_01946
clean/cat/cat_clean_00200.png,cat,animal,land,clean,cat_01947
clean/dog/dog_clean_00197.png,dog,animal,land,clean,dog_01948
clean/cat/cat_clean_00201.png,cat,animal,land,clean,cat_01949
clean/dog/dog_clean_00198.png,dog,animal,land,clean,dog_01950
clean/deer/deer_clean_00182.png,deer,animal,land,clean,deer_01951
clean/dog/dog_clean_00199.png,dog,animal,land,clean,dog_01952
clean/horse/horse_clean_00203.png,horse,animal,land,clean,horse_01953
clean/dog/dog_clean_00200.png,dog,animal,land,clean,dog_01954
clean/bird/bird_clean_00202.png,bird,animal,air,clean,bird_01955
clean/dog/dog_clean_00201.png,dog,animal,land,clean,dog_01956
clean/ship/ship_clean_00195.png,ship,vehicle,water,clean,ship_01957
clean/ship/ship_clean_00196.png,ship,vehicle,water,clean,ship_01958
clean/deer/deer_clean_00183.png,deer,animal,land,clean,deer_01959
clean/bird/bird_clean_00203.png,bird,animal,air,clean,bird_01960
clean/automobile/automobile_clean_00182.png,automobile,vehicle,land,clean,automobile_01961
clean/ship/ship_clean_00197.png,ship,vehicle,water,clean,ship_01962
clean/ship/ship_clean_00198.png,ship,vehicle,water,clean,ship_01963
clean/horse/horse_clean_00204.png,horse,animal,land,clean,horse_01964
clean/airplane/airplane_clean_00194.png,airplane,vehicle,air,clean,airplane_01965
clean/airplane/airplane_clean_00195.png,airplane,vehicle,air,clean,airplane_01966
clean/bird/bird_clean_00204.png,bird,animal,air,clean,bird_01967
clean/ship/ship_clean_00199.png,ship,vehicle,water,clean,ship_01968
clean/ship/ship_clean_00200.png,ship,vehicle,water,clean,ship_01969
clean/cat/cat_clean_00202.png,cat,animal,land,clean,cat_01970
clean/horse/horse_clean_00205.png,horse,animal,land,clean,horse_01971
clean/horse/horse_clean_00206.png,horse,animal,land,clean,horse_01972
clean/truck/truck_clean_00205.png,truck,vehicle,land,clean,truck_01973
clean/ship/ship_clean_00201.png,ship,vehicle,water,clean,ship_01974
clean/frog/frog_clean_00196.png,frog,animal,land,clean,frog_01975
clean/horse/horse_clean_00207.png,horse,animal,land,clean,horse_01976
clean/horse/horse_clean_00208.png,horse,animal,land,clean,horse_01977
clean/bird/bird_clean_00205.png,bird,animal,air,clean,bird_01978
clean/deer/deer_clean_00184.png,deer,animal,land,clean,deer_01979
clean/truck/truck_clean_00206.png,truck,vehicle,land,clean,truck_01980
clean/ship/ship_clean_00202.png,ship,vehicle,water,clean,ship_01981
clean/cat/cat_clean_00203.png,cat,animal,land,clean,cat_01982
clean/deer/deer_clean_00185.png,deer,animal,land,clean,deer_01983
clean/deer/deer_clean_00186.png,deer,animal,land,clean,deer_01984
clean/airplane/airplane_clean_00196.png,airplane,vehicle,air,clean,airplane_01985
clean/cat/cat_clean_00204.png,cat,animal,land,clean,cat_01986
clean/bird/bird_clean_00206.png,bird,animal,air,clean,bird_01987
clean/ship/ship_clean_00203.png,ship,vehicle,water,clean,ship_01988
clean/deer/deer_clean_00187.png,deer,animal,land,clean,deer_01989
clean/deer/deer_clean_00188.png,deer,animal,land,clean,deer_01990
clean/dog/dog_clean_00202.png,dog,animal,land,clean,dog_01991
clean/airplane/airplane_clean_00197.png,airplane,vehicle,air,clean,airplane_01992
clean/deer/deer_clean_00189.png,deer,animal,land,clean,deer_01993
clean/airplane/airplane_clean_00198.png,airplane,vehicle,air,clean,airplane_01994
clean/horse/horse_clean_00209.png,horse,animal,land,clean,horse_01995
clean/cat/cat_clean_00205.png,cat,animal,land,clean,cat_01996
clean/bird/bird_clean_00207.png,bird,animal,air,clean,bird_01997
clean/bird/bird_clean_00208.png,bird,animal,air,clean,bird_01998
clean/cat/cat_clean_00206.png,cat,animal,land,clean,cat_01999
clean/airplane/airplane_clean_00199.png,airplane,vehicle,air,clean,airplane_02000
clean/dog/dog_clean_00203.png,dog,animal,land,clean,dog_02001
clean/airplane/airplane_clean_00200.png,airplane,vehicle,air,clean,airplane_02002
clean/dog/dog_clean_00204.png,dog,animal,land,clean,dog_02003
clean/airplane/airplane_clean_00201.png,airplane,vehicle,air,clean,airplane_02004
clean/automobile/automobile_clean_00183.png,automobile,vehicle,land,clean,automobile_02005
clean/truck/truck_clean_00207.png,truck,vehicle,land,clean,truck_02006
clean/frog/frog_clean_00197.png,frog,animal,land,clean,frog_02007
clean/frog/frog_clean_00198.png,frog,animal,land,clean,frog_02008
clean/deer/deer_clean_00190.png,deer,animal,land,clean,deer_02009
clean/cat/cat_clean_00207.png,cat,animal,land,clean,cat_02010
clean/ship/ship_clean_00204.png,ship,vehicle,water,clean,ship_02011
clean/bird/bird_clean_00209.png,bird,animal,air,clean,bird_02012
clean/deer/deer_clean_00191.png,deer,animal,land,clean,deer_02013
clean/truck/truck_clean_00208.png,truck,vehicle,land,clean,truck_02014
clean/bird/bird_clean_00210.png,bird,animal,air,clean,bird_02015
clean/truck/truck_clean_00209.png,truck,vehicle,land,clean,truck_02016
clean/ship/ship_clean_00205.png,ship,vehicle,water,clean,ship_02017
clean/frog/frog_clean_00199.png,frog,animal,land,clean,frog_02018
clean/ship/ship_clean_00206.png,ship,vehicle,water,clean,ship_02019
clean/horse/horse_clean_00210.png,horse,animal,land,clean,horse_02020
clean/dog/dog_clean_00205.png,dog,animal,land,clean,dog_02021
clean/truck/truck_clean_00210.png,truck,vehicle,land,clean,truck_02022
clean/bird/bird_clean_00211.png,bird,animal,air,clean,bird_02023
clean/cat/cat_clean_00208.png,cat,animal,land,clean,cat_02024
clean/truck/truck_clean_00211.png,truck,vehicle,land,clean,truck_02025
clean/airplane/airplane_clean_00202.png,airplane,vehicle,air,clean,airplane_02026
clean/frog/frog_clean_00200.png,frog,animal,land,clean,frog_02027
clean/deer/deer_clean_00192.png,deer,animal,land,clean,deer_02028
clean/cat/cat_clean_00209.png,cat,animal,land,clean,cat_02029
clean/horse/horse_clean_00211.png,horse,animal,land,clean,horse_02030
clean/deer/deer_clean_00193.png,deer,animal,land,clean,deer_02031
clean/horse/horse_clean_00212.png,horse,animal,land,clean,horse_02032
clean/frog/frog_clean_00201.png,frog,animal,land,clean,frog_02033
clean/deer/deer_clean_00194.png,deer,animal,land,clean,deer_02034
clean/bird/bird_clean_00212.png,bird,animal,air,clean,bird_02035
clean/frog/frog_clean_00202.png,frog,animal,land,clean,frog_02036
clean/frog/frog_clean_00203.png,frog,animal,land,clean,frog_02037
clean/cat/cat_clean_00210.png,cat,animal,land,clean,cat_02038
clean/horse/horse_clean_00213.png,horse,animal,land,clean,horse_02039
clean/automobile/automobile_clean_00184.png,automobile,vehicle,land,clean,automobile_02040
clean/deer/deer_clean_00195.png,deer,animal,land,clean,deer_02041
clean/airplane/airplane_clean_00203.png,airplane,vehicle,air,clean,airplane_02042
clean/frog/frog_clean_00204.png,frog,animal,land,clean,frog_02043
clean/deer/deer_clean_00196.png,deer,animal,land,clean,deer_02044
clean/airplane/airplane_clean_00204.png,airplane,vehicle,air,clean,airplane_02045
clean/airplane/airplane_clean_00205.png,airplane,vehicle,air,clean,airplane_02046
clean/airplane/airplane_clean_00206.png,airplane,vehicle,air,clean,airplane_02047
clean/deer/deer_clean_00197.png,deer,animal,land,clean,deer_02048
clean/horse/horse_clean_00214.png,horse,animal,land,clean,horse_02049
clean/cat/cat_clean_00211.png,cat,animal,land,clean,cat_02050
clean/truck/truck_clean_00212.png,truck,vehicle,land,clean,truck_02051
clean/bird/bird_clean_00213.png,bird,animal,air,clean,bird_02052
clean/bird/bird_clean_00214.png,bird,animal,air,clean,bird_02053
clean/ship/ship_clean_00207.png,ship,vehicle,water,clean,ship_02054
clean/bird/bird_clean_00215.png,bird,animal,air,clean,bird_02055
clean/airplane/airplane_clean_00207.png,airplane,vehicle,air,clean,airplane_02056
clean/ship/ship_clean_00208.png,ship,vehicle,water,clean,ship_02057
clean/deer/deer_clean_00198.png,deer,animal,land,clean,deer_02058
clean/frog/frog_clean_00205.png,frog,animal,land,clean,frog_02059
clean/truck/truck_clean_00213.png,truck,vehicle,land,clean,truck_02060
clean/automobile/automobile_clean_00185.png,automobile,vehicle,land,clean,automobile_02061
clean/deer/deer_clean_00199.png,deer,animal,land,clean,deer_02062
clean/cat/cat_clean_00212.png,cat,animal,land,clean,cat_02063
clean/frog/frog_clean_00206.png,frog,animal,land,clean,frog_02064
clean/horse/horse_clean_00215.png,horse,animal,land,clean,horse_02065
clean/truck/truck_clean_00214.png,truck,vehicle,land,clean,truck_02066
clean/bird/bird_clean_00216.png,bird,animal,air,clean,bird_02067
clean/dog/dog_clean_00206.png,dog,animal,land,clean,dog_02068
clean/truck/truck_clean_00215.png,truck,vehicle,land,clean,truck_02069
clean/cat/cat_clean_00213.png,cat,animal,land,clean,cat_02070
clean/deer/deer_clean_00200.png,deer,animal,land,clean,deer_02071
clean/ship/ship_clean_00209.png,ship,vehicle,water,clean,ship_02072
clean/ship/ship_clean_00210.png,ship,vehicle,water,clean,ship_02073
clean/bird/bird_clean_00217.png,bird,animal,air,clean,bird_02074
clean/horse/horse_clean_00216.png,horse,animal,land,clean,horse_02075
clean/frog/frog_clean_00207.png,frog,animal,land,clean,frog_02076
clean/cat/cat_clean_00214.png,cat,animal,land,clean,cat_02077
clean/ship/ship_clean_00211.png,ship,vehicle,water,clean,ship_02078
clean/ship/ship_clean_00212.png,ship,vehicle,water,clean,ship_02079
clean/automobile/automobile_clean_00186.png,automobile,vehicle,land,clean,automobile_02080
clean/automobile/automobile_clean_00187.png,automobile,vehicle,land,clean,automobile_02081
clean/deer/deer_clean_00201.png,deer,animal,land,clean,deer_02082
clean/airplane/airplane_clean_00208.png,airplane,vehicle,air,clean,airplane_02083
clean/truck/truck_clean_00216.png,truck,vehicle,land,clean,truck_02084
clean/automobile/automobile_clean_00188.png,automobile,vehicle,land,clean,automobile_02085
clean/truck/truck_clean_00217.png,truck,vehicle,land,clean,truck_02086
clean/airplane/airplane_clean_00209.png,airplane,vehicle,air,clean,airplane_02087
clean/automobile/automobile_clean_00189.png,automobile,vehicle,land,clean,automobile_02088
clean/truck/truck_clean_00218.png,truck,vehicle,land,clean,truck_02089
clean/deer/deer_clean_00202.png,deer,animal,land,clean,deer_02090
clean/deer/deer_clean_00203.png,deer,animal,land,clean,deer_02091
clean/deer/deer_clean_00204.png,deer,animal,land,clean,deer_02092
clean/frog/frog_clean_00208.png,frog,animal,land,clean,frog_02093
clean/truck/truck_clean_00219.png,truck,vehicle,land,clean,truck_02094
clean/frog/frog_clean_00209.png,frog,animal,land,clean,frog_02095
clean/frog/frog_clean_00210.png,frog,animal,land,clean,frog_02096
clean/truck/truck_clean_00220.png,truck,vehicle,land,clean,truck_02097
clean/cat/cat_clean_00215.png,cat,animal,land,clean,cat_02098
clean/bird/bird_clean_00218.png,bird,animal,air,clean,bird_02099
clean/cat/cat_clean_00216.png,cat,animal,land,clean,cat_02100
clean/cat/cat_clean_00217.png,cat,animal,land,clean,cat_02101
clean/frog/frog_clean_00211.png,frog,animal,land,clean,frog_02102
clean/cat/cat_clean_00218.png,cat,animal,land,clean,cat_02103
clean/horse/horse_clean_00217.png,horse,animal,land,clean,horse_02104
clean/ship/ship_clean_00213.png,ship,vehicle,water,clean,ship_02105
clean/bird/bird_clean_00219.png,bird,animal,air,clean,bird_02106
clean/frog/frog_clean_00212.png,frog,animal,land,clean,frog_02107
clean/deer/deer_clean_00205.png,deer,animal,land,clean,deer_02108
clean/horse/horse_clean_00218.png,horse,animal,land,clean,horse_02109
clean/deer/deer_clean_00206.png,deer,animal,land,clean,deer_02110
clean/airplane/airplane_clean_00210.png,airplane,vehicle,air,clean,airplane_02111
clean/ship/ship_clean_00214.png,ship,vehicle,water,clean,ship_02112
clean/horse/horse_clean_00219.png,horse,animal,land,clean,horse_02113
clean/cat/cat_clean_00219.png,cat,animal,land,clean,cat_02114
clean/dog/dog_clean_00207.png,dog,animal,land,clean,dog_02115
clean/horse/horse_clean_00220.png,horse,animal,land,clean,horse_02116
clean/automobile/automobile_clean_00190.png,automobile,vehicle,land,clean,automobile_02117
clean/horse/horse_clean_00221.png,horse,animal,land,clean,horse_02118
clean/truck/truck_clean_00221.png,truck,vehicle,land,clean,truck_02119
clean/airplane/airplane_clean_00211.png,airplane,vehicle,air,clean,airplane_02120
clean/frog/frog_clean_00213.png,frog,animal,land,clean,frog_02121
clean/ship/ship_clean_00215.png,ship,vehicle,water,clean,ship_02122
clean/truck/truck_clean_00222.png,truck,vehicle,land,clean,truck_02123
clean/truck/truck_clean_00223.png,truck,vehicle,land,clean,truck_02124
clean/deer/deer_clean_00207.png,deer,animal,land,clean,deer_02125
clean/bird/bird_clean_00220.png,bird,animal,air,clean,bird_02126
clean/cat/cat_clean_00220.png,cat,animal,land,clean,cat_02127
clean/automobile/automobile_clean_00191.png,automobile,vehicle,land,clean,automobile_02128
clean/horse/horse_clean_00222.png,horse,animal,land,clean,horse_02129
clean/truck/truck_clean_00224.png,truck,vehicle,land,clean,truck_02130
clean/automobile/automobile_clean_00192.png,automobile,vehicle,land,clean,automobile_02131
clean/automobile/automobile_clean_00193.png,automobile,vehicle,land,clean,automobile_02132
clean/airplane/airplane_clean_00212.png,airplane,vehicle,air,clean,airplane_02133
clean/deer/deer_clean_00208.png,deer,animal,land,clean,deer_02134
clean/automobile/automobile_clean_00194.png,automobile,vehicle,land,clean,automobile_02135
clean/frog/frog_clean_00214.png,frog,animal,land,clean,frog_02136
clean/automobile/automobile_clean_00195.png,automobile,vehicle,land,clean,automobile_02137
clean/frog/frog_clean_00215.png,frog,animal,land,clean,frog_02138
clean/dog/dog_clean_00208.png,dog,animal,land,clean,dog_02139
clean/cat/cat_clean_00221.png,cat,animal,land,clean,cat_02140
clean/airplane/airplane_clean_00213.png,airplane,vehicle,air,clean,airplane_02141
clean/dog/dog_clean_00209.png,dog,animal,land,clean,dog_02142
clean/cat/cat_clean_00222.png,cat,animal,land,clean,cat_02143
clean/airplane/airplane_clean_00214.png,airplane,vehicle,air,clean,airplane_02144
clean/airplane/airplane_clean_00215.png,airplane,vehicle,air,clean,airplane_02145
clean/cat/cat_clean_00223.png,cat,animal,land,clean,cat_02146
clean/airplane/airplane_clean_00216.png,airplane,vehicle,air,clean,airplane_02147
clean/automobile/automobile_clean_00196.png,automobile,vehicle,land,clean,automobile_02148
clean/bird/bird_clean_00221.png,bird,animal,air,clean,bird_02149
clean/truck/truck_clean_00225.png,truck,vehicle,land,clean,truck_02150
clean/horse/horse_clean_00223.png,horse,animal,land,clean,horse_02151
clean/ship/ship_clean_00216.png,ship,vehicle,water,clean,ship_02152
clean/automobile/automobile_clean_00197.png,automobile,vehicle,land,clean,automobile_02153
clean/bird/bird_clean_00222.png,bird,animal,air,clean,bird_02154
clean/automobile/automobile_clean_00198.png,automobile,vehicle,land,clean,automobile_02155
clean/airplane/airplane_clean_00217.png,airplane,vehicle,air,clean,airplane_02156
clean/truck/truck_clean_00226.png,truck,vehicle,land,clean,truck_02157
clean/dog/dog_clean_00210.png,dog,animal,land,clean,dog_02158
clean/automobile/automobile_clean_00199.png,automobile,vehicle,land,clean,automobile_02159
clean/ship/ship_clean_00217.png,ship,vehicle,water,clean,ship_02160
clean/airplane/airplane_clean_00218.png,airplane,vehicle,air,clean,airplane_02161
clean/bird/bird_clean_00223.png,bird,animal,air,clean,bird_02162
clean/horse/horse_clean_00224.png,horse,animal,land,clean,horse_02163
clean/bird/bird_clean_00224.png,bird,animal,air,clean,bird_02164
clean/ship/ship_clean_00218.png,ship,vehicle,water,clean,ship_02165
clean/horse/horse_clean_00225.png,horse,animal,land,clean,horse_02166
clean/ship/ship_clean_00219.png,ship,vehicle,water,clean,ship_02167
clean/automobile/automobile_clean_00200.png,automobile,vehicle,land,clean,automobile_02168
clean/bird/bird_clean_00225.png,bird,animal,air,clean,bird_02169
clean/truck/truck_clean_00227.png,truck,vehicle,land,clean,truck_02170
clean/ship/ship_clean_00220.png,ship,vehicle,water,clean,ship_02171
clean/frog/frog_clean_00216.png,frog,animal,land,clean,frog_02172
clean/airplane/airplane_clean_00219.png,airplane,vehicle,air,clean,airplane_02173
clean/frog/frog_clean_00217.png,frog,animal,land,clean,frog_02174
clean/dog/dog_clean_00211.png,dog,animal,land,clean,dog_02175
clean/truck/truck_clean_00228.png,truck,vehicle,land,clean,truck_02176
clean/airplane/airplane_clean_00220.png,airplane,vehicle,air,clean,airplane_02177
clean/cat/cat_clean_00224.png,cat,animal,land,clean,cat_02178
clean/truck/truck_clean_00229.png,truck,vehicle,land,clean,truck_02179
clean/frog/frog_clean_00218.png,frog,animal,land,clean,frog_02180
clean/ship/ship_clean_00221.png,ship,vehicle,water,clean,ship_02181
clean/bird/bird_clean_00226.png,bird,animal,air,clean,bird_02182
clean/bird/bird_clean_00227.png,bird,animal,air,clean,bird_02183
clean/cat/cat_clean_00225.png,cat,animal,land,clean,cat_02184
clean/horse/horse_clean_00226.png,horse,animal,land,clean,horse_02185
clean/horse/horse_clean_00227.png,horse,animal,land,clean,horse_02186
clean/horse/horse_clean_00228.png,horse,animal,land,clean,horse_02187
clean/truck/truck_clean_00230.png,truck,vehicle,land,clean,truck_02188
clean/airplane/airplane_clean_00221.png,airplane,vehicle,air,clean,airplane_02189
clean/deer/deer_clean_00209.png,deer,animal,land,clean,deer_02190
clean/deer/deer_clean_00210.png,deer,animal,land,clean,deer_02191
clean/cat/cat_clean_00226.png,cat,animal,land,clean,cat_02192
clean/automobile/automobile_clean_00201.png,automobile,vehicle,land,clean,automobile_02193
clean/automobile/automobile_clean_00202.png,automobile,vehicle,land,clean,automobile_02194
clean/cat/cat_clean_00227.png,cat,animal,land,clean,cat_02195
clean/horse/horse_clean_00229.png,horse,animal,land,clean,horse_02196
clean/dog/dog_clean_00212.png,dog,animal,land,clean,dog_02197
clean/bird/bird_clean_00228.png,bird,animal,air,clean,bird_02198
clean/airplane/airplane_clean_00222.png,airplane,vehicle,air,clean,airplane_02199
clean/dog/dog_clean_00213.png,dog,animal,land,clean,dog_02200
clean/truck/truck_clean_00231.png,truck,vehicle,land,clean,truck_02201
clean/deer/deer_clean_00211.png,deer,animal,land,clean,deer_02202
clean/truck/truck_clean_00232.png,truck,vehicle,land,clean,truck_02203
clean/cat/cat_clean_00228.png,cat,animal,land,clean,cat_02204
clean/frog/frog_clean_00219.png,frog,animal,land,clean,frog_02205
clean/ship/ship_clean_00222.png,ship,vehicle,water,clean,ship_02206
clean/bird/bird_clean_00229.png,bird,animal,air,clean,bird_02207
clean/ship/ship_clean_00223.png,ship,vehicle,water,clean,ship_02208
clean/dog/dog_clean_00214.png,dog,animal,land,clean,dog_02209
clean/cat/cat_clean_00229.png,cat,animal,land,clean,cat_02210
clean/dog/dog_clean_00215.png,dog,animal,land,clean,dog_02211
clean/cat/cat_clean_00230.png,cat,animal,land,clean,cat_02212
clean/truck/truck_clean_00233.png,truck,vehicle,land,clean,truck_02213
clean/bird/bird_clean_00230.png,bird,animal,air,clean,bird_02214
clean/frog/frog_clean_00220.png,frog,animal,land,clean,frog_02215
clean/deer/deer_clean_00212.png,deer,animal,land,clean,deer_02216
clean/automobile/automobile_clean_00203.png,automobile,vehicle,land,clean,automobile_02217
clean/airplane/airplane_clean_00223.png,airplane,vehicle,air,clean,airplane_02218
clean/dog/dog_clean_00216.png,dog,animal,land,clean,dog_02219
clean/bird/bird_clean_00231.png,bird,animal,air,clean,bird_02220
clean/automobile/automobile_clean_00204.png,automobile,vehicle,land,clean,automobile_02221
clean/airplane/airplane_clean_00224.png,airplane,vehicle,air,clean,airplane_02222
clean/frog/frog_clean_00221.png,frog,animal,land,clean,frog_02223
clean/frog/frog_clean_00222.png,frog,animal,land,clean,frog_02224
clean/dog/dog_clean_00217.png,dog,animal,land,clean,dog_02225
clean/deer/deer_clean_00213.png,deer,animal,land,clean,deer_02226
clean/airplane/airplane_clean_00225.png,airplane,vehicle,air,clean,airplane_02227
clean/cat/cat_clean_00231.png,cat,animal,land,clean,cat_02228
clean/bird/bird_clean_00232.png,bird,animal,air,clean,bird_02229
clean/cat/cat_clean_00232.png,cat,animal,land,clean,cat_02230
clean/airplane/airplane_clean_00226.png,airplane,vehicle,air,clean,airplane_02231
clean/horse/horse_clean_00230.png,horse,animal,land,clean,horse_02232
clean/automobile/automobile_clean_00205.png,automobile,vehicle,land,clean,automobile_02233
clean/cat/cat_clean_00233.png,cat,animal,land,clean,cat_02234
clean/ship/ship_clean_00224.png,ship,vehicle,water,clean,ship_02235
clean/dog/dog_clean_00218.png,dog,animal,land,clean,dog_02236
clean/ship/ship_clean_00225.png,ship,vehicle,water,clean,ship_02237
clean/airplane/airplane_clean_00227.png,airplane,vehicle,air,clean,airplane_02238
clean/dog/dog_clean_00219.png,dog,animal,land,clean,dog_02239
clean/truck/truck_clean_00234.png,truck,vehicle,land,clean,truck_02240
clean/automobile/automobile_clean_00206.png,automobile,vehicle,land,clean,automobile_02241
clean/deer/deer_clean_00214.png,deer,animal,land,clean,deer_02242
clean/dog/dog_clean_00220.png,dog,animal,land,clean,dog_02243
clean/automobile/automobile_clean_00207.png,automobile,vehicle,land,clean,automobile_02244
clean/truck/truck_clean_00235.png,truck,vehicle,land,clean,truck_02245
clean/ship/ship_clean_00226.png,ship,vehicle,water,clean,ship_02246
clean/airplane/airplane_clean_00228.png,airplane,vehicle,air,clean,airplane_02247
clean/truck/truck_clean_00236.png,truck,vehicle,land,clean,truck_02248
clean/airplane/airplane_clean_00229.png,airplane,vehicle,air,clean,airplane_02249
clean/dog/dog_clean_00221.png,dog,animal,land,clean,dog_02250
clean/airplane/airplane_clean_00230.png,airplane,vehicle,air,clean,airplane_02251
clean/automobile/automobile_clean_00208.png,automobile,vehicle,land,clean,automobile_02252
clean/dog/dog_clean_00222.png,dog,animal,land,clean,dog_02253
clean/frog/frog_clean_00223.png,frog,animal,land,clean,frog_02254
clean/automobile/automobile_clean_00209.png,automobile,vehicle,land,clean,automobile_02255
clean/frog/frog_clean_00224.png,frog,animal,land,clean,frog_02256
clean/dog/dog_clean_00223.png,dog,animal,land,clean,dog_02257
clean/airplane/airplane_clean_00231.png,airplane,vehicle,air,clean,airplane_02258
clean/bird/bird_clean_00233.png,bird,animal,air,clean,bird_02259
clean/dog/dog_clean_00224.png,dog,animal,land,clean,dog_02260
clean/bird/bird_clean_00234.png,bird,animal,air,clean,bird_02261
clean/automobile/automobile_clean_00210.png,automobile,vehicle,land,clean,automobile_02262
clean/ship/ship_clean_00227.png,ship,vehicle,water,clean,ship_02263
clean/ship/ship_clean_00228.png,ship,vehicle,water,clean,ship_02264
clean/bird/bird_clean_00235.png,bird,animal,air,clean,bird_02265
clean/ship/ship_clean_00229.png,ship,vehicle,water,clean,ship_02266
clean/automobile/automobile_clean_00211.png,automobile,vehicle,land,clean,automobile_02267
clean/airplane/airplane_clean_00232.png,airplane,vehicle,air,clean,airplane_02268
clean/bird/bird_clean_00236.png,bird,animal,air,clean,bird_02269
clean/airplane/airplane_clean_00233.png,airplane,vehicle,air,clean,airplane_02270
clean/deer/deer_clean_00215.png,deer,animal,land,clean,deer_02271
clean/ship/ship_clean_00230.png,ship,vehicle,water,clean,ship_02272
clean/ship/ship_clean_00231.png,ship,vehicle,water,clean,ship_02273
clean/truck/truck_clean_00237.png,truck,vehicle,land,clean,truck_02274
clean/bird/bird_clean_00237.png,bird,animal,air,clean,bird_02275
clean/automobile/automobile_clean_00212.png,automobile,vehicle,land,clean,automobile_02276
clean/deer/deer_clean_00216.png,deer,animal,land,clean,deer_02277
clean/truck/truck_clean_00238.png,truck,vehicle,land,clean,truck_02278
clean/automobile/automobile_clean_00213.png,automobile,vehicle,land,clean,automobile_02279
clean/ship/ship_clean_00232.png,ship,vehicle,water,clean,ship_02280
clean/airplane/airplane_clean_00234.png,airplane,vehicle,air,clean,airplane_02281
clean/airplane/airplane_clean_00235.png,airplane,vehicle,air,clean,airplane_02282
clean/frog/frog_clean_00225.png,frog,animal,land,clean,frog_02283
clean/airplane/airplane_clean_00236.png,airplane,vehicle,air,clean,airplane_02284
clean/automobile/automobile_clean_00214.png,automobile,vehicle,land,clean,automobile_02285
clean/horse/horse_clean_00231.png,horse,animal,land,clean,horse_02286
clean/truck/truck_clean_00239.png,truck,vehicle,land,clean,truck_02287
clean/ship/ship_clean_00233.png,ship,vehicle,water,clean,ship_02288
clean/automobile/automobile_clean_00215.png,automobile,vehicle,land,clean,automobile_02289
clean/frog/frog_clean_00226.png,frog,animal,land,clean,frog_02290
clean/cat/cat_clean_00234.png,cat,animal,land,clean,cat_02291
clean/automobile/automobile_clean_00216.png,automobile,vehicle,land,clean,automobile_02292
clean/truck/truck_clean_00240.png,truck,vehicle,land,clean,truck_02293
clean/deer/deer_clean_00217.png,deer,animal,land,clean,deer_02294
clean/automobile/automobile_clean_00217.png,automobile,vehicle,land,clean,automobile_02295
clean/dog/dog_clean_00225.png,dog,animal,land,clean,dog_02296
clean/automobile/automobile_clean_00218.png,automobile,vehicle,land,clean,automobile_02297
clean/truck/truck_clean_00241.png,truck,vehicle,land,clean,truck_02298
clean/deer/deer_clean_00218.png,deer,animal,land,clean,deer_02299
clean/airplane/airplane_clean_00237.png,airplane,vehicle,air,clean,airplane_02300
clean/horse/horse_clean_00232.png,horse,animal,land,clean,horse_02301
clean/cat/cat_clean_00235.png,cat,animal,land,clean,cat_02302
clean/frog/frog_clean_00227.png,frog,animal,land,clean,frog_02303
clean/deer/deer_clean_00219.png,deer,animal,land,clean,deer_02304
clean/cat/cat_clean_00236.png,cat,animal,land,clean,cat_02305
clean/automobile/automobile_clean_00219.png,automobile,vehicle,land,clean,automobile_02306
clean/deer/deer_clean_00220.png,deer,animal,land,clean,deer_02307
clean/dog/dog_clean_00226.png,dog,animal,land,clean,dog_02308
clean/bird/bird_clean_00238.png,bird,animal,air,clean,bird_02309
clean/bird/bird_clean_00239.png,bird,animal,air,clean,bird_02310
clean/frog/frog_clean_00228.png,frog,animal,land,clean,frog_02311
clean/truck/truck_clean_00242.png,truck,vehicle,land,clean,truck_02312
clean/dog/dog_clean_00227.png,dog,animal,land,clean,dog_02313
clean/bird/bird_clean_00240.png,bird,animal,air,clean,bird_02314
clean/frog/frog_clean_00229.png,frog,animal,land,clean,frog_02315
clean/deer/deer_clean_00221.png,deer,animal,land,clean,deer_02316
clean/ship/ship_clean_00234.png,ship,vehicle,water,clean,ship_02317
clean/horse/horse_clean_00233.png,horse,animal,land,clean,horse_02318
clean/automobile/automobile_clean_00220.png,automobile,vehicle,land,clean,automobile_02319
clean/bird/bird_clean_00241.png,bird,animal,air,clean,bird_02320
clean/cat/cat_clean_00237.png,cat,animal,land,clean,cat_02321
clean/frog/frog_clean_00230.png,frog,animal,land,clean,frog_02322
clean/truck/truck_clean_00243.png,truck,vehicle,land,clean,truck_02323
clean/frog/frog_clean_00231.png,frog,animal,land,clean,frog_02324
clean/cat/cat_clean_00238.png,cat,animal,land,clean,cat_02325
clean/deer/deer_clean_00222.png,deer,animal,land,clean,deer_02326
clean/cat/cat_clean_00239.png,cat,animal,land,clean,cat_02327
clean/cat/cat_clean_00240.png,cat,animal,land,clean,cat_02328
clean/frog/frog_clean_00232.png,frog,animal,land,clean,frog_02329
clean/bird/bird_clean_00242.png,bird,animal,air,clean,bird_02330
clean/deer/deer_clean_00223.png,deer,animal,land,clean,deer_02331
clean/airplane/airplane_clean_00238.png,airplane,vehicle,air,clean,airplane_02332
clean/ship/ship_clean_00235.png,ship,vehicle,water,clean,ship_02333
clean/horse/horse_clean_00234.png,horse,animal,land,clean,horse_02334
clean/deer/deer_clean_00224.png,deer,animal,land,clean,deer_02335
clean/deer/deer_clean_00225.png,deer,animal,land,clean,deer_02336
clean/ship/ship_clean_00236.png,ship,vehicle,water,clean,ship_02337
clean/automobile/automobile_clean_00221.png,automobile,vehicle,land,clean,automobile_02338
clean/deer/deer_clean_00226.png,deer,animal,land,clean,deer_02339
clean/deer/deer_clean_00227.png,deer,animal,land,clean,deer_02340
clean/deer/deer_clean_00228.png,deer,animal,land,clean,deer_02341
clean/horse/horse_clean_00235.png,horse,animal,land,clean,horse_02342
clean/airplane/airplane_clean_00239.png,airplane,vehicle,air,clean,airplane_02343
clean/bird/bird_clean_00243.png,bird,animal,air,clean,bird_02344
clean/cat/cat_clean_00241.png,cat,animal,land,clean,cat_02345
clean/ship/ship_clean_00237.png,ship,vehicle,water,clean,ship_02346
clean/ship/ship_clean_00238.png,ship,vehicle,water,clean,ship_02347
clean/ship/ship_clean_00239.png,ship,vehicle,water,clean,ship_02348
clean/bird/bird_clean_00244.png,bird,animal,air,clean,bird_02349
clean/ship/ship_clean_00240.png,ship,vehicle,water,clean,ship_02350
clean/bird/bird_clean_00245.png,bird,animal,air,clean,bird_02351
clean/ship/ship_clean_00241.png,ship,vehicle,water,clean,ship_02352
clean/cat/cat_clean_00242.png,cat,animal,land,clean,cat_02353
clean/cat/cat_clean_00243.png,cat,animal,land,clean,cat_02354
clean/frog/frog_clean_00233.png,frog,animal,land,clean,frog_02355
clean/ship/ship_clean_00242.png,ship,vehicle,water,clean,ship_02356
clean/dog/dog_clean_00228.png,dog,animal,land,clean,dog_02357
clean/dog/dog_clean_00229.png,dog,animal,land,clean,dog_02358
clean/bird/bird_clean_00246.png,bird,animal,air,clean,bird_02359
clean/airplane/airplane_clean_00240.png,airplane,vehicle,air,clean,airplane_02360
clean/horse/horse_clean_00236.png,horse,animal,land,clean,horse_02361
clean/dog/dog_clean_00230.png,dog,animal,land,clean,dog_02362
clean/dog/dog_clean_00231.png,dog,animal,land,clean,dog_02363
clean/dog/dog_clean_00232.png,dog,animal,land,clean,dog_02364
clean/horse/horse_clean_00237.png,horse,animal,land,clean,horse_02365
clean/dog/dog_clean_00233.png,dog,animal,land,clean,dog_02366
clean/ship/ship_clean_00243.png,ship,vehicle,water,clean,ship_02367
clean/deer/deer_clean_00229.png,deer,animal,land,clean,deer_02368
clean/frog/frog_clean_00234.png,frog,animal,land,clean,frog_02369
clean/truck/truck_clean_00244.png,truck,vehicle,land,clean,truck_02370
clean/automobile/automobile_clean_00222.png,automobile,vehicle,land,clean,automobile_02371
clean/truck/truck_clean_00245.png,truck,vehicle,land,clean,truck_02372
clean/truck/truck_clean_00246.png,truck,vehicle,land,clean,truck_02373
clean/frog/frog_clean_00235.png,frog,animal,land,clean,frog_02374
clean/ship/ship_clean_00244.png,ship,vehicle,water,clean,ship_02375
clean/automobile/automobile_clean_00223.png,automobile,vehicle,land,clean,automobile_02376
clean/bird/bird_clean_00247.png,bird,animal,air,clean,bird_02377
clean/ship/ship_clean_00245.png,ship,vehicle,water,clean,ship_02378
clean/automobile/automobile_clean_00224.png,automobile,vehicle,land,clean,automobile_02379
clean/airplane/airplane_clean_00241.png,airplane,vehicle,air,clean,airplane_02380
clean/frog/frog_clean_00236.png,frog,animal,land,clean,frog_02381
clean/frog/frog_clean_00237.png,frog,animal,land,clean,frog_02382
clean/bird/bird_clean_00248.png,bird,animal,air,clean,bird_02383
clean/ship/ship_clean_00246.png,ship,vehicle,water,clean,ship_02384
clean/cat/cat_clean_00244.png,cat,animal,land,clean,cat_02385
clean/bird/bird_clean_00249.png,bird,animal,air,clean,bird_02386
clean/frog/frog_clean_00238.png,frog,animal,land,clean,frog_02387
clean/airplane/airplane_clean_00242.png,airplane,vehicle,air,clean,airplane_02388
clean/truck/truck_clean_00247.png,truck,vehicle,land,clean,truck_02389
clean/truck/truck_clean_00248.png,truck,vehicle,land,clean,truck_02390
clean/bird/bird_clean_00250.png,bird,animal,air,clean,bird_02391
clean/automobile/automobile_clean_00225.png,automobile,vehicle,land,clean,automobile_02392
clean/automobile/automobile_clean_00226.png,automobile,vehicle,land,clean,automobile_02393
clean/deer/deer_clean_00230.png,deer,animal,land,clean,deer_02394
clean/truck/truck_clean_00249.png,truck,vehicle,land,clean,truck_02395
clean/dog/dog_clean_00234.png,dog,animal,land,clean,dog_02396
clean/frog/frog_clean_00239.png,frog,animal,land,clean,frog_02397
clean/deer/deer_clean_00231.png,deer,animal,land,clean,deer_02398
clean/horse/horse_clean_00238.png,horse,animal,land,clean,horse_02399
clean/airplane/airplane_clean_00243.png,airplane,vehicle,air,clean,airplane_02400
clean/horse/horse_clean_00239.png,horse,animal,land,clean,horse_02401
clean/horse/horse_clean_00240.png,horse,animal,land,clean,horse_02402
clean/frog/frog_clean_00240.png,frog,animal,land,clean,frog_02403
clean/automobile/automobile_clean_00227.png,automobile,vehicle,land,clean,automobile_02404
clean/cat/cat_clean_00245.png,cat,animal,land,clean,cat_02405
clean/horse/horse_clean_00241.png,horse,animal,land,clean,horse_02406
clean/horse/horse_clean_00242.png,horse,animal,land,clean,horse_02407
clean/deer/deer_clean_00232.png,deer,animal,land,clean,deer_02408
clean/cat/cat_clean_00246.png,cat,animal,land,clean,cat_02409
clean/ship/ship_clean_00247.png,ship,vehicle,water,clean,ship_02410
clean/deer/deer_clean_00233.png,deer,animal,land,clean,deer_02411
clean/deer/deer_clean_00234.png,deer,animal,land,clean,deer_02412
clean/truck/truck_clean_00250.png,truck,vehicle,land,clean,truck_02413
clean/ship/ship_clean_00248.png,ship,vehicle,water,clean,ship_02414
clean/deer/deer_clean_00235.png,deer,animal,land,clean,deer_02415
clean/cat/cat_clean_00247.png,cat,animal,land,clean,cat_02416
clean/horse/horse_clean_00243.png,horse,animal,land,clean,horse_02417
clean/dog/dog_clean_00235.png,dog,animal,land,clean,dog_02418
clean/ship/ship_clean_00249.png,ship,vehicle,water,clean,ship_02419
clean/bird/bird_clean_00251.png,bird,animal,air,clean,bird_02420
clean/automobile/automobile_clean_00228.png,automobile,vehicle,land,clean,automobile_02421
clean/frog/frog_clean_00241.png,frog,animal,land,clean,frog_02422
clean/deer/deer_clean_00236.png,deer,animal,land,clean,deer_02423
clean/cat/cat_clean_00248.png,cat,animal,land,clean,cat_02424
clean/ship/ship_clean_00250.png,ship,vehicle,water,clean,ship_02425
clean/deer/deer_clean_00237.png,deer,animal,land,clean,deer_02426
clean/deer/deer_clean_00238.png,deer,animal,land,clean,deer_02427
clean/frog/frog_clean_00242.png,frog,animal,land,clean,frog_02428
clean/horse/horse_clean_00244.png,horse,animal,land,clean,horse_02429
clean/deer/deer_clean_00239.png,deer,animal,land,clean,deer_02430
clean/deer/deer_clean_00240.png,deer,animal,land,clean,deer_02431
clean/truck/truck_clean_00251.png,truck,vehicle,land,clean,truck_02432
clean/ship/ship_clean_00251.png,ship,vehicle,water,clean,ship_02433
clean/automobile/automobile_clean_00229.png,automobile,vehicle,land,clean,automobile_02434
clean/bird/bird_clean_00252.png,bird,animal,air,clean,bird_02435
clean/horse/horse_clean_00245.png,horse,animal,land,clean,horse_02436
clean/automobile/automobile_clean_00230.png,automobile,vehicle,land,clean,automobile_02437
clean/deer/deer_clean_00241.png,deer,animal,land,clean,deer_02438
clean/airplane/airplane_clean_00244.png,airplane,vehicle,air,clean,airplane_02439
clean/automobile/automobile_clean_00231.png,automobile,vehicle,land,clean,automobile_02440
clean/truck/truck_clean_00252.png,truck,vehicle,land,clean,truck_02441
clean/frog/frog_clean_00243.png,frog,animal,land,clean,frog_02442
clean/truck/truck_clean_00253.png,truck,vehicle,land,clean,truck_02443
clean/bird/bird_clean_00253.png,bird,animal,air,clean,bird_02444
clean/bird/bird_clean_00254.png,bird,animal,air,clean,bird_02445
clean/frog/frog_clean_00244.png,frog,animal,land,clean,frog_02446
clean/truck/truck_clean_00254.png,truck,vehicle,land,clean,truck_02447
clean/cat/cat_clean_00249.png,cat,animal,land,clean,cat_02448
clean/automobile/automobile_clean_00232.png,automobile,vehicle,land,clean,automobile_02449
clean/deer/deer_clean_00242.png,deer,animal,land,clean,deer_02450
clean/bird/bird_clean_00255.png,bird,animal,air,clean,bird_02451
clean/frog/frog_clean_00245.png,frog,animal,land,clean,frog_02452
clean/frog/frog_clean_00246.png,frog,animal,land,clean,frog_02453
clean/bird/bird_clean_00256.png,bird,animal,air,clean,bird_02454
clean/truck/truck_clean_00255.png,truck,vehicle,land,clean,truck_02455
clean/cat/cat_clean_00250.png,cat,animal,land,clean,cat_02456
clean/automobile/automobile_clean_00233.png,automobile,vehicle,land,clean,automobile_02457
clean/dog/dog_clean_00236.png,dog,animal,land,clean,dog_02458
clean/bird/bird_clean_00257.png,bird,animal,air,clean,bird_02459
clean/deer/deer_clean_00243.png,deer,animal,land,clean,deer_02460
clean/dog/dog_clean_00237.png,dog,animal,land,clean,dog_02461
clean/horse/horse_clean_00246.png,horse,animal,land,clean,horse_02462
clean/horse/horse_clean_00247.png,horse,animal,land,clean,horse_02463
clean/cat/cat_clean_00251.png,cat,animal,land,clean,cat_02464
clean/frog/frog_clean_00247.png,frog,animal,land,clean,frog_02465
clean/truck/truck_clean_00256.png,truck,vehicle,land,clean,truck_02466
clean/horse/horse_clean_00248.png,horse,animal,land,clean,horse_02467
clean/bird/bird_clean_00258.png,bird,animal,air,clean,bird_02468
clean/horse/horse_clean_00249.png,horse,animal,land,clean,horse_02469
clean/airplane/airplane_clean_00245.png,airplane,vehicle,air,clean,airplane_02470
clean/frog/frog_clean_00248.png,frog,animal,land,clean,frog_02471
clean/horse/horse_clean_00250.png,horse,animal,land,clean,horse_02472
clean/ship/ship_clean_00252.png,ship,vehicle,water,clean,ship_02473
clean/truck/truck_clean_00257.png,truck,vehicle,land,clean,truck_02474
clean/airplane/airplane_clean_00246.png,airplane,vehicle,air,clean,airplane_02475
clean/automobile/automobile_clean_00234.png,automobile,vehicle,land,clean,automobile_02476
clean/frog/frog_clean_00249.png,frog,animal,land,clean,frog_02477
clean/horse/horse_clean_00251.png,horse,animal,land,clean,horse_02478
clean/cat/cat_clean_00252.png,cat,animal,land,clean,cat_02479
clean/truck/truck_clean_00258.png,truck,vehicle,land,clean,truck_02480
clean/horse/horse_clean_00252.png,horse,animal,land,clean,horse_02481
clean/deer/deer_clean_00244.png,deer,animal,land,clean,deer_02482
clean/truck/truck_clean_00259.png,truck,vehicle,land,clean,truck_02483
clean/ship/ship_clean_00253.png,ship,vehicle,water,clean,ship_02484
clean/horse/horse_clean_00253.png,horse,animal,land,clean,horse_02485
clean/automobile/automobile_clean_00235.png,automobile,vehicle,land,clean,automobile_02486
clean/frog/frog_clean_00250.png,frog,animal,land,clean,frog_02487
clean/frog/frog_clean_00251.png,frog,animal,land,clean,frog_02488
clean/cat/cat_clean_00253.png,cat,animal,land,clean,cat_02489
clean/frog/frog_clean_00252.png,frog,animal,land,clean,frog_02490
clean/airplane/airplane_clean_00247.png,airplane,vehicle,air,clean,airplane_02491
clean/truck/truck_clean_00260.png,truck,vehicle,land,clean,truck_02492
clean/dog/dog_clean_00238.png,dog,animal,land,clean,dog_02493
clean/cat/cat_clean_00254.png,cat,animal,land,clean,cat_02494
clean/dog/dog_clean_00239.png,dog,animal,land,clean,dog_02495
clean/automobile/automobile_clean_00236.png,automobile,vehicle,land,clean,automobile_02496
clean/dog/dog_clean_00240.png,dog,animal,land,clean,dog_02497
clean/airplane/airplane_clean_00248.png,airplane,vehicle,air,clean,airplane_02498
clean/ship/ship_clean_00254.png,ship,vehicle,water,clean,ship_02499
clean/airplane/airplane_clean_00249.png,airplane,vehicle,air,clean,airplane_02500
clean/automobile/automobile_clean_00237.png,automobile,vehicle,land,clean,automobile_02501
clean/ship/ship_clean_00255.png,ship,vehicle,water,clean,ship_02502
clean/frog/frog_clean_00253.png,frog,animal,land,clean,frog_02503
clean/automobile/automobile_clean_00238.png,automobile,vehicle,land,clean,automobile_02504
clean/horse/horse_clean_00254.png,horse,animal,land,clean,horse_02505
clean/cat/cat_clean_00255.png,cat,animal,land,clean,cat_02506
clean/truck/truck_clean_00261.png,truck,vehicle,land,clean,truck_02507
clean/automobile/automobile_clean_00239.png,automobile,vehicle,land,clean,automobile_02508
clean/airplane/airplane_clean_00250.png,airplane,vehicle,air,clean,airplane_02509
clean/dog/dog_clean_00241.png,dog,animal,land,clean,dog_02510
clean/horse/horse_clean_00255.png,horse,animal,land,clean,horse_02511
clean/frog/frog_clean_00254.png,frog,animal,land,clean,frog_02512
clean/automobile/automobile_clean_00240.png,automobile,vehicle,land,clean,automobile_02513
clean/airplane/airplane_clean_00251.png,airplane,vehicle,air,clean,airplane_02514
clean/ship/ship_clean_00256.png,ship,vehicle,water,clean,ship_02515
clean/dog/dog_clean_00242.png,dog,animal,land,clean,dog_02516
clean/airplane/airplane_clean_00252.png,airplane,vehicle,air,clean,airplane_02517
clean/dog/dog_clean_00243.png,dog,animal,land,clean,dog_02518
clean/deer/deer_clean_00245.png,deer,animal,land,clean,deer_02519
clean/airplane/airplane_clean_00253.png,airplane,vehicle,air,clean,airplane_02520
clean/deer/deer_clean_00246.png,deer,animal,land,clean,deer_02521
clean/airplane/airplane_clean_00254.png,airplane,vehicle,air,clean,airplane_02522
clean/deer/deer_clean_00247.png,deer,animal,land,clean,deer_02523
clean/cat/cat_clean_00256.png,cat,animal,land,clean,cat_02524
clean/truck/truck_clean_00262.png,truck,vehicle,land,clean,truck_02525
clean/frog/frog_clean_00255.png,frog,animal,land,clean,frog_02526
clean/cat/cat_clean_00257.png,cat,animal,land,clean,cat_02527
clean/ship/ship_clean_00257.png,ship,vehicle,water,clean,ship_02528
clean/deer/deer_clean_00248.png,deer,animal,land,clean,deer_02529
clean/horse/horse_clean_00256.png,horse,animal,land,clean,horse_02530
clean/airplane/airplane_clean_00255.png,airplane,vehicle,air,clean,airplane_02531
clean/cat/cat_clean_00258.png,cat,animal,land,clean,cat_02532
clean/dog/dog_clean_00244.png,dog,animal,land,clean,dog_02533
clean/automobile/automobile_clean_00241.png,automobile,vehicle,land,clean,automobile_02534
clean/truck/truck_clean_00263.png,truck,vehicle,land,clean,truck_02535
clean/airplane/airplane_clean_00256.png,airplane,vehicle,air,clean,airplane_02536
clean/truck/truck_clean_00264.png,truck,vehicle,land,clean,truck_02537
clean/bird/bird_clean_00259.png,bird,animal,air,clean,bird_02538
clean/deer/deer_clean_00249.png,deer,animal,land,clean,deer_02539
clean/ship/ship_clean_00258.png,ship,vehicle,water,clean,ship_02540
clean/dog/dog_clean_00245.png,dog,animal,land,clean,dog_02541
clean/airplane/airplane_clean_00257.png,airplane,vehicle,air,clean,airplane_02542
clean/truck/truck_clean_00265.png,truck,vehicle,land,clean,truck_02543
clean/automobile/automobile_clean_00242.png,automobile,vehicle,land,clean,automobile_02544
clean/truck/truck_clean_00266.png,truck,vehicle,land,clean,truck_02545
clean/bird/bird_clean_00260.png,bird,animal,air,clean,bird_02546
clean/airplane/airplane_clean_00258.png,airplane,vehicle,air,clean,airplane_02547
clean/deer/deer_clean_00250.png,deer,animal,land,clean,deer_02548
clean/ship/ship_clean_00259.png,ship,vehicle,water,clean,ship_02549
clean/ship/ship_clean_00260.png,ship,vehicle,water,clean,ship_02550
clean/cat/cat_clean_00259.png,cat,animal,land,clean,cat_02551
clean/horse/horse_clean_00257.png,horse,animal,land,clean,horse_02552
clean/frog/frog_clean_00256.png,frog,animal,land,clean,frog_02553
clean/dog/dog_clean_00246.png,dog,animal,land,clean,dog_02554
clean/automobile/automobile_clean_00243.png,automobile,vehicle,land,clean,automobile_02555
clean/frog/frog_clean_00257.png,frog,animal,land,clean,frog_02556
clean/automobile/automobile_clean_00244.png,automobile,vehicle,land,clean,automobile_02557
clean/deer/deer_clean_00251.png,deer,animal,land,clean,deer_02558
clean/airplane/airplane_clean_00259.png,airplane,vehicle,air,clean,airplane_02559
clean/deer/deer_clean_00252.png,deer,animal,land,clean,deer_02560
clean/deer/deer_clean_00253.png,deer,animal,land,clean,deer_02561
clean/deer/deer_clean_00254.png,deer,animal,land,clean,deer_02562
clean/airplane/airplane_clean_00260.png,airplane,vehicle,air,clean,airplane_02563
clean/cat/cat_clean_00260.png,cat,animal,land,clean,cat_02564
clean/ship/ship_clean_00261.png,ship,vehicle,water,clean,ship_02565
clean/airplane/airplane_clean_00261.png,airplane,vehicle,air,clean,airplane_02566
clean/automobile/automobile_clean_00245.png,automobile,vehicle,land,clean,automobile_02567
clean/automobile/automobile_clean_00246.png,automobile,vehicle,land,clean,automobile_02568
clean/frog/frog_clean_00258.png,frog,animal,land,clean,frog_02569
clean/frog/frog_clean_00259.png,frog,animal,land,clean,frog_02570
clean/airplane/airplane_clean_00262.png,airplane,vehicle,air,clean,airplane_02571
clean/cat/cat_clean_00261.png,cat,animal,land,clean,cat_02572
clean/automobile/automobile_clean_00247.png,automobile,vehicle,land,clean,automobile_02573
clean/deer/deer_clean_00255.png,deer,animal,land,clean,deer_02574
clean/automobile/automobile_clean_00248.png,automobile,vehicle,land,clean,automobile_02575
clean/ship/ship_clean_00262.png,ship,vehicle,water,clean,ship_02576
clean/airplane/airplane_clean_00263.png,airplane,vehicle,air,clean,airplane_02577
clean/truck/truck_clean_00267.png,truck,vehicle,land,clean,truck_02578
clean/dog/dog_clean_00247.png,dog,animal,land,clean,dog_02579
clean/deer/deer_clean_00256.png,deer,animal,land,clean,deer_02580
clean/truck/truck_clean_00268.png,truck,vehicle,land,clean,truck_02581
clean/frog/frog_clean_00260.png,frog,animal,land,clean,frog_02582
clean/frog/frog_clean_00261.png,frog,animal,land,clean,frog_02583
clean/horse/horse_clean_00258.png,horse,animal,land,clean,horse_02584
clean/frog/frog_clean_00262.png,frog,animal,land,clean,frog_02585
clean/bird/bird_clean_00261.png,bird,animal,air,clean,bird_02586
clean/automobile/automobile_clean_00249.png,automobile,vehicle,land,clean,automobile_02587
clean/airplane/airplane_clean_00264.png,airplane,vehicle,air,clean,airplane_02588
clean/automobile/automobile_clean_00250.png,automobile,vehicle,land,clean,automobile_02589
clean/horse/horse_clean_00259.png,horse,animal,land,clean,horse_02590
clean/bird/bird_clean_00262.png,bird,animal,air,clean,bird_02591
clean/deer/deer_clean_00257.png,deer,animal,land,clean,deer_02592
clean/deer/deer_clean_00258.png,deer,animal,land,clean,deer_02593
clean/dog/dog_clean_00248.png,dog,animal,land,clean,dog_02594
clean/deer/deer_clean_00259.png,deer,animal,land,clean,deer_02595
clean/truck/truck_clean_00269.png,truck,vehicle,land,clean,truck_02596
clean/bird/bird_clean_00263.png,bird,animal,air,clean,bird_02597
clean/deer/deer_clean_00260.png,deer,animal,land,clean,deer_02598
clean/airplane/airplane_clean_00265.png,airplane,vehicle,air,clean,airplane_02599
clean/dog/dog_clean_00249.png,dog,animal,land,clean,dog_02600
clean/dog/dog_clean_00250.png,dog,animal,land,clean,dog_02601
clean/frog/frog_clean_00263.png,frog,animal,land,clean,frog_02602
clean/airplane/airplane_clean_00266.png,airplane,vehicle,air,clean,airplane_02603
clean/cat/cat_clean_00262.png,cat,animal,land,clean,cat_02604
clean/automobile/automobile_clean_00251.png,automobile,vehicle,land,clean,automobile_02605
clean/automobile/automobile_clean_00252.png,automobile,vehicle,land,clean,automobile_02606
clean/automobile/automobile_clean_00253.png,automobile,vehicle,land,clean,automobile_02607
clean/ship/ship_clean_00263.png,ship,vehicle,water,clean,ship_02608
clean/ship/ship_clean_00264.png,ship,vehicle,water,clean,ship_02609
clean/ship/ship_clean_00265.png,ship,vehicle,water,clean,ship_02610
clean/truck/truck_clean_00270.png,truck,vehicle,land,clean,truck_02611
clean/deer/deer_clean_00261.png,deer,animal,land,clean,deer_02612
clean/dog/dog_clean_00251.png,dog,animal,land,clean,dog_02613
clean/cat/cat_clean_00263.png,cat,animal,land,clean,cat_02614
clean/cat/cat_clean_00264.png,cat,animal,land,clean,cat_02615
clean/truck/truck_clean_00271.png,truck,vehicle,land,clean,truck_02616
clean/cat/cat_clean_00265.png,cat,animal,land,clean,cat_02617
clean/bird/bird_clean_00264.png,bird,animal,air,clean,bird_02618
clean/dog/dog_clean_00252.png,dog,animal,land,clean,dog_02619
clean/dog/dog_clean_00253.png,dog,animal,land,clean,dog_02620
clean/frog/frog_clean_00264.png,frog,animal,land,clean,frog_02621
clean/cat/cat_clean_00266.png,cat,animal,land,clean,cat_02622
clean/dog/dog_clean_00254.png,dog,animal,land,clean,dog_02623
clean/frog/frog_clean_00265.png,frog,animal,land,clean,frog_02624
clean/deer/deer_clean_00262.png,deer,animal,land,clean,deer_02625
clean/airplane/airplane_clean_00267.png,airplane,vehicle,air,clean,airplane_02626
clean/bird/bird_clean_00265.png,bird,animal,air,clean,bird_02627
clean/truck/truck_clean_00272.png,truck,vehicle,land,clean,truck_02628
clean/dog/dog_clean_00255.png,dog,animal,land,clean,dog_02629
clean/cat/cat_clean_00267.png,cat,animal,land,clean,cat_02630
clean/truck/truck_clean_00273.png,truck,vehicle,land,clean,truck_02631
clean/deer/deer_clean_00263.png,deer,animal,land,clean,deer_02632
clean/bird/bird_clean_00266.png,bird,animal,air,clean,bird_02633
clean/bird/bird_clean_00267.png,bird,animal,air,clean,bird_02634
clean/bird/bird_clean_00268.png,bird,animal,air,clean,bird_02635
clean/bird/bird_clean_00269.png,bird,animal,air,clean,bird_02636
clean/frog/frog_clean_00266.png,frog,animal,land,clean,frog_02637
clean/deer/deer_clean_00264.png,deer,animal,land,clean,deer_02638
clean/bird/bird_clean_00270.png,bird,animal,air,clean,bird_02639
clean/ship/ship_clean_00266.png,ship,vehicle,water,clean,ship_02640
clean/cat/cat_clean_00268.png,cat,animal,land,clean,cat_02641
clean/dog/dog_clean_00256.png,dog,animal,land,clean,dog_02642
clean/ship/ship_clean_00267.png,ship,vehicle,water,clean,ship_02643
clean/horse/horse_clean_00260.png,horse,animal,land,clean,horse_02644
clean/automobile/automobile_clean_00254.png,automobile,vehicle,land,clean,automobile_02645
clean/cat/cat_clean_00269.png,cat,animal,land,clean,cat_02646
clean/bird/bird_clean_00271.png,bird,animal,air,clean,bird_02647
clean/frog/frog_clean_00267.png,frog,animal,land,clean,frog_02648
clean/horse/horse_clean_00261.png,horse,animal,land,clean,horse_02649
clean/deer/deer_clean_00265.png,deer,animal,land,clean,deer_02650
clean/dog/dog_clean_00257.png,dog,animal,land,clean,dog_02651
clean/bird/bird_clean_00272.png,bird,animal,air,clean,bird_02652
clean/frog/frog_clean_00268.png,frog,animal,land,clean,frog_02653
clean/cat/cat_clean_00270.png,cat,animal,land,clean,cat_02654
clean/truck/truck_clean_00274.png,truck,vehicle,land,clean,truck_02655
clean/dog/dog_clean_00258.png,dog,animal,land,clean,dog_02656
clean/cat/cat_clean_00271.png,cat,animal,land,clean,cat_02657
clean/horse/horse_clean_00262.png,horse,animal,land,clean,horse_02658
clean/deer/deer_clean_00266.png,deer,animal,land,clean,deer_02659
clean/deer/deer_clean_00267.png,deer,animal,land,clean,deer_02660
clean/horse/horse_clean_00263.png,horse,animal,land,clean,horse_02661
clean/dog/dog_clean_00259.png,dog,animal,land,clean,dog_02662
clean/dog/dog_clean_00260.png,dog,animal,land,clean,dog_02663
clean/horse/horse_clean_00264.png,horse,animal,land,clean,horse_02664
clean/ship/ship_clean_00268.png,ship,vehicle,water,clean,ship_02665
clean/truck/truck_clean_00275.png,truck,vehicle,land,clean,truck_02666
clean/horse/horse_clean_00265.png,horse,animal,land,clean,horse_02667
clean/cat/cat_clean_00272.png,cat,animal,land,clean,cat_02668
clean/ship/ship_clean_00269.png,ship,vehicle,water,clean,ship_02669
clean/horse/horse_clean_00266.png,horse,animal,land,clean,horse_02670
clean/ship/ship_clean_00270.png,ship,vehicle,water,clean,ship_02671
clean/deer/deer_clean_00268.png,deer,animal,land,clean,deer_02672
clean/bird/bird_clean_00273.png,bird,animal,air,clean,bird_02673
clean/automobile/automobile_clean_00255.png,automobile,vehicle,land,clean,automobile_02674
clean/dog/dog_clean_00261.png,dog,animal,land,clean,dog_02675
clean/dog/dog_clean_00262.png,dog,animal,land,clean,dog_02676
clean/dog/dog_clean_00263.png,dog,animal,land,clean,dog_02677
clean/dog/dog_clean_00264.png,dog,animal,land,clean,dog_02678
clean/bird/bird_clean_00274.png,bird,animal,air,clean,bird_02679
clean/airplane/airplane_clean_00268.png,airplane,vehicle,air,clean,airplane_02680
clean/automobile/automobile_clean_00256.png,automobile,vehicle,land,clean,automobile_02681
clean/ship/ship_clean_00271.png,ship,vehicle,water,clean,ship_02682
clean/automobile/automobile_clean_00257.png,automobile,vehicle,land,clean,automobile_02683
clean/frog/frog_clean_00269.png,frog,animal,land,clean,frog_02684
clean/dog/dog_clean_00265.png,dog,animal,land,clean,dog_02685
clean/bird/bird_clean_00275.png,bird,animal,air,clean,bird_02686
clean/dog/dog_clean_00266.png,dog,animal,land,clean,dog_02687
clean/deer/deer_clean_00269.png,deer,animal,land,clean,deer_02688
clean/ship/ship_clean_00272.png,ship,vehicle,water,clean,ship_02689
clean/horse/horse_clean_00267.png,horse,animal,land,clean,horse_02690
clean/bird/bird_clean_00276.png,bird,animal,air,clean,bird_02691
clean/deer/deer_clean_00270.png,deer,animal,land,clean,deer_02692
clean/airplane/airplane_clean_00269.png,airplane,vehicle,air,clean,airplane_02693
clean/truck/truck_clean_00276.png,truck,vehicle,land,clean,truck_02694
clean/frog/frog_clean_00270.png,frog,animal,land,clean,frog_02695
clean/dog/dog_clean_00267.png,dog,animal,land,clean,dog_02696
clean/airplane/airplane_clean_00270.png,airplane,vehicle,air,clean,airplane_02697
clean/truck/truck_clean_00277.png,truck,vehicle,land,clean,truck_02698
clean/automobile/automobile_clean_00258.png,automobile,vehicle,land,clean,automobile_02699
clean/truck/truck_clean_00278.png,truck,vehicle,land,clean,truck_02700
clean/airplane/airplane_clean_00271.png,airplane,vehicle,air,clean,airplane_02701
clean/deer/deer_clean_00271.png,deer,animal,land,clean,deer_02702
clean/dog/dog_clean_00268.png,dog,animal,land,clean,dog_02703
clean/dog/dog_clean_00269.png,dog,animal,land,clean,dog_02704
clean/bird/bird_clean_00277.png,bird,animal,air,clean,bird_02705
clean/dog/dog_clean_00270.png,dog,animal,land,clean,dog_02706
clean/horse/horse_clean_00268.png,horse,animal,land,clean,horse_02707
clean/airplane/airplane_clean_00272.png,airplane,vehicle,air,clean,airplane_02708
clean/automobile/automobile_clean_00259.png,automobile,vehicle,land,clean,automobile_02709
clean/dog/dog_clean_00271.png,dog,animal,land,clean,dog_02710
clean/airplane/airplane_clean_00273.png,airplane,vehicle,air,clean,airplane_02711
clean/frog/frog_clean_00271.png,frog,animal,land,clean,frog_02712
clean/ship/ship_clean_00273.png,ship,vehicle,water,clean,ship_02713
clean/deer/deer_clean_00272.png,deer,animal,land,clean,deer_02714
clean/dog/dog_clean_00272.png,dog,animal,land,clean,dog_02715
clean/deer/deer_clean_00273.png,deer,animal,land,clean,deer_02716
clean/deer/deer_clean_00274.png,deer,animal,land,clean,deer_02717
clean/deer/deer_clean_00275.png,deer,animal,land,clean,deer_02718
clean/ship/ship_clean_00274.png,ship,vehicle,water,clean,ship_02719
clean/bird/bird_clean_00278.png,bird,animal,air,clean,bird_02720
clean/horse/horse_clean_00269.png,horse,animal,land,clean,horse_02721
clean/automobile/automobile_clean_00260.png,automobile,vehicle,land,clean,automobile_02722
clean/cat/cat_clean_00273.png,cat,animal,land,clean,cat_02723
clean/automobile/automobile_clean_00261.png,automobile,vehicle,land,clean,automobile_02724
clean/ship/ship_clean_00275.png,ship,vehicle,water,clean,ship_02725
clean/airplane/airplane_clean_00274.png,airplane,vehicle,air,clean,airplane_02726
clean/airplane/airplane_clean_00275.png,airplane,vehicle,air,clean,airplane_02727
clean/dog/dog_clean_00273.png,dog,animal,land,clean,dog_02728
clean/truck/truck_clean_00279.png,truck,vehicle,land,clean,truck_02729
clean/horse/horse_clean_00270.png,horse,animal,land,clean,horse_02730
clean/automobile/automobile_clean_00262.png,automobile,vehicle,land,clean,automobile_02731
clean/airplane/airplane_clean_00276.png,airplane,vehicle,air,clean,airplane_02732
clean/truck/truck_clean_00280.png,truck,vehicle,land,clean,truck_02733
clean/bird/bird_clean_00279.png,bird,animal,air,clean,bird_02734
clean/deer/deer_clean_00276.png,deer,animal,land,clean,deer_02735
clean/ship/ship_clean_00276.png,ship,vehicle,water,clean,ship_02736
clean/horse/horse_clean_00271.png,horse,animal,land,clean,horse_02737
clean/bird/bird_clean_00280.png,bird,animal,air,clean,bird_02738
clean/truck/truck_clean_00281.png,truck,vehicle,land,clean,truck_02739
clean/deer/deer_clean_00277.png,deer,animal,land,clean,deer_02740
clean/automobile/automobile_clean_00263.png,automobile,vehicle,land,clean,automobile_02741
clean/deer/deer_clean_00278.png,deer,animal,land,clean,deer_02742
clean/dog/dog_clean_00274.png,dog,animal,land,clean,dog_02743
clean/automobile/automobile_clean_00264.png,automobile,vehicle,land,clean,automobile_02744
clean/ship/ship_clean_00277.png,ship,vehicle,water,clean,ship_02745
clean/bird/bird_clean_00281.png,bird,animal,air,clean,bird_02746
clean/automobile/automobile_clean_00265.png,automobile,vehicle,land,clean,automobile_02747
clean/ship/ship_clean_00278.png,ship,vehicle,water,clean,ship_02748
clean/dog/dog_clean_00275.png,dog,animal,land,clean,dog_02749
clean/cat/cat_clean_00274.png,cat,animal,land,clean,cat_02750
clean/dog/dog_clean_00276.png,dog,animal,land,clean,dog_02751
clean/dog/dog_clean_00277.png,dog,animal,land,clean,dog_02752
clean/dog/dog_clean_00278.png,dog,animal,land,clean,dog_02753
clean/frog/frog_clean_00272.png,frog,animal,land,clean,frog_02754
clean/deer/deer_clean_00279.png,deer,animal,land,clean,deer_02755
clean/automobile/automobile_clean_00266.png,automobile,vehicle,land,clean,automobile_02756
clean/horse/horse_clean_00272.png,horse,animal,land,clean,horse_02757
clean/truck/truck_clean_00282.png,truck,vehicle,land,clean,truck_02758
clean/deer/deer_clean_00280.png,deer,animal,land,clean,deer_02759
clean/cat/cat_clean_00275.png,cat,animal,land,clean,cat_02760
clean/automobile/automobile_clean_00267.png,automobile,vehicle,land,clean,automobile_02761
clean/cat/cat_clean_00276.png,cat,animal,land,clean,cat_02762
clean/automobile/automobile_clean_00268.png,automobile,vehicle,land,clean,automobile_02763
clean/horse/horse_clean_00273.png,horse,animal,land,clean,horse_02764
clean/deer/deer_clean_00281.png,deer,animal,land,clean,deer_02765
clean/truck/truck_clean_00283.png,truck,vehicle,land,clean,truck_02766
clean/cat/cat_clean_00277.png,cat,animal,land,clean,cat_02767
clean/horse/horse_clean_00274.png,horse,animal,land,clean,horse_02768
clean/frog/frog_clean_00273.png,frog,animal,land,clean,frog_02769
clean/frog/frog_clean_00274.png,frog,animal,land,clean,frog_02770
clean/deer/deer_clean_00282.png,deer,animal,land,clean,deer_02771
clean/cat/cat_clean_00278.png,cat,animal,land,clean,cat_02772
clean/cat/cat_clean_00279.png,cat,animal,land,clean,cat_02773
clean/ship/ship_clean_00279.png,ship,vehicle,water,clean,ship_02774
clean/automobile/automobile_clean_00269.png,automobile,vehicle,land,clean,automobile_02775
clean/truck/truck_clean_00284.png,truck,vehicle,land,clean,truck_02776
clean/deer/deer_clean_00283.png,deer,animal,land,clean,deer_02777
clean/cat/cat_clean_00280.png,cat,animal,land,clean,cat_02778
clean/frog/frog_clean_00275.png,frog,animal,land,clean,frog_02779
clean/frog/frog_clean_00276.png,frog,animal,land,clean,frog_02780
clean/automobile/automobile_clean_00270.png,automobile,vehicle,land,clean,automobile_02781
clean/truck/truck_clean_00285.png,truck,vehicle,land,clean,truck_02782
clean/bird/bird_clean_00282.png,bird,animal,air,clean,bird_02783
clean/cat/cat_clean_00281.png,cat,animal,land,clean,cat_02784
clean/horse/horse_clean_00275.png,horse,animal,land,clean,horse_02785
clean/dog/dog_clean_00279.png,dog,animal,land,clean,dog_02786
clean/airplane/airplane_clean_00277.png,airplane,vehicle,air,clean,airplane_02787
clean/ship/ship_clean_00280.png,ship,vehicle,water,clean,ship_02788
clean/automobile/automobile_clean_00271.png,automobile,vehicle,land,clean,automobile_02789
clean/horse/horse_clean_00276.png,horse,animal,land,clean,horse_02790
clean/cat/cat_clean_00282.png,cat,animal,land,clean,cat_02791
clean/frog/frog_clean_00277.png,frog,animal,land,clean,frog_02792
clean/airplane/airplane_clean_00278.png,airplane,vehicle,air,clean,airplane_02793
clean/horse/horse_clean_00277.png,horse,animal,land,clean,horse_02794
clean/bird/bird_clean_00283.png,bird,animal,air,clean,bird_02795
clean/frog/frog_clean_00278.png,frog,animal,land,clean,frog_02796
clean/cat/cat_clean_00283.png,cat,animal,land,clean,cat_02797
clean/cat/cat_clean_00284.png,cat,animal,land,clean,cat_02798
clean/deer/deer_clean_00284.png,deer,animal,land,clean,deer_02799
clean/horse/horse_clean_00278.png,horse,animal,land,clean,horse_02800
clean/ship/ship_clean_00281.png,ship,vehicle,water,clean,ship_02801
clean/truck/truck_clean_00286.png,truck,vehicle,land,clean,truck_02802
clean/frog/frog_clean_00279.png,frog,animal,land,clean,frog_02803
clean/cat/cat_clean_00285.png,cat,animal,land,clean,cat_02804
clean/bird/bird_clean_00284.png,bird,animal,air,clean,bird_02805
clean/ship/ship_clean_00282.png,ship,vehicle,water,clean,ship_02806
clean/dog/dog_clean_00280.png,dog,animal,land,clean,dog_02807
clean/deer/deer_clean_00285.png,deer,animal,land,clean,deer_02808
clean/airplane/airplane_clean_00279.png,airplane,vehicle,air,clean,airplane_02809
clean/deer/deer_clean_00286.png,deer,animal,land,clean,deer_02810
clean/airplane/airplane_clean_00280.png,airplane,vehicle,air,clean,airplane_02811
clean/dog/dog_clean_00281.png,dog,animal,land,clean,dog_02812
clean/frog/frog_clean_00280.png,frog,animal,land,clean,frog_02813
clean/horse/horse_clean_00279.png,horse,animal,land,clean,horse_02814
clean/automobile/automobile_clean_00272.png,automobile,vehicle,land,clean,automobile_02815
clean/deer/deer_clean_00287.png,deer,animal,land,clean,deer_02816
clean/truck/truck_clean_00287.png,truck,vehicle,land,clean,truck_02817
clean/dog/dog_clean_00282.png,dog,animal,land,clean,dog_02818
clean/dog/dog_clean_00283.png,dog,animal,land,clean,dog_02819
clean/cat/cat_clean_00286.png,cat,animal,land,clean,cat_02820
clean/airplane/airplane_clean_00281.png,airplane,vehicle,air,clean,airplane_02821
clean/truck/truck_clean_00288.png,truck,vehicle,land,clean,truck_02822
clean/dog/dog_clean_00284.png,dog,animal,land,clean,dog_02823
clean/bird/bird_clean_00285.png,bird,animal,air,clean,bird_02824
clean/airplane/airplane_clean_00282.png,airplane,vehicle,air,clean,airplane_02825
clean/bird/bird_clean_00286.png,bird,animal,air,clean,bird_02826
clean/frog/frog_clean_00281.png,frog,animal,land,clean,frog_02827
clean/automobile/automobile_clean_00273.png,automobile,vehicle,land,clean,automobile_02828
clean/horse/horse_clean_00280.png,horse,animal,land,clean,horse_02829
clean/cat/cat_clean_00287.png,cat,animal,land,clean,cat_02830
clean/bird/bird_clean_00287.png,bird,animal,air,clean,bird_02831
clean/deer/deer_clean_00288.png,deer,animal,land,clean,deer_02832
clean/truck/truck_clean_00289.png,truck,vehicle,land,clean,truck_02833
clean/horse/horse_clean_00281.png,horse,animal,land,clean,horse_02834
clean/ship/ship_clean_00283.png,ship,vehicle,water,clean,ship_02835
clean/airplane/airplane_clean_00283.png,airplane,vehicle,air,clean,airplane_02836
clean/deer/deer_clean_00289.png,deer,animal,land,clean,deer_02837
clean/automobile/automobile_clean_00274.png,automobile,vehicle,land,clean,automobile_02838
clean/horse/horse_clean_00282.png,horse,animal,land,clean,horse_02839
clean/cat/cat_clean_00288.png,cat,animal,land,clean,cat_02840
clean/automobile/automobile_clean_00275.png,automobile,vehicle,land,clean,automobile_02841
clean/dog/dog_clean_00285.png,dog,animal,land,clean,dog_02842
clean/horse/horse_clean_00283.png,horse,animal,land,clean,horse_02843
clean/deer/deer_clean_00290.png,deer,animal,land,clean,deer_02844
clean/bird/bird_clean_00288.png,bird,animal,air,clean,bird_02845
clean/cat/cat_clean_00289.png,cat,animal,land,clean,cat_02846
clean/airplane/airplane_clean_00284.png,airplane,vehicle,air,clean,airplane_02847
clean/airplane/airplane_clean_00285.png,airplane,vehicle,air,clean,airplane_02848
clean/ship/ship_clean_00284.png,ship,vehicle,water,clean,ship_02849
clean/automobile/automobile_clean_00276.png,automobile,vehicle,land,clean,automobile_02850
clean/deer/deer_clean_00291.png,deer,animal,land,clean,deer_02851
clean/automobile/automobile_clean_00277.png,automobile,vehicle,land,clean,automobile_02852
clean/deer/deer_clean_00292.png,deer,animal,land,clean,deer_02853
clean/horse/horse_clean_00284.png,horse,animal,land,clean,horse_02854
clean/frog/frog_clean_00282.png,frog,animal,land,clean,frog_02855
clean/frog/frog_clean_00283.png,frog,animal,land,clean,frog_02856
clean/bird/bird_clean_00289.png,bird,animal,air,clean,bird_02857
clean/truck/truck_clean_00290.png,truck,vehicle,land,clean,truck_02858
clean/automobile/automobile_clean_00278.png,automobile,vehicle,land,clean,automobile_02859
clean/airplane/airplane_clean_00286.png,airplane,vehicle,air,clean,airplane_02860
clean/ship/ship_clean_00285.png,ship,vehicle,water,clean,ship_02861
clean/ship/ship_clean_00286.png,ship,vehicle,water,clean,ship_02862
clean/horse/horse_clean_00285.png,horse,animal,land,clean,horse_02863
clean/automobile/automobile_clean_00279.png,automobile,vehicle,land,clean,automobile_02864
clean/frog/frog_clean_00284.png,frog,animal,land,clean,frog_02865
clean/bird/bird_clean_00290.png,bird,animal,air,clean,bird_02866
clean/automobile/automobile_clean_00280.png,automobile,vehicle,land,clean,automobile_02867
clean/automobile/automobile_clean_00281.png,automobile,vehicle,land,clean,automobile_02868
clean/frog/frog_clean_00285.png,frog,animal,land,clean,frog_02869
clean/frog/frog_clean_00286.png,frog,animal,land,clean,frog_02870
clean/dog/dog_clean_00286.png,dog,animal,land,clean,dog_02871
clean/horse/horse_clean_00286.png,horse,animal,land,clean,horse_02872
clean/ship/ship_clean_00287.png,ship,vehicle,water,clean,ship_02873
clean/deer/deer_clean_00293.png,deer,animal,land,clean,deer_02874
clean/automobile/automobile_clean_00282.png,automobile,vehicle,land,clean,automobile_02875
clean/automobile/automobile_clean_00283.png,automobile,vehicle,land,clean,automobile_02876
clean/dog/dog_clean_00287.png,dog,animal,land,clean,dog_02877
clean/deer/deer_clean_00294.png,deer,animal,land,clean,deer_02878
clean/dog/dog_clean_00288.png,dog,animal,land,clean,dog_02879
clean/truck/truck_clean_00291.png,truck,vehicle,land,clean,truck_02880
clean/automobile/automobile_clean_00284.png,automobile,vehicle,land,clean,automobile_02881
clean/frog/frog_clean_00287.png,frog,animal,land,clean,frog_02882
clean/truck/truck_clean_00292.png,truck,vehicle,land,clean,truck_02883
clean/horse/horse_clean_00287.png,horse,animal,land,clean,horse_02884
clean/airplane/airplane_clean_00287.png,airplane,vehicle,air,clean,airplane_02885
clean/ship/ship_clean_00288.png,ship,vehicle,water,clean,ship_02886
clean/ship/ship_clean_00289.png,ship,vehicle,water,clean,ship_02887
clean/cat/cat_clean_00290.png,cat,animal,land,clean,cat_02888
clean/bird/bird_clean_00291.png,bird,animal,air,clean,bird_02889
clean/dog/dog_clean_00289.png,dog,animal,land,clean,dog_02890
clean/truck/truck_clean_00293.png,truck,vehicle,land,clean,truck_02891
clean/horse/horse_clean_00288.png,horse,animal,land,clean,horse_02892
clean/frog/frog_clean_00288.png,frog,animal,land,clean,frog_02893
clean/bird/bird_clean_00292.png,bird,animal,air,clean,bird_02894
clean/deer/deer_clean_00295.png,deer,animal,land,clean,deer_02895
clean/airplane/airplane_clean_00288.png,airplane,vehicle,air,clean,airplane_02896
clean/airplane/airplane_clean_00289.png,airplane,vehicle,air,clean,airplane_02897
clean/frog/frog_clean_00289.png,frog,animal,land,clean,frog_02898
clean/airplane/airplane_clean_00290.png,airplane,vehicle,air,clean,airplane_02899
clean/horse/horse_clean_00289.png,horse,animal,land,clean,horse_02900
clean/airplane/airplane_clean_00291.png,airplane,vehicle,air,clean,airplane_02901
clean/bird/bird_clean_00293.png,bird,animal,air,clean,bird_02902
clean/ship/ship_clean_00290.png,ship,vehicle,water,clean,ship_02903
clean/bird/bird_clean_00294.png,bird,animal,air,clean,bird_02904
clean/frog/frog_clean_00290.png,frog,animal,land,clean,frog_02905
clean/bird/bird_clean_00295.png,bird,animal,air,clean,bird_02906
clean/truck/truck_clean_00294.png,truck,vehicle,land,clean,truck_02907
clean/dog/dog_clean_00290.png,dog,animal,land,clean,dog_02908
clean/dog/dog_clean_00291.png,dog,animal,land,clean,dog_02909
clean/horse/horse_clean_00290.png,horse,animal,land,clean,horse_02910
clean/horse/horse_clean_00291.png,horse,animal,land,clean,horse_02911
clean/ship/ship_clean_00291.png,ship,vehicle,water,clean,ship_02912
clean/ship/ship_clean_00292.png,ship,vehicle,water,clean,ship_02913
clean/airplane/airplane_clean_00292.png,airplane,vehicle,air,clean,airplane_02914
clean/bird/bird_clean_00296.png,bird,animal,air,clean,bird_02915
clean/dog/dog_clean_00292.png,dog,animal,land,clean,dog_02916
clean/ship/ship_clean_00293.png,ship,vehicle,water,clean,ship_02917
clean/cat/cat_clean_00291.png,cat,animal,land,clean,cat_02918
clean/cat/cat_clean_00292.png,cat,animal,land,clean,cat_02919
clean/cat/cat_clean_00293.png,cat,animal,land,clean,cat_02920
clean/frog/frog_clean_00291.png,frog,animal,land,clean,frog_02921
clean/automobile/automobile_clean_00285.png,automobile,vehicle,land,clean,automobile_02922
clean/ship/ship_clean_00294.png,ship,vehicle,water,clean,ship_02923
clean/ship/ship_clean_00295.png,ship,vehicle,water,clean,ship_02924
clean/frog/frog_clean_00292.png,frog,animal,land,clean,frog_02925
clean/cat/cat_clean_00294.png,cat,animal,land,clean,cat_02926
clean/frog/frog_clean_00293.png,frog,animal,land,clean,frog_02927
clean/cat/cat_clean_00295.png,cat,animal,land,clean,cat_02928
clean/deer/deer_clean_00296.png,deer,animal,land,clean,deer_02929
clean/cat/cat_clean_00296.png,cat,animal,land,clean,cat_02930
clean/dog/dog_clean_00293.png,dog,animal,land,clean,dog_02931
clean/dog/dog_clean_00294.png,dog,animal,land,clean,dog_02932
clean/automobile/automobile_clean_00286.png,automobile,vehicle,land,clean,automobile_02933
clean/truck/truck_clean_00295.png,truck,vehicle,land,clean,truck_02934
clean/automobile/automobile_clean_00287.png,automobile,vehicle,land,clean,automobile_02935
clean/frog/frog_clean_00294.png,frog,animal,land,clean,frog_02936
clean/automobile/automobile_clean_00288.png,automobile,vehicle,land,clean,automobile_02937
clean/frog/frog_clean_00295.png,frog,animal,land,clean,frog_02938
clean/automobile/automobile_clean_00289.png,automobile,vehicle,land,clean,automobile_02939
clean/horse/horse_clean_00292.png,horse,animal,land,clean,horse_02940
clean/automobile/automobile_clean_00290.png,automobile,vehicle,land,clean,automobile_02941
clean/frog/frog_clean_00296.png,frog,animal,land,clean,frog_02942
clean/deer/deer_clean_00297.png,deer,animal,land,clean,deer_02943
clean/automobile/automobile_clean_00291.png,automobile,vehicle,land,clean,automobile_02944
clean/automobile/automobile_clean_00292.png,automobile,vehicle,land,clean,automobile_02945
clean/airplane/airplane_clean_00293.png,airplane,vehicle,air,clean,airplane_02946
clean/dog/dog_clean_00295.png,dog,animal,land,clean,dog_02947
clean/deer/deer_clean_00298.png,deer,animal,land,clean,deer_02948
clean/automobile/automobile_clean_00293.png,automobile,vehicle,land,clean,automobile_02949
clean/dog/dog_clean_00296.png,dog,animal,land,clean,dog_02950
clean/airplane/airplane_clean_00294.png,airplane,vehicle,air,clean,airplane_02951
clean/airplane/airplane_clean_00295.png,airplane,vehicle,air,clean,airplane_02952
clean/automobile/automobile_clean_00294.png,automobile,vehicle,land,clean,automobile_02953
clean/bird/bird_clean_00297.png,bird,animal,air,clean,bird_02954
clean/bird/bird_clean_00298.png,bird,animal,air,clean,bird_02955
clean/cat/cat_clean_00297.png,cat,animal,land,clean,cat_02956
clean/truck/truck_clean_00296.png,truck,vehicle,land,clean,truck_02957
clean/ship/ship_clean_00296.png,ship,vehicle,water,clean,ship_02958
clean/horse/horse_clean_00293.png,horse,animal,land,clean,horse_02959
clean/dog/dog_clean_00297.png,dog,animal,land,clean,dog_02960
clean/deer/deer_clean_00299.png,deer,animal,land,clean,deer_02961
clean/deer/deer_clean_00300.png,deer,animal,land,clean,deer_02962
clean/automobile/automobile_clean_00295.png,automobile,vehicle,land,clean,automobile_02963
clean/truck/truck_clean_00297.png,truck,vehicle,land,clean,truck_02964
clean/ship/ship_clean_00297.png,ship,vehicle,water,clean,ship_02965
clean/ship/ship_clean_00298.png,ship,vehicle,water,clean,ship_02966
clean/horse/horse_clean_00294.png,horse,animal,land,clean,horse_02967
clean/horse/horse_clean_00295.png,horse,animal,land,clean,horse_02968
clean/horse/horse_clean_00296.png,horse,animal,land,clean,horse_02969
clean/dog/dog_clean_00298.png,dog,animal,land,clean,dog_02970
clean/truck/truck_clean_00298.png,truck,vehicle,land,clean,truck_02971
clean/horse/horse_clean_00297.png,horse,animal,land,clean,horse_02972
clean/ship/ship_clean_00299.png,ship,vehicle,water,clean,ship_02973
clean/frog/frog_clean_00297.png,frog,animal,land,clean,frog_02974
clean/horse/horse_clean_00298.png,horse,animal,land,clean,horse_02975
clean/frog/frog_clean_00298.png,frog,animal,land,clean,frog_02976
clean/dog/dog_clean_00299.png,dog,animal,land,clean,dog_02977
clean/truck/truck_clean_00299.png,truck,vehicle,land,clean,truck_02978
clean/airplane/airplane_clean_00296.png,airplane,vehicle,air,clean,airplane_02979
clean/automobile/automobile_clean_00296.png,automobile,vehicle,land,clean,automobile_02980
clean/dog/dog_clean_00300.png,dog,animal,land,clean,dog_02981
clean/cat/cat_clean_00298.png,cat,animal,land,clean,cat_02982
clean/bird/bird_clean_00299.png,bird,animal,air,clean,bird_02983
clean/automobile/automobile_clean_00297.png,automobile,vehicle,land,clean,automobile_02984
clean/cat/cat_clean_00299.png,cat,animal,land,clean,cat_02985
clean/frog/frog_clean_00299.png,frog,animal,land,clean,frog_02986
clean/frog/frog_clean_00300.png,frog,animal,land,clean,frog_02987
clean/automobile/automobile_clean_00298.png,automobile,vehicle,land,clean,automobile_02988
clean/airplane/airplane_clean_00297.png,airplane,vehicle,air,clean,airplane_02989
clean/truck/truck_clean_00300.png,truck,vehicle,land,clean,truck_02990
clean/automobile/automobile_clean_00299.png,automobile,vehicle,land,clean,automobile_02991
clean/airplane/airplane_clean_00298.png,airplane,vehicle,air,clean,airplane_02992
clean/bird/bird_clean_00300.png,bird,animal,air,clean,bird_02993
clean/ship/ship_clean_00300.png,ship,vehicle,water,clean,ship_02994
clean/horse/horse_clean_00299.png,horse,animal,land,clean,horse_02995
clean/automobile/automobile_clean_00300.png,automobile,vehicle,land,clean,automobile_02996
clean/horse/horse_clean_00300.png,horse,animal,land,clean,horse_02997
clean/airplane/airplane_clean_00299.png,airplane,vehicle,air,clean,airplane_02998
clean/cat/cat_clean_00300.png,cat,animal,land,clean,cat_02999
clean/airplane/airplane_clean_00300.png,airplane,vehicle,air,clean,airplane_03000
